Jennifer Garcia,22.68148,27.2768,3,13793
Lance Stewart,18.97677,4.85748,0,87677
Susan Duncan,39.61869,33.93227,1,76144
Christopher Harris,22.11451,36.32585,2,79895
Patrick Carroll,20.084,36.48524,3,12616
James Williams,39.74184,47.74306,0,43098
Mark Leonard,43.63859,31.2654,1,36524
Justin Harrison,37.0467,68.8805,2,53586
Hannah Riley,20.71461,27.47599,3,62634
Dr. Earl Blair,39.375,58.58589,0,24476
Nancy Stuart,42.08626,27.80583,1,13445
Mary Wheeler MD,19.69398,0.21103,2,78877
Andrew Moran,18.64049,7.73995,3,75636
Thomas Smith,18.8719,7.08097,0,54004
Kelly Rhodes,24.34666,17.98149,1,95376
Ricky Holt,36.89401,22.45594,2,94200
Vicki Mitchell,35.95513,28.91279,3,20141
Timothy Sherman,21.35249,28.55593,0,62159
Crystal Edwards,19.92246,39.34087,1,50687
Jessica Howell,33.31551,37.84992,2,33172
Sarah Cox,23.38551,8.18597,3,55610
Bryan Barrera,28.64354,11.16298,0,34054
Susan Hampton,9.01377,25.95703,1,67596
Grace Wang,24.54014,23.90903,2,69608
Stephen Mercado,37.64012,47.921,3,97977
Terri Williams,15.07769,9.36193,0,89635
Stephanie Gray,5.49632,20.44228,1,74667
Courtney Williams,24.83925,9.42544,2,79729
Hayley Johnson,23.7007,17.69162,3,90611
Amanda Allen,19.68622,42.1717,0,52982
Michael Yu,2.86537,18.71122,1,90086
David Anderson,40.19952,69.06088,2,61395
Christine Gomez,18.53331,4.48332,3,39017
Matthew Banks,8.60563,18.438,0,75043
Christina Valdez,22.69761,19.36348,1,15266
Melissa Nelson MD,31.66263,17.8436,2,49618
Katherine Aguirre,49.21798,28.04796,3,30150
Keith Russell,15.07815,19.12465,0,56311
Lindsey Sparks,5.48936,20.48507,1,81179
Kristin Smith,43.12595,24.10585,2,23097
Melissa Abbott,22.83766,41.14605,3,13091
Roberto Lamb,15.46795,16.43491,0,68996
Zachary Andrews,23.20014,22.90172,1,86441
Jennifer Vazquez,35.20242,28.60925,2,73527
Mark Mckay,22.24692,16.01254,3,61619
Michael Gonzalez,22.87781,43.80771,0,64346
Kimberly Melton,25.53642,27.57268,1,44342
Justin Manning,8.9355,18.88378,2,44964
Jacob Sutton,19.29429,23.17407,3,98949
Janet Reyes,29.69646,25.33212,0,29969
Lisa Douglas,41.78451,36.78491,1,59366
Emily Hess,19.56422,38.77189,2,52364
Kevin Chavez,0.71763,18.76981,3,64172
Alicia Cervantes,37.69963,45.96756,0,90269
Felicia Miller,41.08839,38.18038,1,35756
Ryan Robinson,25.40376,21.53494,2,77981
Kara White,10.26789,31.48287,3,15084
Jared Frank,36.30168,66.32817,0,15926
Johnathan James,16.68926,41.60307,1,94472
Tyler Kent,28.39469,7.1042,2,83974
Joseph Johnson,10.60385,13.98433,3,29879
Natalie Smith,17.98401,2.53571,0,75021
Joshua Cook,27.64194,38.6226,1,44803
Alejandra Wilson,35.28736,47.74734,2,18928
Edward Cruz,0.15971,18.1614,3,32193
Phillip Wood,18.51155,18.56781,0,16586
Colleen Johnson,38.46604,66.29403,1,53716
Richard Bowman,22.00767,9.25098,2,24372
Colton Lowery,33.7241,37.09062,3,98041
Heather Moss,31.20536,11.89784,0,28584
Michelle Diaz,21.23853,2.97418,1,89372
Ryan Burns,25.7917,7.33577,2,77854
Brent Harris,48.39891,26.48803,3,44234
Henry Martinez,17.28507,11.12861,0,20621
Donald Martinez,38.38595,66.69273,1,79987
Kristin Navarro,25.23735,35.98982,2,77126
Jamie Myers,28.55899,31.82328,3,51689
Matthew Nguyen,32.72708,24.75966,0,83688
Gerald Morrow,43.00519,40.96705,1,35247
Benjamin Huang,15.61571,21.56139,2,46600
Angela Merritt,40.60664,31.49444,3,14727
Brian White,25.25973,2.03518,0,42100
William Beasley,34.15336,64.2775,1,33448
Diane Le,25.20537,4.35625,2,43357
Amber Harris,9.64943,7.58714,3,17937
Megan Lawson,22.06527,45.1934,0,59570
Nathan Gonzalez,37.01354,43.87344,1,17791
Shawn Reed,10.42453,13.93357,2,98852
Justin Garcia,3.37493,14.0086,3,21540
Linda Fry,33.01353,38.30596,0,69600
Craig Campbell,34.45324,22.99291,1,58325
Sheila Pruitt,16.89516,3.76932,2,69120
Donald Richardson,26.2221,15.49259,3,58625
Tamara Bowman,24.70142,17.45717,0,74803
Stephanie Lopez,48.15141,28.17162,1,19417
Linda Torres,32.93476,9.49107,2,66697
Nicole Ward,11.11359,32.07402,3,92243
Sarah Smith MD,33.15087,42.30855,0,47979
Julia Thomas,20.86513,0.46652,1,93812
Dana Ramirez,20.12702,40.66114,2,91465
Rebecca Suarez,29.39647,37.58526,3,71577
Michelle Taylor,36.25483,66.17639,0,99973
Hailey Mitchell,39.72988,35.31641,1,84602
David Walsh,8.7497,15.80246,2,81299
Alisha Jackson,33.8972,10.45564,3,54160
Jaime Rose,12.94156,17.34368,0,79914
Matthew Miller,10.22776,35.92769,1,16448
Stephanie Martin,32.81006,63.4948,2,90266
Marilyn Brown,31.8925,14.71451,3,22104
James Barnes,19.1702,28.62289,0,22948
Monica Fox,40.66883,63.95275,1,74296
Mitchell Martin,35.59219,53.01121,2,22518
Megan Sims,44.0939,33.66074,3,88389
Kurt Watkins,36.94123,45.40007,0,95129
Austin Reynolds,28.33144,39.35791,1,76847
Matthew Ruiz,23.32666,33.58166,2,17441
Mark Martinez,16.55399,40.24671,3,86173
Emma Bailey,28.15955,25.26813,0,27104
Scott Holland,11.1681,30.96089,1,99011
Juan Craig,18.02902,28.47859,2,90276
Terry Ramirez,9.74534,20.41935,3,70535
Lacey Coleman,31.24755,13.5084,0,81650
Julie Delgado,36.55213,37.29341,1,42621
Matthew Macdonald,12.3101,33.98159,2,68596
Tonya Snyder,39.28057,68.63414,3,93657
Shari Baker,36.2289,58.94289,0,70366
Gregory Little,2.90004,16.61576,1,15273
Brian Romero,26.91247,30.7466,2,40929
Kathy Cooper,38.50721,37.86735,3,58541
Cynthia Webb,38.65503,43.72954,0,81857
Jose Bradley,37.0575,33.47069,1,22572
Jasmine Wright,33.71525,8.38481,2,66070
David Underwood,11.01967,6.4066,3,66202
Ruth Mendez,31.36276,38.17485,0,70947
Larry Bullock,9.48743,11.25166,1,63693
Alexandra Gonzales MD,20.21811,36.80372,2,45106
Gary Griffith,32.25215,17.97424,3,60453
Christopher Harrison,44.60067,26.10972,0,51516
Larry Aguilar,24.41336,24.68482,1,55794
Andrea Thompson,16.95561,38.97877,2,65511
Caleb Gray,37.68198,46.82644,3,29338
Heather Colon,35.1428,68.21211,0,76409
Jared Dominguez,10.25294,5.37214,1,42062
Scott Wilkerson,2.19916,18.07385,2,39163
Sarah Thornton,10.79041,34.96483,3,43486
John Leach,31.67002,18.47713,0,71062
Elizabeth Morris,20.03089,40.68062,1,22932
Kelly Roach,17.5309,42.26781,2,52023
Lisa Glenn,28.47245,11.22031,3,50812
Megan Anderson,23.9034,21.74624,0,75313
Adam Watson,42.46043,25.03571,1,10865
Jody Smith,1.23346,20.17122,2,78130
Michael Ayers,7.35164,20.15972,3,11730
Amanda Lopez,13.89952,11.08852,0,97695
Christopher Edwards,11.62456,9.25,1,50651
Erin Franco,33.68237,39.4331,2,59479
Carrie Smith,11.40787,31.15463,3,34037
Dr. Robin Tucker MD,28.28621,13.1266,0,25907
Jeffery Stuart,9.43252,6.16773,1,77544
Mary Swanson,41.62084,31.12494,2,95035
Joseph Mccullough,16.47655,1.44579,3,64300
Jonathan Smith,23.12335,0.42668,0,50532
Carrie Richards,16.19601,31.32395,1,42977
Travis Eaton,38.02893,46.38153,2,62144
Yolanda Mccullough,36.25466,44.2553,3,26432
Mr. Jacob Williams,9.40696,23.07262,0,13936
William Bell,26.60027,7.34184,1,80668
Tanya Gilbert,33.41904,6.88449,2,73158
David Barr,37.54709,24.82082,3,44587
Michele Rodriguez,36.11296,51.65691,0,63309
Luis Henderson,7.72765,19.58864,1,68493
Daniel Wilson,4.83328,11.33533,2,69114
Ryan Suarez,46.36837,30.28541,3,97917
Donna Zhang,22.88755,17.5482,0,51891
Kristen Mcdonald,48.0184,25.00113,1,45543
Tammy Moreno,6.52628,8.65658,2,90076
Peter Mitchell,21.17521,40.41446,3,22650
Christopher Santiago,34.54809,49.65649,0,36267
Kevin Lambert,23.11971,22.35371,1,83960
Brenda Lewis,15.69242,29.67427,2,80669
Tyrone Bass,35.99962,43.02023,3,17711
Ariana Garcia,16.41601,42.20046,0,91194
Natasha Graham,9.88216,34.43346,1,52152
George Dorsey,28.96671,39.57911,2,11733
Arthur Walker,10.36113,33.26124,3,84158
Amanda Phillips,33.13399,22.90573,0,48350
Keith Navarro,40.0631,26.6478,1,84231
Holly Chavez,40.45752,43.36799,2,76975
Amber Robinson,24.35376,9.32183,3,48478
Linda Fry,11.08994,5.11045,0,92795
Xavier Swanson,25.33397,23.15478,1,10808
Sharon Hernandez,41.16184,28.54019,2,21074
Steven Murray,20.50123,20.68344,3,33134
Stephanie Bray,22.36492,22.02342,0,39818
Russell Vargas,11.83003,28.36972,1,60687
Matthew Lozano,25.00114,41.16933,2,16814
David Lopez,20.28612,14.81295,3,54374
Gregg Cantrell,9.14931,13.5985,0,35010
Perry Krause,32.47914,35.56055,1,68959
Roberta Cardenas,26.47334,5.44961,2,74469
Jennifer Williams,45.51532,35.04323,3,86558
Cory Howard,8.33905,15.47,0,57777
Brian Christensen,33.11617,25.67932,1,43869
Evan Thomas,18.8615,33.57363,2,38299
Christy Hull,37.93662,40.8283,3,14291
Jonathan Williams,33.50013,30.92954,0,69389
Lori Martinez,29.02005,38.19115,1,64186
Gregory Riddle,5.87609,9.53131,2,11027
Beverly Donovan,43.8159,29.59061,3,47957
Carla Ward,29.50291,38.43277,0,88344
Margaret Morris,22.93533,41.83532,1,53546
Diane Huber,16.12994,35.78935,2,93285
Jerry Daniel,17.24289,15.51716,3,90885
Deborah Cunningham,39.95313,32.46598,0,71876
Mark Gardner,37.05136,65.12133,1,34816
Jeffrey Schultz,22.31565,6.76107,2,33225
John Castillo,26.91688,11.34558,3,83102
James Montoya,37.61702,50.33395,0,43139
Christina Gardner,32.25874,33.60344,1,26750
Ryan Contreras,3.61135,18.57211,2,37855
Lori Franklin,40.23161,37.04999,3,19590
Kayla Harris,15.04576,17.10477,0,55784
Lauren Obrien,14.87269,16.15312,1,20383
Natalie Cochran,41.45122,27.16006,2,66262
Christopher Johnson,46.44584,31.0052,3,35255
Patrick Bishop,39.66537,61.52594,0,56192
Chad Parker,16.41535,35.79241,1,45318
Steven Mckenzie MD,11.82591,22.20082,2,34525
Henry Spears,36.4825,4.71335,3,54804
Brenda Ford,35.00635,9.34971,0,36530
Andrew Campbell,35.60591,9.63632,1,45966
Michael Alvarado,37.56123,49.2944,2,71000
Melissa Delgado,40.61763,64.82133,3,93780
Jessica Jackson,44.7907,35.09854,0,10334
Cathy Sandoval,38.4389,35.51969,1,30713
Greg Howard,11.18089,24.6046,2,53542
Dana Baxter,37.41871,47.49199,3,16366
Susan Hall,21.85564,35.26592,0,55738
James Nelson,19.6614,0.54116,1,84550
Marcus Lee,35.59344,56.2337,2,54063
Matthew Edwards,16.21081,41.98103,3,40116
Veronica Boyd,36.52745,31.48718,0,70942
George White,18.55995,14.58678,1,39445
Alicia Murphy,17.21111,33.10337,2,47051
Albert Thompson,32.40493,18.65716,3,31145
Francisco Williams,28.36685,14.92274,0,12698
Preston Christian,17.86377,46.12193,1,80659
James Miller,23.06964,39.82667,2,15153
Robert Santos,18.14924,32.59552,3,34394
Kristy Mills,37.89242,42.79716,0,51269
Steven Taylor,3.20757,18.7375,1,19182
Terry Olson,17.53249,22.20971,2,38897
Rebecca Wood,36.01391,56.58524,3,81914
Andrea Phillips,10.50492,26.74978,0,39095
Deborah Huber,16.52713,4.555,1,14412
Paige Schwartz,38.80201,43.17631,2,22736
Brenda Santana,29.6277,16.96475,3,60787
Anna Garcia,27.5764,38.62257,0,26533
Joseph Raymond,17.10143,17.59784,1,52433
Matthew Thompson,42.87264,42.85681,2,17944
Megan Johnson,27.25403,32.55605,3,66236
Stephanie Jones,16.96984,28.55237,0,14458
Judith Lopez,20.63882,27.29833,1,80990
Jerome Thomas,36.23426,54.76058,2,12711
Brian Henderson,45.0521,21.37355,3,70739
Travis Lawrence,26.11671,16.77642,0,28892
Daniel Morgan,41.49967,62.96737,1,35968
Brandi Garcia PhD,31.82198,29.05071,2,31488
Courtney Lopez,14.73957,40.60492,3,69185
Jennifer Nelson,26.89574,36.69464,0,61959
Richard Graves,38.7842,12.75693,1,37090
Dylan Cunningham,16.33541,37.57319,2,73376
Megan Sanchez,36.7734,35.5701,3,27071
Jamie Peterson,35.82045,36.44471,0,54867
Jill Jones,10.81068,26.21744,1,60353
Abigail Rogers,22.68572,25.22093,2,49409
Elizabeth Acosta,16.51642,5.93532,3,30052
Amy Blevins,37.91017,13.27239,0,66706
Anthony Cisneros,21.38709,45.4231,1,78304
Elizabeth Pena,38.39149,22.78591,2,81930
Jason Matthews,16.27143,2.49848,3,49569
Samantha Larson,21.00731,14.43045,0,64410
Kathleen Montoya,20.92996,41.39383,1,50656
Mary Anderson,18.93112,36.83782,2,40441
Jose Farrell,40.89622,35.27375,3,94713
John Nelson,14.06333,16.29669,0,45424
Lisa Davis,31.04079,15.10654,1,17126
Isaiah Watson,33.01809,42.44929,2,61333
Lindsay Gonzales,10.15551,15.17255,3,62442
Jason Payne DDS,22.98362,22.05632,0,12081
Ryan Rodriguez,16.19214,4.01459,1,52490
David Cox,41.11437,36.99266,2,17262
Matthew Jones,29.30464,27.73671,3,34138
Jacob Parker,33.9367,57.16192,0,21337
Jonathan Campbell,26.27997,15.22968,1,42794
Mrs. Julie Brooks,7.1057,18.42953,2,71941
Samantha White,24.65139,33.78938,3,23360
Jamie Blair,39.21808,47.9154,0,75418
Peter Daniels,7.23821,10.47313,1,24754
Paul Good,11.54774,33.48893,2,67443
Edward Oneal,38.28704,62.42051,3,13708
Ms. Danielle Hill,22.1675,10.54624,0,84655
Joshua Clark,20.84008,16.17026,1,75324
Zachary Kaufman,36.20702,23.98907,2,74761
Audrey Thomas,18.47782,34.84397,3,75614
Jennifer Hunter,1.5132,16.85216,0,59314
Cynthia Patterson,12.3687,34.79048,1,70935
Jesus Williams,18.41884,13.79694,2,56623
Christopher Ramos,16.31263,1.29569,3,24572
Ashley Stein,6.08545,20.80687,0,76429
Breanna Martin,26.79807,7.80226,1,34857
Deanna Hughes,17.64528,41.16633,2,21396
Jonathan Steele,17.42437,42.96066,3,24197
William Jones,37.97419,35.62912,0,51746
Martin Lawson,1.93239,21.84257,1,77256
Katherine Brewer,26.45495,8.15044,2,72800
Dylan Jennings,44.2248,34.21314,3,34433
Susan Scott,43.05934,35.64871,0,46442
Mark Nelson,26.4081,31.46068,1,13336
Jose Lloyd,36.57191,8.94012,2,12606
Brenda Castillo,37.31307,12.22544,3,18085
Kayla Parker,27.76545,38.48677,0,34445
David Clark,41.18849,31.50375,1,37066
Justin Gomez,22.74418,35.57933,2,50343
Meredith Ramos,18.26978,11.32129,3,92174
Laura Garza,30.58193,33.2258,0,36501
Laurie Sparks,30.10511,8.70978,1,27577
Steven Cruz,14.20837,12.32533,2,27498
Sean Jimenez,40.33491,24.5134,3,69161
John Carney,29.20698,28.06792,0,27860
Zachary Williams,20.42392,28.50697,1,59654
Kelly Rodriguez,36.03608,32.39692,2,96299
Andrew Moore,38.12296,8.45482,3,38549
Jimmy Aguilar,19.07161,20.9148,0,51777
William Hansen,27.10771,39.62232,1,41240
John Evans,44.36004,23.22005,2,58127
Matthew Kim,40.87414,24.86823,3,81765
Christina Gonzales,18.28646,41.76393,0,46018
Mark Davis,21.44629,34.16059,1,76073
Mary Thompson,31.47846,28.31967,2,15948
Mark Acosta,26.83033,12.7799,3,40911
Rebecca Brown,14.85245,9.70113,0,25717
Mario Rosario,37.35615,56.95098,1,20944
Anthony Pineda,42.33224,44.67802,2,50264
Jessica Woodward,32.00498,19.77914,3,24368
Valerie Austin,18.43137,44.05599,0,49356
Donna Smith,42.1097,41.26222,1,60527
Michelle Sanders,22.74196,33.85938,2,91622
Charles Brewer,42.01382,54.56621,3,40476
Amanda Williams,23.8754,4.48597,0,46642
Sheryl Robertson,27.1066,11.51967,1,34639
Jared Ferguson,28.74465,20.75276,2,90712
Danielle Brown,17.74285,20.9972,3,53176
Gordon Lopez Jr.,45.66038,25.1635,0,35554
Nichole Lopez,10.51966,10.83926,1,20086
Jason Vang,28.44891,9.16876,2,53739
Sheila Cox,24.31232,3.74819,3,47950
Whitney Mcdonald,18.85032,0.57455,0,44447
Eduardo Graves,23.18914,9.95656,1,37229
Timothy Anderson,16.03791,8.28182,2,37504
Paul Lowery,9.74353,24.49455,3,90487
Bradley Fisher,39.39411,46.44958,0,16376
Sandra Bell,14.34146,31.54191,1,70725
Emily Buck DVM,13.07057,25.78966,2,40371
David Thompson MD,40.04656,26.69425,3,71363
Randall White,30.12758,26.594,0,66315
Dawn Santana,6.61111,13.65119,1,58295
Thomas Murphy,18.88747,35.74194,2,25659
Stephanie Davis,16.05914,18.55538,3,60599
Kelsey Thompson,34.13057,43.90571,0,23438
Amy Bennett,5.39334,14.95767,1,81669
Christopher Ball,18.35247,1.15567,2,17302
Robert Liu,34.61346,51.78285,3,23405
James Haley,17.5626,1.17486,0,61768
Ruth Henderson,37.28122,39.98566,1,72856
Laura Rodriguez,30.24475,40.47767,2,86942
Scott Rice,37.09766,34.61797,3,85213
Olivia Hansen,41.22351,30.11479,0,64915
Tammy Jones,21.49085,16.78434,1,78207
Melissa Smith,24.39189,28.67012,2,77545
Ashley Reed,4.62034,13.99571,3,20159
Paul Frazier,38.82141,58.70836,0,86128
Joseph Thompson,16.87126,12.96422,1,47435
Roberta Evans,27.82969,36.3111,2,45229
Patricia George,16.92901,8.25206,3,35378
Kevin Roberts,25.78442,42.05823,0,80777
Brian Bailey Jr.,36.54107,38.83822,1,64162
Judy Smith,22.90425,26.0265,2,65771
Wendy Harrington,31.31923,21.68106,3,64010
Evan Marquez,4.37462,15.80164,0,55925
Jason Rogers,18.80207,38.49485,1,39250
Joshua Long,31.1464,9.92252,2,66199
Hannah Daniels,41.32074,38.50252,3,62659
Frank Scott,44.18764,25.41174,0,22781
April Branch,35.8381,35.17331,1,68010
Carlos Meadows,36.73213,42.57075,2,96034
Haley Rodriguez,35.8462,34.60233,3,36553
April Hoffman,35.16885,26.97692,0,81072
Amber Morales,28.07501,30.70135,1,96330
James Zhang,1.93853,14.7881,2,47614
Laura Marshall,13.98959,31.8925,3,33056
Angela Vasquez,32.50907,19.89694,0,30749
Terri Johnson,32.16222,30.63505,1,32382
Laura Acevedo,43.18208,23.73815,2,36964
Craig Evans Jr.,35.8698,28.76833,3,12753
Allen Rogers,24.20801,15.7442,0,53910
Stacey Hall,18.57986,42.40552,1,14308
Kim Crosby,21.50697,39.63085,2,80707
James Graham,36.15002,41.27973,3,27897
Carrie Reynolds,21.22718,11.12333,0,41965
Sabrina Finley,27.67127,17.14945,1,46389
Philip Rasmussen,26.75818,44.27325,2,99556
Sandra Perez,12.03678,11.73045,3,36572
Riley Butler,9.80832,23.46496,0,27337
Maureen Kennedy,39.00828,25.73614,1,85636
Rita Obrien,13.74816,31.18291,2,69719
Clifford Johnson,44.90327,23.82087,3,63549
Lisa Silva PhD,25.64056,23.1203,0,57410
Richard Dixon,32.94413,30.74107,1,39194
William Andrade,39.33451,44.50617,2,89592
Chris Potts,21.99471,31.2621,3,47265
Amy Lee,5.2508,15.8256,0,34735
Christopher Mcdonald,19.24903,13.69472,1,65933
Alejandro Wright,33.46233,36.07031,2,25616
Melissa Williams,32.98081,19.48637,3,41956
David Terry,37.5155,33.64007,0,97087
Paul Snyder,6.82486,14.73332,1,34451
Dale Torres,25.9471,24.99911,2,22196
Samuel Logan,38.56064,55.04599,3,67319
Mary Simmons,40.23918,31.98767,0,97910
Linda Santana,28.98839,20.71813,1,45220
Jordan Dawson,38.70985,47.1974,2,51314
Jeremy Baldwin,30.97804,30.39999,3,50337
Cynthia Alvarado,30.56677,12.91578,0,71966
Michelle Wolf,30.20494,22.42195,1,60840
Dominic Morris,19.37855,25.09155,2,67253
Brandon Yoder,37.79542,41.76613,3,30154
Timothy Watts,8.44297,21.20932,0,38133
Gabriella Bush,45.15931,28.63,1,78731
Nicole Wright,24.13971,18.23609,2,94534
Omar Montgomery,15.92181,9.99179,3,51506
Stacey Mcmahon,34.02545,46.12792,0,92876
Michael Garcia,31.78867,31.22244,1,63415
Tara Tyler,21.39871,25.80524,2,94574
Justin Bailey,39.75554,33.86119,3,18069
Jeffrey Hull,26.77657,11.21125,0,97669
Melanie Patterson,42.11134,39.13678,1,95065
Nicole Evans,49.42673,25.3029,2,70188
Robert Baxter MD,20.30287,16.49283,3,76936
Matthew Smith,19.16234,0.22502,0,51093
Bobby Davis,37.33584,34.3127,1,88632
Russell Pierce,28.48418,8.90477,2,39045
Charles Flores,18.59905,33.51679,3,13376
Patrick Diaz,21.80262,22.33193,0,57404
John Davis,4.51347,8.22295,1,76620
Adam Mitchell,38.25069,20.69313,2,60959
Stacey Edwards,40.57338,32.78913,3,71048
Joseph Bailey,39.94143,57.42011,0,52033
William Wheeler,37.78974,24.91248,1,53432
Donna Carson,37.50276,26.9068,2,76494
Laura Cooley,23.786,25.46867,3,10569
Christopher Medina,17.29307,2.82856,0,59652
Kristin White,24.7033,25.20489,1,75990
Audrey Le,10.62549,11.04974,2,79692
Gloria Simmons,25.66323,28.05091,3,27851
Jack Allen,3.95164,8.30751,0,94601
Sara Walker,32.76566,12.04505,1,24775
Lisa Avila,11.1368,33.9018,2,87371
Madison Armstrong,37.7725,12.66215,3,68430
Karen Hunter,6.74371,11.11863,0,28907
David Navarro,17.06559,1.2056,1,50352
Rebecca Martinez,20.82997,28.12776,2,73062
Jeffrey Miles,29.79568,36.57839,3,33740
Michelle Carter,38.08318,13.20176,0,89552
Dylan Duran,6.54446,19.0058,1,27637
Jessica Tucker,26.26919,42.02612,2,50292
Lauren Hughes,48.58275,25.04516,3,96837
Kenneth Gray,34.50452,40.20285,0,47361
Jessica Hines,21.99489,32.99345,1,36882
Renee Simon,16.40112,36.38052,2,29443
John Jones,10.33177,21.08374,3,18888
Kathryn Smith,48.57229,25.20317,0,73206
Paige Mata,16.3898,5.6443,1,68619
Eric Osborn,44.07569,33.12812,2,34703
Joshua Jackson,18.26659,29.74471,3,34527
Stacy Rogers,0.1599,16.57009,0,33258
Sean Obrien,23.61763,17.44848,1,16269
Donald Michael,23.89002,19.57206,2,85339
Howard Harvey,23.67964,44.70396,3,48053
Mr. Charles Evans,20.44849,18.65386,0,67248
Amanda Wilkerson,37.68195,40.34823,1,18575
Steven Pittman,3.5153,14.08925,2,74965
Dana Hudson,19.33621,5.21435,3,51058
Christina Floyd,14.32116,12.01284,0,95933
Erin Duran,12.96574,27.46258,1,60031
Matthew Edwards,8.95748,19.09234,2,24121
Sue Kaiser,24.38166,30.99402,3,96839
Jonathan Clark,13.98616,6.96709,0,64312
Laura Rivera,19.24588,29.50015,1,18176
Robert Martin,17.78457,32.53462,2,12864
Julia Patterson,40.08547,68.42196,3,33490
Patricia Christian,23.25937,7.45142,0,13433
Tammy Townsend,27.5204,33.59881,1,41221
Lori Griffin,34.66596,38.16323,2,66813
Donna Lutz,22.39813,10.2269,3,38865
Carrie Sullivan,34.95927,59.3583,0,87297
Alexandra Hill,26.95677,18.7567,1,85978
Nathan Bradley,28.67449,40.7962,2,95745
Elizabeth Grant,33.1896,34.47723,3,83253
Chelsea Hernandez,34.56173,31.11962,0,55964
Ryan Friedman,13.33599,5.06395,1,45914
Christopher Avila,32.83246,15.03011,2,51934
Kendra Doyle,37.50416,48.53451,3,32098
Vincent Yu,33.59273,66.22356,0,40946
Jamie Hayes,15.15909,35.72065,1,26319
Sonya Palmer,39.83606,66.89233,2,24536
Mary Powers,2.55533,18.55029,3,19171
Christopher Wilson,29.52447,32.40588,0,48730
Alicia Smith,42.65974,35.38083,1,69958
Andrew Nelson,40.01188,61.64253,2,32593
Kara Mccann,47.86183,31.04084,3,15980
Kyle Stafford,27.36844,45.09612,0,77050
Ryan Wilson,38.53604,45.40537,1,48867
Lisa Anderson,15.14867,25.31722,2,88910
April Sanchez,28.02315,20.22971,3,55413
George Diaz,19.93119,11.91137,0,99047
Nicholas Scott,24.2515,15.17927,1,70569
Kimberly Jackson,12.56457,18.08696,2,14211
Joshua Velasquez,16.00116,2.41686,3,76392
Stephen Giles,43.91526,26.57789,0,14494
Theodore Elliott,46.3134,27.8335,1,28547
Nicholas Reyes,48.3413,23.66643,2,24243
Lauren Tate,21.10826,37.63,3,15751
Anna Moore,23.08736,41.73497,0,23477
Amanda Wallace,40.84565,27.15137,1,46771
Andrea Tucker,23.36257,5.58414,2,36684
Allison Taylor,43.85142,26.94674,3,42185
Kelly King,39.64963,48.73003,0,84751
Darren Lee,37.37452,22.7976,1,86251
Jason Moyer,17.63365,35.69595,2,12347
Clayton Bender,7.57773,18.92198,3,85168
Karen Montgomery,22.90853,8.14612,0,11922
Stephanie Sexton,30.8813,28.43926,1,30178
Daniel Greene,21.90756,30.2333,2,97855
Steven Rodriguez,8.02394,6.2126,3,95092
Michael Rhodes,18.4731,12.62163,0,81201
Thomas Conrad,33.79383,66.33335,1,70908
Emma Thompson,20.31618,15.18549,2,87219
Joseph Johnson,26.68382,14.38243,3,63178
William Wilson,22.4131,5.97522,0,26660
Cheryl Valentine,24.64815,7.69033,1,10345
Sean Hayes,43.38375,28.1969,2,52302
Jennifer Crane,23.45309,36.58686,3,48339
Haley Reese,32.97121,23.26848,0,99144
Michael Roberts,25.1935,37.73287,1,19219
Emily Johnson,36.68576,19.09606,2,75400
Jacqueline Williams,8.91518,28.27623,3,52869
Jennifer Morris,12.11308,6.33785,0,81824
Mark Ferguson,7.7065,19.26434,1,34605
Tiffany Suarez,5.02996,9.38074,2,80561
Andrea Moreno,45.17767,24.35225,3,48089
Roy Ochoa,24.98671,8.45679,0,45035
Luke Clark,12.36991,21.00808,1,26617
Sarah Nelson,22.73276,31.66415,2,71364
Janet Coleman,37.69592,31.88725,3,69089
Angela Smith,35.69602,21.85289,0,70287
Terry Ross,26.27122,32.69662,1,32654
Harold Lambert,43.08097,33.76252,2,20320
Rick Parker,28.22581,30.44384,3,61323
Kimberly Powell,7.41705,20.60199,0,58265
Katherine Luna,32.21335,37.66241,1,52990
Catherine Barber,47.99486,30.29421,2,75079
Craig White,35.75349,57.08955,3,76876
Robert Townsend,37.17291,21.66344,0,95201
William Campbell,33.06473,15.03486,1,82445
Christopher Callahan,13.55598,18.49551,2,93142
Emily Snow,11.34082,19.98082,3,62032
James Reyes,16.80552,38.18529,0,35648
Jerry White,27.02443,11.93082,1,49141
Samantha Patel,17.24851,21.9496,2,40302
Lisa Davis,13.56888,22.75758,3,75379
Meghan Key,10.92966,8.10166,0,74307
Melissa Monroe,24.09173,5.61852,1,90602
James Thompson,14.76384,40.48746,2,37613
Bethany Escobar,31.37804,14.63019,3,39647
Mitchell Sanchez,40.85739,25.14991,0,92730
David Wilkins,27.63088,18.18957,1,90460
Alexis Fisher,47.07376,29.31916,2,88750
Brady Garrett,38.95903,47.20204,3,53129
Thomas Myers,31.13491,23.26708,0,91373
Jason Ferguson,0.14775,13.65974,1,66921
Austin Sullivan,9.73957,31.75773,2,51664
Susan Pierce,24.11515,43.82865,3,95156
Nathan Bates,19.88073,40.9793,0,91988
Rebecca Smith,26.10082,9.22127,1,67476
Sherry Richardson,12.96081,24.59705,2,96037
Kimberly Horn,10.09675,28.94636,3,95531
Neil Ruiz,37.87066,9.36732,0,73864
Jacqueline Hill,35.89871,54.77117,1,88420
Charles Barnes,33.00557,28.3615,2,36384
Tyler Mcintosh,4.03852,17.50401,3,61935
Jennifer Anderson,25.31197,24.96389,0,54201
Jennifer Elliott,19.51491,28.80425,1,69092
Alexa Gonzalez,31.77107,17.14205,2,70435
Michael Reynolds,22.0298,17.65662,3,56694
Erica Francis,3.37105,14.34072,0,75117
Michael Harris,10.95084,6.54666,1,37401
Maria Banks,35.51554,25.60246,2,26016
Samantha Grimes,36.07299,7.01799,3,69027
Lauren Welch,36.45999,7.63775,0,22074
Julie Travis,20.90621,40.36123,1,34509
Sara Clark,15.9017,14.70621,2,48376
Spencer Rodriguez,41.83774,25.583,3,56737
Caroline Martin,38.35724,32.09918,0,12868
James Vincent,27.7426,44.06565,1,65442
David Edwards,13.75147,27.93106,2,28921
Angel James,34.03511,8.37838,3,67810
Amy Scott,12.00531,24.19287,0,93951
Kayla Jackson,44.39408,33.64531,1,78062
James Keller,17.30936,15.47874,2,41395
Margaret Nguyen,10.52645,17.00427,3,95853
Christine Cantrell,28.41071,9.69469,0,89379
Elizabeth Carr,33.96901,35.39997,1,15087
Paige Pacheco,38.31789,55.35585,2,41673
Sheri Hoffman,6.26443,8.86546,3,36336
Brian Barajas,38.00522,42.77667,0,14415
Mary Walker,18.10919,17.0075,1,68682
Rachel Mccann,12.08817,16.61509,2,31869
Shirley Bradley,17.10324,26.43761,3,64388
Jessica Robinson,26.91415,26.76065,0,33687
Melinda Black,26.28167,42.13808,1,80562
James Tucker,16.7397,11.01254,2,32329
Jennifer Mcmahon,19.28895,13.22318,3,11698
Theresa Walker,24.40189,5.93139,0,22759
Lori Holt,9.89161,19.38201,1,27560
Andrew Russell,37.86468,34.41048,2,10921
Jamie Robinson,36.15044,50.32124,3,34533
Christopher Thomas,22.33266,35.3169,0,25235
Anita Cole,15.52385,8.03517,1,34461
Regina Molina,14.94911,7.36164,2,91022
Heather Stewart,10.65981,21.16845,3,22750
Glenn Neal,46.35401,29.50613,0,72835
Patricia Norton,2.80694,15.49296,1,78744
Louis Frost,20.81056,46.50593,2,85215
Angela Odom,36.10908,50.80492,3,20224
Steven Ortiz,37.90625,12.61412,0,74757
Tyler Clarke,36.88709,5.55682,1,44358
Lauren Martinez,25.09541,37.80496,2,65446
Savannah Smith,34.38703,62.80171,3,84922
Sarah Johnston,10.71807,31.93473,0,91419
Gregory Christian,20.33146,14.90429,1,48071
Matthew Long,32.0678,32.60492,2,18937
Michelle Mclaughlin,26.76428,14.02222,3,94202
Alexis Peterson,43.47739,34.41959,0,92824
Joshua Lewis,18.67016,16.82664,1,83388
Ashley Newton,33.41145,30.282,2,41241
Lisa King,28.02217,39.68097,3,60810
Kevin Jones,17.64761,22.91867,0,27579
Kevin King,13.71752,8.19252,1,61624
Lisa Duran,35.33918,67.4465,2,44107
Yolanda Brown,34.02769,50.19685,3,70653
Alexis Weeks,24.75297,17.80053,0,25712
John Hunt,46.58347,35.30351,1,27750
Christopher Black,18.11861,22.50479,2,83699
Michael Williams,32.53297,8.65081,3,16232
Richard Cook,48.75598,26.00533,0,90753
John Kim,35.86354,36.93953,1,13910
Linda Garcia,26.0273,22.49928,2,96529
Michael Martin,39.68404,41.81824,3,16605
Michael Crawford,12.54836,13.99212,0,52369
Charles Davis,37.76407,61.20077,1,78497
Stacy Hamilton,30.45369,26.28973,2,42552
Michael Gonzalez,42.83796,38.92216,3,22770
Melissa Jarvis,22.06,24.38186,0,35294
David Simpson,37.75885,49.08904,1,93701
Michael Luna,38.07736,53.5054,2,48060
Matthew Cox,35.89102,19.01269,3,52484
Jennifer Stewart,34.57909,36.69169,0,12662
Matthew Carter,32.96785,20.83242,1,39192
Jeff Juarez,39.4742,65.90723,2,28712
Robert Baker,16.07551,3.87267,3,40552
Catherine Lee,23.88627,46.21089,0,74942
Bruce Diaz,13.91278,32.44144,1,83678
Richard Mcknight,30.23616,37.8036,2,17548
Mr. Christian Kelley II,4.79406,16.89618,3,96091
Jenna Frye,38.06078,8.03285,0,37551
Timothy Kelley,35.59833,59.57174,1,46972
Brandi Lewis,18.19787,2.59226,2,17138
Aaron Weiss,12.45341,26.24457,3,61179
Laura Jones,37.63097,57.06329,0,39093
Christopher Roy,2.68253,20.21021,1,55131
Debra Adams,25.87243,35.96923,2,40381
Angela Glass,39.44311,66.06563,3,98468
Jessica Dean,6.56308,12.12508,0,46874
Robert Mills,25.52446,3.82918,1,87424
Erin Gonzalez,17.81601,35.32005,2,11896
Jordan Hahn,33.87399,25.05146,3,88591
Matthew Hernandez,8.28226,8.15872,0,46673
David Freeman,24.11185,37.18343,1,63008
Cynthia Williams,9.64452,15.84197,2,94084
Traci Wilson,38.6513,36.90535,3,55119
Alexa Jones,42.8274,26.63254,0,34217
Sarah Webster,23.57632,12.77591,1,39808
Micheal Garcia,36.12745,25.79483,2,26510
Sarah Young,22.24851,41.16778,3,57478
Wesley Gibson,20.88854,16.24467,0,20607
Nancy Dominguez,36.04863,35.54152,1,82086
Dominique Steele,22.9289,27.33678,2,95152
Angela Bartlett,19.07054,13.42566,3,33374
Carl Crawford,37.14684,46.9242,0,29271
Michael Gonzalez,40.27813,68.972,1,42242
Kayla Barrett,24.17091,15.41042,2,15771
Mark Rice,21.34735,5.88201,3,22118
Nicholas Lopez,10.92056,23.29226,0,55020
Douglas Mcintyre,4.8585,16.84491,1,27440
Christine Clark,22.42655,32.70772,2,82885
Tanya Johnson,39.49677,24.7954,3,63063
Peter Kim,35.31544,31.36118,0,50405
Hannah Todd,15.38602,32.3138,1,68392
Sophia Morris,5.29535,16.92226,2,72973
Shannon Jordan,47.78455,24.97376,3,83724
Paula Reynolds,11.56367,24.88005,0,16776
Danielle Marshall,36.67276,26.74416,1,48831
James Arroyo,31.40223,27.39336,2,93339
Kevin Payne,10.85864,32.95466,3,50483
Richard Hawkins,8.78719,17.35905,0,18285
Kimberly Harvey,36.3251,10.91892,1,71765
Douglas Tucker,44.9085,27.63141,2,43401
Michael Nelson,35.716,22.96363,3,44178
Jeremy Mercer,19.70469,33.97593,0,58240
Bobby Cox,15.41109,11.0822,1,38856
Karen Gonzalez,19.87265,39.30355,2,50012
Kevin Dean,14.08379,9.61138,3,77444
Jessica Kaiser,18.85372,24.29738,0,37036
Dominic Davis,8.51949,16.15789,1,57987
Nicholas Rogers,9.42676,16.9212,2,46357
Gregory Yates,27.81722,27.65629,3,85595
Daniel Adams,17.69555,31.86964,0,89298
Carla Peterson,19.77388,20.43285,1,94259
Robert Jones,21.65976,20.92633,2,31455
Alexander Walton,18.14673,9.64955,3,82030
Megan White,12.89112,13.21508,0,89381
Craig Webster,40.50027,63.04156,1,33593
Latasha Holt,32.4133,33.79172,2,60145
Stephen Woods,25.81136,33.05298,3,54825
Susan Faulkner,45.99299,21.2441,0,70564
Timothy Murray,38.49073,12.71593,1,25107
Zachary Kramer,11.8266,27.71973,2,75533
Deanna Andrews,11.31943,8.70739,3,58455
Cheryl Flynn,9.50961,17.16574,0,14255
Ashley Herring,22.40265,19.56476,1,44239
Melissa Cruz MD,26.7057,40.64456,2,70816
Andrew Salazar,19.96657,39.62415,3,88246
Anne Herrera,16.97621,28.95608,0,18728
Lorraine Jordan,36.01466,25.95736,1,33893
Aaron Jackson,29.98994,12.67363,2,31988
John Baker,40.64694,22.90161,3,51806
Brad Arroyo,7.06221,11.6173,0,27705
Daisy Reynolds,25.24969,24.31787,1,44890
Katherine Velazquez,21.09607,20.84434,2,82037
Donald Hernandez,2.09602,12.10119,3,16305
Joseph Colon,24.28691,20.81206,0,91488
Stacey Clay,11.61271,23.16477,1,89005
Cassandra Moore,30.08837,20.35794,2,52188
Ann Richmond,37.35304,12.04391,3,66313
Allen Wilson,32.86247,38.36194,0,43536
Kristen Landry,36.98458,46.612,1,56725
April Mitchell,26.03499,42.29191,2,41876
Heather Hill,19.09744,44.49962,3,22698
Kevin Brown,36.69047,58.69571,0,14713
Michael Mora,34.79167,54.04729,1,42284
Cameron Lewis,35.25626,29.18074,2,53422
Mark Wagner,10.95545,10.25833,3,12182
Morgan Heath,11.4956,18.46964,0,34332
Johnny Carter,29.07224,20.66806,1,10897
Christopher Owens,25.48126,44.6299,2,89751
Michael Smith,16.48482,16.14064,3,20053
Stacey Atkinson,27.6814,33.28098,0,51839
Derek Johnson,16.74393,18.53801,1,66379
Victoria Sandoval,18.55727,45.74409,2,45726
David Robinson,25.45049,28.25362,3,41102
Bruce Brown,15.15883,32.29172,0,87280
Timothy Williams MD,36.77408,59.5617,1,27655
Marvin Dyer,14.41228,28.75057,2,45639
Sarah Russell,39.0454,10.85085,3,18292
Aaron Johnson,21.91035,0.84506,0,32257
Mitchell Vaughn,19.39952,35.10158,1,92940
Mary Rios,20.73355,5.00221,2,99852
Laura Adams,34.6328,10.49663,3,58872
Nicole Perez,40.31816,61.25182,0,44843
Jacob White,27.48747,24.12422,1,45383
Kristina Williams,25.85615,26.71736,2,54488
Theresa Peterson,9.35436,6.26982,3,31070
Jeffery Vargas,42.96083,28.82038,0,82123
Jason Wallace,16.59835,32.36116,1,14443
Kim Martin,11.15329,27.44073,2,73138
Tammy Aguilar,14.83106,5.56033,3,29734
Barbara Valdez,15.77449,20.51344,0,89391
Leroy Jones,18.91204,21.63818,1,98571
Lisa Reyes,37.09886,57.74754,2,66005
Tammie Rosario,41.55489,34.35255,3,36526
Scott Wright,35.38297,30.23207,0,76305
James Hunt,27.60949,34.05418,1,38699
Micheal Brown,39.54882,28.25836,2,40192
Stephanie Petersen,20.09372,11.16938,3,25334
Ebony Moore,41.96153,28.97559,0,17810
Jennifer Contreras,17.78677,43.32467,1,32925
Jacqueline Fleming,9.50181,25.4464,2,63082
Jill Garza,10.42551,26.85206,3,93675
Mary Alvarez,21.85503,14.33779,0,20595
Erin Turner,39.38349,30.31333,1,28411
Rachel Hicks,37.35621,61.07734,2,78743
John Dixon,35.35784,56.49488,3,90436
Matthew Gutierrez,8.75784,22.14089,0,36314
Austin Aguilar,0.26877,17.82922,1,37733
Nathan Wright,35.87513,47.91409,2,33103
Michelle Mccormick,35.08093,55.76369,3,58209
Molly Snyder,35.91995,21.79476,0,65218
Anne Wright,21.07175,6.77618,1,54655
Crystal Duncan,32.23291,24.53669,2,76212
Aaron Perry,16.01041,35.55713,3,39565
Terry Jones,25.16678,0.41121,0,99100
Brandon Campos,26.13527,8.60301,1,13106
Krystal Vargas,14.38717,6.94283,2,18748
Shelby Ryan,48.92615,31.34129,3,21381
Samantha Odom,39.56521,65.05584,0,68650
Michael Joseph,39.52459,66.69412,1,18042
Gregory Miller,35.81619,64.07478,2,79420
John Barber,6.36343,18.43308,3,83020
John Lucas,23.14295,0.96482,0,36478
Katherine Wilson,32.92914,41.30018,1,58917
Theresa Ellis,23.22841,7.76324,2,36395
Mary Anderson,33.97118,35.40009,3,75624
John Hinton,37.6703,38.42139,0,41290
Cindy Reed,20.24896,19.24925,1,76607
Denise Jenkins,1.62592,12.16007,2,31771
Ricky Duncan,20.901,23.11071,3,51209
Jerry Rios,19.02948,39.39094,0,39359
Isaac Myers,33.08184,65.45647,1,51495
James Castro,35.89227,37.69826,2,71918
Robert Roach,20.01057,24.23708,3,99514
Martin Perry,20.60959,9.08294,0,15950
Bryan Hendricks,29.92514,12.57803,1,49439
Emma Boone,34.87003,33.34615,2,75847
David Griffin,39.32618,43.31645,3,97093
Paul Downs,34.61491,23.52803,0,12235
Angela Yates,34.65269,46.91434,1,36692
Jennifer Williams,14.61475,37.87301,2,12408
Mrs. Rebecca Simpson,19.94367,32.08271,3,89015
Laura Powell,3.0129,18.40981,0,95162
Karen Williams,19.10561,13.92357,1,68446
Ashley Barton,2.78058,17.57087,2,98174
Mrs. Karen Mcdonald,20.49792,18.86447,3,97691
Jessica Peters,20.21537,28.84947,0,45416
Michael Khan,36.58259,55.20081,1,14687
Andrea Miller,33.62902,22.74682,2,86666
Ashley Watts,26.05242,10.23959,3,17336
Barbara Cox,31.08489,12.83268,0,51929
Connie Gonzalez,33.53698,23.24585,1,90729
Travis Sims,29.33849,22.48407,2,38271
Mary Krause,33.44375,38.60957,3,41809
Melissa Baker,47.49622,25.864,0,26084
Denise Cunningham,24.11387,45.20726,1,19620
Robin Robertson,24.43406,37.64846,2,33618
Lisa Phillips,9.14878,28.98034,3,67006
Colleen Flores,43.75809,25.28792,0,10346
Andrew Jackson,35.9707,6.88413,1,72795
Mary Carter,28.86758,32.82885,2,26593
Casey Kelly,37.75786,33.31609,3,62973
Melissa Vaughn,22.61213,7.32609,0,83222
Daisy Cline,28.89521,8.52753,1,54599
Cassidy Hoffman,12.42829,29.22241,2,69826
Christopher Williams,36.27014,55.48816,3,61881
Danielle Moody,7.49069,14.78586,0,71196
Loretta Allen,5.71193,16.35426,1,53913
Anthony Johnson,22.00812,26.64236,2,11787
Joseph Schultz,34.95775,42.95578,3,28475
Erik Lozano,41.24336,39.55056,0,84395
Jeffrey Ramirez,49.89561,27.1594,1,98235
Christopher Vincent,21.59458,10.19701,2,40141
Monica Hill,32.89998,13.49393,3,50941
Margaret Lee,22.39846,0.42783,0,38413
Brendan Green,40.16777,67.90759,1,26318
Renee Mitchell,42.10428,36.4031,2,40031
David Ward,35.58469,52.42621,3,93179
Debra Black,8.80144,18.98458,0,92083
Marisa Patel,6.47529,9.30802,1,64895
Destiny Vaughn,11.94189,29.75245,2,70937
Tyler Lopez,31.12688,34.32716,3,22253
Mark Oconnor,25.35352,25.40231,0,42021
Jeremy Scott,14.04156,25.79126,1,68809
Albert Calhoun,42.55662,55.73414,2,92493
Andrea Flowers,49.17214,31.60631,3,19817
Amber Larsen,27.13162,38.94157,0,44150
Mr. David Melendez MD,35.92224,22.18443,1,30738
Matthew Gilbert,34.79339,30.12074,2,89465
Brian Ramos,20.53876,38.8327,3,47346
Valerie Chandler,14.54597,7.36254,0,56698
Christian Jackson,17.69092,36.12582,1,92627
Brett Webb PhD,19.94955,0.47725,2,84972
Joseph Norman,14.91385,33.6855,3,31827
Kelly Cox,26.60559,28.57984,0,93217
Melanie Salazar,10.24767,6.24486,1,76223
Janet Johnson,23.84188,0.62919,2,99561
Meagan Jones,36.09922,68.57903,3,45401
Jacqueline Mcpherson,30.82301,40.04189,0,49827
Dale Ortega,37.65247,50.4413,1,69264
Theresa Estrada,37.79318,50.78629,2,78714
Jeffrey Green,36.89799,20.4365,3,28188
Mark Collins,28.60836,42.97187,0,36301
Sandra Eaton,16.22423,42.15992,1,97096
Kevin Hale,12.64871,10.13131,2,62813
Matthew Howard,35.93799,61.35181,3,81048
Joseph Reynolds,8.26133,24.61261,0,17679
Jared Jones,40.86507,60.94239,1,60669
Stephanie Parker,40.4798,35.24549,2,14653
Clifford Nichols,18.2898,14.80103,3,31263
Glen Logan,14.2621,21.21604,0,68418
Jamie Cooley,24.56597,41.01122,1,39404
Denise Blankenship,31.84337,39.48811,2,16611
Christopher Rios,18.31575,26.6889,3,17872
Alexander Collins,4.4152,22.32175,0,28120
Austin Sanchez,36.55388,35.73142,1,87852
Brittany Thompson,24.40261,17.1688,2,39160
Nancy Smith,39.72214,48.04692,3,70671
Oscar Charles,19.03675,0.21405,0,39512
Joseph Thompson,45.62413,23.33677,1,31863
Michael Barber,17.00321,15.02734,2,70605
Eric Edwards,35.06407,29.97408,3,59962
Brian Gibbs,14.94135,16.69819,0,81809
Tony Ellis,7.47548,10.70991,1,61776
Ruth Logan,20.384,25.7153,2,90497
Mariah Flowers,14.63421,18.67519,3,93338
David Flowers,13.89195,10.66764,0,87999
Jeffrey Frey,41.19877,64.41022,1,57074
Jeanette Mcclure,8.73434,27.69881,2,89456
Michael Good,41.61501,41.99484,3,17867
Jillian Rodriguez,27.31463,19.10856,0,98250
Travis Adams,29.53866,36.27544,1,64925
Tina Perry,0.94172,15.74114,2,43519
Mrs. Cindy Williams,20.16725,43.39235,3,97126
Justin Long,18.93373,30.85662,0,93158
Connor Zamora,29.93471,9.71564,1,66790
Danielle Orr,38.32417,48.46557,2,10857
Thomas Morris,24.35396,12.69742,3,80446
John Adams,43.80074,29.26098,0,92808
Angela Reid,43.57545,25.66765,1,10751
Debra Gonzalez,10.45367,14.31129,2,11609
Ashlee Colon DDS,20.83894,21.47135,3,32243
Carol Wolf,15.60903,17.00041,0,85908
Kenneth Kelley,19.15725,25.14284,1,82900
Craig Stevenson,39.69512,68.55995,2,36263
Brandon Flores,33.91079,57.18937,3,11795
Amanda Jones,39.78948,60.52882,0,94304
Brandon Valdez,9.4411,5.96901,1,66592
Jordan Gates,9.83468,28.93531,2,81714
Michael Herman,41.36566,69.93955,3,29038
Michael Green,38.12757,11.9084,0,52676
John Noble,25.0417,27.75557,1,50021
Daniel Powell,41.33024,27.93705,2,36956
Jennifer Ward,26.38191,4.72609,3,47792
William Velasquez,47.14758,29.05115,0,96015
Stephen Levy,24.11803,2.22838,1,16812
Christina Levine,19.863,24.00157,2,90932
Jordan Mccormick,18.38694,29.09756,3,79156
Brooke Cole,32.47087,39.13358,0,45818
Tiffany Smith,35.69997,59.68955,1,70409
Steven Martinez MD,18.47417,27.78903,2,93569
Cheryl Henry,13.14727,23.30009,3,73498
Ricky Mason,19.47552,36.84021,0,94013
Jay Johnson,40.38882,33.64204,1,20509
Frederick Ray,33.39464,12.20399,2,58078
Ricky Rodriguez,22.64316,43.51366,3,49868
Erica Moss,33.41279,27.37809,0,47377
Lisa Smith,23.44785,25.78459,1,73622
Michael Williams,0.19656,13.63911,2,67491
Erin Cruz,28.07994,37.2353,3,51512
Nicholas Patel,40.10835,49.26703,0,33529
Sara Evans,39.75809,47.27507,1,98813
Dawn Bolton,24.81267,25.98542,2,23347
Jenna Stewart,7.2385,15.45778,3,95146
Heather Herrera,36.74888,5.85884,0,22218
Shawn Ruiz,16.62923,40.62981,1,57083
Scott Mayer,28.70971,13.3181,2,85060
Alyssa Allen,9.53174,14.13409,3,55969
Jack Smith,20.27619,34.05748,0,91476
Monique James,9.45993,19.18444,1,87148
Brandon Thomas,17.05485,27.54268,2,67307
Patricia Wells,39.49059,67.55994,3,79769
Timothy Smith DDS,29.37898,27.57133,0,64764
Jean Henry,15.68914,32.89114,1,26611
Jordan Reyes,38.25305,11.0161,2,82017
Randy Rodriguez,21.20463,0.36635,3,79312
Charles Meyer,15.56779,6.00948,0,43897
Cynthia Scott,35.12028,31.60923,1,61458
Natasha Olson,7.60334,17.36791,2,71732
Stuart Simpson,5.50041,8.98731,3,92734
Aaron Lamb,30.73005,38.97002,0,62462
Gerald Lee,22.26169,40.34546,1,10695
Anthony Kelly,36.74374,34.23718,2,33036
Marie Miller,27.87338,26.78861,3,46203
Michael Mcgrath,29.9512,28.08011,0,35422
Alexander Richardson,37.8607,9.63635,1,33696
Holly Nelson,36.03058,57.65548,2,72117
Brittany Glover,42.51935,27.80107,3,85220
Linda Hernandez,13.6004,27.37241,0,40195
Christopher Ramirez,18.84361,22.02023,1,99468
Sara Mcdonald,33.14105,66.09855,2,80699
Christine Ramos,35.27329,40.47673,3,97274
Joshua Smith,17.93508,14.24857,0,42750
Dana Castro,28.17356,13.76403,1,98453
Rachel Smith,46.51412,21.59244,2,55047
Noah Robbins,38.9013,25.71383,3,63957
Ralph Graham,37.51056,41.06298,0,39271
Andrew Smith,6.44873,21.33836,1,17016
William Brewer,41.58776,34.88402,2,89815
Stephen Perez,28.19527,29.17648,3,87056
Lee Stout,28.67817,24.65204,0,81942
Shelly Soto,2.75752,15.52606,1,59051
Craig Taylor,30.08589,15.33253,2,22399
Cody Kramer,34.03379,65.71759,3,44235
Michelle Paul,25.76213,24.26554,0,98932
Deanna Ray,29.15626,20.07996,1,65821
Brenda Manning,20.09671,4.55013,2,31876
Cristian Smith,27.82043,10.18084,3,12506
Vincent Moss,17.78968,41.41547,0,29404
Russell Robinson,25.38154,17.02262,1,21673
James Hess,20.60111,10.97034,2,82875
Joy Haley,18.37833,28.00884,3,80536
Meghan Martin,11.6535,31.79911,0,44084
Elizabeth Olson,27.38429,39.73775,1,24628
Kimberly Cox,28.35348,43.00949,2,81331
Kaitlyn Martinez,40.04039,35.16985,3,46342
Jacqueline Dyer,24.93077,3.62696,0,32443
Laura Williams,14.44527,21.97755,1,65113
Sabrina Jimenez,39.95909,40.55557,2,81901
Ellen Scott,25.35761,29.18066,3,67028
Joseph Cunningham,12.21866,32.89496,0,25154
Brandon Bartlett,37.79557,29.56257,1,34844
Heather Simpson,14.71984,28.49759,2,52951
Ashley Nelson,29.67992,18.98793,3,33284
Elaine Chavez,26.31774,30.05358,0,71262
Stephanie Peck,12.67253,6.10875,1,51323
Michael Young,36.10401,59.70409,2,47808
Tina Douglas,25.67912,41.27983,3,66018
William Bolton II,24.33138,40.89153,0,85522
Susan Massey,17.31976,25.73412,1,13873
Richard Bass,8.51442,24.3593,2,66845
Lindsay Sherman,12.0864,9.05999,3,93503
Michael Mendez,27.86267,7.8119,0,99735
Mr. Johnny Mccarty,40.33299,25.77048,1,26921
Brittney Harris,18.81849,33.76775,2,70897
Crystal Haas,42.56517,60.84136,3,78762
Jennifer Gardner,25.82063,15.62954,0,73271
Tiffany Berg,30.07779,26.81369,1,60934
Matthew Smith,37.0687,29.55118,2,46309
Kathryn Quinn,10.94686,17.85153,3,84268
Eric Mack,14.77355,16.7699,0,57852
Kristy Kim,13.35321,11.18336,1,71417
Steve Garcia,31.26246,12.85894,2,23948
David Jenkins,4.82475,13.42242,3,12859
Stephen Stewart,35.55634,41.9777,0,83881
Frank Melton,29.50372,14.72335,1,42647
Jeffery Murray,28.88199,26.87469,2,36934
Marcus Ramirez,25.39144,43.56887,3,96913
Michael Carter,40.11882,49.49269,0,62757
Victoria Smith,9.31265,8.59952,1,60771
Matthew Farley,14.93998,37.54931,2,52972
Andrew Spencer,28.9318,38.88222,3,11769
Nicholas Robinson,44.75701,27.88075,0,71444
Mr. Kyle Patel,38.46595,34.03493,1,79323
Allison Pitts,21.15245,44.67684,2,21375
Michael Wang,43.46205,42.79063,3,91572
Amanda Barnett,21.40232,26.51985,0,82941
David Eaton,36.22749,6.68596,1,67083
Joseph Chaney,17.44314,25.19014,2,84446
Christopher Lee,33.70511,8.32066,3,99962
Bruce Fernandez,48.34813,30.21648,0,13413
Heather Johnson,1.28168,15.03323,1,44711
Michael Lawrence,14.53898,15.61955,2,21888
Daniel Sanchez,37.24016,32.46762,3,88006
Jonathan Atkins,30.98102,13.50377,0,48458
Daniel Thomas,36.22683,60.32635,1,74294
Aaron Green,46.73231,33.73202,2,14794
Lisa Bowers,24.26245,31.49773,3,64655
Wayne Ingram,11.9023,22.40506,0,93836
Douglas Carter,18.17676,44.10504,1,80102
Paul Martin,16.97422,22.24276,2,99495
Jacob Dean,36.48945,65.72762,3,35888
Erika Jefferson,15.02974,13.03079,0,83448
Brandi Campos,34.30973,21.28022,1,54048
Elizabeth Dunn,24.93699,11.77052,2,31934
Jennifer Cunningham,38.25763,10.4109,3,55942
Wendy Miller,35.41802,59.3178,0,19944
Robert Hayden,19.15578,23.50423,1,71065
Gabriela Butler,20.87705,39.01824,2,73642
Daniel Diaz,13.44809,34.84541,3,50288
Aaron Andrews,40.67649,25.69752,0,70921
Kayla Brown,22.46443,36.42536,1,17195
David Whitaker,20.61408,5.88019,2,18358
Thomas Navarro,6.74779,10.84725,3,91104
Stephanie Waters,36.79959,51.98328,0,32863
Erica Fletcher,19.27758,6.36361,1,46397
Lisa Wright,30.9592,26.5628,2,28840
Derek Stewart,26.07864,14.79872,3,76535
Jorge Hammond,20.23885,34.56779,0,79226
Christina Pham,10.33101,34.52267,1,43720
Carol Mccarty,19.8751,9.94952,2,64017
Andrew Morrison,24.39849,36.91454,3,84300
Edward Sanders,18.00648,15.8371,0,74868
Rachel Wiley,22.71122,21.76369,1,32551
Sheryl Wheeler,17.03449,8.23182,2,32683
Shawn Peters,19.05055,39.78065,3,22131
Laurie May,28.78729,25.09835,0,67678
Jeffrey Wilson,18.19952,15.91275,1,69945
Jennifer Grant,32.25244,19.83939,2,88974
Calvin Bradford,7.22391,17.44857,3,36909
Jennifer Saunders,41.84761,27.65853,0,87292
Sarah Higgins,42.18382,60.45674,1,53092
Matthew Gross,40.90042,22.78468,2,72922
Dana Haynes,17.72753,35.12608,3,59209
Jillian Barnes,22.73878,7.49832,0,98378
John Young,45.62572,29.55439,1,93277
Chad Ward,16.53079,24.64759,2,44516
David Lowery,9.70884,18.12662,3,35173
Troy Ramos,14.94244,22.65193,0,92932
Lauren Howard,33.90598,61.47343,1,57788
Joan Smith,14.0787,19.15807,2,40185
Lori Ellis,22.91595,25.9347,3,89018
Edward Carter,30.41892,13.88042,0,76205
Robert Fitzpatrick,24.46145,12.81085,1,32600
Kathryn Nichols,35.11395,11.09159,2,20042
Brenda Gallagher,25.25208,26.22552,3,74429
Kristen Turner,42.97206,38.86287,0,83245
Lisa Smith,15.46937,33.33628,1,42858
Christopher Boyd,47.79197,28.32441,2,66781
Jessica Powell,17.1935,22.87229,3,88694
Eric Bowers,33.79702,27.82493,0,77531
Jason Schroeder,23.10734,15.48977,1,36089
James Mccarthy DVM,39.23024,33.50309,2,94020
Christopher Ford,11.84207,30.32839,3,57065
Todd Ayala,38.85216,24.53345,0,65502
Lisa Nelson,40.28733,48.96993,1,53382
David Jackson,33.99353,36.89262,2,69697
Lisa Jones,37.00131,42.42123,3,80110
Jennifer Solomon,16.72916,19.81889,0,29651
Michael Rivers Jr.,22.69216,12.99283,1,79182
Brenda Martin,2.72203,22.06731,2,24589
Alexa Rodriguez,41.4877,29.44109,3,32801
Jaime Price,19.30162,18.88997,0,79061
Allison Todd,17.88007,12.40186,1,78602
Cynthia Medina,9.42949,24.20726,2,51570
Brent Knox,38.92075,43.24371,3,85566
Nicholas Holden,33.12764,7.51625,0,35726
Matthew Evans,35.77828,44.85075,1,21600
Melissa Taylor,20.86265,35.34942,2,14983
Terry Murillo,13.04388,23.58904,3,50174
Greg Smith,41.28991,29.58112,0,94855
Lawrence Ortiz,26.33634,5.30487,1,55556
Manuel Johnson,36.72976,8.33513,2,54456
Isaac Davis,30.35598,24.83385,3,63665
Karen Phillips PhD,9.36929,21.34414,0,75198
Kathryn Acevedo,14.87781,15.83762,1,28097
Megan Mercado,10.24461,35.45062,2,85363
Jennifer Thompson,14.96581,35.37045,3,18305
Joseph Miller,22.95447,10.53243,0,57793
Stephen Hall,14.56307,18.13319,1,74007
Nicole Joseph,28.07888,15.93874,2,49717
Lisa Campbell,16.17123,35.43497,3,44512
Nicholas Hamilton,1.85093,21.85301,0,97280
Michael Vasquez,15.12469,13.46567,1,23812
Carl Hill,20.04155,11.89148,2,82414
David Barron DVM,14.25324,5.46506,3,70367
Matthew Collins,21.82219,41.78581,0,45637
Lori Johnson,30.33711,38.17796,1,40021
Jamie Barton,20.37625,30.58942,2,46534
Tommy Mcclure,35.99282,7.31717,3,71501
Jeremy Michael,24.89186,12.33588,0,32575
Samuel Ford,37.26357,23.01586,1,57883
Jenny Poole,21.88178,6.58013,2,22207
Craig Pratt,16.34988,4.40048,3,87427
Gregory Wells,40.85106,56.98013,0,97804
Briana Lee,20.76442,18.93214,1,94757
Craig Patterson,45.37733,23.09863,2,67513
Jason Pham,16.20274,8.25259,3,52501
Donna Smith,46.29951,20.32322,0,76691
Elizabeth Taylor,18.71998,27.79267,1,47620
James Benton,12.19025,35.75659,2,10256
Emily Humphrey,40.87399,26.32558,3,91924
John White,38.78534,67.89154,0,18326
Victoria Stanley,21.26894,26.16846,1,18638
Christina Patel,35.50963,55.50223,2,30265
Lisa Davies,21.82415,27.74012,3,56605
Clinton Goodman,15.16202,5.07256,0,93565
Erika Espinoza,37.95657,30.80842,1,74541
Robert Simpson,42.23174,36.71939,2,78009
Sierra Mccoy,42.96352,41.31888,3,48856
Heather Stokes,24.69215,16.67321,0,60850
William Miller,15.37247,13.89749,1,14706
April Garrett,49.51931,28.02813,2,43463
Kevin Jordan,29.21679,26.50612,3,40587
Rachel Robinson,19.07331,37.68982,0,95890
Samantha Ponce,47.62639,24.80657,1,45999
Danielle White,18.56755,42.70165,2,65125
James Washington,19.73663,24.23585,3,62137
Sonya Banks,15.69349,33.09894,0,87835
David Chavez,38.27032,48.8389,1,41688
Cristian Herrera,9.7094,32.30962,2,40784
Anthony West,18.12903,6.35173,3,30896
Christine Wilson,29.57912,34.56022,0,56408
Natasha Leblanc,46.93809,29.10142,1,26555
Amy Swanson,22.68277,11.55244,2,61389
Kayla Moore,45.51324,28.3461,3,65295
Amanda Young,19.32545,27.21014,0,14154
Robert Adams,22.08274,31.11929,1,52133
Anna Mitchell,29.00647,18.86006,2,17519
Matthew Leonard,21.43033,14.0914,3,76277
Paula Johnson,33.32526,13.90851,0,43618
Kelly Miller,40.14924,40.62381,1,69812
Dawn James,43.13998,42.67256,2,29579
John Gomez,13.13917,17.20632,3,47773
Sarah Powers,35.88735,39.02491,0,19663
Kaitlyn Guerra,34.94946,13.23171,1,71944
Brittney Miranda,22.8054,3.89028,2,33716
Ashley Riggs,49.39242,31.24805,3,55356
David Waters,36.35441,6.69214,0,34884
Gerald Griffin,23.74374,25.5842,1,50333
Brian Meyer,39.37877,30.02084,2,47827
Jermaine Bailey,28.34254,10.20432,3,17708
Ms. Courtney Garcia,46.95416,31.46758,0,20211
Adam Baker,20.73661,0.7067,1,37914
Tammy Wright,12.17051,16.74726,2,72536
Doris Davis,12.62574,6.69393,3,79416
Lisa Henderson,8.95489,17.96223,0,69939
David Moore,10.70425,21.2926,1,30845
Melissa Dean,32.43067,10.05527,2,49838
Daniel Cook,27.63041,42.85045,3,70688
Jacob Watkins,21.69473,44.19259,0,69660
Sean Miller,17.11686,34.89059,1,78931
Laura Hernandez,17.54575,44.42836,2,44819
Deborah Morris,0.40586,18.90276,3,51763
Anthony Johnson,11.64132,19.75983,0,38838
Ronnie Davis,25.13011,26.45886,1,13983
Peter Lara,11.87657,29.15685,2,80385
Edward Martinez,39.28656,65.59855,3,20801
Alicia Walters,25.16249,29.98639,0,22392
Jamie Gregory,47.38473,26.55424,1,60026
Ashley Johnson,35.85329,41.19323,2,97826
John Mckenzie,33.069,9.17274,3,47877
Matthew Johnson,36.90698,32.56431,0,63344
Crystal Chung,33.60068,22.22453,1,10750
Patricia Lambert,3.55957,20.90404,2,47180
Zoe Miles,15.69361,15.32479,3,12592
Patrick Weaver,33.02409,23.92929,0,97197
Craig Wyatt,28.53324,20.92176,1,88903
Edward Johnson,29.82905,36.02828,2,81420
Michelle Moon,33.74968,35.23313,3,37906
Justin Quinn,16.83501,44.63863,0,25689
Lindsay Thompson,40.3208,58.78618,1,82940
Kevin Davidson,38.16713,60.13996,2,21183
Tracy Snyder,5.60748,16.69394,3,64854
Scott Welch,37.80426,41.47917,0,35328
Jay Ross,12.46407,34.47294,1,66320
Joel Simmons,27.43942,15.39164,2,41782
Mr. Scott Thomas,46.89823,26.69516,3,93290
Gordon Lee,17.50447,30.51077,0,70013
Eric Martinez,24.57023,39.27339,1,92332
Lisa House,26.17866,39.71546,2,26459
Sue Meyer MD,44.98593,26.20708,3,76249
Courtney Mora,46.32829,21.89868,0,91070
Ryan Lewis,33.07068,11.631,1,95604
Tiffany Holland,20.78499,7.4764,2,39252
Kayla Anthony,14.3111,7.57418,3,99443
Andrea Wilson,13.08037,35.59927,0,56012
David Anderson,41.80986,34.51345,1,93513
Leonard Rivera,32.64627,25.60187,2,13714
Tina Bush,28.54736,30.64182,3,73750
Karen Ramirez,30.68568,14.12218,0,65283
Patrick Cabrera,9.31561,24.24085,1,24919
Teresa Castillo,14.07325,11.04507,2,15776
Michelle Garcia,7.48518,17.81905,3,81230
Matthew Wilson,22.61245,46.46833,0,55816
Sandra Jones,28.51111,21.53246,1,10206
Jenny Perez,42.9414,35.36419,2,22988
Jennifer Thornton,4.83456,19.52296,3,15874
Michael Miles,26.72323,20.21881,0,65223
Jonathan Jackson,41.61637,23.94561,1,90534
April Moore,35.58667,25.09131,2,97174
Jack Barnes,6.91488,22.16403,3,23880
Kevin Wilson,14.47463,22.89363,0,48617
Hannah Thompson,21.60864,27.80632,1,55549
Jennifer Frazier MD,34.10236,37.14412,2,83879
Joshua Hayes,12.08135,29.7016,3,96025
Jeffrey Cooper,33.80538,8.26464,0,32323
Corey Hayes,21.2115,3.01185,1,88285
David Hunt,8.81147,13.10831,2,90542
Dennis Cruz,46.70242,24.36394,3,52060
Michael Randall,28.2338,31.02139,0,98391
Anne Cobb,12.10119,22.12235,1,36946
Matthew Hansen,32.31012,7.23941,2,44075
Ashley Chambers,44.05012,30.71064,3,55061
Edward Chang,42.53243,31.54407,0,82242
Felicia Hernandez,31.53902,9.34045,1,55721
Jesus Robles,17.92022,8.22323,2,29907
John Simon IV,38.00146,9.03121,3,25408
William Thompson,13.30777,22.79589,0,81973
Michael Larson,37.33044,66.38373,1,67888
Amy Roberts,35.04146,68.01524,2,17029
Matthew Lewis,25.74873,43.60014,3,49162
Jason Woods,26.62748,39.3474,0,58203
Brandi Vargas,31.42844,20.90046,1,38394
Jennifer Perkins,2.39939,22.22305,2,54188
David Hernandez,34.06708,55.6841,3,90223
Jennifer Nunez,26.69807,32.52226,0,52873
Gerald Ferguson,14.46257,34.48985,1,76638
Jay Parker,10.6431,28.00554,2,10174
Veronica Blackburn MD,21.15755,17.01027,3,41535
Randall Gibbs,27.21314,17.06847,0,20275
Ronald Murphy,30.06002,32.32732,1,68874
Devin Mitchell,3.57493,15.87284,2,55390
Shannon Garrison,38.97428,39.17002,3,35814
Jacob Miller,20.29563,3.27566,0,60215
Julie Parker,14.14604,4.80024,1,96703
Barbara Roberts,27.56121,21.64138,2,24917
Raymond Hess,40.47711,25.37342,3,27106
Ashley Lopez,37.9634,32.38014,0,64670
Jonathan Lopez,29.79174,7.91582,1,26157
Douglas Kim,6.77983,17.72133,2,76537
Craig Santos MD,8.6632,26.98585,3,54080
Justin Sanchez,28.53866,15.44462,0,68900
Elizabeth Giles,24.2027,44.76061,1,72580
Nicole Hayes,30.60809,30.51672,2,17780
Robert James,48.99907,26.17845,3,62336
Amanda Jensen,40.43661,41.23341,0,32519
Derrick Gibbs,39.29266,47.69509,1,53275
Molly Watson,22.66171,30.22351,2,70224
Jessica Douglas,25.34615,17.05686,3,67680
Amanda Taylor,27.04633,10.38903,0,55267
Elizabeth Barber,22.36576,15.77513,1,30185
Christopher Gonzalez,10.2447,10.20527,2,71396
Andrea Huber,43.04779,35.7233,3,10629
Christine Allen,18.08985,11.43608,0,22985
Rebecca Castro,43.22981,27.70819,1,57259
Adam Hall,42.69895,24.63189,2,57226
Courtney Avila,35.52922,30.29126,3,85915
Rodney Lee,38.67303,40.50466,0,81961
Peter Smith,18.31433,20.31431,1,52007
Amy Brennan,31.59441,13.22357,2,55171
Jennifer Montgomery,16.72065,4.54734,3,67709
David Garrett,36.6819,39.74107,0,64259
Jennifer Alexander,7.97879,15.14023,1,35718
Albert Smith,38.95102,27.42891,2,70090
Megan Charles,30.80525,35.19146,3,86059
Andrew Jones,26.0014,34.43319,0,50465
Jesse Bass,18.1034,20.76622,1,38712
Samantha Camacho,25.84429,26.89649,2,67221
Mary Mata,39.32819,66.21624,3,50246
Misty Ward,13.63587,24.13906,0,73693
Steven Price,38.9517,11.78722,1,31006
Denise Ochoa,17.55617,34.55571,2,61086
Melinda Jimenez,23.93832,34.083,3,82074
Jeffrey Anderson,22.83033,40.41624,0,29402
Zachary Smith,21.19863,30.02543,1,45838
Jacqueline Lara,22.21502,1.5708,2,25901
Robin Hunter,20.76395,36.46148,3,35116
Zachary Webb,28.2677,18.18094,0,48233
Cathy Harris,1.78693,12.97803,1,27278
Patrick Green,29.77553,8.70133,2,23368
Jessica Hall,32.98817,10.10102,3,46498
Michelle Cabrera,41.35705,58.13363,0,62030
Kimberly Sullivan,23.46321,40.95955,1,20107
Andres Blair,23.78131,31.44736,2,27228
Scott May,36.8101,38.50585,3,13799
Brian Berry,33.55665,35.85128,0,92193
William White,9.75438,19.52329,1,59227
Warren Lowery,36.43008,42.7324,2,15361
Thomas Gray,33.55963,35.80143,3,38028
Aaron King,37.37782,25.07127,0,62863
Loretta Jones,12.85568,20.70723,1,52419
Cassandra Lee,30.95545,14.40851,2,33621
Thomas Macdonald,32.5276,42.77441,3,40533
Casey Marquez,42.53391,59.54088,0,26284
Ronnie Chapman,47.08307,28.13974,1,43520
Jeffrey Clayton,24.85455,40.70727,2,71907
Bruce Patterson,34.72962,9.67355,3,74740
Norman Gibson,9.83258,6.63997,0,78510
Crystal Hall,23.29661,13.99477,1,61720
Ricardo Sanchez,19.43361,47.36043,2,82184
Kelsey Warren,41.9876,55.41779,3,67673
Thomas Peterson,18.36865,12.55112,0,35887
John Russell,16.92603,6.71552,1,75080
Jennifer Greene,14.12384,28.01809,2,55830
Adam Fletcher,30.75117,16.30867,3,76883
Paul Lawson,35.43337,69.33432,0,67390
Melissa Smith,20.44562,17.69582,1,42503
Jamie White,38.35665,62.58261,2,16377
Peter Mcknight,27.23413,29.7671,3,94679
Andrew Morrison,38.32988,38.63387,0,76157
Robert Nguyen,30.85427,27.06615,1,78595
Sara Allen,15.2662,31.09069,2,30355
Deborah Meza,20.9015,16.68825,3,12163
Nancy Smith,13.38206,18.89414,0,17192
Danny Ortiz,4.02629,8.21992,1,82133
Michael Cruz,29.09242,28.08252,2,85207
Michelle Hernandez,20.10177,43.77988,3,52327
Kim Hill,10.66118,23.70276,0,92629
Andrew Lopez,3.74796,12.54629,1,89721
Crystal Anderson,20.49954,33.97401,2,56071
Daniel Murphy,33.1818,8.60984,3,78413
Gary Blackwell,38.78327,28.22131,0,16884
Loretta Smith,13.56045,6.46225,1,66800
Patricia Turner,14.64108,11.32477,2,83999
Monique Carter,41.49966,24.68045,3,42108
Amanda Miller,30.8672,24.17276,0,20123
Lisa Garcia,0.90389,16.19134,1,27243
Barbara Mccarty,14.49555,22.23189,2,44707
Kristy Nguyen,24.46688,41.69712,3,48696
Stacy Jones,10.40979,11.04911,0,26632
Michael Jensen,1.67132,17.77211,1,46788
Martin Allison,31.10797,17.98627,2,64201
David Bradford,12.87372,28.54551,3,35559
Jennifer Forbes,23.28637,46.69511,0,18116
Richard Brown,16.40639,28.28478,1,43537
Tyler Mcpherson,35.63439,46.10929,2,64786
Christine Carter,39.65033,29.2118,3,36196
Amy Parker,17.54749,2.82819,0,14678
Michael Williams,28.79496,42.12429,1,29065
Robert Brown,37.44156,9.66551,2,31414
James Herrera,10.73605,5.23939,3,13286
Cheyenne Morris,30.99685,10.64578,0,41453
Greg Carroll,19.08002,44.52365,1,55246
Sonya Turner,23.83928,26.4838,2,14416
Deborah Hill,34.61029,22.18532,3,77717
William Sawyer,18.7754,30.96722,0,12133
Mitchell Nicholson,27.48369,27.583,1,79703
Mrs. Anna Lee,39.35083,27.61076,2,43071
Connie Johnson,45.36308,35.23021,3,95589
David Hill,9.05329,6.08207,0,86634
Kerri Burton,16.52183,11.42705,1,26684
Melissa Wilson,40.28272,34.40324,2,87138
Thomas Turner,14.86007,19.02018,3,31670
Ashley Jacobson,18.85123,25.88464,0,38013
James Forbes,34.75885,68.15366,1,79995
Derrick Mitchell,15.35488,22.31313,2,68887
Joshua Rice,40.82612,66.41761,3,22321
Alexandra Stuart,36.61842,61.72637,0,66957
Scott Rios,38.03251,49.07121,1,72549
Joseph Alvarado,20.4713,41.16311,2,78088
Kaylee Hernandez,35.88762,26.36765,3,86120
Yesenia Alvarez,34.83126,25.02195,0,95058
Anthony Martinez,43.65258,25.38547,1,84823
Matthew Mann,23.5287,46.22279,2,98557
Sarah Ballard,18.68709,16.00186,3,40839
Alexis Smith,38.9247,30.27481,0,36624
Luke Smith,26.1159,17.75856,1,95384
Adam Williams,7.19839,19.44556,2,99739
Emily Flores,33.66955,34.22046,3,36169
Maria Baker,16.14846,31.60047,0,15290
Dawn Farmer,17.85947,46.8602,1,79565
Paul Parker,31.76586,16.04167,2,33537
Travis Hicks,34.05058,35.48432,3,10192
Mike Hall,34.67374,59.62195,0,15438
Pamela Molina,33.62409,65.82184,1,86513
Jacqueline Hernandez,36.47186,67.13984,2,50868
Jeffrey Hall,6.22409,7.72785,3,73568
Justin Dalton,25.5192,37.9596,0,75170
Elizabeth Frey,29.65908,35.45322,1,16126
Travis Preston,28.96085,20.53203,2,96395
Dr. Brandon Barnett,34.83478,8.36923,3,75770
Michelle Zamora,43.02629,23.71323,0,13792
Stephanie Little,17.2921,6.29613,1,27784
Cynthia Medina,27.31855,13.82662,2,85259
Thomas Daniel,25.45299,36.04838,3,12815
Mark Mcneil,27.13411,18.13915,0,20589
Beth Grimes,20.79119,8.66094,1,53375
Jamie Forbes,32.88039,21.53069,2,75052
Anne Valenzuela,24.48072,40.05482,3,57750
Mark Coleman,36.18977,21.43745,0,92281
Travis Murphy,21.7984,30.34278,1,60144
Victoria Campbell,31.29151,22.56291,2,91001
Laura Reyes,22.69599,45.99766,3,98650
Mike Turner,35.85393,31.33762,0,90058
Thomas Morales,37.85837,56.59853,1,61927
Allison Hall,28.04219,25.31495,2,44978
Jason House,26.09112,7.4308,3,58144
Kenneth Ross,31.81792,15.24533,0,30543
Maurice Jones,13.27584,34.40631,1,75217
Kevin Ward,40.39133,68.94064,2,96613
Jamie Rosario,10.29087,20.95254,3,85964
Isaac Cline,26.32195,6.93326,0,78865
Shawn Frederick,43.80528,32.95492,1,27237
Angela Rivera,28.22984,33.00093,2,64973
Jesse Shaw,11.26841,23.66514,3,30466
James Thomas,37.78888,60.79197,0,11602
Katherine Shaw,41.3484,69.79096,1,58658
Jennifer Ross,18.70538,16.00262,2,24241
James Warren,27.79455,37.91529,3,68101
Bruce Long,16.23334,28.76585,0,56026
Austin Brown,33.92527,31.38875,1,59995
Roberta Haynes,13.12703,30.12227,2,86610
Philip Boyd,26.81032,14.8905,3,17334
Erin Lawson,36.45419,42.02354,0,36294
James Allen,35.55809,18.47362,1,65469
Lance Harrison,26.38863,8.77561,2,43733
Jack Harris,8.80612,25.92141,3,52138
Patty Neal,40.43499,43.89021,0,12034
Beth Spencer,36.06682,64.8601,1,35478
Carol Scott,41.81059,68.43138,2,69042
Michael Richardson,4.13249,7.22171,3,77521
Heather Cardenas,34.53015,37.17507,0,63712
Gary Zimmerman,39.35783,38.89389,1,25839
Nicole Sanchez,41.32734,30.6659,2,45731
Matthew Black,40.93437,37.85107,3,40154
Ryan Walton,13.03174,16.61423,0,11412
Nicole Hill,43.40321,40.97214,1,28936
Steven Powers,23.71466,26.50681,2,26450
Christopher Thompson,34.17145,58.37782,3,82527
Carol Stevens MD,28.65622,32.43697,0,19259
Jamie Kent,39.14391,65.93814,1,70182
Victoria Black,15.85042,18.75572,2,96548
Christopher Logan,37.27755,27.87236,3,29246
Andrea Alexander,38.19934,54.28248,0,86058
Kimberly Benton,9.64538,13.89838,1,73254
Kelly Williams,33.75811,34.55453,2,44129
Jackie Wheeler,19.17729,10.45436,3,62860
Kimberly Hill,24.51295,40.07221,0,24238
Sheryl Young,16.37007,36.16641,1,97229
Elizabeth Lawrence,42.68969,38.12146,2,82348
Joshua Wilson,47.23681,24.60658,3,66768
Denise Maldonado,19.23021,23.52234,0,52157
Melissa Sandoval,23.07283,34.65281,1,95113
Ms. Tara Vasquez,27.47109,38.79668,2,31986
David Garza,12.69416,6.44422,3,19061
Brittany Brewer,30.12161,37.62035,0,67183
David Dixon,20.91821,5.10402,1,63347
Joseph Hall,23.44925,26.45079,2,88405
Angela Olson,34.95412,63.23366,3,85916
Rebecca Parker,22.1012,38.01116,0,41468
Anna Robles,26.42084,3.33857,1,96410
William Hall,15.7203,6.94858,2,15410
Jennifer Campbell,12.85244,5.07161,3,47545
April Campbell,15.08224,29.33603,0,14428
Charles Small,21.67936,39.98755,1,77113
James Calhoun,5.78244,10.74962,2,18859
Martin Barron,39.5124,45.542,3,41518
Marcus Gordon,33.93309,64.84407,0,61297
Gina Vang,32.70717,22.34138,1,86199
James Evans,9.34108,29.27509,2,49107
Misty Taylor,25.21469,39.69659,3,45448
Dawn Fuller,41.15789,36.8311,0,87412
Ryan Rios,15.70262,23.45376,1,95945
Timothy Harris,28.01391,13.67356,2,26478
Angela Mann,29.11639,39.20195,3,30982
Gina Rose,45.09202,24.89555,0,86690
Stephanie Taylor,35.99865,62.96554,1,84128
Michael Chapman,12.81529,25.29225,2,25240
Keith Greene,44.91341,21.73543,3,15887
Christopher Watkins,16.3766,27.29104,0,82412
Christine Dean,22.59727,30.82969,1,53483
Colleen Walker,37.60727,30.75245,2,48131
Dawn Allen,43.32103,23.95675,3,73385
Keith Moore DVM,46.25256,25.24639,0,47860
James James,19.47997,46.1374,1,64063
Matthew Wallace,4.39376,21.94072,2,54462
Benjamin Parker,27.53917,30.1519,3,47365
Melissa Simmons,35.0036,63.99388,0,57209
Michael Barnes,16.80474,30.55458,1,30678
Cheryl Underwood,28.28435,20.96593,2,83100
Jennifer Murray,28.67499,13.46494,3,58941
John Waters,35.73798,33.91417,0,61898
Jennifer Boyer,38.32915,42.58837,1,85970
Willie Bautista,37.77511,52.8195,2,80781
James Alvarado,21.96261,40.43366,3,76654
Laura Williams,35.40202,56.31684,0,72669
Kimberly Martinez,16.73299,29.7133,1,44706
Andrew Flowers,21.79653,12.65875,2,73453
Jeffrey Durham,24.30764,16.44214,3,61012
Victoria Thomas,31.64349,16.53481,0,93611
Michelle Walker,40.32569,42.42304,1,16356
Zachary Cline,19.58955,6.13067,2,27032
Dillon Mooney,41.5385,67.38496,3,52590
Angela Holmes,42.28262,22.44757,0,83945
Peter Woods,20.10811,1.26305,1,47291
John Johnson,19.7127,44.14831,2,41211
Amanda Ingram,27.36931,34.16543,3,94760
Ricky Andrade,34.43289,34.60261,0,98302
Dwayne Wood,26.05152,26.93008,1,44367
Sharon Green,37.23301,54.62834,2,49694
Nathan Boyer,10.57818,18.01403,3,11601
John Norman,28.89474,18.71268,0,39066
Kurt Case,10.78331,11.56188,1,75017
Denise Miller,1.72827,16.66395,2,39483
Megan Alvarez,20.28557,30.56203,3,51023
Mr. Michael Cohen Jr.,25.61892,1.85789,0,63634
Heidi Hamilton,29.06581,22.54912,1,34333
Lisa Alvarez,22.8457,4.83208,2,36124
Amber Browning,19.50761,25.44859,3,10966
Valerie Collins,20.99957,34.23955,0,22293
Kaitlyn Sanchez,16.2067,19.11881,1,85577
Morgan Washington,5.0405,15.70099,2,36653
Mrs. Linda Smith PhD,34.9228,21.5307,3,18133
Michael Douglas,11.35459,15.42191,0,20463
Jennifer Morgan,11.69167,26.47637,1,34272
Dean Thompson,13.79502,7.10836,2,45087
Alexander Kirk,27.9178,27.43887,3,64064
Kevin Howard,14.13931,17.76712,0,76758
Chad Benton,15.17119,22.26842,1,25972
Wyatt Hodges,27.8178,12.98005,2,40646
Lisa Houston,20.34479,35.05811,3,55637
Blake Ford,12.1569,21.04365,0,87824
Jamie King,38.05554,64.35004,1,78614
Timothy David,22.94237,1.84118,2,70940
John Morton,21.42467,5.94153,3,83000
Ronald Romero,9.75223,16.81412,0,78945
Reginald Long,31.14113,7.67137,1,22417
Alexandra Mitchell,32.66093,6.94443,2,32724
Charles Cox,22.78052,23.95883,3,93555
Jeff Finley,40.98073,37.90934,0,50130
Jason Smith,12.9827,22.93387,1,69421
Kelly Moore,15.37911,5.53359,2,33423
Lori Stein,12.69396,29.37504,3,42272
Alexis Barnes,17.57913,8.90118,0,33109
Shannon Thompson,36.35005,50.09358,1,49541
William Kennedy,12.46453,17.06296,2,53570
Kathleen Rivera,41.40086,24.38147,3,20985
Daniel Gonzales,31.17846,8.77491,0,87329
Robert Ramsey,45.63518,34.84492,1,11025
Pamela Wilson,16.66747,34.56243,2,56653
Cody Smith,40.49694,37.4556,3,69464
Marc Richardson,41.85704,39.90333,0,89701
Emily Moore,44.96579,34.65648,1,26850
David David DVM,19.11852,5.89857,2,64531
Stephanie Thompson,39.70222,13.0163,3,21581
Kyle Fields,18.09535,4.44948,0,89082
Mrs. Amanda Jackson,18.05795,37.01376,1,16501
Belinda Arias,34.12251,19.34863,2,73012
Jeffery Doyle,16.43252,18.55496,3,16729
Daniel Ortiz,24.50692,15.76749,0,82719
Charles Fox,12.49189,12.3135,1,94276
Jacob Steele,34.27416,60.93223,2,93429
Matthew Owens,13.82776,5.42881,3,87912
Dean Drake,41.39813,65.72202,0,92434
Susan Mccarthy,42.56614,58.5237,1,76515
Marcus Bradley,9.61325,14.76607,2,70402
Vincent Lee,1.24861,17.86212,3,64512
Christopher Spence,42.09904,36.57802,0,24268
Charlene Barrett,42.57715,22.31465,1,93793
Crystal Smith,6.83007,15.20869,2,86777
Richard Rose,46.20522,32.16644,3,26360
Eric Gross,16.10754,27.64888,0,47487
Matthew Clark,5.5976,15.8679,1,60489
Samantha Petersen,12.70838,28.05165,2,11914
Martin Flores,45.81357,33.56305,3,87806
Raymond Frederick,44.37025,28.50247,0,88918
Sarah Clark,34.37104,24.10048,1,38113
Ann Jones,20.56318,35.43302,2,36539
Scott Anderson,20.71072,31.59873,3,81731
Deanna Rivers,23.1128,15.18894,0,90465
Joshua Mack,24.41179,22.11809,1,26635
Amanda Spencer,27.95174,25.94917,2,78125
Joel Sanchez,33.32922,41.09375,3,78753
Lisa Fuller,22.24824,28.8408,0,14535
Debra Foster,26.76436,26.4196,1,44695
Samantha Jackson,36.56504,7.35731,2,78847
Steven Cuevas,39.2909,11.01343,3,87836
Rodney Aguilar,15.55751,13.11782,0,51198
Kerry Spencer,32.97143,39.92841,1,14391
Sherri Serrano,11.06434,24.05595,2,53995
Ricky Carson,21.62596,35.57211,3,11467
Erik Hickman,20.50158,15.15017,0,80552
Richard Brown,45.35614,25.02949,1,48355
Kristina Mejia,42.59557,24.09659,2,30789
Dale Moore,13.10204,30.58577,3,56378
Susan Cruz,4.52938,7.12445,0,54742
Kathleen Woods,25.07012,12.11392,1,58643
Angela Nash,44.17604,24.26196,2,64707
Wesley Stewart,20.77208,3.37799,3,54698
Louis Beltran,18.62967,6.73375,0,67595
John Wells,19.62539,3.66574,1,87514
Caitlin Spence,4.08341,12.04284,2,76589
Michael Bernard,16.62215,38.34478,3,60719
Elizabeth Taylor,10.29074,28.21728,0,43006
Gabriel Montgomery,29.26578,20.66276,1,97583
Aaron Chavez,41.76367,23.53127,2,48316
Adam Johnson,35.23972,43.97687,3,34845
Jessica Ramos,33.07701,37.99223,0,73819
Jennifer Goodman,32.75579,35.34089,1,60346
Lori Goodwin,22.97732,34.08315,2,51121
David Sexton,39.14563,29.8751,3,72704
Austin Anderson,0.20219,13.55452,0,67933
Lisa Klein,24.3063,8.85486,1,25646
Tammy Edwards,29.47324,36.22227,2,32715
Teresa Reynolds,20.94368,1.45962,3,98802
Dr. William Juarez,9.88065,22.59524,0,93336
Amber George,32.88537,28.73279,1,76024
Renee Barnes,26.09851,28.21723,2,65358
James Thomas,25.4153,27.59427,3,38146
Amy Martin,6.21956,21.97595,0,72849
Dennis Nixon,21.51719,46.80041,1,25352
Danny Briggs,11.06978,19.92203,2,42135
Mary Mccormick,28.08879,21.59544,3,72754
Tiffany Johnson,37.0038,50.42232,0,18570
Sara Short,45.28788,25.05915,1,25285
Heather Brown,14.20937,32.57608,2,53173
Stephanie Franklin,18.09991,12.47022,3,31853
Heidi Smith,33.23558,10.03044,0,55873
Jacob Brown,25.50879,28.88707,1,12694
Gregory Harris,17.08635,4.38999,2,55524
Stephen Sullivan,20.93107,8.74515,3,41282
Teresa Lewis,19.94971,39.56548,0,94016
Jerry Williams,24.383,18.60833,1,37642
Stephanie Castillo,24.5123,13.68722,2,72110
Jason Garcia,13.53517,18.48488,3,25027
Samantha Palmer,2.34313,12.51538,0,40288
Cassandra Harper,30.60469,39.85263,1,51953
Amy Moses,7.4881,12.04621,2,87896
Megan Kelly,43.7468,36.08151,3,67427
Ryan Miller,40.00086,12.4508,0,34123
Jennifer Sweeney,21.9512,19.16619,1,26466
Valerie Gilbert,11.55957,33.1246,2,84025
Jessica Villa,11.259,7.44117,3,14384
Jill Vang,29.43668,12.82351,0,41372
Jeremy Robinson,4.298,6.85652,1,39839
Heather Garcia,20.96619,0.53411,2,86139
Mark Morris,9.5469,27.77322,3,15432
Cassandra Gregory,18.5911,2.2462,0,67194
Christopher Lin,39.89678,10.91854,1,76582
Phillip Brooks,36.24488,6.47917,2,15524
Edward Howard,18.99804,39.91034,3,56805
Charles Brown,43.71988,31.80425,0,85525
Brian Hutchinson,42.58804,23.96769,1,48085
David Vega,43.06756,25.46718,2,54086
Joshua Allen,10.21656,10.7921,3,45236
Amanda Drake,27.3613,34.45055,0,23773
Jennifer Davenport,22.22236,35.66037,1,94502
Jennifer Douglas,41.45092,33.09096,2,14525
Sara Nguyen,17.8029,35.46183,3,53565
David Gray,39.40095,39.72649,0,86077
Sarah Lopez,22.01551,30.60599,1,63721
Steven Gregory,18.6835,2.40032,2,92120
Melissa Taylor,15.02632,31.15198,3,76182
Christine Bush,20.95767,21.37253,0,87541
Garrett Holmes,36.27287,61.49897,1,40362
Dr. John Miller III,30.79428,21.91588,2,93743
Sheila Conway,25.59407,17.42968,3,28729
Teresa Evans,13.37178,8.0545,0,51480
Diane George,38.67484,41.01476,1,15510
Pam Jackson,18.2579,42.09746,2,53590
Jack Ortiz,9.83401,10.57749,3,63115
Heather Evans,8.56448,28.58683,0,93792
Daniel Hodges,38.72351,62.588,1,39613
Lori Hicks,32.20777,25.68942,2,79155
Tara Graham,30.54962,15.08089,3,15054
Michael Price,14.88689,11.08118,0,23713
Kent Hobbs,36.43403,49.53266,1,74629
Angela Lee,20.35957,31.49168,2,86908
Timothy Kelly,26.70218,15.67845,3,98623
Christopher Smith,39.02278,49.58732,0,91528
Sierra Carr,46.31187,35.91,1,74782
Ryan Hall,42.86506,21.55552,2,37769
Steven Freeman,38.67007,9.79653,3,52603
Traci Campbell,39.72464,65.57665,0,15956
Veronica Howard,33.07346,22.12167,1,26909
Stacey Hardin,9.77657,26.61705,2,78119
Anthony Melton,10.11918,31.20379,3,24046
Corey Jackson,38.26163,38.81813,0,49174
Brianna West,0.16378,17.83893,1,55137
Tracy Davies,37.74302,52.4452,2,30429
Jonathan Anthony,21.75579,33.45107,3,88276
Christine Moore,16.95412,7.73109,0,10661
Samuel Campos,34.5439,21.94067,1,42200
Nathaniel Walker,23.23661,15.72132,2,67152
Nicole Jacobs,12.68215,32.607,3,29429
Michael Ross,25.15328,34.46887,0,40890
John Bean,41.78935,57.04293,1,25869
Matthew Parks,21.9954,26.02131,2,20370
Sheila Guerrero,14.25638,32.52765,3,73804
Sarah Howard,43.12763,27.98517,0,87837
Mark Melton,31.23972,23.99078,1,43010
Robert Williams,26.40918,4.61152,2,25019
Brett Montgomery,18.43693,3.40662,3,41182
Jamie Hampton,10.20733,23.87039,0,83180
John Gordon,37.41504,21.04284,1,11755
Catherine Jenkins,14.21944,16.52181,2,10656
Alexander Adkins,26.69289,10.82527,3,97627
Marc Sanchez,39.01125,39.02655,0,33539
Samantha Fisher,21.49856,36.59355,1,46515
Melody Jones,47.95339,29.60466,2,89093
Karen Lopez,18.96991,8.22469,3,44502
Nicholas Sanchez,25.41562,21.56963,0,90369
Sarah Holmes,22.96045,11.43446,1,98425
Michael Wu,37.00299,19.41233,2,75424
Mr. Jacob Floyd,28.66754,41.12949,3,81012
Jeanette Stephens,29.35959,14.01492,0,11306
Robert Edwards,36.03133,66.52995,1,60366
Joshua Perry,5.68825,12.60893,2,54303
Thomas Smith,25.62813,18.33288,3,33892
Chase Carter,40.64838,57.33987,0,25981
Lisa Sanchez,24.40009,19.60298,1,62262
Gerald Frank,34.52531,58.57395,2,91269
Deborah Morgan,48.65105,29.76975,3,35156
Kathryn Richards,18.51877,42.66074,0,12495
Joanne Norman,7.67456,21.35964,1,45724
Kyle Miller,38.88886,62.02352,2,38830
Melissa Jensen,29.23933,18.01977,3,92776
Lance Ramos,36.28496,59.29541,0,21747
Jacqueline Clark,28.47059,37.84271,1,31691
Megan Fitzgerald,33.51982,7.4082,2,63853
Joseph Smith,35.25514,30.20717,3,69365
Melanie Benitez,19.17765,33.62211,0,65108
David Evans,22.97669,1.64798,1,46312
Katrina Brewer,17.62159,4.45242,2,39307
Jeffrey Villa,36.1334,66.51085,3,44284
Kelsey Key,17.79082,10.75965,0,78001
Cynthia Smith,47.41555,22.71749,1,17746
Susan Zimmerman,24.22649,25.21091,2,81493
Rodney Rios,38.09697,13.40117,3,70193
Justin Smith,26.14913,12.44991,0,79421
Morgan Berry,37.60875,61.06915,1,67436
Alexander Jones,8.68958,4.90199,2,26479
Larry Rollins,13.61556,21.44191,3,72778
Patrick Wyatt,24.31103,20.03516,0,50648
Kimberly Pierce,9.04909,20.28163,1,49188
David Martinez,25.10118,44.44862,2,11820
Jessica Mcneil,8.17542,7.60502,3,40524
Tina Williams,18.14142,31.87834,0,40285
Hannah Steele,14.16729,19.76605,1,10784
Cheryl Duran,19.14794,12.17151,2,65264
Anna Gonzalez,35.52766,18.62585,3,92430
Jeanette Richards,1.38787,13.84124,0,46778
Susan Williamson,36.15844,35.59614,1,91519
Jacob Nguyen,27.57376,39.38248,2,76230
Pamela Riley,3.17527,19.45191,3,50789
Tyler Guerrero,39.97608,67.1878,0,12946
Victoria Johnson,35.36795,46.11658,1,99513
Maria Gallegos,19.09895,45.29045,2,76228
Heather Hughes,35.40815,31.3813,3,91926
Haley Lee,17.39443,10.8557,0,14978
Sonya Frey,36.85155,59.90958,1,12276
Frank Santiago,2.3139,19.78089,2,93598
Rebecca Crawford,21.1081,18.60816,3,17661
Richard Rubio,34.78967,66.64768,0,83494
Erin Nelson,21.63793,17.05702,1,94403
Nicole King,18.94507,2.62978,2,96710
Michelle Kirk,12.64706,28.16683,3,24176
Luis Jones,31.0134,28.75101,0,99441
James Skinner,33.53207,8.93257,1,24595
Melissa Ford,23.26809,25.57607,2,43168
Elizabeth Riley,34.43915,61.41521,3,35618
David Carter,13.06901,14.52967,0,51816
Shari Hart,8.55297,25.23394,1,79354
Allen Carroll,24.01249,34.15591,2,23593
Gabriel Hansen,49.7492,29.93084,3,15823
Stacey Russell,24.41827,18.34374,0,13449
Dennis Ross,28.79422,41.91366,1,63607
Tracy Jacobs,7.20446,15.85664,2,34809
Lynn Johnson,33.66474,21.21529,3,53651
Curtis Olson,13.48547,27.47471,0,51478
Daryl Wood,34.71933,39.38625,1,45327
Alan Davis,15.18182,4.93652,2,58304
Ryan Contreras,23.94994,43.14014,3,28016
David Robertson,35.25271,54.54263,0,62449
Kevin Davis,18.57905,30.6915,1,11318
Nicholas Macdonald,1.107,14.25229,2,61013
Alison Hill,16.15031,11.06174,3,87660
Mr. Luis Barnes DDS,35.8528,7.16957,0,52362
Brenda Crawford,18.89428,16.24233,1,76334
Lisa Calderon,13.31461,11.61385,2,22605
Travis Chapman,14.42009,14.76827,3,91002
Barbara White,24.20296,8.88111,0,99140
Jessica Cruz,7.02752,9.32385,1,38916
David Morris,19.10682,40.90242,2,50718
Alicia Guzman DVM,36.07593,31.71378,3,53475
David Stevens,40.4816,57.36795,0,65407
Heather Figueroa,38.91966,12.72608,1,20391
Michael Frank,37.96329,12.07108,2,97843
William Johnson,14.70876,17.67359,3,40436
Joshua Kaufman,5.17561,9.98092,0,45056
David Smith,18.01308,30.26668,1,15800
Kevin Manning,39.73632,11.97117,2,16462
Kyle Meyer,34.12182,31.8495,3,58165
Jerry Bartlett,24.60276,29.05037,0,50943
Gabrielle Newman,31.99415,31.61219,1,86974
Mr. Eric Alexander,26.06747,13.03591,2,20469
Henry Banks,12.73912,32.03933,3,87985
Jackson Salas,42.38699,26.93036,0,35105
Daryl Mccoy,22.41667,20.51278,1,18181
Jamie Morgan,16.47794,33.61139,2,89403
Ashley Holland,27.37404,43.8316,3,69641
Connie Duran,22.70738,24.01576,0,63458
Caitlin Ross,28.07804,40.87163,1,17843
Gary Duncan,33.13684,31.75284,2,87687
Heather Calhoun,10.80752,31.41037,3,32549
Ashley Murphy,2.17514,17.48783,0,22602
Julia Suarez,27.89006,9.863,1,60156
Nathaniel Love,17.8789,10.91479,2,52463
Angel Brown,37.60221,68.64619,3,84352
Jade Gonzalez,27.9043,17.69985,0,37598
Andrew Anderson,32.06301,37.67609,1,20665
Timothy Garcia,12.62212,31.66575,2,22783
Paul Haynes,3.02046,17.63905,3,32266
Heather Wang,39.20097,23.12414,0,28197
Joanne Hoover,16.58064,31.11347,1,82621
Karen Ray,23.4537,40.46461,2,38313
Joshua Salazar,7.76764,6.17307,3,99342
Jamie Bailey,25.34269,0.85789,0,56593
Ryan Clark,33.91679,56.42195,1,15251
Theresa Gibson DVM,44.25336,27.96865,2,98244
Robert Sanchez,44.50569,35.14524,3,23469
Sherri Johnson,41.91615,42.72017,0,17447
Terry Webb,49.22701,27.15627,1,64194
Samuel Perkins,25.69184,35.12914,2,25393
Tim Rogers,37.70045,49.41493,3,56341
Patricia Harris,36.33031,68.8673,0,27253
Natalie Nunez,10.66645,18.94952,1,57185
Samuel Rich,40.53031,30.0836,2,58058
Anthony Ray,17.85943,33.67913,3,49807
Devon Harmon,36.49285,62.27074,0,49967
Melissa Ellis,2.75513,18.67916,1,16986
Marcus Madden,35.01916,8.26971,2,57288
Julie Heath,28.91858,8.68303,3,23041
Destiny Barron,14.05568,21.00323,0,37207
Crystal Padilla,13.5151,12.67728,1,20109
Deanna Hughes,21.29871,11.62734,2,93959
David Rodriguez,10.45971,22.83558,3,26498
Edward Scott,9.20249,18.73326,0,15036
Brian Carlson,18.36062,7.08369,1,36715
Samantha Dodson,10.71653,33.82557,2,36750
Nancy Scott,14.02031,19.14153,3,51719
Stephen Lopez,24.65897,12.43326,0,21167
Scott Wang,30.45295,15.98819,1,48598
Melissa Caldwell,44.82655,35.37919,2,82738
Howard Johnson,37.91478,21.4277,3,82687
Terri Melton,40.23964,40.12489,0,84015
Shannon Taylor MD,20.86796,6.35076,1,94571
Michael Tucker,10.01824,27.9901,2,61497
Kimberly Garcia,41.18664,24.23989,3,63841
Allison Lamb,35.30333,36.69755,0,37778
Teresa Nguyen,3.17837,17.70804,1,11089
Mr. Colin Hayes III,6.05243,18.49868,2,57408
Dr. Willie Delgado,47.38907,29.92283,3,83127
Corey Thompson,28.2577,35.84083,0,44662
Michael Sanders,17.02498,0.90183,1,96428
Victor Barnes,42.86822,56.79057,2,31489
Rodney Norris,35.89575,23.61007,3,78010
Dylan Castaneda,24.09772,17.43429,0,99988
Joseph Christensen,36.24924,64.66043,1,38399
Richard Mckenzie,26.15467,42.87981,2,96298
Jennifer Andrade,37.8091,60.38947,3,59406
Ronnie Fernandez,4.43065,12.73689,0,43982
Todd Murphy,39.45173,24.09241,1,62743
Michael Brown,15.37377,16.77562,2,51836
Benjamin Holmes,0.31966,16.84416,3,45404
Robert Richardson,20.74457,39.52586,0,81358
Matthew Johnson,37.7841,25.94359,1,94192
Darlene Quinn,34.03748,9.10725,2,57197
Helen Munoz,37.94017,40.21537,3,72283
Joseph Taylor,36.79046,61.71494,0,58083
Devon Martinez,34.22612,9.48584,1,96869
Robert Jordan DVM,36.07777,5.0651,2,61602
Jessica Giles,34.6333,62.35378,3,61656
Elizabeth Ferrell,37.83984,9.18063,0,78819
Lauren Armstrong,39.32964,46.44562,1,78677
Sara Martin,34.95383,65.86095,2,48347
Kelly Martin,21.53412,12.59096,3,15466
Taylor Snyder,30.19643,39.56687,0,14973
Sharon Hernandez,39.11437,42.56619,1,13009
Shannon Casey,47.22778,22.77565,2,99763
Gabriel English,24.24509,35.13505,3,23070
Laura Allen,26.49095,18.54508,0,10055
John Campbell,19.6039,1.89438,1,43391
Clinton Powell,10.46047,10.87979,2,87236
Leroy Murphy,42.64904,23.32419,3,58752
Casey Ward,23.68706,21.99561,0,95798
David Frazier,20.97355,2.32362,1,38500
Karen Turner,25.00144,29.25068,2,31096
Matthew Phillips,24.60825,37.43356,3,69117
Aaron White,18.57756,3.93544,0,82252
Stephanie King,13.10641,5.47834,1,89944
Benjamin Stout,11.06038,11.79687,2,53015
Edward Allen,30.02624,11.62819,3,23808
Dr. Benjamin Foley MD,32.80759,9.49527,0,56126
Matthew Wilson,22.80166,45.11318,1,59379
Shannon Glass,30.35874,16.73635,2,68740
Ann Vargas,40.91702,31.70268,3,65040
Zachary James,35.60058,50.98303,0,28524
Lindsay Edwards,28.95903,41.12249,1,81637
Matthew Smith,46.40991,24.94571,2,87578
Michael Hunter,14.60673,30.5135,3,98160
Mary Davis,23.53551,24.98244,0,81379
Tiffany Yates,12.85092,22.77843,1,92196
Christopher Waters,16.87524,13.55839,2,78558
Nicole Reynolds,24.20424,38.21367,3,10364
Eric Nunez,37.18982,34.69639,0,23272
Joseph Stewart,17.5723,8.96796,1,59491
Martin Sullivan,20.59021,5.32288,2,28241
Katherine Clark,13.32795,12.07123,3,34034
Jamie Snyder,38.56281,68.6799,0,72008
Brittany Kelly,26.40048,18.01715,1,23658
Beth Horn,17.44553,25.49104,2,17470
Melanie Caldwell,26.21238,42.53697,3,31696
Amy Simmons,2.65086,22.38746,0,86273
Christine Hernandez,16.36425,6.17768,1,37866
Jessica Turner,19.68359,27.19795,2,54757
Maria Lloyd,16.26614,26.11231,3,33266
Ronald Haynes,23.86142,20.14412,0,10211
Debra Johnson,8.0432,14.60803,1,61823
Henry Pierce,8.23483,21.67677,2,71727
Cody Morris,19.05125,31.08933,3,44104
Hayley Davis,44.84456,26.68666,0,20113
Laura Barber,22.27779,6.57142,1,32367
Timothy Simpson,17.64137,39.76204,2,88514
Alicia Johnston,47.92861,28.41358,3,64304
Alexander Ford,37.12575,39.86269,0,64530
Jeffrey Martin,18.79785,18.08336,1,45099
Madeline Cervantes,27.49445,13.36117,2,48782
Dustin Castillo,9.82392,29.10027,3,89837
William Miller,34.95705,34.38703,0,39046
Michelle Morales,13.26359,10.46593,1,79609
Adam Randall,17.47857,35.77403,2,91140
Melvin Brown,38.37899,22.90391,3,67000
Tracy Salazar,33.77163,20.06411,0,33026
Devin Martin,16.05081,2.41281,1,65667
Michele Hall,23.21453,10.00318,2,95976
Angela Lane,45.27244,32.42712,3,62649
Jason Powell,35.04759,43.28772,0,83426
Stephen Sims MD,17.89918,12.3571,1,29455
Daniel Patel,27.19571,41.59215,2,37472
Austin Wilson,35.00163,35.97018,3,94879
Shirley Wright,7.9405,12.01405,0,90385
Lisa Alvarez,45.28208,32.14291,1,92660
Michelle Harper,26.13015,6.99772,2,27815
Daniel Rodriguez,38.44268,38.28911,3,23826
James Ashley,35.46331,28.41126,0,42144
John Patrick,15.45186,19.85334,1,57248
Randy Foster,10.76068,13.86361,2,20287
Cheryl Cisneros,21.49689,29.818,3,17292
Juan Campos,26.18284,13.11313,0,50823
David Anderson,30.42191,18.29551,1,48778
Jason Taylor,36.21281,64.14348,2,79587
Laura Jones,27.98784,12.90787,3,14569
Lori Sanchez,14.06602,9.16529,0,72865
Melanie Smith,46.96016,23.31573,1,83513
Shelly White,17.56996,23.0084,2,28694
Adam Burns,38.20704,35.95521,3,28627
David Wagner,16.93485,11.49646,0,50410
Mrs. April Price,18.27476,39.96468,1,36430
Mary Taylor,23.3732,21.16162,2,83749
Kristi Baldwin,35.25218,6.87876,3,15886
Tammy Hardy,18.62458,40.34052,0,17932
Stacy Hill,23.37757,45.58527,1,56841
Bill Gaines,41.51552,27.53177,2,58233
Bill Burke,2.75786,17.92077,3,97952
Melissa Hicks,41.14803,66.0443,0,21361
Jennifer Hernandez,3.58679,8.52968,1,55953
Connie King,17.12723,18.49872,2,90959
Denise Herrera,17.02459,36.93231,3,40872
Grace Vaughn,35.83603,10.77533,0,14203
Nathan Williams,27.91676,39.51139,1,55658
Jason Leonard,33.47391,66.34383,2,48403
Taylor Brown,21.69635,16.34895,3,86780
Nathan Zuniga,41.78747,69.62674,0,74537
Karen Hansen,15.8479,4.64758,1,38595
Julie Gray,26.47503,22.57173,2,91450
Gregory Sanchez,29.0178,42.98198,3,16825
Eugene Oneill,37.58994,38.03186,0,71504
Ryan Pratt,28.29262,13.39032,1,45693
Regina Farmer,38.85521,58.11679,2,36495
Linda Martin,30.11433,26.59452,3,32362
Jasmine Henry,15.8407,22.53961,0,30605
Anthony Wells,39.60317,35.88588,1,34062
Matthew King,12.14465,35.88747,2,91842
Christopher Ross,22.0957,0.37267,3,38866
Calvin Johnson,36.31262,61.06816,0,87680
Elizabeth Pratt,40.23307,28.79741,1,90302
Mrs. Sheryl Lee,21.1701,12.51478,2,43253
Brittany Freeman,39.72619,13.1342,3,20779
Toni Fernandez,22.55589,26.71373,0,39639
Michael Young,33.61384,67.59537,1,46603
Rebecca Carpenter,6.63068,8.2841,2,59970
Dana Freeman,16.08831,26.56129,3,92884
Phillip Woodward,36.09306,21.72253,0,34582
Antonio Arnold,2.42892,20.57153,1,77283
Scott Riley,1.28618,19.13614,2,17460
Samantha Jones,31.43687,15.21916,3,72755
Peter Campbell,16.23699,7.6216,0,80830
Jacob Clayton,36.71048,56.93823,1,28319
Cassandra Richard,10.6077,12.22554,2,39933
Linda Shepherd,17.15304,2.80855,3,43128
Tammy Gillespie,46.06652,26.43876,0,44054
Justin Carrillo,24.9203,6.29874,1,27714
Robert Campbell,22.97925,31.37532,2,75587
Hannah Hall,47.46674,27.402,3,67375
Bonnie Hernandez,25.58788,42.52398,0,35041
Eric Wood,10.53366,31.59298,1,34770
Robert Villegas,17.2715,25.80859,2,20904
Jason Mora,26.52297,15.64485,3,96838
Donald Chaney,15.31004,17.48351,0,93076
Zachary Shaw,39.10947,38.30927,1,27382
James Brown,4.32092,17.93225,2,37340
Anthony Wright,6.28638,21.86985,3,57379
Kendra Stephens,16.63819,35.66281,0,26140
Sandra Townsend,37.47527,21.45157,1,77788
Thomas Lang,12.05287,34.53827,2,16413
Jeremy Rollins,38.32575,50.14572,3,74968
Sara Anderson,26.91442,6.2283,0,98505
Catherine Mendoza,37.04323,11.60666,1,26527
Stephen Sloan,33.01093,6.89866,2,83037
Shannon Hoffman,49.75839,25.69224,3,26406
Valerie Tanner,23.09874,44.93787,0,33548
Christine Cox,33.10366,37.18587,1,60572
Mary Charles,6.87557,18.92734,2,84449
Erika Rodriguez,8.49209,15.16343,3,29665
Ashley Phillips,38.29202,8.971,0,64043
Richard Hall,14.0222,15.27107,1,14070
Christina Fox,28.96483,23.42083,2,11140
Nicole Melton,37.05532,18.0831,3,60897
Mrs. Nicole Hart,35.78192,29.65811,0,40448
Sharon Griffith,16.58445,28.16347,1,76480
Dylan Flores,34.65718,50.38464,2,46141
Marc Nelson,19.83277,14.35368,3,18587
Erin Dunn,40.68769,65.39309,0,53743
Jon Smith,42.28371,39.11637,1,87031
Kimberly Potter,23.34087,16.6161,2,19690
Tyler Roberson,17.21741,36.72708,3,53772
Jeff Morton,38.3812,61.23817,0,21208
Katie Fry,18.39797,6.07859,1,43819
Michael Allen,15.17295,37.49035,2,80136
Shane Winters,42.5212,43.50423,3,12126
Nicole Williams,37.60311,54.94485,0,51099
Nicholas Morales,31.93646,15.75513,1,50273
James Phillips,27.60448,23.69303,2,42387
Christian Davis,40.77755,41.7087,3,66991
Joseph Cooper,20.38022,42.08867,0,74543
Scott Case,21.56405,28.09962,1,35182
Diamond Lopez,33.35285,42.3201,2,75175
Lindsey Cochran,17.52868,26.24202,3,58245
Nancy Keller,24.56205,44.87425,0,92462
Kelsey Jones,7.14015,6.1285,1,67662
Colleen George,30.7794,20.16772,2,64918
Alexandra Sharp,1.21522,16.16497,3,92446
Julie Kim,35.10271,7.85478,0,78834
Kimberly Kim,20.46943,5.45894,1,36779
Jacob Gomez,35.74577,63.5734,2,29810
Elizabeth Fox,41.37309,56.9467,3,40978
Tonya Moss,36.47408,52.56644,0,64661
Drew Berg,39.08016,57.55168,1,77005
Robert Jones,10.20283,16.64216,2,20468
Shannon Reed,11.41664,31.44555,3,58237
Zachary Smith,36.42105,18.24115,0,10792
Tanner Rasmussen,39.75142,45.83752,1,17673
Christina Sandoval,31.93376,26.45317,2,75978
Matthew Gregory,28.90667,22.19944,3,93544
Richard Evans,31.75535,37.10134,0,58827
Heather Cline,24.44807,1.28895,1,87228
William Gutierrez,36.24118,22.56215,2,41737
Regina Simmons,10.28415,25.39285,3,25078
James Gilbert,35.35207,57.3828,0,57436
Derek Buchanan,27.16576,12.90872,1,69205
Randy Ortega,38.36146,26.00829,2,80435
Gerald Morris,34.97245,10.77976,3,53151
Sharon Williams,38.62597,20.59621,0,12219
Angela White,13.85343,20.56504,1,99993
Julie Levine,8.68545,13.50386,2,56041
Denise Waters,21.72449,11.89728,3,59492
Krista Rasmussen,34.27963,59.74599,0,96114
Jasmine Cox,28.93659,17.16053,1,51453
Jonathan Scott,49.69319,27.86567,2,58220
Louis Green,26.44459,45.14506,3,37200
Amber Johnson,22.72786,32.4398,0,49767
Mr. Eric Hamilton,14.56947,34.13642,1,68593
Kevin Hughes,48.54691,26.55237,2,74615
Kara Nguyen,27.87829,37.38864,3,76630
Rebecca Miller,41.17733,66.21783,0,69932
Scott Diaz,14.85044,22.7584,1,82070
Jessica Mason,36.1321,62.06954,2,41839
Amanda Booth,10.39545,10.53158,3,58944
Johnathan Smith,31.10573,21.13059,0,75964
Robert Duran,14.70212,29.98603,1,84047
Kaitlyn Cummings,8.16483,22.64868,2,75073
Debra Wilkins,17.79466,33.5143,3,11250
Eric Carlson,42.08969,44.0407,0,52293
Amber Morris,20.75412,20.70327,1,56928
Cameron Palmer,15.40879,4.74813,2,43303
Amanda Fitzgerald,46.60289,25.15547,3,15991
Alexandra Walter,28.98647,11.1149,0,84715
Robert Flowers,21.49185,10.50431,1,91418
Ronnie Johnson,21.37231,26.08642,2,62370
Ray Gonzalez,19.02709,28.7842,3,45496
Rachel Brewer,21.39088,3.31224,0,42319
Melissa Clark,37.85116,38.12686,1,47990
Ronald Martin,29.78299,33.69043,2,93012
Jacqueline Gutierrez,37.01894,66.45417,3,54808
Sandra Taylor,23.21252,14.84663,0,59343
Connor Rodriguez,5.39625,13.78127,1,57907
Michael Miller,16.70783,32.48971,2,65159
Sandra Villa,30.24215,33.8072,3,11038
Joseph Robinson,30.5309,33.77042,0,47836
William Grant,3.81851,19.20518,1,49482
Henry Carter,23.71351,17.78289,2,64864
Angela Doyle,43.1581,43.54979,3,76536
Lindsay Gray,14.1856,28.91929,0,61229
Dr. Jimmy Lewis,40.60006,26.08911,1,58218
Corey Armstrong,25.29323,17.58857,2,56449
Michael Vega,38.1342,69.58114,3,19165
Jay Whitehead,27.62991,13.3704,0,73419
Stacey Holden,38.10616,40.48296,1,93120
Jennifer Bush,18.37456,1.21494,2,70448
Abigail Roberts,34.35108,57.49512,3,15154
Terri Ford,45.6893,24.132,0,97927
Courtney Castillo,28.25269,34.94124,1,71095
Rachel King,22.71173,15.85778,2,98464
Cheyenne Hooper,39.11348,60.09318,3,73036
Laura Johnson,17.14891,36.00622,0,69219
Dr. Daniel Hill,16.83851,14.62025,1,50222
Gina Tran,46.69145,31.56749,2,62537
James Young,39.45766,31.52871,3,15074
Dennis Clark,24.24822,24.43206,0,72982
Misty Carpenter,24.30018,24.08992,1,29738
Bobby White,46.71055,31.14087,2,80127
Christine Lozano,36.44022,6.64857,3,89312
Ashley Swanson,10.96848,34.55907,0,64695
Amanda Kramer,19.68478,17.38246,1,28820
Diamond Black,21.8436,14.0811,2,84582
Anthony Robinson,22.72437,11.67126,3,21958
James Rowe,32.44223,34.96494,0,36952
Carol Berg,37.89622,34.00748,1,23576
Donna Allen,37.76424,66.48646,2,72104
Jennifer Gill,30.73447,23.19574,3,55847
Kim Page,22.83637,34.10474,0,36536
Amy Williams,24.71048,24.32632,1,63531
April Burke,23.40584,12.46937,2,88671
Brittany Tucker,37.03679,67.30932,3,75953
Chloe Barton,31.02864,18.18668,0,81553
Kevin Johnston,36.26899,10.94429,1,92494
Michael Burgess,26.59592,16.99836,2,79172
Robert Clayton,35.04876,55.3566,3,78316
Laura Wilkins,16.63965,42.86743,0,22383
Nicole Gonzales,40.24616,46.04961,1,96662
Jennifer Rodriguez,25.10097,12.98709,2,76106
Tiffany May,46.19489,24.42007,3,18174
Joe Pineda,29.33124,29.17158,0,44208
Ashlee Brooks,22.206,28.11658,1,11120
Haley Elliott,43.5022,26.03669,2,15346
Matthew Reynolds,22.163,21.50673,3,12610
Christopher Benson,12.00622,25.46242,0,38965
Travis Graves,10.91389,24.12834,1,13851
Jessica Thomas,14.99778,4.02162,2,80970
Brian Johnson,17.48601,9.71031,3,46007
Sarah Herrera MD,30.89167,37.76633,0,17009
Sandra Clark,39.33043,47.46802,1,24650
Kristina Payne,19.61557,45.20522,2,39456
Eric Green,40.04721,64.09009,3,73691
Matthew Price DDS,39.99933,28.43169,0,48704
Edwin English,20.93936,5.60497,1,13001
Linda Norton,34.5589,68.09493,2,45325
Jacqueline Mueller,36.29601,24.85289,3,16775
Michael Hunter,37.16407,57.78824,0,65300
Hannah Stone,39.40561,23.72996,1,89491
Robin Stein,17.79677,23.25559,2,92870
Elizabeth Waller,20.60077,18.79264,3,62100
Victoria Smith,23.00182,46.32889,0,65460
Jennifer Lopez,25.6307,43.59081,1,35209
Tony Cardenas,26.20819,5.7776,2,59054
Robert Gonzalez,4.14518,20.25218,3,37169
Robert Johnson,13.57121,17.03184,0,25413
Jacqueline Green,20.65443,28.16978,1,24478
Sara Holt DDS,33.12013,14.55073,2,84322
Philip Villarreal,27.86046,33.79412,3,55266
Jennifer Dunn,17.54939,17.35514,0,78605
Curtis Larson,36.71324,57.05844,1,64526
George Goodman,27.16182,17.97419,2,64020
Mark Williams,1.77816,15.78524,3,94332
Jeremy Nelson MD,40.38314,61.7121,0,21433
Dustin Brown,21.53726,15.16924,1,81651
Michael Stewart,44.73784,22.32668,2,22001
Anna Mcdonald,37.89466,7.33323,3,80480
Samantha Le DDS,27.19927,33.12482,0,41817
William Parker,23.17285,8.21214,1,28633
Victoria Brooks,32.68658,67.42095,2,99360
Chad Rice,7.94776,7.87735,3,76457
Gregory Black,14.52501,37.80638,0,40458
Kathleen Espinoza,29.59035,20.70759,1,91263
Joseph Foster,24.2832,32.43028,2,66882
Emily Thomas,23.46113,28.09105,3,85217
Richard Alvarez,17.04873,42.08583,0,40499
Betty Harrington,5.20987,9.16875,1,46614
Rachel Bailey,29.95408,32.17446,2,55716
Julie Hall,29.39687,33.29903,3,81627
Alexander Blevins,10.49255,20.357,0,24350
Joan Herrera,41.62357,44.93074,1,64418
Lawrence Key,47.10964,24.52563,2,92443
Matthew Woods,30.73713,14.93214,3,15600
Jordan Novak,38.35409,44.36478,0,84697
Joshua Daniels,38.92981,46.67992,1,43221
David Montoya,28.00508,23.98085,2,92408
Amber Lyons,26.45557,35.89802,3,22570
Timothy Garcia,28.81748,17.95242,0,49719
Kristin Collins,32.16178,38.20168,1,65722
Joshua Williams,21.26673,7.2676,2,46913
Mark Schmidt,37.82213,54.2553,3,67316
Gregory Johnson,45.73955,22.81347,0,13467
Charlotte Henderson DVM,24.73463,4.17546,1,62543
Vanessa Moran,4.59306,21.20195,2,25113
Craig Lee,6.39485,8.75539,3,10253
Christina Skinner,15.82545,37.69461,0,74003
Pamela Chapman,33.26406,64.17272,1,46974
Jerry Sims,38.73494,62.5221,2,19566
Samantha Berry,38.90366,57.62761,3,81814
Jeffrey Herrera,35.36102,32.70081,0,99517
Jamie Marsh,10.9088,30.90096,1,53105
Michael Lane,34.46555,47.78864,2,12966
Gloria Vance,34.66088,59.79589,3,23158
Mary Walker,19.09621,26.196,0,59584
Heidi Davila,24.30527,23.00873,1,23784
Eric Chavez,31.78124,10.47436,2,56601
Joanna Barnes,22.41124,43.6514,3,48021
John Kramer,21.75029,34.36582,0,89284
Dawn Schneider,38.07162,55.12903,1,43193
Rachel Huang,34.81104,9.94244,2,94309
Joseph Petersen,25.55167,32.33842,3,55368
Susan Sullivan,8.45273,17.33872,0,51938
Melinda Paul,17.87578,18.3631,1,89485
Kimberly Figueroa,36.55507,56.14631,2,97439
Jason Rodriguez,46.6218,31.06579,3,57704
Patrick Tucker,24.56252,42.63842,0,65978
Brandon Roberts,33.07176,13.34705,1,69291
Tracy Wade,27.25227,9.57251,2,39485
Donald Sanford,19.92115,29.63556,3,42696
Timothy Richards,25.63899,19.02759,0,23902
Deborah Miller,13.79754,21.28659,1,60675
Christine Nash,23.996,32.54759,2,50162
Sarah Reed,21.0054,36.73592,3,78392
Kirk Hall,35.85182,29.87235,0,32203
Randy Martin,29.02713,42.68279,1,89321
David Thompson,30.89993,24.37022,2,63394
John Franco,12.88673,17.81299,3,76051
Samantha Young,12.99299,10.50331,0,83296
Donald Schroeder,41.30107,61.59396,1,81414
Melissa Allison,5.55541,13.60506,2,85151
Kenneth Clark,42.98451,59.78264,3,59101
Jennifer Long,37.32575,29.87614,0,51283
Carolyn Price,25.24061,31.63516,1,63702
Tammy White,13.34995,16.86219,2,72133
Justin Higgins,19.39904,22.07976,3,87507
Jerry Hughes,7.49717,4.97077,0,91836
Felicia Jackson,2.48421,13.09045,1,95353
Rodney Hernandez,20.83037,28.82079,2,85778
Jennifer Walker,18.11374,27.75848,3,29757
Bryan Davis,16.44506,19.10001,0,90806
Stephanie Suarez,8.6087,22.25402,1,99245
Jessica Sparks,6.02651,18.59071,2,79344
Ryan Harris,19.99987,40.1655,3,61307
Tyler Bradley,34.29848,65.8388,0,65984
Randy Ford,35.85281,64.03456,1,80295
David Smith,22.38264,13.64962,2,37689
Scott Bryan,36.50732,62.26872,3,11430
David Hill,28.35205,28.44545,0,30254
Jennifer Cantrell,33.06554,18.42317,1,91742
Angel Roberts,41.45216,36.87155,2,72773
Regina Hess,21.20056,30.51364,3,90540
Jeffery Mccoy,20.27402,46.43592,0,68327
Michelle Jackson,27.78756,31.91559,1,20715
Tamara Tanner,23.5383,47.15645,2,78514
Michael Sutton,36.7886,9.60952,3,84769
Allison Caldwell,32.47866,10.88677,0,67621
Meagan Allen,33.19494,25.20425,1,31367
Tammy Morrison,17.8806,9.80619,2,32160
Alicia Garza,20.59079,41.88865,3,18050
Lisa Murphy,8.92747,21.30111,0,53080
Rose Sanchez,27.23856,44.764,1,30546
Sara Smith,33.38787,18.12122,2,33086
Chase Sutton,27.27589,40.52154,3,31819
Ralph Adams,19.84444,7.75731,0,39446
Summer Escobar,38.61429,7.41974,1,27543
Miranda Becker,15.8974,13.49713,2,76257
Michael Malone,24.71641,23.35033,3,40344
Keith Jackson,24.22756,6.27859,0,67371
Kayla Wilson,21.58169,35.1227,1,89205
Michelle Davis,37.09587,34.37981,2,87598
Anthony Phillips,34.13665,45.05522,3,35279
Brian Campbell,42.01122,55.41706,0,49999
John Porter,17.40595,21.46491,1,78140
Jacob Davis,14.50931,7.39525,2,68405
Jodi Myers,44.45261,33.26327,3,12482
Jason Sanchez,38.48525,51.55487,0,41317
Joseph Quinn,15.83109,17.1303,1,82703
Stephen Kidd,6.16604,8.90533,2,71687
Seth Bishop,3.89674,15.77143,3,95980
Ricky Lopez,39.60352,57.08042,0,33903
David Robinson,40.40931,31.98054,1,39920
Stephen Rivas,41.19711,37.37273,2,81170
Jerry Carpenter,31.98613,7.29547,3,75680
Roy Sutton,12.69616,35.08249,0,43116
David Barnett,7.56331,10.75347,1,95111
Gabriela Lynn,33.78402,24.65718,2,83481
Lindsey Smith,23.02575,6.80803,3,37307
Cassandra Kerr,36.38537,36.66985,0,16956
Andrew Bray,6.87633,14.75342,1,33619
Roger Oconnor,41.1255,42.29751,2,91201
Kim Mora,37.16009,28.61594,3,69845
Elizabeth Burnett,25.91145,40.88897,0,34553
Christopher Thompson,25.72086,5.408,1,85678
Robert White,20.65587,1.61472,2,83719
Steven Smith,39.95905,32.40179,3,30189
Ashley Olsen,41.25768,31.09318,0,56836
Taylor Turner,4.69368,12.976,1,77046
Jeff Romero,2.54117,20.95482,2,51764
Jason Martinez,26.22584,18.58715,3,92274
Jonathan Bennett,15.80886,22.418,0,63662
Juan Jones,10.50604,11.86112,1,99843
Kelsey Smith,7.18653,17.98363,2,88192
Cory Richardson,28.46612,7.19574,3,75007
Dana Robertson,36.14792,57.55183,0,54285
Kimberly Wheeler,28.50668,20.97863,1,49836
Jason Glass,40.38931,66.42383,2,92679
Nicole Holmes,38.71787,57.01008,3,71505
Bryce Carson,0.06511,18.50465,0,48010
Jessica Fowler,34.18227,36.62913,1,88191
Dustin Lewis,15.47004,6.6203,2,16593
Samuel Green,7.86023,11.65634,3,81736
Nathaniel Scott,15.41148,5.66348,0,39909
Valerie Boyle,29.68825,39.50014,1,77143
Wendy Huang,17.83587,11.68217,2,96585
Richard Cooper,46.30261,30.94418,3,14532
Donna White,37.6758,56.35527,0,27633
Judy Clarke,12.04951,8.50018,1,38851
Bonnie Pollard,20.96223,8.28919,2,76628
Brandon Hardy,36.48225,27.39638,3,71685
Ashley Keith,20.8643,8.3218,0,99863
Thomas Delacruz,23.35257,19.76912,1,14589
Lori Martin,29.42388,14.48127,2,59390
Rachel Bennett,9.72142,34.88484,3,53373
Andrew Garcia,35.84601,64.80591,0,41168
Timothy Harmon,15.45671,5.72549,1,66391
Heather Aguilar,42.93053,42.65946,2,36236
Kristin Haley,20.84598,21.75679,3,80360
Gregory Jones,21.92209,9.68825,0,21946
Ruth Lester,14.01279,17.05982,1,62642
Michael Sanchez,41.10814,67.18272,2,51565
Thomas Atkins,34.98884,61.21325,3,27290
Deborah Wilson,36.52967,64.5521,0,39469
Rhonda Hartman,38.20646,11.08062,1,45815
Chelsey Gutierrez,39.64218,13.26099,2,13189
Claudia Webb,17.1242,32.22824,3,57462
Joseph Davis,35.61858,9.6139,0,71556
Dawn Lang,38.49322,40.29943,1,65101
Christie Moss,12.12899,28.18253,2,76442
Nicole Cohen,26.93898,17.08732,3,92692
Gabriel Leonard,20.25671,18.50066,0,93667
Patty Armstrong,19.70023,5.49292,1,65644
Kimberly Mclaughlin,38.59331,10.98095,2,42224
Jeremy Williams,35.57756,25.45879,3,71483
Jonathan Rollins,9.39894,27.85707,0,61476
Cameron May,9.53806,28.10241,1,26023
Crystal Anderson,10.54416,21.69488,2,18328
David Williams,29.63267,28.26508,3,63540
Rebecca Montgomery,29.89026,19.96441,0,66728
Christopher Reynolds,14.16212,7.9888,1,33115
Jennifer Ramirez,43.17467,21.00504,2,31500
Colton Jacobs,12.66899,25.17782,3,72030
Mrs. Andrea Moreno,35.18092,30.95645,0,24904
Heather Kent,24.75862,17.53052,1,48201
Keith Vargas,21.10816,5.49997,2,15930
Ryan Graves,2.48973,14.46588,3,43110
Bailey Jordan,18.45032,43.54493,0,77919
Donna Jackson,26.05295,17.7197,1,20325
Amanda King MD,11.20117,34.48698,2,31864
Michael Garcia,36.80499,67.57957,3,29855
Ashley Rocha,35.73458,47.32275,0,72445
Sean Ramos,47.88979,28.33361,1,71770
Bradley Chavez,13.51338,7.41269,2,21559
Tiffany Figueroa,4.36037,21.02463,3,16159
Tony Herrera,29.03174,29.00858,0,88201
Austin Robinson,13.76821,11.9806,1,49078
Robert White,24.85338,20.96445,2,62931
Tina Knight,22.3982,3.28841,3,42459
Meghan Diaz,7.10923,22.37712,0,77307
Michael Olson,40.7717,44.17839,1,87793
Gabriella Johnson,15.71952,14.21992,2,95341
Amanda Brooks,40.19098,40.13717,3,43217
Stacy Lloyd,44.21894,33.12976,0,89749
Angela Vasquez,41.84728,23.35873,1,81036
Wesley Moore,37.25984,8.16033,2,12089
Sara Williams,30.78289,38.74037,3,16441
Dana Haynes,20.10847,20.13655,0,14012
Vanessa Miller,36.16885,63.30279,1,22917
Stephanie Serrano,37.27158,32.32412,2,61337
Catherine Huff,23.80642,3.30057,3,67426
Andrea Watson,40.48248,38.15365,0,66126
Cynthia Bradley DVM,14.03584,32.71253,1,58778
Jennifer Giles,25.11785,2.80659,2,85757
Sarah Gordon DDS,46.4826,29.4359,3,58869
Daniel Knox,7.6879,7.46827,0,92686
Debbie Jackson,38.14646,30.65514,1,10042
Shannon Howell,24.41447,41.65533,2,65711
Morgan Landry,23.77059,34.1785,3,69452
Bradley Blackburn,37.99893,21.80086,0,57351
Laura Nelson,31.96722,30.95465,1,57799
Jenna Cross,34.22771,64.34733,2,30025
Evelyn Rogers,20.29462,34.09088,3,35357
Nina Payne,35.12942,29.08834,0,29684
Jared Harvey,42.53877,55.82312,1,71379
Erica Green,24.89599,16.05347,2,37992
Joan Jones,49.10031,30.06658,3,47108
Justin Davis,16.14829,2.64319,0,63364
Robert Medina,34.08592,38.16165,1,88249
Michelle Clark,8.15346,28.08087,2,36311
Brittany Acevedo DDS,37.38033,11.4011,3,19653
Juan Murray,47.08626,30.9527,0,56509
Mikayla Lee,39.67813,69.24191,1,64168
Alexandra Campbell,36.11151,32.37469,2,35601
Jacqueline Ward,35.54599,37.89643,3,60396
James Marshall,23.02021,16.35934,0,82926
Gina Collins,21.78956,40.49348,1,85082
Cody Anderson,15.70595,24.93679,2,37832
April Bryant,21.94319,43.02465,3,39989
Jeremiah Gutierrez,21.97894,19.04881,0,77029
Kenneth Delgado,33.80596,38.97393,1,55045
Sarah Bautista,45.59566,30.86851,2,86887
Susan Rogers,41.13147,38.8299,3,73930
Joshua Miller,36.51934,34.10473,0,15232
Shawn Rice,19.43848,7.50501,1,25284
Daniel Howard,21.06033,0.36722,2,97616
Cheryl Miller,40.76782,56.47642,3,37721
Albert Roberts,29.11392,27.00256,0,80427
Hannah Morgan,24.41239,21.93861,1,41404
Kevin Rodriguez,30.41657,7.84177,2,74414
Amanda Beltran,6.77166,5.62753,3,23211
Cody Sullivan,3.99328,18.07028,0,84411
Rachel Horton,11.36369,34.01806,1,82797
James Nunez,33.09678,12.99323,2,89112
Mr. Jason Ramirez,26.73696,37.09432,3,68844
Emily Spencer,29.77951,9.72908,0,88826
Patrick Jones,29.6351,8.32236,1,46858
Jimmy Cowan,20.63538,16.3741,2,34621
Anthony Norris,8.13443,18.37232,3,78438
Carlos Velazquez,22.56614,45.03639,0,57641
Karen Velasquez,39.49866,61.38446,1,28075
Kenneth Allen,7.33368,19.47127,2,54450
Sara Turner,34.14892,59.62783,3,60982
Douglas Sims,28.80806,17.62574,0,57847
Derrick Hunt,15.11502,29.46872,1,11810
Matthew Trujillo,20.45619,29.35386,2,35589
Justin Strong MD,8.05875,20.874,3,71743
Stephanie Palmer,35.77104,37.68096,0,69645
Leslie Moreno,23.99492,34.62229,1,10932
Wendy Tran,16.80235,1.99424,2,66624
Erin Wright,28.24346,24.88173,3,33558
Curtis Anthony,45.76377,30.13882,0,75754
Danielle Miller,25.66099,20.81208,1,52908
Tyler Welch,45.92871,22.27173,2,36612
Aaron Russo,21.33072,6.79385,3,55669
Mr. Thomas Davis DDS,36.17101,66.3885,0,32455
Samantha Reyes,32.94897,10.6775,1,50809
Rachel Vasquez,36.2744,58.81634,2,62840
Margaret Sullivan,8.63212,8.16718,3,11684
Jacob Mcclure,7.50645,7.38253,0,58508
Christopher Tapia,17.56491,32.94029,1,47610
Melvin Lopez,29.82739,36.95228,2,88781
Valerie Barnett,31.70338,35.72746,3,44582
Mary Richards,33.07781,37.10772,0,98268
Dr. Michele Wallace,35.39664,39.20268,1,54352
Autumn Walker,15.2614,21.82318,2,59830
Ashley Melton,38.33965,48.46829,3,98105
Jonathan Johnson,37.95137,56.48787,0,71776
Daniel Smith,24.21065,33.46174,1,37027
Melanie Jones,10.40092,11.06646,2,56866
Gregory Valentine,46.53349,34.68402,3,14241
Stuart Anderson,34.9601,49.28184,0,38592
Mary Harris,4.14442,14.92386,1,30992
Timothy Whitaker,40.32144,41.85101,2,62911
Bonnie Brown,25.36067,3.04054,3,69558
Katelyn Baker,41.73475,39.04076,0,23994
Kristin Lopez,24.03973,18.80205,1,85661
Amanda King,23.98283,24.33329,2,40181
Francisco Bates,39.17471,11.41238,3,42349
Kelli Mueller,23.33155,9.11645,0,48953
Larry Mcdonald,14.53765,38.52525,1,55070
Melissa Christensen MD,18.25303,43.71253,2,17256
Nicholas Coleman,35.75045,43.91484,3,31837
Mark Jenkins,27.89591,33.42808,0,47215
Rhonda Ruiz,16.77905,42.89237,1,65038
Sarah Lewis,22.17576,7.3675,2,71340
Richard White,18.44703,3.30298,3,50865
Christopher Mcdonald,23.73321,25.92603,0,11873
Jacqueline Paul,27.08085,29.99823,1,37821
Bryce Ellis,11.73724,28.52972,2,78104
Gregory Ortiz,47.43792,26.79122,3,21180
Joshua Burton,7.32986,10.60928,0,36621
Jennifer Jones,39.18098,24.16327,1,59613
Katherine Perez,20.09537,40.46416,2,59421
Mario Collins,14.00464,24.53131,3,55852
Nicole White,26.42588,4.1856,0,86582
Tanya Obrien,5.93504,22.36585,1,17384
Patrick Thompson,30.6435,16.03778,2,76307
Alison Mccormick,40.07568,11.10562,3,45463
Madison Carrillo,43.22553,60.4435,0,12191
Lori Peterson,29.62356,16.84905,1,98566
Katherine Schultz,38.26053,44.71176,2,21964
Terry Morgan,38.96467,65.14494,3,59779
Nicholas Jones,11.6052,6.50052,0,99016
Susan Bender,21.36304,16.11492,1,30378
James Daniel,43.21815,43.04842,2,73055
Curtis Dean,13.42502,31.74999,3,84239
Regina Perkins,44.73077,21.13683,0,83045
Linda Santana,7.26688,17.99336,1,65566
William Henderson,36.33869,23.27785,2,31433
Nicole Hopkins,18.76866,5.31032,3,61312
Donna Carpenter,17.97327,2.34461,0,37829
Carl Hamilton,11.59291,23.91984,1,64358
Julia Graham,16.85394,27.05911,2,50900
Nathaniel Jones,28.02173,35.67167,3,70098
Ryan Clark,10.01456,27.12,0,22756
Stephanie Richard,49.31052,25.05011,1,74639
Joseph Jones,17.1887,15.42089,2,20901
Chase Lee,42.07395,41.81327,3,29693
Cindy Ray,19.14564,27.58095,0,56187
Richard Pierce,34.84245,32.15544,1,63657
Leslie Mercer,28.10423,10.75824,2,63459
Alexander Thomas,14.45527,6.48088,3,70776
Taylor Petty,30.04284,35.47079,0,84298
Jason Henry,23.27687,21.34714,1,35491
Jessica Jones,42.11076,58.41195,2,11173
Nicholas Armstrong,34.25139,31.01711,3,37173
Jeremiah Rush,28.10039,19.03726,0,26341
Jessica Herman,42.61065,20.82723,1,33506
Ricky Wells,20.84618,23.19652,2,87866
Terri Beasley,27.27996,43.8201,3,81895
Michael Lewis,20.86216,17.38562,0,35411
Peter Pratt,26.05517,6.2508,1,42028
Joseph Morris,34.00784,27.28525,2,48014
Laura Woods,41.23617,42.38431,3,19125
Alexa Sims,27.47154,40.27891,0,29236
Scott Hampton,5.9752,20.90759,1,58617
Jodi Boyd,36.23187,45.12089,2,52105
Thomas Johnson,16.26847,5.70708,3,15060
Walter Carter,38.01044,47.25798,0,89051
Jeremiah Fritz,13.37888,22.03524,1,19935
Dawn Perez,26.47615,24.35144,2,15597
Jesse Gutierrez MD,21.10024,5.60321,3,53222
Charles Fisher,42.08119,44.48986,0,76018
Rebecca Levy,4.57941,16.39943,1,66063
Dana Morgan MD,23.14493,0.50616,2,51418
Jessica Hull,35.62918,60.31597,3,68816
Kevin Rogers,43.48517,30.72386,0,96621
Tara Gonzales,34.81764,45.69597,1,65747
Jeremy Butler,14.28266,25.84048,2,27694
Darren Fox,22.28299,43.58887,3,58263
Allison Collier,20.13505,10.74886,0,65494
Stephen Sexton,40.40607,68.41857,1,34895
Holly Bender,36.6959,39.87287,2,48378
Katie Allen,9.2568,18.63233,3,60645
Douglas Hines,22.39203,46.92888,0,80293
Roger Frank,35.65937,44.80856,1,71378
Robin Baker,41.81013,39.98848,2,98207
Michelle Gentry,22.8506,0.16493,3,66178
Todd Stout,42.94987,56.8966,0,80503
Ryan Marquez,37.38287,59.83275,1,76351
Gregory Garcia,9.33076,6.43684,2,38628
Kristin Bishop,27.27342,13.39286,3,65656
Dominic Frazier,40.1416,26.75268,0,99568
Christopher Cook,10.73119,15.88677,1,86540
Kelly Marquez,34.02082,37.21321,2,20980
Mitchell Haynes,30.91557,13.41068,3,44330
John Bradshaw,38.42854,61.481,0,15365
Mikayla Fields,26.22227,12.18008,1,64586
Melissa White,16.71509,8.6925,2,12577
Cathy Pineda,22.97595,20.30298,3,68140
Marcus Bradley,25.78359,35.63233,0,63796
Angel Bowman,29.32455,16.72308,1,33165
Lance Francis,38.41914,30.64945,2,88318
Nancy Nguyen,46.68027,29.2938,3,45206
Dr. Stephanie Mills,31.2369,19.52337,0,69988
Chloe Silva,10.6174,8.16109,1,91678
Ryan Davis,18.51644,6.40187,2,98335
Jeremy Proctor,30.86088,19.09644,3,74176
Shelby Collins,20.79877,16.23567,0,63707
Warren Smith,32.80596,18.07126,1,61270
Mark Johnson,13.6063,28.73758,2,87466
Christopher Fuller,36.69017,53.92979,3,46599
Brian Warner,19.78523,35.7734,0,95717
Melissa Arroyo,28.56813,44.04948,1,29869
Ashley Glover,18.20916,32.64109,2,54421
Pamela Burke,16.18993,24.88927,3,25305
Julie Hanson,33.8957,35.43309,0,98587
April Taylor,24.29526,39.43785,1,83607
Nathaniel Meyer,34.88811,56.79154,2,77965
William Davis,34.51591,12.68882,3,81624
Cindy Kline,24.8088,27.67193,0,68203
Rebecca Hinton,43.07575,36.52257,1,19644
Danielle Winters,34.97473,38.98005,2,51362
Kyle Morris,42.18463,44.30872,3,83043
Bobby Mitchell,15.11475,16.18207,0,27816
Jodi Boone,34.63146,20.02661,1,16539
Danielle Lewis,27.92128,18.25534,2,40391
Christopher Ray,20.56027,8.28031,3,36534
Amanda Watts,23.94904,41.78155,0,51136
Joseph Ward,29.08923,37.8673,1,12054
Melissa Miller,6.19906,12.78357,2,34640
Veronica Davila,27.10727,27.23414,3,65106
Tina Leach,4.27795,18.71038,0,71022
Lisa Barnes,38.57264,30.14277,1,68709
Emily Russell,23.32907,5.03386,2,62315
Ryan Schmidt,25.64916,7.05983,3,23611
Lauren Ray,35.29381,61.00177,0,26966
Eric Jones,21.26576,26.6022,1,52962
Danny Curry,43.2024,59.68338,2,42646
Mr. Shawn Banks MD,26.82672,36.82202,3,89320
Benjamin Fields,5.7228,19.50164,0,56245
James Gonzalez,25.14471,40.37286,1,61757
Laura Rogers,37.5221,59.7289,2,62451
Stacy Hodge,37.207,43.02293,3,83286
Patricia Moore,29.4032,21.38793,0,61787
Bryan Johnson,12.89912,11.52936,1,38009
Laura Perez,11.54848,17.68601,2,16399
Brian Wagner,38.8135,58.35711,3,70358
Kelly Vega,37.37421,58.05421,0,50306
Stacey Taylor,40.07701,34.46348,1,87984
Sydney Mendez,22.87211,0.90982,2,81294
Laura Ballard,25.72273,7.67323,3,73409
Jerome Oneill,40.89708,26.4986,0,63579
Carolyn Calhoun,8.62682,29.1706,1,95423
Johnny Lopez,27.90097,16.52464,2,19771
Robert Sanchez,14.27073,35.40534,3,71309
Heidi Davis DVM,33.04489,33.10362,0,77533
Rachel Kim,22.0774,21.15779,1,20508
Joyce Spencer,38.12782,34.72584,2,56357
Barbara Spencer,13.93062,17.14609,3,61795
Dan Martinez,41.35482,66.62243,0,84699
Kyle Wright,20.4677,38.74375,1,91181
Chad Crawford,29.67009,13.28522,2,42993
Sophia Robles,6.2757,12.50824,3,79921
Christine Anthony,38.55722,9.03693,0,47389
Bailey Mendoza,32.39169,12.40023,1,15216
Eric Cooper,8.00422,17.63701,2,88411
Marvin Pollard,39.57517,59.27677,3,63942
Brittany Stevens,18.74946,21.75706,0,20650
Jeremy Smith,11.16764,6.02512,1,16930
Danielle Price,26.26888,2.78424,2,74059
Jennifer Martin,24.66636,7.79097,3,75408
Kimberly Frank,20.4841,26.00215,0,89937
Timothy Payne,20.68384,32.04393,1,48259
Tammy Guzman,24.24059,10.00144,2,78615
Rebecca Crawford,36.13303,51.86914,3,86790
Bradley Joyce,31.9416,16.27912,0,28033
Jennifer Miller,35.79611,55.50805,1,21815
James Cook,11.10476,18.94343,2,17031
Anthony Collins,34.32938,27.62744,3,78335
Mark Wilson,19.79206,39.57211,0,56081
Sara Hall,36.35861,64.92632,1,33705
Susan Baker,46.17547,31.74493,2,95070
Sandra Carter,15.87532,15.1122,3,17630
Edward Snyder,36.75207,38.10521,0,17826
Lindsey Medina,4.80963,12.92788,1,12951
Katie Monroe,18.14081,25.01733,2,30222
David Walker,17.58159,18.14165,3,61321
Katherine Petty,25.66968,1.63739,0,78296
Dale Jennings,37.17525,69.33361,1,27613
Joshua Richmond,38.80822,28.90573,2,53505
Gregory Randolph,34.24596,25.76828,3,92765
Courtney Williams,24.21299,22.19686,0,48505
Jeffrey Morales,14.32695,29.47805,1,82830
Suzanne Price,6.66164,15.59066,2,59001
Patricia Smith,35.83825,8.48745,3,62291
David Chambers,24.66156,22.58011,0,53322
Patricia Martinez,17.17873,0.13277,1,90089
Katherine Myers,14.66358,13.52455,2,16615
Kimberly Ford,37.92328,29.37559,3,25104
Jason Ochoa,37.87605,8.88398,0,33889
John Adkins,44.5488,24.04538,1,50727
Valerie Johnson,22.00949,44.69825,2,26881
Clinton Bennett,9.91868,35.62314,3,33990
Terry Perry,39.59219,33.6155,0,14879
Joe Kelley,30.45479,30.73559,1,12578
Angelica Morris,26.22828,43.07362,2,14427
James Schwartz,40.31262,38.91383,3,40925
Lisa Kemp,40.01896,36.94623,0,71161
Sarah Donaldson,49.37546,29.82363,1,51896
Katherine Bell,15.77464,6.99943,2,52526
Ronald Conley,19.07501,19.34298,3,89867
Crystal Lucero,25.3745,24.92888,0,10862
Deanna Smith,35.72379,12.46454,1,85079
David Miller,30.47605,34.73457,2,77923
Laura Fritz,35.68744,33.67242,3,72895
Michael Blake,7.45114,16.20275,0,23116
Dalton Patrick,38.27857,57.81031,1,58170
Joanne Wilkinson,37.43137,60.35461,2,61427
Sherry Mccall,28.8718,14.15934,3,55209
Justin Hanna,21.44691,33.58944,0,67710
Zachary Mendez,41.70501,61.32362,1,59669
Melinda Miller,9.89363,23.64282,2,75395
David Simmons,34.44052,33.6546,3,65660
Theresa Baker,38.23363,52.83081,0,30229
Jennifer Williams,38.82259,60.19821,1,89333
Joanna Golden,12.2709,22.72785,2,95400
Luke Knight,37.89649,57.44113,3,87592
Angela Taylor,31.13341,35.0784,0,89797
Stephen Mejia,33.88724,44.84671,1,63437
Nicholas Cooper,11.66078,31.88142,2,29880
Shaun Fisher,29.40183,36.94537,3,48139
Michael Baxter,34.32963,40.50805,0,18010
Brian Bowman,37.53674,21.0193,1,62048
Timothy Gilmore,49.15712,28.90342,2,88037
Kelsey Garza,27.32543,20.77488,3,17733
Donna Morse,38.00693,54.50217,0,77722
Max Carter,24.21809,34.54685,1,18670
Dr. David Obrien,44.28425,28.82948,2,25239
Mark Hughes,27.93493,42.49927,3,12892
Sharon Shelton,30.07444,14.54757,0,16307
Steven Gates,33.98251,45.45215,1,79746
Michelle Ramirez,40.70284,29.07687,2,90476
Colton Mcbride,7.226,20.74969,3,78355
Kathryn Smith,49.62716,29.6333,0,60014
Steven Moore,25.15032,3.35144,1,80107
Julian Snyder,41.39347,62.00516,2,88314
David Robinson,24.69445,43.28829,3,12192
Charles Freeman,9.7617,33.55543,0,83817
Kristen Williamson,25.60557,8.74549,1,56151
Taylor Erickson,3.30478,22.18925,2,15582
Jessica Schultz,19.54484,45.76891,3,44889
Matthew Patton,43.69897,21.71946,0,31875
Olivia Blackburn MD,32.66944,66.05342,1,29345
Jennifer Price,36.45461,45.33885,2,61704
Andrea Robertson,28.01355,40.59567,3,30761
Jacob Gomez,34.94752,37.19471,0,55709
Marie Ellis,19.96018,1.6593,1,41002
Matthew Mendez,37.56718,55.4582,2,65937
Marco Richard,25.73214,39.11022,3,15066
Kim Villarreal,16.03444,3.64827,0,91489
Brandon Salinas,44.74063,35.99854,1,99525
Andrew Lopez,2.32781,13.5508,2,65724
Jill Conner,30.52019,11.9109,3,73394
Theodore Thomas,44.27387,21.09165,0,32566
Robin King,21.14026,26.21932,1,91837
Ronald Johnson,36.15758,23.6086,2,99368
Edwin Mathews,16.02054,36.34297,3,45690
Samantha Thomas,41.53391,28.78587,0,89877
Jeffrey Andersen,12.9638,13.4782,1,91927
Terri Robinson,22.98551,30.3659,2,25766
Cynthia Gray,38.98908,38.50619,3,98372
Jeremy Joyce,15.19609,38.42811,0,13252
Laura Carson,23.7608,40.11568,1,81594
Lisa Harris,39.15223,40.61709,2,43812
Joseph Sanchez,27.00106,29.81991,3,20532
Brandon King,36.5509,12.19314,0,70450
Tina Duncan,34.86816,60.55024,1,81880
Wanda Oneill,12.30758,14.69054,2,95938
Nicole Harrison,18.26371,42.01616,3,42888
Mary Nelson,40.58523,24.72005,0,41100
James Austin,11.81252,15.23377,1,30690
Michael Bradley,34.62335,12.55955,2,94869
Sheri Orozco,31.33165,32.37835,3,44086
Cathy Powell,36.79876,27.1141,0,61859
Roger Sweeney,38.43918,63.55697,1,15873
Jacob Duffy,9.26498,28.96576,2,37736
Mrs. Sara Hoover,34.85338,57.08936,3,86208
Paul Hines,24.45489,25.84191,0,45454
Joshua Wilson,22.06282,46.00845,1,37789
Jason Ross,26.31736,9.99469,2,98275
John Ruiz,36.90082,64.17171,3,46012
Melissa Turner,10.80099,22.57226,0,24883
Kristen Simmons,21.83387,13.99297,1,16899
Tammy Elliott,8.52029,14.49543,2,79636
Eric Allen,20.58658,14.64448,3,64037
Johnathan Estrada,23.65829,38.25261,0,49792
Jessica Crawford,34.53121,12.88648,1,27111
Derek Moody,8.26821,19.30617,2,82298
Jeremy Wilson,18.30944,20.61665,3,28125
Jennifer Perry,28.24485,27.30286,0,62359
Charles Sanders,45.99737,23.7528,1,30032
Patty Barnett,20.06959,23.21384,2,31435
Phyllis Andrews,22.24153,6.1807,3,10276
James Campbell,30.5961,20.75222,0,37422
Brett Roberts,18.66112,0.36223,1,87951
Margaret Bowman,29.85669,12.39434,2,77362
Angela Smith,11.84438,27.20458,3,51652
James Anderson,26.1185,17.40676,0,97628
Emily Murray,14.38086,35.33879,1,37751
Sarah Miller,42.50297,28.70379,2,25750
Alfred Perez,49.13112,26.42763,3,89012
Lauren Walker,47.27503,27.09474,0,47062
Sandra Coleman,20.26208,40.2103,1,66409
Ashley Fuller,6.83904,5.13592,2,26126
Jill Thompson,7.1269,12.72253,3,97139
Jillian White,32.87905,12.76421,0,40736
Christine Morgan,15.41357,19.82851,1,94977
Cindy Frazier,31.03966,10.40384,2,38180
Zachary Harrison,40.79793,32.4207,3,83302
Danielle Delacruz,37.32018,21.57081,0,29611
Cheryl Yates,14.08023,28.55633,1,74766
Rhonda Erickson,26.37756,9.76483,2,64497
Adam Chen,38.37898,67.12146,3,62833
Mark Owen,5.7806,17.14133,0,98834
Robin Henry,23.75573,45.76419,1,35934
Mark Parker,35.82944,26.69852,2,16268
Jessica Miller,22.96819,21.94768,3,65665
Diana Dyer,15.5536,36.49576,0,91735
Margaret Miller,12.45846,30.37993,1,20115
Douglas Williams,24.81289,32.35631,2,93059
Matthew Sanchez,34.7124,47.87876,3,23787
Danielle Foster,34.35763,7.94252,0,38819
Heather Patel,39.06948,29.01875,1,87959
Janice Lopez,11.34267,27.05098,2,27947
Renee Patton,10.67055,35.92746,3,35932
Steven Santana,41.96341,25.14035,0,22040
Alan Martinez,17.03518,7.78775,1,80272
Danny Foster,39.27909,34.83372,2,34558
Jill Davis,34.89619,39.03927,3,14649
Maria Coffey,37.83131,44.90499,0,31270
Aaron Gallegos,23.28731,13.92778,1,50644
Philip Spencer,5.69085,20.77192,2,65184
Elijah Gibson,19.58125,7.46432,3,92852
Phillip Barker,32.79159,26.01938,0,74231
Gabriel Washington,29.30883,15.39801,1,52545
Edwin Pierce,35.90644,48.90161,2,42427
Jennifer Johnson,21.59512,41.55012,3,67757
David Rogers,40.28985,34.84625,0,81721
Danielle Hooper,22.92503,40.5169,1,61942
Brandon Ortega,42.71241,30.44079,2,67122
Christine Ward,36.83519,63.84346,3,71100
Lacey Brown,8.36078,8.97364,0,75712
Amanda Cole,42.9522,40.39095,1,61874
Erin Crawford,11.10587,11.05856,2,11884
Anthony Castillo,33.83402,22.03421,3,96629
Penny Mcknight DDS,10.85264,24.35472,0,90967
Laura Montgomery,30.57369,29.63751,1,30803
Sara Young,38.84636,11.06221,2,98067
Martha Roberts,24.97548,33.90791,3,85492
Heather Lee,34.45665,12.05091,0,51935
Bryan Navarro,35.56349,42.41576,1,78883
April Jones,11.4153,19.48641,2,58536
Michael Hill,30.00783,37.60818,3,96458
Dawn Becker,33.60211,11.79668,0,26888
Samantha Clark,33.89228,13.25662,1,56559
Tim Hernandez,15.0028,39.36439,2,34419
Edward Reynolds,40.31952,59.24666,3,36493
Joseph Johnson,22.55467,17.74589,0,91741
Nicole Benjamin,32.72181,65.25479,1,83212
James Edwards,20.63469,45.33903,2,44277
Megan Patel,17.28741,18.02819,3,44517
Julia Willis,13.13252,16.89701,0,65078
Kevin Chandler,44.90241,27.0994,1,69063
John Johnson,26.8451,5.48524,2,59867
Michael Bowman,30.74552,39.1396,3,65686
Barbara Bautista,21.15361,34.25136,0,47443
Jeffrey Huang,45.11925,24.32549,1,81362
Melissa Jordan,21.92875,9.02323,2,56961
Renee Smith,17.84853,31.91063,3,71342
Nicolas Mitchell,37.86627,40.2928,0,29844
Shannon Terry,40.40735,23.16346,1,93584
Sydney Hicks,25.22643,3.62998,2,12123
Marie Ho,41.80257,26.52003,3,28147
Janet Greer,28.86128,37.52721,0,26591
Jason King,4.52201,7.19506,1,99325
Brian Murphy,38.1382,29.90391,2,86431
Gregory Graham,36.52924,69.53169,3,21196
Lindsey Merritt,41.04231,26.78514,0,43899
Thomas Kim,1.75866,14.41724,1,52542
Brian Wagner,33.44162,35.96935,2,86554
Roy Knight,13.48642,22.36117,3,33489
Jamie Frazier,17.77441,13.618,0,12512
William Blanchard,31.0557,35.9533,1,84673
Brian Hernandez,13.65366,35.74287,2,10296
Steven Weeks,27.3755,21.29066,3,93712
Valerie Herring,19.95918,18.79339,0,28495
Todd Douglas,39.93475,64.20449,1,87700
Samantha Vazquez,19.12028,20.78625,2,75390
Brian Wise,42.88771,43.37755,3,34385
Cynthia Burton,37.91122,59.3175,0,69532
Carl Torres,21.87081,22.40684,1,86241
Robert Miller,17.18432,40.87051,2,57707
Eric Khan,40.69083,34.64187,3,74656
Eileen Walker,24.99737,6.95257,0,69817
Carol Jackson MD,18.3912,33.91813,1,34077
Russell Nelson,21.11909,19.0475,2,61494
Tracy Fowler,37.61851,51.95754,3,35136
Jessica Singleton,31.04706,24.22327,0,46002
Robin Sutton,22.34159,13.46189,1,24720
Jermaine Bell,35.69585,7.24644,2,85096
Sarah Mcbride,22.73267,32.45001,3,11666
Jake Martin,26.26622,21.82663,0,45397
Paul Cabrera,17.81534,17.93161,1,53796
David Mills,29.59743,12.59864,2,68192
Adam Chen,21.33126,25.00921,3,73391
Derek Clay,12.58795,34.38842,0,70981
Kimberly Gray,24.54373,45.06931,1,23242
Melanie Brewer,13.07439,14.72455,2,37037
Michael Hartman,46.62606,34.95198,3,45262
Anne Luna,27.4601,16.51906,0,57656
William Wang,34.96417,26.68787,1,72362
Deborah Clay,47.15839,25.81716,2,10237
Joseph Cabrera,31.28147,12.48096,3,87948
Steven Thomas,42.59597,38.03052,0,87301
Sharon Simmons,29.46181,17.52897,1,16922
Paula Manning,6.62636,10.53414,2,66812
Tammy Evans,27.40531,29.27276,3,72111
Lauren Barnes,37.15243,31.16536,0,34905
Elizabeth Chavez,23.82976,3.74303,1,18958
Joseph White,14.63583,22.35385,2,42859
Tyler Nguyen,25.49867,21.59179,3,80674
Anthony Tran,37.11547,37.50265,0,81380
Kathy Juarez,32.22802,24.14802,1,81220
Sabrina Chen,15.6865,4.20352,2,81890
Diane Park,40.40759,58.03204,3,67442
Kelly Schaefer,40.02046,32.23339,0,96605
Tracy Beck,13.31209,6.39966,1,79759
Patricia Nielsen,35.754,8.76719,2,35355
Randy Hansen,21.6111,2.78112,3,30631
Kyle Chang,16.42061,25.69831,0,65873
Leslie Farmer,19.31009,18.60018,1,23716
Jose Flores,38.60423,54.07105,2,43134
Deborah Green,21.14938,36.78369,3,64649
Timothy Singleton,14.55187,29.87464,0,62628
Jesse Mahoney,20.37478,29.23748,1,93520
Matthew Woodard,36.05148,54.00477,2,79949
Veronica Parrish,41.11327,22.81264,3,92023
Maria Mccoy,36.46858,23.79707,0,14050
Christopher Bradley,16.36932,3.89702,1,43914
Mrs. Kathy Dorsey,29.1604,35.0704,2,84780
Steve Glass,24.00101,29.09302,3,95621
Jerry Martinez,38.21769,57.37337,0,38506
Jake Rivera,21.87311,46.23283,1,94349
Dr. Kelly Patterson MD,12.9238,35.78189,2,67270
Seth Meyer,14.82431,5.75419,3,88051
Colleen Burton,33.49023,42.66811,0,82064
Susan Warner,24.77739,19.00466,1,61660
Jose Adams,17.92117,40.00349,2,21389
Douglas Morales,45.32753,25.50849,3,49758
Mrs. Melissa James,15.72043,23.66154,0,55861
Kari Lambert,17.5298,10.75804,1,63877
Stephanie Walters,32.85964,34.40006,2,50395
David Carter,18.13355,7.25592,3,30684
Mark Hood,19.06848,28.28306,0,18752
Matthew Green,27.89026,37.80876,1,89492
Matthew Castro,36.66155,26.79918,2,15563
Abigail Garcia,37.68409,46.8182,3,40751
Cody Hernandez,16.3618,32.86973,0,36723
William Flowers,40.1649,46.35535,1,59015
Heather May,27.11123,13.29095,2,97943
Jennifer Hanson,4.82984,19.8213,3,18781
Tammy Miller DDS,39.93518,32.0377,0,70978
Thomas Haley,38.64598,29.60022,1,33030
Robert Wagner,13.95,19.29948,2,70453
Joshua Richardson,34.21564,23.85872,3,81171
Amy Flores,20.44263,43.26818,0,81112
Adam Fuller,35.0701,52.49538,1,21239
Mark Young,42.95869,27.37648,2,29937
David Morris,14.73337,19.50259,3,64153
Heather Brown,23.54955,14.06308,0,19693
Valerie Williams,24.78809,17.44289,1,95410
Eddie Franklin,14.66866,18.61554,2,61782
James Valencia,20.30879,22.98063,3,12955
Kayla Bishop,19.63411,22.9274,0,44998
Carol Reid,42.69894,32.24161,1,27861
Mackenzie Miller,20.29368,4.13308,2,49712
Jerry Matthews,35.06791,42.11058,3,75966
Jessica Stewart,34.47964,54.131,0,88482
Heather Smith,15.30805,39.82086,1,61275
Tony Santos,34.02527,55.82038,2,70252
Amy Marsh,36.29481,43.76994,3,97631
James Wilson,8.87746,10.75542,0,90746
Christopher Hernandez,9.81573,12.57695,1,29033
Carrie Garcia,44.38144,25.7213,2,71183
Frances Cruz,44.68014,24.33348,3,79150
David Turner,34.95069,22.42398,0,93816
Bonnie Rodriguez,32.35871,29.91242,1,72403
Keith Gibson,17.20104,44.38404,2,64734
Michelle Gonzalez,27.93023,43.87407,3,61020
Kim Rios,14.78746,32.41919,0,58823
Sheila Morales,4.117,21.12962,1,32364
Brittany Gould MD,19.29576,14.93082,2,76618
Kathryn Holland,36.16829,5.3119,3,76452
Heather Hanson,38.23751,59.98235,0,15065
Gloria Herrera,12.50217,8.31967,1,40737
Joshua Henry,33.35631,64.27601,2,39948
Madison Thomas,32.75311,67.42693,3,82182
Julia Nguyen,16.22677,18.54906,0,78728
Lisa Pratt,13.55032,32.71087,1,11241
Jessica Edwards,36.61773,69.96741,2,62872
Billy Perez,22.20566,26.95906,3,22297
Mark Perry,44.96508,30.4444,0,84887
Brian Hopkins,29.52594,15.76184,1,63228
Chad Davis DDS,39.7311,57.971,2,86823
Mark Simpson,35.9031,54.78091,3,53580
Jacqueline Winters,15.40444,37.29736,0,12579
Shannon Sampson,17.11745,30.05383,1,87349
Amanda Norris,38.92192,43.44876,2,13913
Jacqueline Hampton,39.4848,45.0187,3,68286
Robert Miller,19.27844,47.08194,0,90129
Nancy Mendez,35.95807,51.70098,1,30075
Gwendolyn King,16.38207,0.60704,2,88852
Gary Taylor,4.66356,13.48131,3,25955
Destiny Roach,17.71255,12.70522,0,37520
Jennifer Riddle,35.47455,9.89806,1,18939
Maria Adams,43.36546,25.78915,2,78829
Bonnie Hooper,21.96462,15.64918,3,32421
Andrew Lopez,18.50381,12.32382,0,55632
Willie Smith,44.93966,29.20495,1,34596
Jenna Huynh,27.93738,10.58345,2,86759
Samantha Preston,41.64053,59.92395,3,79629
Earl Kirby,32.8588,28.03216,0,82260
Miss Sarah Mathis,11.28379,5.95777,1,92784
Paul Reeves,36.75111,40.89609,2,50276
Kenneth Wade,10.82041,20.30837,3,40146
Katherine Berry,36.22946,35.26847,0,48676
Tiffany Burnett,16.34015,7.15442,1,30729
Victor Thomas,25.51554,16.64472,2,21840
David Ross,35.32895,59.05457,3,54816
Richard Frye,8.59823,16.80781,0,23908
Steven Little,23.51144,10.43259,1,92404
Michelle Hess,32.52191,41.62753,2,12480
Rachel Sanders,36.5851,45.12244,3,30634
Taylor Rocha,40.94613,30.57198,0,46885
Anita Lewis,47.39964,23.0122,1,43185
David Collins,30.798,35.69955,2,47612
Jacob Reyes,45.29711,34.63901,3,40023
Robert Gutierrez,33.49084,41.40844,0,82595
Robert Faulkner,24.65247,29.82795,1,49407
Dorothy Peterson,3.31296,13.84561,2,75668
Steven Taylor,15.51905,29.59537,3,51229
Steven Velasquez,8.59811,11.81649,0,95415
Sarah Hunter,36.08543,41.8835,1,96383
Kelsey Marshall,10.70952,30.45325,2,10080
Isaac Andrade,40.26491,69.88199,3,70771
Jennifer Hess,38.53612,34.69955,0,19274
Dr. Stephen Lyons,36.96276,69.80918,1,80696
Michelle Foster,41.83843,44.1228,2,66585
Barbara Morales,15.59394,34.85623,3,90406
William Long,4.31052,20.42692,0,29239
Jason Hale,33.23961,22.06918,1,56072
Cody Barnes,35.61424,58.34577,2,16826
Casey Ford,27.6901,32.57005,3,73344
Thomas Butler,48.03951,23.0899,0,80050
William Swanson,38.11313,66.14724,1,20574
Maureen Lawson,23.34799,28.20795,2,37549
Sandra Serrano,11.95014,26.23018,3,84872
Katherine Arnold,30.0883,39.74968,0,71466
Joshua Johnson,25.71876,40.62099,1,61788
Stacey Robles,21.86878,0.30261,2,90437
Heidi Pollard,8.93019,7.05262,3,69720
April Adams,11.39617,15.73254,0,27794
Samantha Larsen,22.18366,8.53997,1,88729
Adriana Davis,33.2456,28.0326,2,19323
John Rogers,48.12867,23.53486,3,40066
Jennifer Phillips,38.19566,69.03708,0,61474
Beth Davis,42.2262,56.07269,1,21244
Pamela Carter,32.53118,21.72929,2,69375
Edgar Gentry,24.06298,44.29939,3,12501
Jerry Martinez,30.07007,10.38726,0,71936
Mary Salazar,43.48613,34.08117,1,23613
Christopher Solis,37.827,48.74576,2,95002
Roger Cannon,38.36101,52.40059,3,23654
Meghan Walker,25.13917,41.98828,0,41594
Stacy Arias,35.91065,39.63806,1,45708
Wanda Paul,32.27596,63.41534,2,90809
Andrew Jones,24.33122,12.27562,3,10917
Yolanda Mcdonald,48.13646,30.01691,0,56543
Brian Johnson,34.83841,57.19924,1,56621
Richard Lewis,41.45469,62.82166,2,62602
Vanessa Ayala,29.39843,18.12296,3,27366
Stacy Evans,23.01415,34.49007,0,87350
Amy Mendoza,16.18769,8.77678,1,39689
Miss Kimberly Davis,29.73163,20.38663,2,11653
Emily Wall,28.77913,24.91746,3,27545
Martin Guzman,23.72088,15.31133,0,56613
Tiffany Davila,6.95044,8.61531,1,68640
Justin House,16.16898,4.86171,2,73259
Kathryn Fischer,40.92088,32.2404,3,38591
Hannah Peterson,7.79597,19.13313,0,19342
Jeffrey Hudson,40.10207,26.20263,1,49009
Nicole Griffin,23.26415,7.27465,2,46690
Debbie Cameron,18.52589,18.15949,3,65109
Theresa Smith,17.17336,0.10324,0,43262
Gregory Beasley,11.35644,33.64447,1,13458
Kristin Fox,15.61848,31.85522,2,47160
Julie Roman,18.71203,37.30803,3,12943
Shelly Dickerson,39.85268,44.86793,0,23715
Russell Clark,18.50314,19.55839,1,94816
Heather Welch,7.31865,13.48434,2,78092
Andrea Sullivan,28.98381,20.42867,3,53678
Robert Cooper,7.05446,22.01331,0,94486
Melanie Sosa,22.1386,5.91525,1,44412
Jennifer Gutierrez,25.73191,7.52802,2,47536
Jacob Jones,36.58671,33.84137,3,85394
Samantha Brown,23.91844,9.19223,0,58726
Deborah Compton,34.24363,20.96715,1,52411
Kristen Henry,40.2381,30.4809,2,74077
Felicia Gonzalez,40.31261,59.29077,3,45592
Miguel Rojas,18.80719,39.44335,0,75796
Julian Gutierrez,18.68018,20.25907,1,99477
Trevor Galloway,8.05777,20.88179,2,91901
Travis Dominguez,28.8055,39.35564,3,10069
Tom Hernandez,19.59582,25.71253,0,28412
Crystal Cortez,38.15396,39.1374,1,44921
Shane Gates,9.84393,26.026,2,59818
Stephanie Dunn,9.94088,22.82392,3,18041
Philip Singh,6.08373,8.7114,0,66562
Jessica Moss,16.10474,25.85163,1,30916
Michael Mercer,7.1696,16.54341,2,59860
James Ward,44.57658,20.41028,3,84572
Rickey Johnson,26.82805,38.38829,0,19936
Theresa Castillo,21.9066,23.70091,1,50671
Hannah Waters,34.2225,29.43484,2,64968
Robert Mccann,24.34562,33.25701,3,20324
Timothy Peterson,20.63264,42.61432,0,10136
Stacey Parker,25.33495,20.37305,1,91030
Calvin Buckley,46.43856,20.48072,2,44594
Katrina Johns,16.81399,3.92731,3,86308
Patricia Krueger,36.00734,45.68318,0,85941
James Zuniga,36.54782,29.66966,1,10155
Judith Moreno,8.26164,20.24273,2,18259
Christopher Neal,15.11063,7.42074,3,49001
Richard Hernandez,26.20723,41.38076,0,90495
Robert Smith,16.21948,27.83183,1,10965
Teresa Gordon,33.36456,42.67932,2,43634
Zachary Acevedo,15.0031,40.58717,3,79584
Wendy Friedman,38.1193,23.27247,0,39174
Laura Parsons,45.86674,29.53664,1,79084
Aaron Hall,35.89473,54.01327,2,56997
Rebecca Morgan,37.18678,38.52118,3,79898
Sheila Price,34.88973,30.79578,0,72306
Spencer Rowe,44.61637,30.27185,1,64645
Rebecca Manning,9.63615,27.54889,2,75386
Martin Silva,22.41846,46.97357,3,90600
Stanley Thompson,28.64037,41.07245,0,48385
Victoria Molina,38.26384,11.38675,1,74382
Gary Adams,40.265,62.18826,2,92664
April Miller,17.15131,30.27686,3,28354
Kaitlin Williams,46.38801,21.04652,0,37048
Amy White,38.78884,29.56034,1,48951
Matthew Pitts,13.14732,5.92117,2,67315
Tyler Scott,28.07733,7.11677,3,68699
Gloria Carter,33.16345,31.83427,0,62640
Matthew Mendoza,33.95201,8.8041,1,49585
Andrew Robertson,12.57968,21.41008,2,57965
Karen Durham,23.2115,26.66317,3,99850
Crystal Cook MD,23.13043,30.72487,0,14911
Tara Kennedy,38.05818,9.08147,1,53071
Bruce Hensley,27.953,42.69551,2,22184
Kimberly Duarte,18.43484,35.25411,3,75871
Rebecca Franco,16.30795,17.39017,0,31666
Victoria Mckay,39.75776,43.20649,1,41981
Michael Tucker,8.12202,24.53731,2,90489
Alan White,37.86192,42.26136,3,77013
Thomas Bailey,28.16676,29.9319,0,18710
Michelle Matthews MD,22.51174,27.86733,1,63256
Hannah Peck,32.32229,63.44623,2,73660
Robert Campbell,26.73285,23.25703,3,61763
Christine Bradshaw,29.22858,27.00642,0,76899
Alicia Lewis,27.9109,12.99014,1,79939
Stephen Mahoney,38.19805,26.59357,2,15425
Christopher Peterson,12.08406,35.23123,3,91197
Cheryl Jenkins,11.50819,32.97636,0,91908
Terri Evans,39.8395,47.67137,1,75373
James Powell,18.36231,8.72857,2,61663
April Wolf,30.8013,7.58542,3,42352
Peter Burns,35.79197,4.7313,0,30485
Mary Yoder,24.59908,27.59996,1,22657
Alyssa Moody,17.36201,0.50781,2,32468
Aaron Burton,24.87822,10.67923,3,68764
Diane Mendez,21.58863,12.54958,0,21178
Randy Perez,38.33555,50.52125,1,74922
Brittany Brown,17.89094,14.8037,2,89985
Leslie Guzman,14.98598,22.56123,3,60500
Vicki Williamson,30.03188,22.85125,0,81699
Leon Peters,29.2639,23.98701,1,31011
Brian Sanchez,26.90336,5.94262,2,79689
Levi Johnson,16.39211,43.99201,3,38581
Tammy Snyder,24.30365,43.37896,0,48621
Mrs. Rachel Meyer DVM,15.08221,28.9991,1,85999
Robert Bennett,27.05121,6.69822,2,69347
Kristina Armstrong,33.63418,7.85526,3,63502
Michael Davis,10.77418,4.83388,0,83191
Nathaniel Jones,17.14476,34.84277,1,82526
Michael Mcintosh,32.31541,39.5626,2,48966
Angela Orozco,43.05625,33.5651,3,89908
Nathaniel Mitchell,42.47109,41.95569,0,98024
Craig Benson,11.41414,8.87133,1,26041
Paul Carr,28.47905,25.20521,2,77432
Jesse Owens,18.12299,37.60148,3,62396
Rebecca Carter,14.78424,38.96629,0,71738
Katrina Jordan,32.31818,41.43086,1,48768
Terry Davis,7.70787,19.02615,2,33952
Jacob Edwards,33.60099,63.38695,3,53530
Judith Smith,13.70719,31.62452,0,73747
Melissa Austin,21.87494,3.23568,1,10126
Tim Carr,37.5405,26.52302,2,82175
Jessica Torres,13.48972,20.98211,3,42501
Sheena Santana,32.4685,67.25727,0,19953
Christopher Payne,18.31368,39.10085,1,55241
Taylor Cunningham,33.7568,35.80088,2,90358
Angela Morgan,39.62369,9.63128,3,53509
Christine Meyer,28.81641,31.40438,0,17315
Jason Carter,45.44885,27.41885,1,53581
William Booker,29.33924,6.83274,2,18206
Jane Hughes,39.57057,67.73234,3,69167
Ashley Davis,0.89799,15.59829,0,71764
Sarah Moreno,34.8399,63.6421,1,66295
Nicholas Bradford,19.8706,21.79644,2,61317
Kelly Ewing,34.71087,53.24183,3,80036
Tony Garcia,11.33547,13.28976,0,11967
Alicia Sutton,25.71623,19.18997,1,10324
Walter Curry,22.22269,38.01811,2,90736
Shaun Perkins,14.27363,15.82825,3,16435
Kenneth Thompson,16.83707,16.73367,0,18498
Mark Estes,27.10935,14.18697,1,64416
Kristina Torres,7.88839,21.81685,2,83344
April Rodriguez,28.37091,27.04838,3,75577
Allison Vasquez,13.4635,14.83399,0,13253
Jeffrey Elliott,40.56377,25.04116,1,85781
Sara Jones,7.33906,8.71443,2,15587
Kyle Gonzalez,19.28301,9.72266,3,66257
Lori Vang,23.08035,9.29879,0,54481
Regina Moody,20.7163,2.01589,1,65694
Traci Hammond,19.32456,45.40006,2,53098
Kimberly Stevens PhD,25.98193,18.43534,3,20965
Ronald Williams,34.72149,42.17348,0,79698
Seth Cochran,8.39056,21.70503,1,47428
Kathy Thompson,13.68496,21.1436,2,83316
Carolyn Goodman,34.59306,56.57499,3,95892
Jessica Turner,15.88704,8.82175,0,46792
Melissa Simmons,20.08017,39.90442,1,43173
Seth Carter,30.15815,38.85495,2,11710
Don Ramirez,22.01747,11.37454,3,98064
Scott White PhD,33.56855,41.38918,0,28489
Norma Hancock,2.43619,21.21859,1,11032
Karen Hinton,34.36173,58.08056,2,34866
Aaron Montgomery,7.42559,8.07402,3,59031
David Parker,6.93431,20.38559,0,30937
Russell Rodriguez,36.35379,45.39149,1,39358
Ashley Washington,14.79611,6.78588,2,46697
John Glover,44.483,24.34441,3,13627
Melanie Baker,46.56955,20.36426,0,43499
Elizabeth Hall,21.58363,43.81385,1,23722
Angela Phillips,20.23247,31.67255,2,85136
Andre Smith,11.23262,7.78981,3,70938
Joshua Maddox,28.84339,10.43506,0,11881
Darryl Hahn,20.83791,36.8932,1,34095
Melissa Mckinney,36.11149,60.55491,2,53114
Patricia Simpson,14.35937,23.16824,3,29234
Jason Aguirre,35.44695,66.84555,0,40918
Daniel Lopez,19.82639,32.36069,1,26835
Sheryl Wiggins,10.27698,11.10226,2,47789
Tina Norton,21.5725,9.95042,3,72045
Robert Welch,34.90646,11.67488,0,33928
Madison Wade,25.40198,12.67425,1,90221
Sarah Dennis,18.91602,32.93951,2,49220
Shaun Smith,36.24694,49.53826,3,13448
Krista Medina,43.26664,57.27386,0,80071
Robert Carter,9.57694,5.37241,1,50000
Emily Maldonado,40.10501,40.29821,2,99660
Robert Williams,21.91732,35.93906,3,74999
Julie Davis,28.60538,27.14256,0,27355
Brandon Blackwell,27.7947,11.82581,1,92974
Mark Caldwell,38.71232,49.16911,2,22545
Andrew Young,30.6474,12.85563,3,35174
Amber Schultz,30.14301,14.81222,0,26026
Michael Lewis,19.05418,24.93162,1,86809
Jacob Lee,2.43218,13.50135,2,10184
Jonathan Stafford,44.6471,21.03582,3,42766
Carla Elliott,36.24218,26.75134,0,59983
Justin Summers,16.91725,1.27657,1,12483
Amy Lopez,38.83038,25.30126,2,83211
Sandra Mclaughlin,16.97603,9.79422,3,11491
Michelle Gillespie,19.14848,13.89971,0,88313
Andrew Robertson,9.80074,7.93532,1,13843
Stephanie Patrick,16.9992,20.23152,2,66094
Carl Hernandez,35.11081,25.26966,3,44768
Karen Evans,41.55274,38.79102,0,22734
Barbara Weber,34.50579,12.7159,1,78815
Eric Gomez,5.85701,16.01649,2,38376
Ian Aguilar,24.4595,41.52088,3,55150
Anthony Kim,47.2486,23.21755,0,34548
Monique Nielsen,11.34751,25.47019,1,39578
Danielle Bauer,11.11139,35.70392,2,47394
Eric Park,44.65305,32.70507,3,93679
Hannah Smith,18.04751,2.29222,0,78313
Darren Schneider,19.21687,13.70283,1,37331
Jennifer Meyer,20.59441,40.89807,2,82234
Ann Phillips,21.33015,16.64317,3,74726
Candice Haney,26.13827,34.49051,0,39746
Rachel Clark,48.32334,24.14872,1,24024
Terri Cain,16.25991,9.59132,2,74832
Matthew Lamb,20.41917,9.18339,3,10096
Alisha Daniels MD,35.69806,56.02501,0,76904
Rachel Burns,36.81546,27.9962,1,45813
Sally Brown,14.68154,21.33061,2,64883
Michael Allen,2.50598,19.11977,3,32422
Alicia Foster,8.43972,6.06617,0,14957
Nicholas Robinson,49.86632,30.7992,1,92403
Edward Sherman,29.47262,20.07995,2,84750
Jay Daniel,15.92089,36.8019,3,45985
Robert Brown,30.53183,39.71619,0,11614
Jocelyn Miranda,16.18393,4.20503,1,57923
Jacqueline Osborn,31.42022,30.67357,2,96682
Philip Ramsey,45.74376,34.93433,3,15767
Jennifer Griffin,12.17622,22.60045,0,60048
Madeline Cruz,39.60205,62.4048,1,94313
Jason Townsend,7.92625,18.96716,2,49780
Joseph Morris,17.9447,32.72462,3,37113
Tammy Hernandez,43.31031,60.41522,0,15951
Garrett Jacobs,7.03075,12.39123,1,74320
Tammy Fleming,40.69795,43.9797,2,89577
Gina Howe,20.45848,32.24365,3,83055
Mindy Williams,24.92298,22.95675,0,49239
George Glass,8.21026,27.69061,1,68326
Alicia Ibarra,46.64158,25.45227,2,89795
Ashley Mahoney,33.72606,28.51041,3,37258
Teresa Phillips,14.18677,7.16796,0,56465
Ashley Welch,17.63996,23.94407,1,30056
Justin Ford,33.81044,24.88153,2,95698
Lisa King,32.00886,20.84211,3,93817
Erica Miller,34.46193,54.88681,0,63494
Charles English,41.06197,60.00006,1,15472
Natalie Singleton,18.79979,10.92064,2,15152
Sheri Woods,16.53936,16.90553,3,71875
Christopher Crosby,27.87044,13.34096,0,25071
Angel Reese,0.56797,16.32127,1,74186
Theodore Cordova,35.90623,37.3802,2,78837
Kristin Graves,18.55856,5.56154,3,95155
Scott Moreno,27.2072,22.93188,0,56365
Alexis Carrillo,34.79248,52.76752,1,16859
Meagan Hamilton,0.97405,16.91129,2,27389
Ronald Reed,13.67951,8.49936,3,59896
David Morse,8.82228,6.31406,0,46491
Nancy Davis,18.07499,39.01391,1,78892
Eric Smith,9.35681,12.37157,2,56874
Jim Williams,19.10339,38.72091,3,70955
Cameron Brewer,35.55508,67.52893,0,96818
Emily Griffin,17.74289,29.5402,1,55617
Joseph Ayala,30.89196,26.26231,2,80041
Peter Butler,26.80979,19.40141,3,91374
Larry Cruz,10.39773,29.95722,0,94447
David Figueroa,16.25015,25.29528,1,32599
Andrew Brock,21.95172,42.12912,2,97421
Kathleen Patterson,21.67735,9.64718,3,77736
Matthew Turner,33.16021,40.57291,0,76707
Carl Vang,41.68643,42.67638,1,91734
Andrew Watkins,31.62699,13.79597,2,73226
Matthew Phillips,26.03041,32.84715,3,73655
Todd Silva,40.11845,46.49361,0,71524
Amy Jefferson,20.15976,22.75834,1,20387
Karen Thornton,27.09742,11.71379,2,15568
Nicole Clark,11.31442,35.77931,3,81840
Michael Smith,39.81343,42.8627,0,66400
Alicia Gray,36.77349,6.6345,1,52782
Terri Dixon,7.24216,11.97779,2,22089
Jonathan Cohen,39.4896,31.02981,3,43883
Alexander Sullivan,17.08335,31.43156,0,87499
Jared Newman,45.60584,24.80053,1,34128
Andrew May,28.45294,29.55519,2,94751
Amy Smith,34.76164,30.52571,3,90693
Jaime Mcneil,14.59453,18.0666,0,31807
Erika Fox,11.91861,21.14651,1,63348
Timothy Ward,44.85786,27.58492,2,47771
Bradley Wilcox,43.95011,20.597,3,69895
Natalie Callahan,43.92259,21.49107,0,79165
Catherine Green,2.99303,22.15162,1,59460
Aaron Bennett,34.91776,27.53764,2,81950
Jason Oconnor,33.4826,12.49171,3,60253
Allison Knox,7.10238,9.51141,0,56860
Kathy Hahn,10.01535,11.04067,1,77884
Jeffrey Washington,34.26507,56.731,2,92939
Johnny Lewis,26.61272,8.1418,3,48745
Stephen King,41.67026,37.84486,0,20685
Natasha Garza,39.29782,11.20655,1,11258
Sabrina Smith,18.53284,20.64194,2,56939
Ryan Harris,16.90421,9.54287,3,69587
Adam Torres,32.92347,32.5764,0,50821
Danielle Wilson,16.32284,25.1862,1,47211
Dr. Valerie Gibson,24.26703,19.24787,2,48472
Julia Brewer,36.92859,52.23076,3,94991
Lori Jones,39.83082,40.70868,0,17438
Sandra Stewart,37.56194,29.34293,1,77272
Michael Norton,13.51481,12.6358,2,67503
David Miller,16.9172,18.25937,3,89263
Rodney Clark,40.89733,56.66293,0,19159
Mark Cummings,16.35185,3.04408,1,80511
Nicole Barton,15.32111,29.97029,2,82950
Jacob Richard,3.07875,11.74081,3,56348
Peggy Hale,11.05469,22.33776,0,39723
Lisa Fleming,17.06832,21.97788,1,68071
Craig Johnson,40.24697,28.96051,2,72847
Joseph Ross,40.18011,66.1838,3,90427
Laurie Silva,17.65717,44.78983,0,37676
Leslie Crawford,13.13926,30.06371,1,60008
Mrs. Debra Tucker,29.04714,32.52037,2,44437
Megan Wood,11.87185,33.53422,3,25667
Charles Johnson,17.43458,3.57421,0,90242
Eileen Craig,9.45207,19.92915,1,15714
David Anderson,40.95738,39.4552,2,16457
Nathan Hernandez,26.08192,9.29303,3,84599
Nicole Baker,26.43678,9.13819,0,89991
Justin Phillips,29.86238,39.8511,1,14919
Michael Mann,16.08805,40.57509,2,85164
Michael Smith,15.76259,9.26314,3,64811
Ricardo Stanley,10.58801,15.6519,0,51176
April Shepard,25.86354,31.18897,1,78541
Patricia Matthews,46.16449,30.84024,2,80647
Larry Villegas,25.68183,30.22791,3,22969
Danielle Bell,0.96395,14.70578,0,21811
Christopher Pearson,15.3319,35.99083,1,24837
Sean White,43.76214,28.31812,2,10922
Andrew Lawson,26.08921,20.72273,3,96128
Sherry Shaw,40.75136,26.18014,0,16027
Mrs. Cheryl Chavez MD,21.81377,40.21818,1,56639
Jon Snow,17.57601,38.85827,2,37716
Daniel Goodwin,19.61117,13.79023,3,94965
Daniel Austin,33.50627,29.29263,0,20258
Timothy Jennings,9.96883,20.16064,1,94373
John Fleming,18.35951,0.62641,2,52323
John Ward,19.54605,43.95704,3,30343
Dawn Thompson,13.63066,19.15754,0,99397
Rachel Floyd,9.95833,14.01548,1,70183
Shannon Schultz,27.54703,23.0339,2,84619
Robert Ramirez,17.63671,12.47562,3,73309
Valerie Harding,24.74691,4.08649,0,82512
Dr. Mary Bailey,11.95563,30.1884,1,67683
Julie Spears,24.53359,25.66035,2,49733
Christina Turner,8.69485,15.85823,3,19934
Melanie Watts,13.57259,30.34626,0,17658
Cheryl Huynh,36.72288,19.84196,1,30653
Shawn Stewart,27.12811,20.27728,2,92002
Michael Key,10.63476,13.61789,3,55271
Brittany Sanchez,13.13645,23.62286,0,32039
Meredith Garner,24.48608,36.60675,1,69533
Heather Drake,27.95992,27.76258,2,41761
Eric Arnold,29.52506,14.17958,3,88443
Sheila Durham,21.84268,45.73051,0,50946
Stephen Jones,16.13679,16.26143,1,65119
Thomas Smith,28.55148,43.56758,2,28944
Christopher Wilson,34.13996,29.89994,3,37900
Elizabeth Guzman,17.56104,33.01753,0,39757
Ashley Berry,42.0655,30.23863,1,44507
Brent Rasmussen,11.80903,14.91877,2,88521
Stephen Clarke,14.81294,22.3508,3,70444
Maria Davis,20.71137,43.1804,0,79027
Lori Tyler,24.28866,11.83656,1,86819
Harry Russell,36.79677,12.16886,2,71502
Richard Krause,40.05699,11.93139,3,44265
Michael Meyer MD,9.82811,8.63221,0,35712
Cynthia Bell,28.27525,44.51593,1,73026
Adam Wilson,34.70384,32.39004,2,51219
Steven Perez,9.28708,8.33089,3,13648
Stephanie Lewis DDS,40.60863,66.98466,0,77844
Melissa Gallegos,18.04791,20.1716,1,56268
Donald Vincent,3.6074,11.84479,2,29442
Evelyn Castillo,40.71042,63.91532,3,15508
Nathan Johnson,39.30476,43.30619,0,44446
Amy Beck,37.57016,35.6179,1,84953
Tammy Oneal,42.60898,31.55306,2,56660
Shelley Cooper,41.51796,33.95559,3,93911
Peggy Flores,36.08038,29.97066,0,57238
Heather Chavez,13.6533,16.27147,1,42648
Jennifer Jackson,31.41589,13.32255,2,15474
Rhonda Shannon,29.23522,38.67407,3,11280
Benjamin Dixon,34.35071,23.23327,0,34838
Nancy Guzman,35.79175,27.21412,1,91730
Sydney Henry,48.88557,27.20883,2,44680
Andrea Parrish,22.3318,13.46299,3,42125
John Cruz,20.13144,11.21623,0,96493
Anthony Rodriguez,44.2002,25.94253,1,62632
Rebecca Brown,23.83892,45.64494,2,97009
Daniel Montgomery,22.47135,14.94513,3,59287
Zachary Davis,43.00245,58.77625,0,46214
Joshua Morgan,36.81296,45.2073,1,67703
Robert Simmons,18.16002,26.68388,2,78903
Amanda Church,22.00425,35.22582,3,49534
Patricia Phillips,2.90141,22.28474,0,35847
Dana Henderson,7.11088,22.25789,1,85069
William Taylor,33.14929,33.39308,2,48243
Michelle Dillon,39.16607,38.23472,3,80472
Brittany Smith,14.40029,33.14827,0,89770
Heather Moore,29.48549,12.31895,1,95625
Abigail Parks,33.61559,66.96579,2,24732
Andrew Hernandez,7.34691,9.87208,3,70912
James Robinson,25.78447,38.93376,0,32624
Wesley Russell,33.88175,61.77123,1,68964
Steve Santos,17.54653,42.46323,2,79199
Jason Walker,21.9238,10.98733,3,11042
Shelly Frost,31.39743,18.97549,0,33857
Marc Medina,2.28704,17.35009,1,22227
Elizabeth Gordon,14.02512,8.84123,2,73292
Bridget Brown,36.85108,11.67778,3,28249
Mariah Burnett,25.41689,21.22616,0,77018
Matthew Luna,25.06729,16.14626,1,96354
Christopher Jackson,39.12235,11.6545,2,46115
Meagan Garcia,22.95847,35.0253,3,78307
Mr. Brian Davis,15.26849,24.34214,0,72366
Leslie Jones,37.12789,34.75985,1,85099
Wesley Sanchez,35.76303,64.24656,2,91142
Margaret Solomon,26.82174,29.31639,3,84575
Samantha Rodriguez,48.46923,26.52072,0,15766
Michelle Rivera,13.51689,4.54876,1,56989
Christopher Diaz,31.88798,36.95189,2,49730
Veronica Matthews,23.14263,7.75429,3,35321
Christopher Parker,18.15143,16.2257,0,82061
Kimberly Clayton,13.01523,14.16503,1,70386
Craig Hernandez,29.8891,8.80999,2,24393
Jennifer Branch,22.2841,15.53348,3,71761
Amber Hogan,40.32183,23.97884,0,20791
Rachel Mclean,27.66228,40.01172,1,77532
Adam Smith DDS,41.92846,69.71785,2,31533
Dwayne Santiago,25.6135,19.99905,3,80628
Walter Gutierrez,13.71183,7.61202,0,55657
Michael Calhoun,17.93424,9.09209,1,19424
Shaun Mack MD,43.52933,30.40141,2,18478
Mark Long,37.24417,54.43335,3,21081
Kathryn Morgan,19.08618,45.89549,0,92424
Angela Yates,9.74174,24.64348,1,22296
Denise Evans,14.22918,31.53606,2,92673
Jessica Jefferson,34.18568,34.84717,3,95597
Joseph Parrish,10.93911,30.97988,0,26058
Mitchell Acevedo,31.41159,7.9619,1,82269
Kathryn Ross,13.33267,19.67685,2,66633
Thomas Gomez,16.44883,10.82982,3,92987
Kenneth Greer,19.6271,33.51585,0,68590
Amanda Johnson,36.7085,35.97745,1,11166
Pamela Robertson,27.59199,28.19234,2,82336
Sara Johnson,25.04341,33.51507,3,75492
David Johnson,27.78576,10.00268,0,34492
Blake Osborn,20.75745,2.43101,1,84292
Phillip Davis,17.05986,28.58425,2,45899
Erika Oliver,31.09492,13.21801,3,17550
Jason Miller,47.89215,24.20796,0,53752
Deborah Rodriguez,24.29032,33.37784,1,64564
James Hill,13.8142,19.45547,2,51767
Miguel Clark,38.11242,59.85933,3,83434
Michael Welch,28.52738,16.23941,0,80775
Christina Brooks,41.33331,26.07616,1,17002
Sue Neal,34.38086,19.43938,2,99150
Erin Hicks,45.39516,25.97282,3,66151
Miguel Huerta,16.41681,11.66976,0,95781
Christina Daniels,38.73237,48.3284,1,18395
Janice Garcia,38.09121,28.23554,2,20440
Laura Sullivan,4.60661,18.07869,3,53907
Andrew Henderson,49.26044,28.56612,0,45932
John Dean,22.55805,30.01866,1,95073
Austin Carpenter,38.61551,41.60337,2,99752
Louis Patterson,37.28416,12.07658,3,86851
Kathleen Ramos,40.83166,66.86737,0,55501
Sarah Anderson,27.2282,19.62823,1,98305
Justin Cummings,11.57297,20.09914,2,46475
Laurie Fowler,31.03788,29.3364,3,85834
Stacy Woods,3.40848,21.24232,0,14757
Jessica Smith,25.74579,10.88987,1,92862
Tammy Donaldson,44.65481,27.29437,2,35090
Deanna Hawkins,32.64948,25.17123,3,96604
Jeffrey Martin,35.71095,6.70222,0,17386
Debra Peterson,42.40494,31.54962,1,78764
Michael Velasquez,31.92163,29.77575,2,58477
Larry Hall,27.72435,10.76253,3,59004
Alexis Jones,27.19888,5.5752,0,49913
Sean Bradley,17.03269,21.37335,1,39670
Doris Wolfe,32.23367,18.84213,2,87963
Nicholas Castaneda,9.84882,12.19631,3,26447
Melanie Peterson,37.72197,21.68783,0,17748
Andrea Carrillo,36.4111,58.06509,1,19307
Judith Arnold,26.99785,41.95634,2,22795
Erin Anderson,23.98677,23.09781,3,78167
Mr. Brian Swanson III,15.59652,2.91932,0,95684
Mary Thompson,26.06442,34.62065,1,52608
Elizabeth Perry,21.37628,5.56267,2,80010
Kristen Powers,6.28743,19.31497,3,59694
Kara Clark,31.63597,29.58838,0,66689
Elizabeth Melton,27.63973,8.11246,1,48978
Daniel Stafford Jr.,22.19823,20.56591,2,41637
Greg Wiggins,28.3019,22.51935,3,78655
Carrie Ortiz,6.91534,9.3346,0,77908
Laurie Martinez,26.7728,10.85388,1,30237
Morgan Anderson,36.26127,39.58596,2,38968
Kenneth Taylor,14.56013,13.69438,3,65867
William Tucker,35.75488,50.90512,0,10871
Cynthia Ward,11.11419,24.14032,1,32527
Jose Moore,18.72316,0.06193,2,80075
Michelle Rush,28.25009,20.11053,3,61411
Devin Greene,21.00747,14.94561,0,60756
Teresa Rivera,28.27116,39.66278,1,76155
Heather Clark,19.55358,8.75556,2,70392
Timothy Ramirez,31.67776,35.71941,3,78600
Amy Hampton,15.62911,21.06925,0,66358
Jennifer Mcgrath,24.41922,14.95177,1,26875
Mario Gibson,38.86763,23.14936,2,43045
Charles Ford,35.73959,60.28364,3,67398
Jorge Boyle,22.39976,28.72953,0,32369
Misty Ramos,8.18986,21.39709,1,99341
Rebecca Dickson,24.95272,37.43225,2,45859
David Lindsey,27.12893,30.16754,3,69887
Dawn Watson,16.63204,38.7102,0,95237
Nicole Weaver,13.71273,22.13819,1,20406
Jill Morgan,31.17012,26.58277,2,86771
Wendy Carter,31.76127,33.88559,3,25181
Charles Wright,42.83468,55.43533,0,67381
Christina Anthony,30.74898,24.61157,1,55027
John Johnson,9.94183,29.36362,2,81060
Tyler Stephens,20.21622,12.68729,3,56407
Christina Sims,23.19519,2.67935,0,83298
Heather Spears,39.64013,39.81633,1,79048
Julia Nicholson,34.05661,36.27122,2,29285
Rebecca Orr,18.13228,10.1202,3,89255
Brandon Roach,32.0883,33.85973,0,10451
Dustin Aguilar,19.71347,34.55958,1,30127
Mr. Timothy Roach,43.04144,34.98147,2,95940
Sabrina Miller,14.96738,8.86412,3,86194
Kristy Pena,28.80409,32.66628,0,64682
Brian Velez,18.99383,12.63374,1,40085
Katherine Tran,36.35949,65.76353,2,25494
Michael Ramirez,19.61211,31.09196,3,69491
Kayla Long,33.29914,40.406,0,47401
Joe Stout,37.36519,26.82841,1,44733
Karen Wilcox,15.94652,28.52119,2,23991
Paul Rodriguez,42.1959,40.68215,3,77292
Sara Garcia,7.58591,11.26025,0,50391
Alicia Hernandez,46.955,24.52477,1,90206
Jared Williams,37.14551,50.9438,2,50266
Kelly Nelson,16.16085,27.28709,3,97212
Carlos Odonnell,21.03148,16.38184,0,33750
John Jimenez,31.29724,8.27277,1,54813
Jacqueline Wong,1.28988,20.16827,2,83484
Jorge Ruiz,39.39214,42.98131,3,20986
Debra Torres,9.06454,8.10132,0,20164
Jimmy Zamora,32.42128,32.73782,1,51184
Brandon Smith,40.70905,30.04731,2,69111
John Tyler,18.54256,43.70319,3,98935
David Allen,7.92426,20.00116,0,32214
Julian Torres,30.39811,16.64575,1,92810
Jennifer Davis,13.92347,24.71602,2,37714
Christian Harvey,21.26619,11.94692,3,35729
Louis Jones,12.46756,28.47624,0,88859
Joseph Ramirez,44.28611,20.64914,1,12537
Tracy Long,42.32147,32.78129,2,96801
Rhonda Barry,43.23245,32.06491,3,11431
Timothy Gregory,21.08283,33.1597,0,93934
Andrea Hansen,37.80957,13.51937,1,82890
Alexis Brock,37.71769,56.35442,2,86408
Tom Castillo,12.21268,17.1087,3,27722
Christina Olson,11.89031,31.90962,0,67404
Suzanne Perkins,35.10152,9.73188,1,92427
Clinton Carter,24.14137,3.86604,2,45175
Heidi Gordon,43.92294,32.19823,3,60334
Kaylee Blair,25.30561,30.7619,0,99740
Kyle Evans,43.89079,30.61625,1,63588
Selena Thornton,4.77647,11.58574,2,94368
Robert Phillips,42.79118,35.88485,3,30728
Michelle Hardy,18.04395,42.45385,0,19744
Mrs. Angela Webb,12.22803,26.02694,1,76897
James Reed,33.86974,23.83452,2,49942
Steven Coleman,19.11816,41.19312,3,97464
Mark Fletcher,29.40671,12.60343,0,43373
Matthew Williams,26.92188,43.92243,1,39275
Taylor Ramos,32.77605,7.50101,2,44333
Michele Davis,39.00567,61.20208,3,74153
Mrs. Morgan Simmons,13.59083,5.71731,0,13562
Haley Tucker,34.15946,19.49972,1,81167
Brandon Hamilton,36.93265,6.6466,2,72501
Ruth Sherman,43.19799,42.10391,3,46532
Edward Lewis,40.83538,59.93645,0,56136
Bryan Dunn,12.00829,32.36147,1,36657
Angela Brown,22.59159,26.98853,2,37024
Thomas Miller,10.9557,26.10874,3,51526
Cathy Harris,18.00207,0.6918,0,10723
Nathan Peterson,0.9624,14.88689,1,63979
Christopher Murillo,44.6791,35.07545,2,36457
Denise Johnson,37.304,51.13807,3,20091
Dr. Destiny Dillon,14.28098,20.15566,0,70168
Tonya Riggs,21.27467,41.40088,1,88843
Stephen Lopez,15.74322,22.10693,2,32916
Kenneth Smith,35.21645,69.54877,3,96648
Kari Arnold,21.15626,36.61054,0,70361
Joseph Ho,11.45381,11.97347,1,65015
Brenda Robbins,37.19471,64.15955,2,22233
Daniel Howard,0.71936,15.41017,3,62243
Jasmine White,15.63169,13.25064,0,32211
Diane Mann,35.30598,30.02665,1,92729
Tammy Hernandez,30.29318,7.03364,2,18350
Jacqueline Mccarthy,28.29141,31.13093,3,94131
Melissa Gardner,43.34438,42.01121,0,31451
Michael Gibson MD,10.03217,32.56028,1,96397
Matthew Hendrix,22.06783,19.71992,2,90383
Shawn Harris,48.61858,25.2245,3,32488
Miss Monica Graves,38.22214,47.85261,0,12354
Nicolas Taylor,33.5401,39.36997,1,18840
Nicole Chavez,34.3221,23.67929,2,63307
Ian Davis,14.52845,37.64882,3,76713
Sheila Murphy,35.31954,51.46988,0,29142
Kevin Green,7.86153,17.6724,1,98104
James Cummings,30.15787,26.3461,2,16256
Emily Smith DDS,9.75705,6.40374,3,47634
Melanie Herrera,27.95691,39.00413,0,58480
Melinda Walker,14.83938,34.37082,1,35778
Patricia Hutchinson,19.11054,24.03156,2,52135
Kristy Cruz,34.10571,41.83684,3,96390
Haley Smith,25.48181,35.72709,0,66365
Elizabeth Collins,36.41526,58.50701,1,97857
Mr. Travis Mitchell,26.74966,2.44964,2,48292
Gary Hughes,23.14914,7.86211,3,69850
Teresa Harris,38.48316,25.44244,0,43452
Kimberly Cox,24.84292,24.59908,1,60185
Lisa Ray,6.58186,18.86189,2,67712
Melissa Little,11.31059,7.23556,3,85025
Karen Bailey,19.32525,6.15435,0,50190
Gerald Brown,41.79827,34.44805,1,60221
Ashley Brown,41.38602,62.21407,2,47758
Judy May,9.85353,11.18796,3,55967
David Copeland,22.29804,34.23375,0,39605
Ariel Santana,28.56786,27.95541,1,36679
Donna Wright,35.65492,28.14542,2,37659
Ricky Edwards DVM,43.13941,57.70572,3,34446
Randall Fritz,35.61651,60.38417,0,70491
Jennifer Thomas MD,12.16976,34.32549,1,20461
Erica Schmidt,34.21487,30.18939,2,23944
Raven Snyder,41.12434,61.19585,3,75243
Mary Meyer,13.2156,12.92158,0,90443
Mrs. Paula Nguyen,25.94555,3.64796,1,36749
Nathan Thomas,33.69513,28.63266,2,74437
Danielle Davis,29.88303,32.72993,3,98318
Timothy Adams,31.51119,26.74088,0,34645
Stephanie Osborne,38.37342,24.17184,1,76010
Michael Diaz,4.93785,14.63403,2,57391
William Graves Jr.,42.69295,44.9909,3,60734
Timothy Hebert,19.20116,12.19317,0,41911
Austin Brown,35.654,35.32915,1,37629
Eddie Scott,28.24482,15.98103,2,88212
Tiffany Lopez,13.14794,34.44512,3,54738
Maria Rhodes,34.2223,20.10705,0,28260
Amanda Martin,27.05944,8.97413,1,97971
Caitlin Smith,14.73676,10.09431,2,53848
Margaret Warren DDS,32.76889,8.67752,3,63584
Robert Stevens,45.95046,27.95619,0,57834
Martha Brock,10.01058,17.86359,1,27160
Jesus Clark,7.91146,18.20721,2,35979
Tammy King,15.4428,20.39953,3,34485
Olivia Adams,36.63024,69.47256,0,14835
Becky Liu,23.61433,11.07083,1,27528
Thomas Johnson,41.6831,23.34661,2,47206
Mark Osborne,38.1639,31.25696,3,80863
Gregory Bridges,35.61395,33.41868,0,32762
Katherine Smith,36.98013,53.29507,1,38720
Brandy Howard,38.12974,8.77363,2,40128
Holly Hill,6.9043,8.08314,3,99887
Glenn Adams,43.24667,41.71065,0,22529
Tracy Diaz,42.09881,58.1927,1,99362
Amy Sharp,27.94799,13.94008,2,82388
Lance Randolph,38.53943,28.73914,3,31996
Michael Perez,27.7656,6.90948,0,47382
James Garner Jr.,43.21486,32.00084,1,51531
Jennifer Mcdowell,35.14652,48.11824,2,99881
Bradley Alvarado,31.04798,7.96741,3,84560
Robert Dodson,34.22985,65.40724,0,34700
Nancy White,29.91961,16.14156,1,18856
Victoria Robinson,45.00376,27.02701,2,16950
Peter Griffith,15.61982,14.47004,3,37744
Mr. Matthew Garcia,18.91493,11.04799,0,89971
Andrew Hernandez,7.24608,17.64308,1,40721
Brittney Martin,8.01716,18.97312,2,30973
Margaret Clark,29.31029,31.62353,3,45160
Jacqueline Huang,41.93684,21.90353,0,78411
Edward Booth,16.2128,43.8839,1,38612
Nathaniel Wilson,14.59162,38.18434,2,47028
Haley Moore,14.67757,22.74528,3,95715
Robert Weiss,17.82474,0.84548,0,63189
Gregory Sanchez,1.38014,15.37586,1,54096
Sandra Carter,19.31312,6.97052,2,19636
Lori Tran,23.44168,4.73563,3,10277
Katherine Fleming,27.55359,7.03888,0,63566
Alexandra Arnold,46.97973,28.28806,1,67843
Angela Parker,26.69762,20.69175,2,64532
Jason Garza,23.71649,42.49264,3,49256
Monica Brown,40.36283,40.88372,0,25407
Hailey Ross,37.45265,42.15105,1,66997
Devin Martin,26.34943,16.12163,2,31614
Jessica Adams,13.70744,28.35401,3,32799
Randy Velez,25.37824,22.55153,0,37089
Blake Ortiz,36.80761,53.31802,1,49881
Tina Johnson,5.29724,8.68493,2,79934
William Kirby,41.06946,39.38129,3,48315
Frederick Ward,39.56446,61.75898,0,47195
Lindsey Nguyen,30.80555,16.45238,1,63671
Sarah Strickland,19.86085,46.58776,2,55099
Erin Cochran,27.75959,27.70406,3,13165
Steven Anderson,20.96247,38.18894,0,16522
Jessica Hanson,23.68075,31.80185,1,68615
Thomas Holland,33.47512,25.937,2,90509
Mark Mccarthy,17.41568,13.67314,3,91228
Rebecca Camacho,22.93499,7.03514,0,19084
Jessica Todd,25.07176,29.50139,1,46279
Caroline Baker,21.60805,35.01855,2,59086
Robert Caldwell,19.11845,28.03275,3,19697
Nathaniel Williams,6.37611,11.13209,0,85235
Tara Bates,22.97235,41.93559,1,41425
Amy Crawford,20.45958,35.94533,2,28758
Diana Parker,38.68513,53.44276,3,33461
Cynthia Choi,28.36542,28.58663,0,52040
Jonathan Vasquez,28.52232,43.26005,1,25487
Nicole Fuller,19.99171,44.73426,2,31504
Angela Clark,21.86395,11.82017,3,44327
Courtney Robinson,19.12749,34.38677,0,77626
Christopher Evans,27.04827,13.71197,1,87462
Keith Costa,33.0328,23.85244,2,74240
Isaac Young,5.17965,20.51604,3,94281
Shelby Grimes,5.19481,18.66644,0,33353
Michael Larsen,18.62873,5.01483,1,64906
Tonya Andrews,15.68542,14.09095,2,78494
Chad Cruz,42.85279,42.9801,3,34773
Kevin Daugherty,41.31733,37.72228,0,63884
Justin Miller,34.68926,21.06398,1,94067
Angela Morse,36.29653,5.75709,2,41361
Richard Lawson,38.57847,67.2542,3,37187
Richard Wilson,17.02859,24.76686,0,73875
Stacey Roberts,14.62537,29.54485,1,45626
David Cunningham,12.35709,20.6702,2,98032
David Young,38.12947,40.82572,3,30817
Kathy Hanson,24.4755,43.35793,0,82076
Briana Harris,16.02616,26.64953,1,75318
Christopher Estrada,37.38787,31.29271,2,13338
Laura Andrews,29.45959,35.27057,3,62854
Brittany Thompson,8.56462,27.09648,0,16450
Kevin Rush,16.05556,35.38518,1,14616
Victoria Cabrera,21.87569,24.06272,2,37574
Jill Jackson,32.69927,14.20166,3,10879
James Murray,35.55234,44.13609,0,60706
Seth Smith,37.88502,29.11378,1,52954
Veronica Ward,32.00528,31.41358,2,48639
Kenneth Carter,19.69573,4.80794,3,84452
John Lee,18.70634,24.79042,0,48857
Brian Contreras,21.246,37.66034,1,54908
Leslie Thompson MD,31.30109,26.83281,2,25153
Christian Williams,11.57142,9.53547,3,49157
James Wright,38.54558,59.57508,0,94341
Clifford Buchanan,23.50983,14.9375,1,80870
Pamela Ross,33.0009,13.66246,2,34955
Gary Johnson,11.28663,26.61111,3,87997
Mary Evans,0.45869,14.96834,0,21805
Rebecca Moore,35.11377,22.23556,1,81102
Ashley Price,39.33105,25.77682,2,32710
Katherine Gonzales,31.2924,27.68268,3,83687
Barbara Flynn,40.50809,32.56831,0,17425
Heather Munoz,41.85393,30.42533,1,88938
John Tucker,9.55354,25.4171,2,68307
Sheri Brown,17.13812,32.35049,3,53187
Donald Baxter,15.13002,4.62753,0,49490
Jonathan Stuart,17.53391,20.33439,1,94689
Kevin Gaines,34.46341,58.70869,2,91498
David Livingston,38.72157,49.49398,3,45040
Christian Goodman,41.73662,29.3258,0,66489
Amanda Vazquez,29.56071,19.58081,1,73240
Veronica Washington,15.90823,29.41623,2,39464
Jamie Smith,10.7636,14.36944,3,23619
Lindsay Peterson,35.00477,9.79255,0,65875
Denise Johnson,14.62912,24.69347,1,64303
Alicia Powers,31.64488,8.50628,2,50977
Jonathan Garcia,39.95619,66.61572,3,41753
Travis Richards,6.58525,21.7737,0,67391
Alex Waters,5.98659,16.13514,1,26074
Virginia Hernandez,38.31144,49.84361,2,54706
Ms. Alexa Booth,16.66002,5.49004,3,10210
Michelle Long,23.6629,27.61593,0,58090
Sheri Irwin,6.83798,9.35564,1,76448
Christopher Smith,7.89997,5.68579,2,83374
Mark Snyder,23.21933,39.25392,3,13855
Holly Taylor,17.7172,29.36887,0,68044
Kendra Mckinney,25.64339,38.11708,1,73221
Sarah Cameron,28.91924,27.32194,2,18455
Cody Macias,37.29984,21.24549,3,83016
Joe Green,20.28899,15.71673,0,38298
Heather Grimes,21.28652,41.13693,1,36120
Stacie Rice,17.41187,9.71127,2,93427
Terri Thornton,12.51708,18.08384,3,92839
Stephanie Hurst,27.15879,18.69908,0,99826
Arthur Michael,38.64203,8.30766,1,95047
Alexis Gibbs,38.12758,54.57185,2,47568
Sierra Burke,31.32494,27.41946,3,32274
Kenneth Allen,21.02627,16.00199,0,12427
Kevin Golden,25.20742,43.87973,1,84779
Robert Stanley,29.6607,11.9027,2,94054
Christopher Miller,27.65953,23.97195,3,56567
Ethan Boyd,42.41077,38.22602,0,51742
Jeff Hodge,16.76045,39.9644,1,57851
Denise Sanford,16.55976,5.30489,2,15796
Andrew Hawkins,9.15482,20.03557,3,36717
Margaret Henderson,25.91005,8.84982,0,18845
Stephanie Carey,14.46377,9.24284,1,61617
David Olson II,6.7949,6.70889,2,65589
Larry Pineda,17.21681,29.35684,3,66167
Sandy Brown,33.47694,9.7841,0,20958
Matthew Alexander,17.40692,40.50263,1,78702
Andrew Rose,41.60471,28.90528,2,68183
Erica Wolf,39.26975,56.80255,3,69511
Alexandra Hancock,30.82731,15.38628,0,73758
Samantha Johnson,11.24923,10.10102,1,22200
Greg Wiley,40.60279,43.53994,2,12857
Peter Barnes,11.89807,25.4298,3,39765
Justin Shaw,41.46347,62.73181,0,72084
Rachel Johnson,11.71098,18.33186,1,17359
Harold Lewis,25.34771,32.67423,2,11415
Gary Strong,28.74756,44.25166,3,31594
Francisco Williams,22.56808,42.67111,0,63735
Rebecca Herrera,42.05706,25.81837,1,56124
Thomas Moon,33.28616,63.30509,2,70236
