badge,name,shift,day,month,year,group,lat,lon,area,time_to_travel,distance
88933,Nathaniel Obrien,1,16,12,2024,1,33.95714,-118.17239667,8,14.9,9.93614
89143,Annette Cardenas,1,16,12,2024,1,33.85154,-118.59981333,2,6.3,4.1808
17388,Jaime Kirby,1,16,12,2024,1,33.93602,-118.41175,6,1.3,0.87153
45086,Stephen Singh,1,16,12,2024,1,33.99938,-118.27497667,7,4.2,2.7855
91364,Dawn Rowe,1,16,12,2024,1,33.97826,-118.30917,7,12.1,8.05243
75308,Daniel Kennedy,1,16,12,2024,1,34.04162,-118.48013667,9,1.0,0.6865
38678,Joseph Perry,1,16,12,2024,1,34.21058,-118.22368667,11,45.3,30.18025
71903,Tiffany Smith,1,16,12,2024,1,33.89378,-118.49723333,3,4.6,3.07764
45427,Elizabeth Burnett,1,16,12,2024,1,33.78818,-118.53142667,1,4.0,2.6775
85754,Sheryl Kline,1,16,12,2024,1,34.21058,-118.22368667,11,37.3,24.85032
55555,Sara Jackson,1,16,12,2024,1,34.0205,-118.32626667,6,3.0,2.03328
44946,Sonya Burton,1,16,12,2024,1,33.9149,-118.46304,3,8.2,5.46478
85317,John Blackburn,1,16,12,2024,1,33.93602,-118.24078333,7,1.5,1.03061
90190,Cheryl Jackson DDS,1,16,12,2024,1,33.95714,-118.56562,5,5.8,3.89213
47576,Kathleen Johnson,1,16,12,2024,1,33.99938,-118.22368667,8,10.2,6.79744
25870,Allison Dunn,1,16,12,2024,1,33.89378,-118.39465333,3,0.8,0.51245
12872,Paul Jackson,1,16,12,2024,1,33.8093,-118.48013667,1,3.6,2.4117
59087,Melissa Aguirre,1,16,12,2024,1,33.93602,-118.36046,6,1.4,0.92237
92302,Marissa Johnson,1,16,12,2024,1,34.10498,-118.29207333,10,3.2,2.10297
58456,Pamela Taylor,1,16,12,2024,1,34.10498,-118.37755667,9,4.3,2.87292
18840,Michael Gilbert,1,16,12,2024,1,33.8093,-118.27497667,4,14.1,9.41881
70123,Thomas Finley,1,16,12,2024,1,33.83042,-118.49723333,3,5.6,3.72989
44430,Philip Eaton,1,16,12,2024,1,33.72482,-118.51433,1,2.6,1.71287
97251,Martin Valencia,1,16,12,2024,1,34.04162,-118.34336333,10,2.4,1.58436
27432,Timothy Bryant,1,16,12,2024,1,34.08386,-118.48013667,9,8.8,5.83368
38377,Daniel Bates,1,16,12,2024,1,33.8093,-118.39465333,1,2.5,1.66122
44462,Kimberly Gallegos,1,16,12,2024,1,33.74594,-118.49723333,1,0.3,0.16687
50043,Michael Harper,1,16,12,2024,1,34.29506,-118.32626667,11,59.6,39.74348
20068,Tracey Welch,1,16,12,2024,1,34.3373,-118.27497667,11,67.1,44.74925
41619,Felicia Alexander,1,16,12,2024,1,33.95714,-118.58271667,5,2.0,1.34193
10545,Diana Garcia,1,16,12,2024,1,34.29506,-118.25788,11,56.9,37.90329
79984,Andrea Williams,1,16,12,2024,1,33.87266,-118.48013667,3,2.2,1.49355
37484,Timothy Villanueva,1,16,12,2024,1,33.9149,-118.41175,3,1.9,1.23568
81472,Manuel Newman,1,16,12,2024,1,33.99938,-118.30917,7,6.5,4.32779
45842,Joel Leonard,1,16,12,2024,1,33.76706,-118.36046,4,7.0,4.64655
52447,Debra Williams,1,16,12,2024,1,33.87266,-118.59981333,2,4.9,3.29028
64047,Steve Thomas,1,16,12,2024,1,33.93602,-118.34336333,6,8.2,5.45043
95388,Theresa Harris,1,16,12,2024,1,33.99938,-118.46304,6,0.9,0.57476
43283,Michael Brown,1,16,12,2024,1,33.97826,-118.48013667,5,2.6,1.76377
83193,Alexander Rivas,1,16,12,2024,1,33.93602,-118.53142667,5,3.4,2.27459
84731,Benjamin Gray,1,16,12,2024,1,33.89378,-118.49723333,3,2.4,1.61596
18128,Michael Johnson DVM,1,16,12,2024,1,33.9149,-118.58271667,2,3.0,1.98758
71128,Yvette Gonzalez,1,16,12,2024,1,33.89378,-118.36046,4,6.0,3.97779
35556,James Dickson,1,16,12,2024,1,33.89378,-118.22368667,8,1.9,1.26437
18637,Anthony Willis,1,16,12,2024,1,34.06274,-118.25788,10,2.4,1.57876
35155,Sarah Anderson,1,16,12,2024,1,33.85154,-118.49723333,3,2.3,1.5223
90511,Julie Brown,1,16,12,2024,1,33.8093,-118.63400667,2,10.0,6.63717
68918,Michael Brown,1,16,12,2024,1,33.83042,-118.46304,3,2.3,1.5522
83839,Patricia Wilson,1,16,12,2024,1,33.83042,-118.34336333,4,5.0,3.35321
75896,Jared Diaz,1,16,12,2024,1,33.78818,-118.27497667,4,11.9,7.95071
16834,Clayton Carr,1,16,12,2024,1,33.95714,-118.42884667,6,0.4,0.24199
15805,Rachael Castro,1,16,12,2024,1,33.76706,-118.51433,1,2.9,1.90086
97403,Douglas Lamb,1,16,12,2024,1,33.9149,-118.30917,4,3.8,2.53383
96320,Nicholas Johnson,1,16,12,2024,1,33.87266,-118.6682,2,8.2,5.45408
16831,Chelsea Lewis,1,16,12,2024,1,33.9149,-118.39465333,3,1.3,0.88591
54274,Betty Dyer,1,16,12,2024,1,33.89378,-118.34336333,4,0.6,0.37312
75641,Dana Nelson,1,16,12,2024,1,33.87266,-118.42884667,3,1.1,0.71099
61107,Joanna Rose,1,16,12,2024,1,34.0205,-118.36046,6,1.0,0.6876
21809,Virginia Jones,1,16,12,2024,1,33.72482,-118.48013667,1,4.7,3.15545
57595,Jeremy Norton,1,16,12,2024,1,34.2317,-118.24078333,11,34.3,22.84036
76061,Daniel Castro,1,16,12,2024,1,34.18946,-118.29207333,11,35.8,23.89061
60171,Rebecca Davis,1,16,12,2024,1,33.85154,-118.41175,3,5.4,3.59357
30642,Jasmine Ross,1,16,12,2024,1,33.95714,-118.53142667,5,4.2,2.83285
63216,Kimberly Fletcher,1,16,12,2024,1,33.97826,-118.25788,7,0.2,0.14673
86153,Heather Turner,1,16,12,2024,1,33.97826,-118.18949333,8,13.4,8.90086
47536,Tyler Thomas,1,16,12,2024,1,34.0205,-118.53142667,5,1.9,1.28803
93401,Donald Allen,1,16,12,2024,1,33.89378,-118.61691,2,6.9,4.62418
51128,Daniel Rodriguez,1,16,12,2024,1,34.10498,-118.46304,9,3.3,2.18499
54535,Sara Miller,1,16,12,2024,1,34.04162,-118.39465333,9,4.7,3.14843
55838,Gregory Johnson,1,16,12,2024,1,33.97826,-118.41175,6,2.3,1.55323
38461,Anthony Nunez,1,16,12,2024,1,33.7037,-118.49723333,1,2.2,1.44779
25435,Sara Salinas,1,16,12,2024,1,33.8093,-118.59981333,2,5.0,3.35365
33791,William Hall,1,16,12,2024,1,33.9149,-118.42884667,3,1.3,0.84108
10684,Lisa Wilson,1,16,12,2024,1,33.76706,-118.63400667,2,15.0,9.97598
67353,Jennifer Hernandez,1,16,12,2024,1,33.97826,-118.22368667,8,8.5,5.67135
36117,Kimberly Robinson,1,16,12,2024,1,34.04162,-118.22368667,10,3.6,2.38667
55595,Troy Roberts,1,16,12,2024,1,34.06274,-118.49723333,9,14.9,9.95436
49520,David Clark,1,16,12,2024,1,33.87266,-118.51433,3,0.4,0.26811
54287,Wayne Hampton,1,16,12,2024,1,33.9149,-118.42884667,3,1.2,0.79284
67206,John Patterson,1,16,12,2024,1,34.06274,-118.39465333,9,5.1,3.41358
41634,Amy Lang,1,16,12,2024,1,34.16834,-118.29207333,11,44.9,29.90282
29825,Alison Wallace,1,16,12,2024,1,34.06274,-118.51433,9,8.0,5.31348
11057,Melody Mendez,1,16,12,2024,1,34.0205,-118.36046,6,0.4,0.27141
12366,Trevor Newton,1,16,12,2024,1,34.04162,-118.36046,10,4.6,3.06729
78954,Jessica Lamb,1,16,12,2024,1,33.93602,-118.51433,5,7.6,5.06206
14007,Michael Glover,1,16,12,2024,1,33.85154,-118.6682,2,1.8,1.18206
72473,Patricia Garcia,1,16,12,2024,1,33.83042,-118.48013667,3,0.9,0.59808
69325,Amy Thompson,1,16,12,2024,1,33.9149,-118.36046,4,5.9,3.93477
50126,John Gardner,1,16,12,2024,1,33.93602,-118.37755667,6,3.8,2.50946
16449,Kevin Munoz,1,16,12,2024,1,33.74594,-118.42884667,1,14.9,9.93772
40849,Aaron Jimenez,1,16,12,2024,1,34.08386,-118.30917,10,1.7,1.11471
31476,Dr. Angela Stewart,1,16,12,2024,1,33.87266,-118.32626667,4,0.6,0.42243
68518,Kristen Novak,1,16,12,2024,1,34.04162,-118.39465333,9,1.7,1.14317
69220,Tina Kerr,1,16,12,2024,1,33.85154,-118.54852333,2,2.6,1.72376
39817,Jennifer Montgomery,1,16,12,2024,1,33.83042,-118.56562,2,4.2,2.7862
21506,Paul Hughes,1,16,12,2024,1,33.85154,-118.56562,2,3.9,2.57815
90051,Tanner Flynn,1,16,12,2024,1,33.9149,-118.49723333,3,6.1,4.04035
97286,Deborah Adams,1,16,12,2024,1,34.14722,-118.29207333,11,11.0,7.33443
69698,Veronica Oneal,1,16,12,2024,1,33.76706,-118.46304,1,1.8,1.23024
47563,Nicole Moreno,1,16,12,2024,1,33.93602,-118.17239667,8,27.9,18.57987
56439,Chelsea Crawford,1,16,12,2024,1,34.10498,-118.39465333,9,0.4,0.25888
51772,Natalie Taylor,1,16,12,2024,1,33.9149,-118.39465333,3,7.5,4.98779
93801,Jonathan Grant,1,16,12,2024,1,33.85154,-118.6682,2,6.8,4.51843
60637,Joshua Johnson,1,16,12,2024,1,33.97826,-118.29207333,7,10.0,6.65836
26246,Mr. Brian Allen,1,16,12,2024,1,34.1261,-118.27497667,10,12.6,8.43178
43503,Derrick Horne,1,16,12,2024,1,33.87266,-118.32626667,4,4.1,2.76047
25982,Edward Serrano,1,16,12,2024,1,33.89378,-118.20659,8,2.7,1.78908
37422,Tony Hernandez,1,16,12,2024,1,33.99938,-118.48013667,5,1.2,0.76687
42419,Tyrone Johnson,1,16,12,2024,1,33.95714,-118.25788,7,1.5,0.97841
12594,Kevin Collins,1,16,12,2024,1,33.74594,-118.58271667,2,2.2,1.47355
50842,Alexis Stewart,1,16,12,2024,1,33.95714,-118.18949333,8,23.3,15.52703
54680,Darren Rush,1,16,12,2024,1,33.99938,-118.39465333,6,2.0,1.32059
25003,Amanda Miller,1,16,12,2024,1,33.8093,-118.25788,4,12.5,8.32868
11218,Cassie Cohen,1,16,12,2024,1,33.9149,-118.48013667,3,1.3,0.8679
17032,Angela Patton,1,16,12,2024,1,33.99938,-118.20659,8,7.1,4.75362
17320,Jessica Lee,1,16,12,2024,1,34.0205,-118.49723333,5,4.7,3.1643
71843,Jacob Silva,1,16,12,2024,1,34.06274,-118.41175,9,3.1,2.04484
86943,Eric Williams,1,16,12,2024,1,33.87266,-118.29207333,4,3.2,2.16078
24140,Calvin Weeks,1,16,12,2024,1,33.85154,-118.65110333,2,4.3,2.86071
19922,Sean Mack,1,16,12,2024,1,33.74594,-118.41175,1,13.3,8.87607
50972,Madison Young,1,16,12,2024,1,33.74594,-118.49723333,1,2.5,1.66017
85818,Vickie White,1,16,12,2024,1,33.99938,-118.20659,8,4.8,3.20935
98137,Leslie Suarez,1,16,12,2024,1,33.89378,-118.36046,4,5.8,3.86162
38474,Jerry Esparza,1,16,12,2024,1,33.97826,-118.27497667,7,1.8,1.23023
72020,Katie Reese,1,16,12,2024,1,34.08386,-118.22368667,10,14.2,9.46533
74513,George Chapman,1,16,12,2024,1,33.78818,-118.39465333,1,13.9,9.2502
64301,Sean Cameron,1,16,12,2024,1,33.76706,-118.48013667,1,3.7,2.48875
18174,Miss Alexis Rodriguez,1,16,12,2024,1,34.10498,-118.44594333,9,2.1,1.42775
66537,Sabrina Anderson,1,16,12,2024,1,34.0205,-118.48013667,5,1.2,0.83076
53718,Vincent Cook,1,16,12,2024,1,33.93602,-118.30917,7,5.3,3.53345
81667,John Haney,1,16,12,2024,1,33.83042,-118.39465333,3,3.8,2.52545
16783,James Taylor,1,16,12,2024,1,33.85154,-118.39465333,3,9.5,6.31977
48076,Mathew Nichols,1,16,12,2024,1,33.8093,-118.44594333,1,7.1,4.72459
32067,Olivia Myers,1,16,12,2024,1,33.93602,-118.27497667,7,0.9,0.60896
85464,Erika Lopez,1,16,12,2024,1,34.10498,-118.42884667,9,1.5,0.9744
25603,Darren Cameron,1,16,12,2024,1,34.04162,-118.42884667,9,3.7,2.47259
52904,Isaac Washington,1,16,12,2024,1,34.1261,-118.44594333,9,9.3,6.23159
81194,David Fitzpatrick,1,16,12,2024,1,33.97826,-118.44594333,6,0.9,0.59615
40143,Linda Higgins,1,16,12,2024,1,33.87266,-118.41175,3,5.5,3.64214
57644,Amanda Jones,1,16,12,2024,1,34.10498,-118.41175,9,4.8,3.20782
68394,Alyssa Taylor,1,16,12,2024,1,34.0205,-118.20659,8,14.5,9.66073
95666,Amber Williams,1,16,12,2024,1,34.06274,-118.36046,10,2.3,1.51409
47933,Ruben Colon,1,16,12,2024,1,33.8093,-118.44594333,1,6.1,4.09968
39947,Teresa Nguyen,1,16,12,2024,1,33.85154,-118.34336333,4,6.8,4.54722
40979,Taylor Ryan,1,16,12,2024,1,34.0205,-118.41175,6,5.2,3.49035
26562,Daniel Martin,1,16,12,2024,1,34.25282,-118.24078333,11,44.0,29.3014
60796,Robert Costa,1,16,12,2024,1,33.95714,-118.41175,6,0.3,0.19206
70557,Alexander Payne,1,16,12,2024,1,34.06274,-118.48013667,9,11.4,7.59049
86988,Denise Ingram,1,16,12,2024,1,33.93602,-118.32626667,6,8.3,5.54819
34710,Dylan Spencer,1,16,12,2024,1,34.08386,-118.29207333,10,2.2,1.49576
79836,Barry Costa,1,16,12,2024,1,33.76706,-118.39465333,1,13.4,8.92082
96976,Chelsea Alvarado,1,16,12,2024,1,34.04162,-118.41175,9,1.3,0.83878
22129,Darrell White,1,16,12,2024,1,33.97826,-118.32626667,6,7.9,5.25958
70531,Donald Reed,1,16,12,2024,1,33.74594,-118.46304,1,2.7,1.77135
76661,Travis Thomas,1,16,12,2024,1,34.14722,-118.25788,11,35.8,23.84028
63059,Derrick Hall,1,16,12,2024,1,33.85154,-118.51433,3,5.8,3.85091
45735,Cody Lee,1,16,12,2024,1,34.0205,-118.42884667,6,1.2,0.7967
79680,Michelle Day,1,16,12,2024,1,34.10498,-118.49723333,9,12.6,8.42062
19270,Annette Oliver,1,16,12,2024,1,33.95714,-118.41175,6,1.4,0.93895
17808,Kayla Andrade,1,16,12,2024,1,33.76706,-118.34336333,4,9.2,6.15058
12219,Debra Mclaughlin,1,16,12,2024,1,33.97826,-118.17239667,8,13.2,8.76928
28957,Amy Ramsey,1,16,12,2024,1,34.06274,-118.41175,9,1.9,1.25664
62310,Richard Jackson,1,16,12,2024,1,33.93602,-118.39465333,6,6.4,4.28809
23644,Brandi Wolfe,1,16,12,2024,1,33.87266,-118.49723333,3,4.4,2.92541
54133,Andrea Valdez,1,16,12,2024,1,33.97826,-118.42884667,6,3.0,2.02955
65656,Marcus Burke,1,16,12,2024,1,34.10498,-118.30917,10,0.2,0.13891
16342,Christopher Morris,1,16,12,2024,1,33.99938,-118.36046,6,4.1,2.73678
98423,Phillip Lopez,1,16,12,2024,1,33.89378,-118.18949333,8,2.4,1.62069
92197,John Bryant Jr.,1,16,12,2024,1,33.8093,-118.41175,1,3.9,2.61886
85106,Samuel Foster,1,16,12,2024,1,33.95714,-118.37755667,6,5.0,3.34215
77407,Jessica Bond,1,16,12,2024,1,33.8093,-118.42884667,1,5.0,3.35235
61961,Joshua Herman,1,16,12,2024,1,33.97826,-118.39465333,6,3.3,2.20408
97256,Kevin Massey,1,16,12,2024,1,33.95714,-118.42884667,6,0.9,0.57276
30320,Jason Davis,1,16,12,2024,1,33.83042,-118.49723333,3,2.5,1.69187
44180,Travis Montes,1,16,12,2024,1,33.99938,-118.36046,6,5.1,3.37753
16436,Perry Williams,1,16,12,2024,1,33.89378,-118.54852333,2,4.2,2.77628
43900,James Edwards,1,16,12,2024,1,34.08386,-118.44594333,9,3.6,2.42136
43749,Mark Mason PhD,1,16,12,2024,1,34.08386,-118.29207333,10,1.4,0.92364
79773,Christopher Heath,1,16,12,2024,1,33.83042,-118.39465333,3,10.9,7.27109
84301,Cynthia Wilkinson,1,16,12,2024,1,34.21058,-118.30917,11,36.5,24.32981
34208,Jason Roberts,1,16,12,2024,1,33.85154,-118.34336333,4,6.2,4.14592
21475,Susan Cox,1,16,12,2024,1,34.04162,-118.49723333,9,9.6,6.4118
71957,Thomas Herring,1,16,12,2024,1,33.89378,-118.48013667,3,5.3,3.50647
39610,Brianna Doyle,1,16,12,2024,1,33.97826,-118.54852333,5,2.6,1.70196
21505,Sara West,1,16,12,2024,1,34.04162,-118.32626667,10,6.5,4.31367
72762,Amy Dixon,1,16,12,2024,1,33.87266,-118.65110333,2,3.1,2.0517
38701,Frank Walton,1,16,12,2024,1,33.78818,-118.25788,4,12.7,8.47985
57588,Michelle Rhodes,1,16,12,2024,1,33.78818,-118.34336333,4,6.5,4.36009
85590,Calvin Hopkins,1,16,12,2024,1,33.76706,-118.53142667,1,5.0,3.36154
72401,Maureen Vaughn,1,16,12,2024,1,33.78818,-118.51433,1,3.3,2.19312
72242,Spencer Simon II,1,16,12,2024,1,34.0205,-118.24078333,7,2.2,1.4527
24286,John Walter,1,16,12,2024,1,34.0205,-118.56562,5,2.9,1.90995
96803,Michael Tran,1,16,12,2024,1,34.10498,-118.22368667,10,11.4,7.62039
63424,Megan Holt,1,16,12,2024,1,33.97826,-118.49723333,5,5.1,3.4159
71838,Dwayne Davis,1,16,12,2024,1,33.97826,-118.41175,6,2.2,1.45698
16672,Katrina Smith,1,16,12,2024,1,33.74594,-118.44594333,1,10.5,7.01058
18877,Sarah Smith,1,16,12,2024,1,33.8093,-118.39465333,1,5.8,3.83604
43679,Sean Morse,1,16,12,2024,1,33.93602,-118.42884667,6,2.5,1.69412
42065,Paul Bowman,1,16,12,2024,1,34.1261,-118.29207333,10,1.8,1.17701
39299,Michele Armstrong,1,16,12,2024,1,33.89378,-118.36046,4,7.2,4.77297
42528,Jonathan Ward,1,16,12,2024,1,34.16834,-118.27497667,11,38.9,25.95455
11725,Carlos Mccoy,1,16,12,2024,1,33.95714,-118.34336333,6,8.3,5.52919
23508,Scott Baker,1,16,12,2024,1,34.10498,-118.37755667,9,3.9,2.6132
85160,Jennifer Howe,1,16,12,2024,1,33.93602,-118.1553,8,26.0,17.34865
49017,Michael Lamb,1,16,12,2024,1,33.89378,-118.63400667,2,7.7,5.13059
69392,Rachel Lopez,1,16,12,2024,1,33.89378,-118.30917,4,1.8,1.21547
46147,Ellen Harris,1,16,12,2024,1,33.93602,-118.46304,6,3.7,2.45136
94609,Stephen Santiago,1,16,12,2024,1,33.9149,-118.36046,4,9.2,6.11064
21842,Kimberly Crawford,1,16,12,2024,1,33.89378,-118.22368667,8,1.8,1.17737
22547,Katie Sawyer,1,16,12,2024,1,34.0205,-118.22368667,8,11.8,7.89159
70645,Briana Lee,1,16,12,2024,1,33.87266,-118.41175,3,4.2,2.80144
16712,Christina Shaw,1,16,12,2024,1,34.06274,-118.30917,10,2.0,1.3051
94149,Hayden Smith,1,16,12,2024,1,34.06274,-118.49723333,9,11.8,7.88021
32971,Ronald Vasquez,1,16,12,2024,1,33.93602,-118.54852333,5,7.1,4.70362
69664,Christina Hughes,1,16,12,2024,1,34.0205,-118.24078333,7,7.9,5.2572
65926,Ashley Clark,1,16,12,2024,1,33.89378,-118.53142667,3,0.8,0.52185
72246,Cynthia Murray,1,16,12,2024,1,33.78818,-118.41175,1,2.7,1.77065
30035,Benjamin Stephens,1,16,12,2024,1,33.9149,-118.27497667,4,2.3,1.51968
35250,Jason Brooks,1,16,12,2024,1,33.99938,-118.56562,5,1.5,0.96897
93232,Amanda Wagner,1,16,12,2024,1,33.93602,-118.53142667,5,5.8,3.87328
50369,Ronald Esparza,1,16,12,2024,1,33.76706,-118.48013667,1,2.8,1.83577
14868,Michael Randall,1,16,12,2024,1,34.16834,-118.29207333,11,38.9,25.92978
59607,James Hernandez,1,16,12,2024,1,33.89378,-118.20659,8,3.4,2.27844
41042,Frank Moore,1,16,12,2024,1,33.85154,-118.39465333,3,6.5,4.36198
21140,Sarah Wagner,1,16,12,2024,1,33.85154,-118.44594333,3,2.8,1.89896
70703,Erik Johnson,1,16,12,2024,1,34.14722,-118.30917,11,7.6,5.04062
76382,Melissa Matthews,1,16,12,2024,1,33.9149,-118.34336333,4,0.5,0.36236
63926,Rachel Huerta,1,16,12,2024,1,33.78818,-118.42884667,1,2.5,1.68287
31465,Brenda Hansen,1,16,12,2024,1,34.1261,-118.46304,9,5.6,3.76168
47168,Teresa Jones,1,16,12,2024,1,33.9149,-118.29207333,4,3.8,2.53945
72106,Ann Simpson,1,16,12,2024,1,34.06274,-118.24078333,10,1.9,1.2781
40465,Martin Morrison,1,16,12,2024,1,33.99938,-118.29207333,7,11.9,7.92672
58115,Gregory Clark,1,16,12,2024,1,34.0205,-118.48013667,5,9.4,6.27357
31047,James Campbell,1,16,12,2024,1,34.0205,-118.51433,5,13.8,9.20385
46328,Michael Rogers,1,16,12,2024,1,34.27394,-118.24078333,11,51.5,34.32967
32567,Catherine Burns,1,16,12,2024,1,33.83042,-118.42884667,3,4.2,2.7684
96454,Marie Carter,1,16,12,2024,1,33.89378,-118.42884667,3,2.0,1.35169
65197,Susan Wilson,1,16,12,2024,1,33.89378,-118.32626667,4,8.4,5.59603
54301,Tammy Ross,1,16,12,2024,1,33.74594,-118.44594333,1,5.9,3.96239
67758,Crystal Smith,1,16,12,2024,1,33.89378,-118.44594333,3,2.7,1.80822
94484,Stephanie Alexander,1,16,12,2024,1,33.95714,-118.54852333,5,2.6,1.7322
82809,Charlotte Christensen,1,16,12,2024,1,33.87266,-118.49723333,3,2.6,1.72386
20246,Christopher Schroeder,1,16,12,2024,1,33.76706,-118.54852333,1,4.0,2.6346
81864,Lonnie French,1,16,12,2024,1,33.97826,-118.36046,6,4.7,3.13744
12183,Kristin Allen,1,16,12,2024,1,34.27394,-118.30917,11,55.7,37.10507
28642,Felicia Walter,1,16,12,2024,1,33.89378,-118.41175,3,4.0,2.67291
69646,Joshua Matthews,1,16,12,2024,1,33.87266,-118.63400667,2,3.5,2.32499
83992,Dr. Bruce Abbott MD,1,16,12,2024,1,34.04162,-118.42884667,9,3.2,2.12045
78297,Adriana Velazquez,1,16,12,2024,1,34.04162,-118.51433,9,7.9,5.23844
31672,Tony Grimes,1,16,12,2024,1,34.04162,-118.25788,10,8.9,5.91512
84023,Brooke Bowman,1,16,12,2024,1,34.06274,-118.29207333,10,2.2,1.47438
44541,Lori Munoz,1,16,12,2024,1,34.06274,-118.25788,10,4.2,2.78973
49362,Nichole Chapman,1,16,12,2024,1,33.87266,-118.54852333,2,4.4,2.9266
40111,Melissa Donaldson,1,16,12,2024,1,33.78818,-118.56562,2,3.1,2.09941
71551,Teresa Fisher,1,16,12,2024,1,34.25282,-118.25788,11,44.5,29.66231
10315,Thomas Hill,1,16,12,2024,1,33.89378,-118.29207333,4,6.7,4.49986
73733,Frank Ramsey,1,16,12,2024,1,33.99938,-118.51433,5,5.0,3.31765
31363,Wendy Johnson,1,16,12,2024,1,33.99938,-118.56562,5,2.1,1.41739
35096,Elizabeth Marshall,1,16,12,2024,1,33.8093,-118.59981333,2,1.0,0.65787
30392,Jessica Moran,1,16,12,2024,1,34.04162,-118.32626667,10,3.9,2.60195
94661,Matthew Cox,1,16,12,2024,1,34.0205,-118.37755667,6,1.0,0.69752
88152,Robert Wilson,1,16,12,2024,1,33.87266,-118.46304,3,0.8,0.52631
65070,Nicholas Henry,1,16,12,2024,1,34.04162,-118.46304,9,1.6,1.04056
92921,Laura Garrison,1,16,12,2024,1,33.87266,-118.61691,2,7.8,5.22062
26299,Alex Wang,1,16,12,2024,1,33.7037,-118.44594333,1,2.9,1.95687
82444,Michael Burgess,1,16,12,2024,1,33.85154,-118.44594333,3,4.7,3.12724
41177,James Young,1,16,12,2024,1,33.87266,-118.59981333,2,2.6,1.74725
20157,Breanna Ortiz,1,16,12,2024,1,33.78818,-118.49723333,1,2.5,1.69585
15772,Jacob Long,1,16,12,2024,1,33.87266,-118.29207333,4,10.1,6.73509
88076,Michael Morgan,1,16,12,2024,1,34.27394,-118.24078333,11,55.6,37.05839
88136,Kristen Craig,1,16,12,2024,1,34.0205,-118.54852333,5,2.2,1.45146
50050,Randall Johnston,1,16,12,2024,1,33.93602,-118.32626667,6,8.5,5.64167
13133,Darryl Martinez,1,16,12,2024,1,33.95714,-118.29207333,7,3.1,2.09518
62348,James James,1,16,12,2024,1,34.14722,-118.27497667,11,36.6,24.38475
33020,Patricia Robinson,1,16,12,2024,1,33.87266,-118.6682,2,10.4,6.92718
87004,Jacqueline Garcia,1,16,12,2024,1,33.99938,-118.24078333,7,6.2,4.15081
10564,Jennifer Rodriguez,1,16,12,2024,1,33.72482,-118.42884667,1,12.7,8.47081
27904,Kathryn Stewart,1,16,12,2024,1,34.25282,-118.22368667,11,53.6,35.70892
72725,Joshua Goodwin,1,16,12,2024,1,33.83042,-118.36046,4,3.1,2.08207
91423,Andrew Arnold,1,16,12,2024,1,33.97826,-118.32626667,6,11.6,7.75647
76513,Faith George,1,16,12,2024,1,33.95714,-118.29207333,7,2.1,1.40337
46727,Jessica Pacheco,1,16,12,2024,1,33.99938,-118.18949333,8,12.4,8.26805
41686,Wendy Young,1,16,12,2024,1,34.0205,-118.41175,6,3.5,2.31414
17529,Paula Vasquez,1,16,12,2024,1,34.06274,-118.37755667,9,3.5,2.3235
23579,David Cox,1,16,12,2024,1,33.95714,-118.22368667,8,0.9,0.61992
63525,Garrett Graham,1,16,12,2024,1,33.97826,-118.37755667,6,1.8,1.19595
90877,Rebecca Hoover,1,16,12,2024,1,33.8093,-118.61691,2,10.1,6.7294
78763,Nicholas Crawford,1,16,12,2024,1,33.78818,-118.44594333,1,4.2,2.80996
67863,Ashley Sawyer,1,16,12,2024,1,33.87266,-118.63400667,2,5.9,3.91597
10188,Brian Peterson,1,16,12,2024,1,33.95714,-118.1553,8,26.6,17.75245
65804,Tina Thomas,1,16,12,2024,1,33.95714,-118.30917,7,2.6,1.75862
93934,Daniel Collier,1,16,12,2024,1,33.83042,-118.44594333,3,2.9,1.91503
41393,Karen Pierce,1,16,12,2024,1,33.7037,-118.41175,1,14.3,9.56437
31028,Ashley Fisher,1,16,12,2024,1,33.85154,-118.56562,2,4.3,2.83631
31671,Stephen Luna,1,16,12,2024,1,33.93602,-118.58271667,5,3.8,2.50953
34105,Sarah Montoya,1,16,12,2024,1,33.89378,-118.37755667,4,5.1,3.42815
81840,Jorge Williams,1,16,12,2024,1,34.06274,-118.39465333,9,1.3,0.83407
66861,Carol Forbes,1,16,12,2024,1,33.85154,-118.51433,3,4.6,3.07465
72181,John Hale,1,16,12,2024,1,33.93602,-118.39465333,6,3.3,2.22245
29818,John Rice,1,16,12,2024,1,33.8093,-118.29207333,4,8.1,5.39886
33657,April Reed,1,16,12,2024,1,33.72482,-118.51433,1,1.8,1.18777
26570,Matthew Watson,1,16,12,2024,1,34.04162,-118.30917,10,5.8,3.84981
50971,Julie Graves,1,16,12,2024,1,34.1261,-118.48013667,9,13.1,8.76141
30288,Mr. Travis Collins Jr.,1,16,12,2024,1,33.93602,-118.18949333,8,29.6,19.74795
94626,Samuel Vargas,1,16,12,2024,1,33.9149,-118.25788,4,2.6,1.70567
35355,Patricia Lara,1,16,12,2024,1,33.9149,-118.36046,4,11.6,7.73698
91104,Ryan Knox,1,16,12,2024,1,33.89378,-118.46304,3,1.1,0.76598
33130,Troy Olsen,1,16,12,2024,1,33.85154,-118.63400667,2,4.4,2.94994
52138,Rachel Brown,1,16,12,2024,1,34.08386,-118.49723333,9,11.4,7.5923
32325,Robert Olson,1,16,12,2024,1,34.0205,-118.32626667,6,2.1,1.38461
81635,Lindsey Davis,1,16,12,2024,1,33.74594,-118.53142667,1,1.5,0.98489
88509,Heather Marshall,1,16,12,2024,1,34.0205,-118.34336333,6,5.2,3.46326
85616,Kelly Cunningham,1,16,12,2024,1,34.21058,-118.27497667,11,42.5,28.35739
32269,Jeffrey Livingston,1,16,12,2024,1,33.89378,-118.32626667,4,2.4,1.62211
78535,Taylor Williams,1,16,12,2024,1,33.95714,-118.48013667,5,3.1,2.08996
31123,Joshua Lopez,1,16,12,2024,1,33.97826,-118.32626667,6,12.8,8.52264
48333,Lisa Rios,1,16,12,2024,1,34.0205,-118.25788,7,1.5,1.00299
23422,Kendra Smith,1,16,12,2024,1,34.0205,-118.29207333,7,6.2,4.11679
78014,Joe Fox,1,16,12,2024,1,33.87266,-118.30917,4,3.0,1.98516
41722,Angela Schultz,1,16,12,2024,1,33.83042,-118.44594333,3,2.0,1.31224
26943,David Roberts,1,16,12,2024,1,33.83042,-118.37755667,4,4.3,2.87865
82714,Kristin Malone,1,16,12,2024,1,34.0205,-118.27497667,7,5.1,3.37797
42294,Lori Campbell,1,16,12,2024,1,33.72482,-118.44594333,1,13.6,9.04857
52215,Gregory Stanley,1,16,12,2024,1,34.08386,-118.27497667,10,3.6,2.41037
15124,Corey Mahoney,1,16,12,2024,1,34.04162,-118.30917,10,6.2,4.14387
66083,Anthony Williamson,1,16,12,2024,1,33.85154,-118.37755667,4,5.6,3.76379
99321,Justin Lam,1,16,12,2024,1,34.1261,-118.25788,10,13.7,9.12891
83214,Kelly Gross,1,16,12,2024,1,33.78818,-118.56562,2,0.7,0.4905
94253,Janice Phillips,1,16,12,2024,1,33.9149,-118.24078333,4,3.2,2.13005
73810,Donna Davis,1,16,12,2024,1,34.06274,-118.34336333,10,0.3,0.17339
59635,Debra Martinez,1,16,12,2024,1,34.08386,-118.44594333,9,0.5,0.30147
56934,Christine Zimmerman,1,16,12,2024,1,33.99938,-118.25788,7,1.8,1.1824
21463,Terry Murray,1,16,12,2024,1,33.97826,-118.51433,5,5.0,3.32052
96323,Angel Ayala,1,16,12,2024,1,33.93602,-118.42884667,6,0.8,0.52344
91286,Hannah Hodges,1,16,12,2024,1,33.97826,-118.18949333,8,11.3,7.52409
12537,Johnathan Whitaker,1,16,12,2024,1,33.85154,-118.42884667,3,1.7,1.1143
49206,Sheri Olson,1,16,12,2024,1,34.10498,-118.25788,10,14.8,9.89516
40245,Lauren Cook,1,16,12,2024,1,34.08386,-118.42884667,9,4.3,2.85702
20780,Casey Long,1,16,12,2024,1,34.06274,-118.30917,10,2.7,1.78819
88047,Lee Ball,1,16,12,2024,1,33.95714,-118.39465333,6,4.5,2.96705
81366,Jane Smith,1,16,12,2024,1,34.21058,-118.27497667,11,47.7,31.76945
83579,Shannon Suarez,1,16,12,2024,1,34.25282,-118.22368667,11,50.3,33.55284
83250,Denise Anderson,1,16,12,2024,1,33.9149,-118.51433,3,3.3,2.16798
85279,Joseph Jones MD,1,16,12,2024,1,33.87266,-118.39465333,3,1.9,1.2953
49727,Amanda Brown,1,16,12,2024,1,33.87266,-118.44594333,3,1.1,0.71068
30590,Jeremy Moreno,1,16,12,2024,1,33.99938,-118.34336333,6,6.3,4.18988
51172,Stephen West,1,16,12,2024,1,34.06274,-118.32626667,10,2.7,1.77686
42969,Sara Dawson,1,16,12,2024,1,33.76706,-118.56562,2,3.9,2.62226
74941,Christine Rice,1,16,12,2024,1,34.29506,-118.29207333,11,49.3,32.85791
62352,Sydney Wang,1,16,12,2024,1,33.83042,-118.41175,3,0.8,0.51591
11692,James Williams,1,16,12,2024,1,33.87266,-118.46304,3,1.8,1.21128
94305,Suzanne Nguyen,1,16,12,2024,1,34.10498,-118.30917,10,0.2,0.15016
90739,Richard Scott,1,16,12,2024,1,34.0205,-118.30917,7,3.0,2.01133
68767,Rebecca Smith,1,16,12,2024,1,34.0205,-118.18949333,8,13.6,9.04456
99097,Ronald Schmidt,1,16,12,2024,1,34.0205,-118.39465333,6,0.8,0.53084
99743,Christina Cruz,1,16,12,2024,1,33.74594,-118.56562,2,1.7,1.12535
91402,Holly Bentley,1,16,12,2024,1,33.93602,-118.30917,7,7.2,4.80701
65974,Yolanda Hawkins,1,16,12,2024,1,34.31618,-118.27497667,11,65.9,43.91017
10580,Teresa Bennett,1,16,12,2024,1,33.95714,-118.49723333,5,3.2,2.10275
71979,Jonathon Hays,1,16,12,2024,1,33.95714,-118.51433,5,6.3,4.20058
79465,Paul Campbell,1,16,12,2024,1,34.08386,-118.24078333,10,15.0,9.97389
69868,Megan Ware,1,16,12,2024,1,33.8093,-118.49723333,1,1.7,1.14634
98052,Richard Mason,1,16,12,2024,1,33.99938,-118.18949333,8,14.1,9.36797
43167,Megan Walker,1,16,12,2024,1,33.9149,-118.53142667,3,1.1,0.73842
17193,Jennifer Simmons,1,16,12,2024,1,33.83042,-118.34336333,4,6.9,4.60543
76662,Tina Velasquez,1,16,12,2024,1,33.76706,-118.46304,1,1.5,0.97781
50662,Erin Ford,1,16,12,2024,1,34.04162,-118.36046,10,0.7,0.49308
54385,Katrina Collins,1,16,12,2024,1,33.76706,-118.37755667,4,14.4,9.59163
61441,Jeremy Rhodes,1,16,12,2024,1,34.0205,-118.34336333,6,7.0,4.65555
93203,Miranda Walker,1,16,12,2024,1,33.89378,-118.48013667,3,0.9,0.6116
34257,Cindy Robbins,1,16,12,2024,1,34.10498,-118.24078333,10,14.6,9.72229
53350,Jeremy Hernandez,1,16,12,2024,1,34.16834,-118.27497667,11,33.8,22.51647
18334,John Arroyo,1,16,12,2024,1,33.97826,-118.46304,6,2.5,1.65962
58513,Dr. Marc Myers MD,1,16,12,2024,1,33.95714,-118.24078333,7,1.8,1.18672
49171,Jennifer Dickerson,1,16,12,2024,1,33.8093,-118.53142667,1,3.2,2.1225
72710,Karen Thomas,1,16,12,2024,1,33.83042,-118.37755667,4,8.6,5.72625
84849,Melissa Huang,1,16,12,2024,1,33.93602,-118.39465333,6,0.6,0.3922
68249,Kenneth Stephenson,1,16,12,2024,1,33.99938,-118.34336333,6,4.3,2.85816
26668,Maria James,1,16,12,2024,1,34.3373,-118.30917,11,61.8,41.16727
53903,Rose Sanford,1,16,12,2024,1,34.0205,-118.53142667,5,13.2,8.77072
23971,Kelly Calderon,1,16,12,2024,1,33.74594,-118.59981333,2,3.4,2.28977
45149,Elizabeth Stone,1,16,12,2024,1,34.04162,-118.37755667,9,3.0,1.97067
99396,Brandy Rodgers,1,16,12,2024,1,34.0205,-118.32626667,6,3.3,2.2126
88667,Mark Dunn,1,16,12,2024,1,33.9149,-118.49723333,3,10.2,6.81411
34941,Michael Burns,1,16,12,2024,1,33.93602,-118.42884667,6,1.6,1.06077
27461,Roger Lawrence,1,16,12,2024,1,34.04162,-118.27497667,10,5.2,3.48198
48464,Anna Mccarty,1,16,12,2024,1,33.97826,-118.36046,6,2.1,1.42909
69650,Jack Myers,1,16,12,2024,1,33.97826,-118.39465333,6,3.4,2.27961
80591,Rebecca Terrell,1,16,12,2024,1,34.04162,-118.46304,9,2.0,1.32984
18556,Alexis Collins,1,16,12,2024,1,33.83042,-118.58271667,2,6.5,4.31337
13850,Caleb Sullivan,1,16,12,2024,1,33.87266,-118.53142667,3,2.7,1.7822
14515,Brian Hill,1,16,12,2024,1,34.0205,-118.49723333,5,14.8,9.8886
87201,Stephanie Ortiz,1,16,12,2024,1,33.95714,-118.56562,5,1.2,0.79997
58748,Janice Gibbs,1,16,12,2024,1,33.97826,-118.42884667,6,2.0,1.3562
13300,Lance Moore,1,16,12,2024,1,34.08386,-118.39465333,9,5.6,3.73104
79265,Brandon Wong,1,16,12,2024,1,34.04162,-118.37755667,9,0.9,0.59538
56832,Christina Warren,1,16,12,2024,1,34.08386,-118.24078333,10,1.3,0.84095
90617,Jeff Garcia,1,16,12,2024,1,33.83042,-118.53142667,3,2.3,1.51828
76909,Matthew Higgins,1,16,12,2024,1,34.25282,-118.30917,11,49.8,33.17762
92314,James Simmons,1,16,12,2024,1,33.93602,-118.37755667,6,2.2,1.46088
56343,Tara Boyd,1,16,12,2024,1,34.04162,-118.34336333,10,3.1,2.05235
33812,Mark White,1,16,12,2024,1,34.06274,-118.27497667,10,8.8,5.85151
62286,Diana Perez,1,16,12,2024,1,33.95714,-118.30917,7,4.8,3.21173
86827,Amy James,1,16,12,2024,1,33.83042,-118.65110333,2,10.4,6.91046
55488,Matthew Roberts,1,16,12,2024,1,33.97826,-118.44594333,6,2.0,1.3317
23271,Kayla Powers,1,16,12,2024,1,34.2317,-118.22368667,11,43.7,29.10406
91255,Jeffrey Rodriguez,1,16,12,2024,1,34.2317,-118.25788,11,50.7,33.7912
72175,Casey Day,1,16,12,2024,1,34.10498,-118.22368667,10,14.6,9.74283
24521,Megan Salas,1,16,12,2024,1,33.95714,-118.46304,6,4.8,3.19452
38196,Michael Lee,1,16,12,2024,1,33.76706,-118.56562,2,3.1,2.06786
31325,John Ayala,1,16,12,2024,1,34.0205,-118.36046,6,2.1,1.42548
98845,Michael Berger,1,16,12,2024,1,33.9149,-118.51433,3,2.9,1.90531
87536,Kimberly Graves,1,16,12,2024,1,33.8093,-118.53142667,1,1.1,0.73829
73420,Matthew Espinoza,1,16,12,2024,1,33.99938,-118.41175,6,1.8,1.21369
73736,Stephen Ryan,1,16,12,2024,1,33.76706,-118.51433,1,3.5,2.35799
76042,Leslie Campbell,1,16,12,2024,1,33.95714,-118.17239667,8,21.6,14.3971
74203,Kendra Mills,1,16,12,2024,1,33.83042,-118.42884667,3,4.4,2.91768
94041,Allison Potter,1,16,12,2024,1,33.99938,-118.34336333,6,2.5,1.64746
25925,Charles Kent,1,16,12,2024,1,33.93602,-118.49723333,5,1.6,1.09037
20909,Krystal Wagner,1,16,12,2024,1,33.9149,-118.32626667,4,6.8,4.51972
94399,Michael Shepard,1,16,12,2024,1,33.95714,-118.41175,6,1.7,1.15769
70251,Robert Parker,1,16,12,2024,1,34.21058,-118.29207333,11,51.0,34.03239
64049,Michael Mitchell,1,16,12,2024,1,33.89378,-118.44594333,3,1.0,0.66482
33184,Gloria Perez,1,16,12,2024,1,33.93602,-118.46304,6,3.4,2.29473
22590,Cathy Taylor,1,16,12,2024,1,33.78818,-118.48013667,1,3.3,2.20316
75672,Daniel Miranda,1,16,12,2024,1,33.93602,-118.41175,6,2.7,1.79028
20826,Nicole Kline,1,16,12,2024,1,33.87266,-118.39465333,3,3.5,2.35624
82621,Kristin Richard,1,16,12,2024,1,33.76706,-118.41175,1,11.9,7.92764
39169,Duane Harvey,1,16,12,2024,1,33.8093,-118.27497667,4,14.0,9.36471
81148,Stephen Moody,1,16,12,2024,1,33.93602,-118.34336333,6,3.0,1.99562
45173,Victoria Santiago,1,16,12,2024,1,33.8093,-118.54852333,1,2.7,1.82616
90498,Mark Morse,1,16,12,2024,1,33.87266,-118.51433,3,2.5,1.6524
46120,Ashley Bishop,1,16,12,2024,1,34.1261,-118.29207333,10,7.7,5.14204
82239,John Fry,1,16,12,2024,1,34.04162,-118.32626667,10,3.1,2.09689
99660,Barbara Miller,1,16,12,2024,1,33.74594,-118.46304,1,2.1,1.422
23689,Sheri Parks,1,16,12,2024,1,33.89378,-118.58271667,2,11.6,7.72798
74174,Elizabeth Brown,1,16,12,2024,1,34.06274,-118.29207333,10,12.7,8.4497
20682,Daniel Carter,1,16,12,2024,1,34.14722,-118.27497667,11,35.1,23.38804
72563,Tyler Lynch,1,16,12,2024,1,33.93602,-118.36046,6,2.1,1.39892
47474,Kara Roberson,1,16,12,2024,1,33.85154,-118.44594333,3,0.7,0.45443
82551,Kimberly Lewis,1,16,12,2024,1,33.87266,-118.36046,4,5.4,3.60385
82106,Luis Robertson,1,16,12,2024,1,34.06274,-118.42884667,9,6.0,3.99349
41781,Brent Castillo,1,16,12,2024,1,33.85154,-118.37755667,4,6.3,4.17115
39055,Joshua Smith,1,16,12,2024,1,33.78818,-118.37755667,4,14.0,9.32135
90147,Jeremy Cannon,1,16,12,2024,1,33.87266,-118.34336333,4,2.3,1.55568
85666,Andrew Pena,1,16,12,2024,1,33.9149,-118.41175,3,3.3,2.22921
39515,Kim Morris,1,16,12,2024,1,34.3373,-118.25788,11,63.2,42.16274
28134,Daniel Rivas,1,16,12,2024,1,34.04162,-118.37755667,9,1.8,1.21225
39324,Emma Cortez,1,16,12,2024,1,33.78818,-118.59981333,2,2.7,1.78963
11303,Christine Williams,1,16,12,2024,1,34.31618,-118.25788,11,59.8,39.87187
37958,Amber Jimenez,1,16,12,2024,1,33.97826,-118.37755667,6,1.5,1.02437
38991,Heather Bryan,1,16,12,2024,1,33.72482,-118.48013667,1,4.0,2.67316
64397,Robert Hernandez,1,16,12,2024,1,33.76706,-118.54852333,1,2.1,1.4073
98527,Jonathan Mason,1,16,12,2024,1,33.8093,-118.36046,4,9.1,6.03376
41172,Mitchell Walters,1,16,12,2024,1,33.87266,-118.58271667,2,4.2,2.76703
16234,Alyssa Williams,1,16,12,2024,1,33.74594,-118.53142667,1,1.4,0.92761
67153,Juan Day,1,16,12,2024,1,33.83042,-118.61691,2,0.6,0.36777
43240,Brandy Lee,1,16,12,2024,1,33.97826,-118.30917,7,11.6,7.7272
21782,Martin Beck,1,16,12,2024,1,34.1261,-118.48013667,9,8.4,5.60044
71815,Veronica Dougherty,1,16,12,2024,1,33.7037,-118.49723333,1,3.9,2.62466
87213,Mark Wyatt,1,16,12,2024,1,34.08386,-118.25788,10,8.4,5.60168
28959,Deborah Adams,1,16,12,2024,1,33.89378,-118.34336333,4,1.3,0.85356
85499,Tina Hoffman,1,16,12,2024,1,33.99938,-118.25788,7,9.9,6.62348
92313,Amber Scott,1,16,12,2024,1,33.8093,-118.53142667,1,0.3,0.18015
54802,Veronica Morrow,1,16,12,2024,1,33.87266,-118.56562,2,3.4,2.23639
34441,Ryan Cole,1,16,12,2024,1,33.72482,-118.49723333,1,3.2,2.13939
24178,Matthew Vargas,1,16,12,2024,1,33.87266,-118.65110333,2,2.4,1.61849
78332,Kim Collins,1,16,12,2024,1,34.18946,-118.30917,11,8.6,5.71476
82602,Jordan Martinez,1,16,12,2024,1,33.9149,-118.49723333,3,8.1,5.39956
82546,Jennifer Salazar,1,16,12,2024,1,33.8093,-118.65110333,2,6.9,4.59969
89290,Melissa Lawson,1,16,12,2024,1,33.85154,-118.48013667,3,1.1,0.75883
21003,Jeffrey Kennedy,1,16,12,2024,1,34.0205,-118.20659,8,13.4,8.92708
55307,Nicholas Lawson,1,16,12,2024,1,33.93602,-118.25788,7,1.6,1.05922
12079,Robert Solis,1,16,12,2024,1,33.89378,-118.56562,2,2.4,1.61473
26603,Gary Burns,1,16,12,2024,1,33.76706,-118.32626667,4,5.9,3.92993
82776,Adam Robertson,1,16,12,2024,1,33.95714,-118.36046,6,3.8,2.55976
11581,Kimberly Hester,1,16,12,2024,1,33.99938,-118.53142667,5,4.8,3.19371
60416,Kathy Page,1,16,12,2024,1,34.0205,-118.51433,5,8.2,5.49576
22594,Taylor Christian,1,16,12,2024,1,33.97826,-118.29207333,7,5.3,3.52983
54674,Rhonda Cowan,1,16,12,2024,1,34.08386,-118.32626667,10,2.2,1.45428
26578,Alicia Adams,1,16,12,2024,1,34.0205,-118.22368667,8,8.6,5.74405
38666,Laura Smith,1,16,12,2024,1,33.9149,-118.39465333,3,5.1,3.37685
77355,Larry Mendez,1,16,12,2024,1,33.93602,-118.29207333,7,7.3,4.86745
94762,Tracey Spencer,1,16,12,2024,1,33.99938,-118.49723333,5,3.6,2.38974
33297,Angela White,1,16,12,2024,1,33.87266,-118.54852333,2,5.5,3.64452
45809,Jennifer Rose,1,16,12,2024,1,33.89378,-118.61691,2,8.7,5.82035
67327,William Coleman,1,16,12,2024,1,33.87266,-118.48013667,3,0.5,0.30786
77503,Michael Jackson,1,16,12,2024,1,34.1261,-118.27497667,10,13.6,9.06494
10457,Rebecca Harvey,1,16,12,2024,1,33.9149,-118.29207333,4,1.1,0.75885
97886,Lisa Rodriguez,1,16,12,2024,1,34.31618,-118.24078333,11,58.0,38.67874
32306,Justin Morgan,1,16,12,2024,1,33.76706,-118.41175,1,13.9,9.2411
45357,Scott Ward,1,16,12,2024,1,33.89378,-118.27497667,4,6.1,4.08501
18642,Julie Saunders,1,16,12,2024,1,34.06274,-118.36046,10,0.7,0.44356
18542,Gina Vance,1,16,12,2024,1,33.72482,-118.41175,1,14.0,9.32751
62470,Brandon Jordan,1,16,12,2024,1,34.18946,-118.30917,11,10.3,6.8816
69546,Jason Bush,1,16,12,2024,1,33.9149,-118.54852333,2,0.4,0.28474
72541,Emily Werner,1,16,12,2024,1,33.97826,-118.17239667,8,14.4,9.63115
58388,Ashley Rodriguez,1,16,12,2024,1,33.8093,-118.44594333,1,1.6,1.0604
35477,Thomas Lopez,1,16,12,2024,1,33.97826,-118.24078333,7,12.8,8.55598
37562,Taylor Grant DDS,1,16,12,2024,1,33.97826,-118.51433,5,2.2,1.46069
75386,Barry Brown,1,16,12,2024,1,33.76706,-118.53142667,1,4.5,3.02021
79052,Alexis Gilbert,1,16,12,2024,1,33.83042,-118.49723333,3,4.3,2.83464
29373,Gary Johnston,1,16,12,2024,1,33.78818,-118.39465333,1,10.9,7.29622
67754,Keith Hebert,1,16,12,2024,1,34.0205,-118.34336333,6,2.2,1.4937
12913,Elizabeth Lewis,1,16,12,2024,1,33.76706,-118.27497667,4,11.8,7.89312
25287,Carrie Stewart,1,16,12,2024,1,33.97826,-118.48013667,5,2.4,1.60161
79593,Cheryl Rowland,1,16,12,2024,1,34.0205,-118.54852333,5,2.0,1.3273
96389,Alicia Rios,1,16,12,2024,1,34.08386,-118.37755667,9,4.8,3.17755
96130,Donald Rodriguez,1,16,12,2024,1,34.08386,-118.30917,10,1.2,0.83111
74612,Kayla Wallace DVM,1,16,12,2024,1,33.9149,-118.17239667,8,35.2,23.49135
39686,Sandra Hines,1,16,12,2024,1,33.89378,-118.29207333,4,3.8,2.55317
42409,Randy Fletcher,1,16,12,2024,1,34.18946,-118.27497667,11,33.1,22.07631
85094,Cynthia Petersen,1,16,12,2024,1,34.04162,-118.25788,10,3.6,2.42833
47156,Michael Keith,1,16,12,2024,1,33.8093,-118.46304,1,1.6,1.08565
43346,Deborah Jackson,1,16,12,2024,1,33.87266,-118.44594333,3,3.3,2.22305
75720,William Potts,1,16,12,2024,1,33.89378,-118.18949333,8,0.2,0.1263
11802,David Collins,1,16,12,2024,1,33.95714,-118.51433,5,2.6,1.71816
41739,Katherine Miller,1,16,12,2024,1,33.8093,-118.48013667,1,4.0,2.69407
85476,Christopher Johnson,1,16,12,2024,1,34.0205,-118.46304,6,1.4,0.94917
49903,Brian Serrano,1,16,12,2024,1,34.18946,-118.29207333,11,41.8,27.87803
93432,Henry Price,1,16,12,2024,1,34.06274,-118.29207333,10,0.9,0.60708
19669,Timothy Blackwell,1,16,12,2024,1,34.0205,-118.49723333,5,10.5,6.97166
97290,Benjamin Wilson,1,16,12,2024,1,33.97826,-118.24078333,7,13.7,9.10155
47852,Steven Maynard DDS,1,16,12,2024,1,34.0205,-118.18949333,8,13.3,8.8669
45151,Angela Kirby,1,16,12,2024,1,33.99938,-118.51433,5,1.8,1.19774
55164,Sheri Vazquez,1,16,12,2024,1,33.97826,-118.49723333,5,0.8,0.52916
89972,Michael Porter,1,16,12,2024,1,33.99938,-118.49723333,5,2.4,1.57068
64596,Toni Hill,1,16,12,2024,1,33.89378,-118.65110333,2,2.9,1.93571
98173,Lindsey Salazar,1,16,12,2024,1,33.97826,-118.53142667,5,3.5,2.32117
48109,Elizabeth Smith,1,16,12,2024,1,33.78818,-118.32626667,4,3.2,2.1645
53260,Emily Kim,1,16,12,2024,1,33.97826,-118.42884667,6,1.1,0.73209
22053,Eric Weaver,1,16,12,2024,1,33.74594,-118.48013667,1,2.1,1.42106
38436,Daniel Rowland,1,16,12,2024,1,33.76706,-118.29207333,4,12.7,8.4788
73237,Kyle Higgins,1,16,12,2024,1,33.93602,-118.49723333,5,5.0,3.36134
97050,Danielle Henry,1,16,12,2024,1,34.29506,-118.30917,11,49.3,32.83649
66539,Eric Davis,1,16,12,2024,1,33.89378,-118.56562,2,7.9,5.24097
21119,Gregory Turner,1,16,12,2024,1,33.97826,-118.1553,8,14.6,9.73055
47117,Brandon Werner,1,16,12,2024,1,34.04162,-118.29207333,10,1.7,1.13728
63718,Raymond Steele,1,16,12,2024,1,33.89378,-118.37755667,4,1.8,1.19853
93165,Shelby Fry,1,16,12,2024,1,33.7037,-118.48013667,1,5.3,3.54556
15745,Andrew Landry,1,16,12,2024,1,33.78818,-118.61691,2,2.3,1.56253
96176,Robert Miller,1,16,12,2024,1,33.85154,-118.41175,3,2.0,1.35617
43058,Jennifer Clark,1,16,12,2024,1,34.04162,-118.22368667,10,5.4,3.63168
44158,Jessica Jones,1,16,12,2024,1,34.1261,-118.27497667,10,13.6,9.08697
35016,Kyle Estes,1,16,12,2024,1,33.95714,-118.18949333,8,22.9,15.25077
11897,Andrew Miller,1,16,12,2024,1,33.78818,-118.25788,4,11.3,7.53901
65759,Chad Carlson,1,16,12,2024,1,33.99938,-118.39465333,6,1.4,0.96096
44480,Benjamin Kemp,1,16,12,2024,1,34.06274,-118.24078333,10,2.9,1.92216
74144,Sara Foley,1,16,12,2024,1,33.83042,-118.56562,2,6.4,4.281
83899,Jodi Roberts,1,16,12,2024,1,33.97826,-118.53142667,5,2.6,1.73801
83945,Mark Douglas,1,16,12,2024,1,33.93602,-118.48013667,5,6.9,4.60671
78202,Miranda Martin,1,16,12,2024,1,34.18946,-118.27497667,11,46.7,31.15313
11511,Laurie Norris,1,16,12,2024,1,33.95714,-118.51433,5,3.0,1.97577
46581,Phyllis Fisher,1,16,12,2024,1,34.0205,-118.29207333,7,2.3,1.55476
80693,Haley Riddle,1,16,12,2024,1,33.9149,-118.22368667,8,2.4,1.62077
47417,Jennifer Williams,1,16,12,2024,1,33.76706,-118.49723333,1,1.2,0.82665
52155,Cynthia Lambert,1,16,12,2024,1,33.87266,-118.36046,4,1.2,0.7976
71069,April Moore,1,16,12,2024,1,33.95714,-118.42884667,6,1.5,0.9862
20198,Nancy Cervantes,1,16,12,2024,1,33.8093,-118.56562,2,5.3,3.56094
73915,Christine King,1,16,12,2024,1,33.97826,-118.34336333,6,2.2,1.4565
84445,Eric Keller,1,16,12,2024,1,34.0205,-118.30917,7,2.3,1.54134
35908,Troy Frey,1,16,12,2024,1,34.04162,-118.39465333,9,1.2,0.80915
44305,Aaron Ramsey,1,16,12,2024,1,34.1261,-118.30917,10,0.5,0.3165
17917,Joshua Berry,1,16,12,2024,1,33.78818,-118.29207333,4,13.6,9.08605
93719,Allison Garner,1,16,12,2024,1,33.89378,-118.65110333,2,5.9,3.96459
81785,Grant Taylor,1,16,12,2024,1,33.78818,-118.54852333,1,1.7,1.14509
15534,Vincent Walker,1,16,12,2024,1,34.25282,-118.24078333,11,45.6,30.36695
48357,Kevin Howard,1,16,12,2024,1,34.16834,-118.29207333,11,40.0,26.68508
71040,Pamela Fleming,1,16,12,2024,1,33.89378,-118.39465333,3,2.1,1.425
52549,David Bell,1,16,12,2024,1,34.06274,-118.36046,10,7.3,4.88527
16584,Robert Knapp,1,16,12,2024,1,33.95714,-118.37755667,6,3.4,2.28179
92090,Kimberly Snyder,1,16,12,2024,1,33.95714,-118.46304,6,1.3,0.88317
50437,Walter Bennett,1,16,12,2024,1,33.78818,-118.46304,1,3.2,2.14655
64030,Christina Sanchez,1,16,12,2024,1,33.99938,-118.42884667,6,2.4,1.62778
52320,Brittany Vega,1,16,12,2024,1,33.95714,-118.32626667,6,4.2,2.80119
83534,Christine Stanley,1,16,12,2024,1,33.99938,-118.48013667,5,0.9,0.57174
74222,Larry Martinez,1,16,12,2024,1,34.0205,-118.27497667,7,1.7,1.15846
41565,Bobby Gomez,1,16,12,2024,1,33.76706,-118.61691,2,0.9,0.60489
88184,Brandi Richardson,1,16,12,2024,1,33.99938,-118.49723333,5,7.6,5.0723
34694,Ray Diaz,1,16,12,2024,1,33.95714,-118.39465333,6,4.4,2.91635
38034,Caleb Yang,1,16,12,2024,1,34.0205,-118.39465333,6,2.8,1.87251
65019,Angela Morton,1,16,12,2024,1,34.04162,-118.44594333,9,1.8,1.17484
74713,Scott Anderson,1,16,12,2024,1,33.8093,-118.56562,2,2.2,1.45419
74892,Timothy Delgado,1,16,12,2024,1,33.89378,-118.27497667,4,4.0,2.65157
57373,Gina Phillips,1,16,12,2024,1,33.9149,-118.44594333,3,1.8,1.19878
95111,William Stark,1,16,12,2024,1,34.08386,-118.41175,9,4.7,3.13893
23486,Erica Williams,1,16,12,2024,1,33.78818,-118.41175,1,2.3,1.53168
90951,Madison Mccarthy,1,16,12,2024,1,33.93602,-118.54852333,5,3.0,2.01517
54705,Richard Rodriguez,1,16,12,2024,1,33.95714,-118.37755667,6,2.8,1.87338
29769,Jennifer Adams,1,16,12,2024,1,33.76706,-118.54852333,1,3.4,2.24041
67822,Paul Diaz,1,16,12,2024,1,33.74594,-118.44594333,1,11.0,7.3397
59977,Ashley Miller,1,16,12,2024,1,34.0205,-118.56562,5,4.7,3.11323
60520,Melissa Baxter,1,16,12,2024,1,33.83042,-118.59981333,2,3.1,2.08473
63182,Jennifer Fox,1,16,12,2024,1,34.3373,-118.29207333,11,64.8,43.18535
24917,Allen Johnson,1,16,12,2024,1,33.8093,-118.49723333,1,2.2,1.46302
72126,Colleen Burns,1,16,12,2024,1,33.89378,-118.58271667,2,4.6,3.05302
86655,Kathleen Moreno,1,16,12,2024,1,33.93602,-118.36046,6,1.5,0.9875
67915,Cody Dunn,1,16,12,2024,1,33.7037,-118.49723333,1,3.6,2.37794
54514,Marcus Martin,1,16,12,2024,1,34.08386,-118.25788,10,8.4,5.58728
44848,Melissa Hubbard,1,16,12,2024,1,34.06274,-118.27497667,10,2.1,1.38871
53372,Samantha Martin,1,16,12,2024,1,34.08386,-118.32626667,10,2.3,1.55147
14278,Ashley Jackson,1,16,12,2024,1,33.97826,-118.53142667,5,9.2,6.12438
52575,Melissa Davis,1,16,12,2024,1,33.95714,-118.49723333,5,0.2,0.13441
20285,William Pittman,1,16,12,2024,1,33.93602,-118.34336333,6,11.3,7.51111
99355,Ryan Baker,1,16,12,2024,1,33.7037,-118.46304,1,4.8,3.1762
30262,William Fields Jr.,1,16,12,2024,1,33.87266,-118.49723333,3,2.3,1.51877
85796,Jennifer Smith MD,1,16,12,2024,1,34.16834,-118.30917,11,8.5,5.6504
62322,Ashley Lewis,1,16,12,2024,1,33.9149,-118.46304,3,4.4,2.96184
97791,Lisa Baker,1,16,12,2024,1,33.95714,-118.48013667,5,2.0,1.36074
25391,James Jones,1,16,12,2024,1,33.7037,-118.48013667,1,2.1,1.42675
89410,Stephanie Mcconnell,1,16,12,2024,1,33.9149,-118.27497667,4,4.4,2.92789
33568,Amanda Jones,1,16,12,2024,1,33.93602,-118.22368667,8,0.7,0.45872
57088,Jillian Miller MD,1,16,12,2024,1,33.95714,-118.27497667,7,1.8,1.18474
88530,Jason Flowers,1,16,12,2024,1,33.89378,-118.41175,3,5.0,3.32143
83943,Evan Silva,1,16,12,2024,1,33.95714,-118.22368667,8,1.3,0.8704
45802,Jessica Bond,1,16,12,2024,1,33.97826,-118.20659,8,8.3,5.52883
51028,William Neal,1,16,12,2024,1,34.0205,-118.37755667,6,2.4,1.61623
98219,Andrew Andrews,1,16,12,2024,1,33.76706,-118.30917,4,13.9,9.28527
98220,Tiffany Leonard,1,16,12,2024,1,33.72482,-118.49723333,1,4.0,2.63358
23072,Scott Ewing,1,16,12,2024,1,33.97826,-118.34336333,6,13.5,8.99634
72979,Mrs. Molly Odom,1,16,12,2024,1,34.1261,-118.30917,10,2.0,1.30015
17630,Marc White,1,16,12,2024,1,33.74594,-118.56562,2,1.1,0.72033
84028,Matthew Bennett,1,16,12,2024,1,34.04162,-118.34336333,10,1.0,0.64157
52110,Jessica Miller,1,16,12,2024,1,33.76706,-118.44594333,1,2.9,1.90191
63864,Kimberly Norton,1,16,12,2024,1,34.1261,-118.42884667,9,4.3,2.84505
31015,Lawrence Ross,1,16,12,2024,1,33.93602,-118.1553,8,32.7,21.77031
31843,Amy Leonard,1,16,12,2024,1,34.14722,-118.30917,11,8.1,5.38844
98421,Taylor Gonzalez,1,16,12,2024,1,33.8093,-118.51433,1,8.2,5.48637
24796,William Dunn,1,16,12,2024,1,33.8093,-118.48013667,1,1.5,0.98217
28337,Stephen Austin,1,16,12,2024,1,33.78818,-118.58271667,2,0.2,0.10788
66524,Michael Skinner,1,16,12,2024,1,34.10498,-118.25788,10,9.3,6.18241
67956,Amber Lewis MD,1,16,12,2024,1,33.97826,-118.22368667,8,11.1,7.39578
37737,Zachary Ryan,1,16,12,2024,1,33.87266,-118.53142667,3,4.5,2.97376
44750,Jaime Russell,1,16,12,2024,1,33.74594,-118.58271667,2,3.4,2.29605
14304,Oscar Moore,1,16,12,2024,1,33.83042,-118.51433,3,6.6,4.39185
11783,Theresa Medina,1,16,12,2024,1,33.76706,-118.51433,1,0.5,0.3028
74732,Aaron Romero,1,16,12,2024,1,33.74594,-118.39465333,1,14.4,9.59625
51384,Terri Klein,1,16,12,2024,1,33.8093,-118.41175,1,1.5,1.03222
52679,Richard Phillips,1,16,12,2024,1,33.87266,-118.37755667,4,2.0,1.34169
30476,Rebecca Hoffman,1,16,12,2024,1,33.83042,-118.53142667,3,2.1,1.41961
45475,Justin Lee,1,16,12,2024,1,33.93602,-118.56562,5,0.6,0.38443
75501,Kimberly Jackson,1,16,12,2024,1,34.08386,-118.30917,10,0.9,0.6077
30652,Erin Hardy,1,16,12,2024,1,34.25282,-118.27497667,11,52.4,34.90554
66047,Timothy Fields,1,16,12,2024,1,33.97826,-118.37755667,6,2.1,1.41901
81791,Edwin Khan,1,16,12,2024,1,34.0205,-118.25788,7,1.5,1.00025
26388,Allison Young,1,16,12,2024,1,34.31618,-118.29207333,11,57.7,38.47903
51805,Jacob Martin,1,16,12,2024,1,33.95714,-118.44594333,6,0.4,0.23724
61969,Dana Roberts,1,16,12,2024,1,33.72482,-118.48013667,1,5.2,3.46874
73263,Isaac Eaton,1,16,12,2024,1,33.87266,-118.58271667,2,1.0,0.66919
93911,Sarah Martin,1,16,12,2024,1,33.85154,-118.46304,3,3.1,2.04857
67245,Lisa Simmons,1,16,12,2024,1,33.85154,-118.49723333,3,1.0,0.68273
50166,David Rodriguez,1,16,12,2024,1,34.10498,-118.30917,10,0.5,0.36409
10969,William Hawkins,1,16,12,2024,1,33.7037,-118.46304,1,4.9,3.29261
95510,Jonathan Gutierrez,1,16,12,2024,1,33.99938,-118.41175,6,1.3,0.88655
11030,Carol Lewis,1,16,12,2024,1,33.74594,-118.54852333,1,1.6,1.08659
82184,Daniel Clark,1,16,12,2024,1,33.95714,-118.39465333,6,3.1,2.06587
75912,Laura Sanchez,1,16,12,2024,1,33.93602,-118.22368667,8,1.3,0.88894
59783,Samantha Roberson,1,16,12,2024,1,33.8093,-118.32626667,4,0.5,0.31698
34633,Amber Mann,1,16,12,2024,1,33.78818,-118.30917,4,9.1,6.09291
59720,Keith Mcguire,1,16,12,2024,1,33.85154,-118.54852333,2,2.0,1.30504
60349,Lisa Rose,1,16,12,2024,1,33.99938,-118.24078333,7,7.1,4.71679
50680,Kayla Mclean,1,16,12,2024,1,33.97826,-118.51433,5,3.6,2.36695
91428,Elizabeth Singh,1,16,12,2024,1,33.78818,-118.42884667,1,2.0,1.36495
79999,Mary Taylor,1,16,12,2024,1,34.29506,-118.24078333,11,53.7,35.78693
88320,Megan Tucker,1,16,12,2024,1,33.83042,-118.41175,3,5.1,3.43196
38625,Phillip Ramirez,1,16,12,2024,1,33.99938,-118.32626667,6,6.1,4.04129
11133,David Rice,1,16,12,2024,1,33.9149,-118.37755667,4,2.9,1.93697
62963,James Miller,1,16,12,2024,1,33.95714,-118.20659,8,22.6,15.07844
40933,Matthew Nguyen,1,16,12,2024,1,33.99938,-118.37755667,6,3.4,2.25052
24073,Katelyn Brown,1,16,12,2024,1,33.74594,-118.48013667,1,2.2,1.44328
91276,Mrs. Jamie Carter,1,16,12,2024,1,33.8093,-118.30917,4,0.7,0.48291
40506,Mark Anderson,1,16,12,2024,1,33.76706,-118.44594333,1,1.3,0.8751
67817,Richard Patterson,1,16,12,2024,1,33.99938,-118.41175,6,1.7,1.1571
49088,Aaron Martin,1,16,12,2024,1,33.97826,-118.25788,7,12.2,8.13862
34926,Christina Sanchez,1,16,12,2024,1,33.85154,-118.48013667,3,0.7,0.44933
45661,Heidi Ross,1,16,12,2024,1,33.72482,-118.41175,1,15.0,9.98156
60070,Haley Greer,1,16,12,2024,1,33.99938,-118.30917,7,8.4,5.58931
66037,Patricia Smith,1,16,12,2024,1,33.78818,-118.51433,1,2.0,1.32801
50080,David Johnson PhD,1,16,12,2024,1,33.99938,-118.54852333,5,6.4,4.27468
83514,Tiffany Rodriguez,1,16,12,2024,1,33.9149,-118.56562,2,9.6,6.39235
47211,Jill Baxter,1,16,12,2024,1,33.89378,-118.42884667,3,1.5,0.99938
98654,Jason Jordan,1,16,12,2024,1,33.78818,-118.44594333,1,3.3,2.18153
97779,Brad Lawson,1,16,12,2024,1,34.04162,-118.24078333,10,5.6,3.74435
40428,Michael Greer,1,16,12,2024,1,34.10498,-118.48013667,9,5.9,3.90773
48120,Elizabeth Nielsen,1,16,12,2024,1,34.06274,-118.39465333,9,4.6,3.03422
23127,Teresa Torres,1,16,12,2024,1,33.76706,-118.53142667,1,4.4,2.96147
81662,Dana Kirk,1,16,12,2024,1,33.95714,-118.25788,7,1.5,1.023
77077,Shawn Fowler,1,16,12,2024,1,33.95714,-118.44594333,6,2.9,1.95859
90749,Christine Nelson,1,16,12,2024,1,33.74594,-118.29207333,4,66.1,44.04186
35288,Jessica Brady,1,16,12,2024,1,34.06274,-118.22368667,10,11.8,7.85807
91240,Antonio Graham,1,16,12,2024,1,34.1261,-118.42884667,9,3.6,2.37529
16771,Michael Holmes,1,16,12,2024,1,33.93602,-118.44594333,6,1.5,0.98111
94460,Jason Bird,1,16,12,2024,1,33.83042,-118.53142667,3,2.0,1.30365
55176,Nicholas Walker,1,16,12,2024,1,33.83042,-118.32626667,4,9.8,6.50016
44758,Crystal Harris,1,16,12,2024,1,33.99938,-118.42884667,6,1.7,1.1402
73492,Andrea Thompson,1,16,12,2024,1,33.9149,-118.20659,8,39.3,26.17313
67193,Martin Thomas,1,16,12,2024,1,33.95714,-118.46304,6,2.0,1.35445
79792,David Contreras,1,16,12,2024,1,33.85154,-118.53142667,3,1.3,0.85302
92318,Raven Campbell,1,16,12,2024,1,33.93602,-118.48013667,5,3.7,2.46479
70523,Shelia Moore,1,16,12,2024,1,33.8093,-118.42884667,1,3.2,2.11657
14072,Danielle Barr,1,16,12,2024,1,33.78818,-118.54852333,1,1.8,1.2202
93424,Aaron Moreno,1,16,12,2024,1,33.76706,-118.58271667,2,2.8,1.87298
54364,Kristin Brandt,1,16,12,2024,1,33.83042,-118.59981333,2,10.4,6.9342
89925,Vincent Bautista,1,16,12,2024,1,33.8093,-118.51433,1,3.5,2.31898
87757,Justin Austin,1,16,12,2024,1,34.10498,-118.29207333,10,2.0,1.35666
77795,Heather Crawford,1,16,12,2024,1,33.89378,-118.30917,4,5.4,3.578
29062,Rhonda Perez,1,16,12,2024,1,33.93602,-118.29207333,7,3.1,2.07018
14561,Isabella Brown,1,16,12,2024,1,34.18946,-118.29207333,11,47.9,31.92268
95377,Joseph Simon,1,16,12,2024,1,33.8093,-118.46304,1,1.0,0.63978
21357,Peter Hunter,1,16,12,2024,1,33.83042,-118.6682,2,3.3,2.16912
19148,Sarah Hanson,1,16,12,2024,1,34.04162,-118.29207333,10,8.1,5.42776
40560,Elizabeth Garza,1,16,12,2024,1,33.74594,-118.54852333,1,1.1,0.75437
39669,Amber Perry,1,16,12,2024,1,33.8093,-118.25788,4,13.6,9.06358
63206,Cynthia Lopez,1,16,12,2024,1,34.0205,-118.30917,7,5.9,3.95856
52440,Anthony Johnson,1,16,12,2024,1,33.95714,-118.1553,8,14.9,9.95893
35715,Joseph Lewis,1,16,12,2024,1,34.08386,-118.29207333,10,1.7,1.1198
59473,Carla Curry,1,16,12,2024,1,33.99938,-118.22368667,8,6.8,4.52822
34180,Cindy Nelson,1,16,12,2024,1,33.99938,-118.46304,6,0.8,0.52221
44573,Duane Mcintosh,1,16,12,2024,1,34.1261,-118.44594333,9,4.3,2.84527
28275,Phillip Burke,1,16,12,2024,1,33.72482,-118.51433,1,5.5,3.63386
60182,Michele Peterson,1,16,12,2024,1,33.99938,-118.27497667,7,2.3,1.56037
86220,Amy Mann,1,16,12,2024,1,33.8093,-118.34336333,4,9.1,6.08229
19403,Melissa Hernandez,1,16,12,2024,1,33.93602,-118.18949333,8,31.1,20.75393
54156,Eric Cameron,1,16,12,2024,1,33.9149,-118.34336333,4,3.4,2.2641
23756,Kimberly Craig,1,16,12,2024,1,34.08386,-118.39465333,9,0.4,0.27526
35722,Margaret Green,1,16,12,2024,1,33.9149,-118.54852333,2,9.1,6.09628
19461,Brittney Torres,1,16,12,2024,1,34.08386,-118.27497667,10,9.7,6.48083
91860,Stephen Richard,1,16,12,2024,1,33.97826,-118.27497667,7,3.5,2.34778
27934,Gregory Wilson,1,16,12,2024,1,33.95714,-118.53142667,5,3.5,2.31496
13840,Holly Conley,1,16,12,2024,1,33.85154,-118.46304,3,2.2,1.44387
19746,Katie Garza,1,16,12,2024,1,33.72482,-118.42884667,1,13.7,9.13641
53172,Ethan Hill,1,16,12,2024,1,33.95714,-118.58271667,5,1.2,0.80765
24870,Michael Harmon,1,16,12,2024,1,34.1261,-118.30917,10,4.5,3.01943
47669,Joseph Taylor,1,16,12,2024,1,34.0205,-118.39465333,6,1.6,1.05496
50869,Paul Phillips,1,16,12,2024,1,33.89378,-118.46304,3,1.5,1.0156
88026,Travis Murphy,1,16,12,2024,1,33.95714,-118.27497667,7,1.6,1.07658
66528,Kim Hayes DDS,1,16,12,2024,1,34.0205,-118.42884667,6,1.9,1.2532
94629,Kathryn Wright,1,16,12,2024,1,33.85154,-118.41175,3,2.0,1.32959
29211,Susan Parks,1,16,12,2024,1,33.85154,-118.42884667,3,2.3,1.53008
83025,Diane Mitchell,1,16,12,2024,1,34.08386,-118.32626667,10,0.8,0.53681
83038,Anthony Coleman,1,16,12,2024,1,33.89378,-118.53142667,3,2.8,1.88425
94370,James Ritter,1,16,12,2024,1,34.06274,-118.41175,9,4.8,3.20238
87996,Danielle Franklin,1,16,12,2024,1,33.89378,-118.54852333,2,2.9,1.96313
78484,Ellen Duncan,1,16,12,2024,1,33.85154,-118.49723333,3,0.9,0.5959
56198,Sean Nelson MD,1,16,12,2024,1,34.08386,-118.37755667,9,4.3,2.84003
79526,Michael Cantrell,1,16,12,2024,1,33.72482,-118.46304,1,1.0,0.65959
38399,Kayla Kelly,1,16,12,2024,1,33.78818,-118.44594333,1,1.5,1.00442
28043,Michelle Christensen,1,16,12,2024,1,33.87266,-118.44594333,3,3.8,2.54161
76245,Edwin Gonzalez,1,16,12,2024,1,33.8093,-118.51433,1,9.8,6.51791
20608,Richard Smith,1,16,12,2024,1,33.8093,-118.61691,2,1.7,1.16451
28233,Jessica Obrien,1,16,12,2024,1,33.93602,-118.25788,7,0.6,0.37692
70427,William Jimenez,1,16,12,2024,1,33.72482,-118.46304,1,2.4,1.61588
28280,Joseph Aguilar,1,16,12,2024,1,33.93602,-118.54852333,5,4.7,3.11888
75352,Kevin Contreras,1,16,12,2024,1,33.99938,-118.37755667,6,1.2,0.82172
62285,Jennifer Harris,1,16,12,2024,1,33.76706,-118.49723333,1,1.4,0.90545
85221,Micheal Good,1,16,12,2024,1,33.9149,-118.20659,8,33.7,22.46114
69265,Anthony Davis,1,16,12,2024,1,33.95714,-118.53142667,5,5.0,3.30319
57908,Miss Gina Parker,1,16,12,2024,1,33.87266,-118.37755667,4,4.8,3.2155
41024,Mary Brown,1,16,12,2024,1,34.27394,-118.27497667,11,58.9,39.28054
85312,Deborah Santana,1,16,12,2024,1,34.08386,-118.37755667,9,5.7,3.78892
44117,Courtney Boyd,1,16,12,2024,1,33.74594,-118.48013667,1,0.7,0.4531
65578,Bruce Johnson,1,16,12,2024,1,33.93602,-118.27497667,7,0.3,0.19821
98237,Antonio Greene,1,16,12,2024,1,34.25282,-118.25788,11,43.4,28.9118
47351,Michele Wall,1,16,12,2024,1,33.95714,-118.20659,8,0.9,0.6105
47385,Brandon Wood,1,16,12,2024,1,33.95714,-118.44594333,6,4.3,2.84392
62696,Mrs. Audrey Buchanan,1,16,12,2024,1,33.76706,-118.49723333,1,2.3,1.5642
67773,Tammy Williams,1,16,12,2024,1,33.78818,-118.46304,1,2.8,1.88168
25626,Richard Robinson,1,16,12,2024,1,33.78818,-118.61691,2,2.6,1.74521
78865,Holly Miller,1,16,12,2024,1,33.93602,-118.51433,5,5.4,3.62822
92615,Tara Gentry,1,16,12,2024,1,33.83042,-118.44594333,3,4.1,2.75475
20467,Mitchell Smith,1,16,12,2024,1,33.89378,-118.39465333,3,0.3,0.20984
19210,Christopher Gomez,1,16,12,2024,1,34.04162,-118.49723333,9,5.4,3.61827
86183,Ethan Graham,1,16,12,2024,1,33.74594,-118.49723333,1,2.7,1.82955
38829,Jennifer Bailey,1,16,12,2024,1,33.97826,-118.54852333,5,4.2,2.79241
25555,Miranda Charles,1,16,12,2024,1,33.99938,-118.51433,5,5.7,3.7971
13134,Jonathan Martinez,1,16,12,2024,1,33.76706,-118.59981333,2,2.1,1.3925
20077,Thomas Hopkins,1,16,12,2024,1,33.99938,-118.29207333,7,7.1,4.72074
24644,Edward Love,1,16,12,2024,1,33.9149,-118.48013667,3,1.0,0.68645
58772,Ashley Torres,1,16,12,2024,1,33.95714,-118.24078333,7,2.1,1.4106
68813,Raymond Gonzalez,1,16,12,2024,1,33.78818,-118.53142667,1,3.3,2.1743
45578,Javier Foster,1,16,12,2024,1,34.04162,-118.24078333,10,10.7,7.11605
71770,Brandi Allen,1,16,12,2024,1,33.8093,-118.42884667,1,3.7,2.47577
47179,Tracy Smith,1,16,12,2024,1,33.7037,-118.42884667,1,12.7,8.47186
52766,Julia Miller,1,16,12,2024,1,34.06274,-118.32626667,10,1.7,1.10077
81996,Patricia Hale,1,16,12,2024,1,34.2317,-118.22368667,11,47.8,31.84986
95054,Holly Parker,1,16,12,2024,1,34.08386,-118.49723333,9,9.7,6.474
92225,Felicia Carrillo,1,16,12,2024,1,33.87266,-118.34336333,4,3.8,2.50034
94166,Richard Collins,1,16,12,2024,1,34.14722,-118.27497667,11,34.7,23.10836
34353,Sandra Murphy,1,16,12,2024,1,34.10498,-118.44594333,9,7.1,4.76561
63458,Carla Steele,1,16,12,2024,1,33.83042,-118.63400667,2,4.1,2.74871
59889,Shannon Buchanan,1,16,12,2024,1,33.87266,-118.42884667,3,2.5,1.68253
85057,Tim Torres,1,16,12,2024,1,33.87266,-118.56562,2,4.0,2.63672
58750,Leslie Williams,1,16,12,2024,1,33.9149,-118.25788,4,2.6,1.76185
48671,Jennifer Avila,1,16,12,2024,1,33.89378,-118.51433,3,3.9,2.62948
19969,Timothy Miller,1,16,12,2024,1,33.85154,-118.59981333,2,7.2,4.77134
18623,Stacey Wilson,1,16,12,2024,1,34.1261,-118.25788,10,14.1,9.42592
39014,Robert Green,1,16,12,2024,1,33.85154,-118.58271667,2,2.7,1.77362
96271,Sarah Peterson,1,16,12,2024,1,34.06274,-118.22368667,10,14.4,9.62017
72368,Tara Wright,1,16,12,2024,1,33.74594,-118.53142667,1,3.0,1.99898
32451,Amanda Tucker,1,16,12,2024,1,34.10498,-118.27497667,10,3.1,2.08413
18499,Chad Rodriguez,1,16,12,2024,1,33.83042,-118.54852333,2,3.9,2.61829
34361,David Lucas,1,16,12,2024,1,33.76706,-118.61691,2,1.3,0.86545
89815,Bryan Johnson,1,16,12,2024,1,34.06274,-118.46304,9,5.7,3.81076
43800,Eric Sanders,1,16,12,2024,1,34.25282,-118.29207333,11,48.4,32.24417
15964,Dawn Lee,1,16,12,2024,1,34.31618,-118.32626667,11,64.2,42.76827
92680,Shelley Contreras,1,16,12,2024,1,33.76706,-118.42884667,1,12.0,7.99265
17876,Justin Gay,1,16,12,2024,1,34.10498,-118.46304,9,5.4,3.60528
90736,William Norton,1,16,12,2024,1,33.99938,-118.44594333,6,1.3,0.88452
66462,Benjamin Smith,1,16,12,2024,1,34.18946,-118.30917,11,10.4,6.92658
70854,William Strickland,1,16,12,2024,1,34.06274,-118.42884667,9,3.5,2.3541
97044,Debra Zamora,1,16,12,2024,1,34.0205,-118.46304,6,1.6,1.04411
60163,Erin Miller,1,16,12,2024,1,33.74594,-118.51433,1,5.1,3.4029
69955,Kaylee Jackson,1,16,12,2024,1,33.83042,-118.46304,3,3.9,2.57387
77525,Duane Anderson,1,16,12,2024,1,34.06274,-118.34336333,10,2.6,1.7168
13552,Suzanne Allen,1,16,12,2024,1,34.2317,-118.30917,11,40.9,27.27496
76624,David Ford,1,16,12,2024,1,33.97826,-118.39465333,6,3.3,2.20995
56288,Heather Wright,1,16,12,2024,1,34.08386,-118.22368667,10,13.7,9.13939
92306,Annette Blevins,1,16,12,2024,1,33.93602,-118.17239667,8,31.6,21.03536
96791,Jonathan Keller,1,16,12,2024,1,34.10498,-118.27497667,10,2.6,1.75309
98462,Robin Brown,1,16,12,2024,1,33.85154,-118.53142667,3,7.0,4.69501
93728,Suzanne Rodriguez,1,16,12,2024,1,34.08386,-118.27497667,10,4.2,2.8012
56474,Michael Fisher,1,16,12,2024,1,34.16834,-118.30917,11,8.5,5.69494
47405,Julie Torres,1,16,12,2024,1,33.85154,-118.36046,4,5.2,3.44675
50162,Andrew Williams,1,16,12,2024,1,34.27394,-118.25788,11,42.5,28.33687
92486,John Murphy,1,16,12,2024,1,33.74594,-118.42884667,1,14.1,9.43064
84141,Deanna Carter,1,16,12,2024,1,33.76706,-118.39465333,1,12.8,8.53637
86300,Aaron Lee,1,16,12,2024,1,34.06274,-118.51433,9,12.0,8.02172
30507,Tina Garcia,1,16,12,2024,1,34.04162,-118.51433,9,6.9,4.63157
30272,Derek Castillo,1,16,12,2024,1,33.89378,-118.59981333,2,4.6,3.04874
83247,Ashley Gomez,1,16,12,2024,1,33.76706,-118.63400667,2,13.7,9.1255
78620,Randy Lee,1,16,12,2024,1,33.9149,-118.41175,3,0.5,0.34701
23555,James Davis,1,16,12,2024,1,33.89378,-118.42884667,3,1.7,1.102
23148,George Weaver,1,16,12,2024,1,33.74594,-118.41175,1,14.3,9.54151
84949,Jason Dickson,1,16,12,2024,1,33.99938,-118.32626667,6,6.8,4.5353
32202,Corey Woods,1,16,12,2024,1,33.93602,-118.48013667,5,6.2,4.13721
37976,Nicole Gonzalez,1,16,12,2024,1,34.08386,-118.42884667,9,10.8,7.2232
51042,Shannon Woodward,1,16,12,2024,1,33.99938,-118.54852333,5,7.7,5.11289
40510,Brittany Davila,1,16,12,2024,1,34.04162,-118.29207333,10,2.9,1.9145
43796,Robert Horn,1,16,12,2024,1,33.9149,-118.30917,4,0.6,0.40908
26896,Holly Bishop,1,16,12,2024,1,33.7037,-118.46304,1,4.5,3.01433
14377,Darlene Hudson,1,16,12,2024,1,33.72482,-118.44594333,1,13.8,9.16756
36564,Jeffrey Knight,1,16,12,2024,1,33.9149,-118.56562,2,8.0,5.30313
41527,Cassandra Mcbride,1,16,12,2024,1,33.89378,-118.51433,3,0.8,0.55236
49518,Christopher King,1,16,12,2024,1,33.9149,-118.37755667,4,5.5,3.6687
58108,Larry Berger,1,16,12,2024,1,34.10498,-118.41175,9,2.6,1.75747
60203,Mark Howard,1,16,12,2024,1,33.74594,-118.54852333,1,2.5,1.64573
98227,Kelly Garcia,1,16,12,2024,1,33.97826,-118.56562,5,0.2,0.1526
50913,Carlos Thompson,1,16,12,2024,1,33.76706,-118.46304,1,4.2,2.78406
10574,Jennifer Brown,1,16,12,2024,1,33.74594,-118.59981333,2,3.7,2.44999
56735,Sarah Thompson,1,16,12,2024,1,34.0205,-118.37755667,6,2.4,1.60947
69897,Nicole Robbins,1,16,12,2024,1,33.89378,-118.46304,3,2.3,1.54262
48718,William Wilson,1,16,12,2024,1,33.72482,-118.39465333,1,14.8,9.8722
40216,William Cordova,1,16,12,2024,1,33.97826,-118.56562,5,11.4,7.59581
43160,Brandy Hall,1,16,12,2024,1,34.27394,-118.29207333,11,49.9,33.25089
79947,Francisco Sanchez,1,16,12,2024,1,33.99938,-118.37755667,6,1.4,0.95661
63023,Derrick Barber,1,16,12,2024,1,34.04162,-118.36046,10,2.2,1.43847
98444,Christopher Cruz,1,16,12,2024,1,33.78818,-118.49723333,1,1.1,0.70096
78576,Curtis Garcia,1,16,12,2024,1,33.99938,-118.39465333,6,2.2,1.45813
40977,Ashley Fox,1,16,12,2024,1,33.93602,-118.20659,8,29.8,19.83953
89991,Brian Mcpherson,1,16,12,2024,1,33.9149,-118.53142667,3,2.1,1.41004
68931,Tyler Collins,1,16,12,2024,1,33.76706,-118.58271667,2,0.4,0.28819
74259,Debra Moreno DDS,1,16,12,2024,1,33.99938,-118.53142667,5,3.3,2.18476
26114,Sarah Mayo,1,16,12,2024,1,33.87266,-118.30917,4,7.1,4.71274
42418,Maria Cooper MD,1,16,12,2024,1,33.93602,-118.44594333,6,0.8,0.50484
18643,Jordan Patterson,1,16,12,2024,1,34.31618,-118.30917,11,63.0,41.99506
81714,Amanda Powell,1,16,12,2024,1,33.74594,-118.46304,1,2.8,1.85585
83168,Tammy Fowler,1,16,12,2024,1,33.74594,-118.51433,1,4.7,3.10146
25382,Katherine Daniels,1,16,12,2024,1,33.78818,-118.53142667,1,1.5,0.98016
30817,Laura Bright,1,16,12,2024,1,33.89378,-118.63400667,2,3.9,2.5886
50699,John Anderson,1,16,12,2024,1,34.16834,-118.30917,11,10.5,6.99458
66545,Jesse Wright,1,16,12,2024,1,34.06274,-118.37755667,9,5.5,3.67955
33105,Breanna Carpenter,1,16,12,2024,1,33.9149,-118.54852333,2,4.1,2.72008
70388,Maria Turner,1,16,12,2024,1,34.04162,-118.41175,9,2.0,1.33556
83765,Samantha Evans,1,16,12,2024,1,33.8093,-118.49723333,1,5.8,3.85366
97697,Pamela Patrick,1,16,12,2024,1,33.87266,-118.51433,3,0.3,0.23221
84356,Angela Stephens,1,16,12,2024,1,34.2317,-118.25788,11,50.3,33.55596
65466,Cynthia Williams,1,16,12,2024,1,33.87266,-118.42884667,3,2.4,1.60294
81453,Courtney Montoya,1,16,12,2024,1,33.8093,-118.37755667,4,2.2,1.48966
41907,Adam Heath,1,16,12,2024,1,33.78818,-118.51433,1,1.1,0.74894
75890,Charles Carter,1,16,12,2024,1,34.04162,-118.44594333,9,3.5,2.32622
33309,Charles Wang,1,16,12,2024,1,34.0205,-118.41175,6,2.4,1.59836
98893,John Nguyen,1,16,12,2024,1,33.95714,-118.36046,6,10.5,7.01105
66074,Brianna West,1,16,12,2024,1,33.93602,-118.44594333,6,1.1,0.70238
70875,Sherry Phillips,1,16,12,2024,1,33.93602,-118.20659,8,31.7,21.1073
18543,Cheryl Estes,1,16,12,2024,1,33.93602,-118.24078333,7,1.1,0.74759
54437,Kenneth Rivera,1,16,12,2024,1,33.9149,-118.58271667,2,10.6,7.06819
25186,Allison Goodman,1,16,12,2024,1,33.9149,-118.18949333,8,30.4,20.28311
82612,Pamela Jackson,1,16,12,2024,1,34.29506,-118.27497667,11,52.6,35.07131
48711,Juan Johnson,1,16,12,2024,1,33.93602,-118.58271667,5,0.3,0.23023
19938,Christopher Howell,1,16,12,2024,1,33.83042,-118.48013667,3,2.2,1.49654
79806,Steven Perez,1,16,12,2024,1,33.8093,-118.30917,4,1.8,1.18232
31823,Jennifer Hill,1,16,12,2024,1,34.14722,-118.29207333,11,14.8,9.85722
29768,Rachel Benson,1,16,12,2024,1,34.04162,-118.41175,9,1.4,0.90181
77841,Brittney West,1,16,12,2024,1,33.89378,-118.41175,3,0.9,0.58298
28322,Dustin Lopez,1,16,12,2024,1,34.14722,-118.25788,11,30.4,20.28175
73453,Amy Carter,1,16,12,2024,1,33.87266,-118.48013667,3,8.0,5.33569
51599,Brittany Miranda,1,16,12,2024,1,33.97826,-118.41175,6,1.4,0.90439
58349,Cynthia Heath,1,16,12,2024,1,33.7037,-118.42884667,1,7.3,4.86526
39444,Jamie Gentry,1,16,12,2024,1,33.83042,-118.41175,3,2.2,1.47688
20701,Elizabeth Johnson,1,16,12,2024,1,33.8093,-118.54852333,1,0.6,0.40445
59546,Nathan Copeland,1,16,12,2024,1,33.87266,-118.46304,3,2.0,1.31295
82951,Michele Lopez,1,16,12,2024,1,33.93602,-118.46304,6,2.8,1.86266
88097,Matthew Williams,1,16,12,2024,1,33.85154,-118.42884667,3,3.9,2.5734
45332,Johnny Hull,1,16,12,2024,1,33.97826,-118.34336333,6,4.5,3.01587
52840,Brandi Thomas,1,16,12,2024,1,33.72482,-118.46304,1,0.5,0.36416
11781,Kevin Wells,1,16,12,2024,1,33.7037,-118.44594333,1,4.0,2.65501
63620,Linda Rodriguez,1,16,12,2024,1,33.95714,-118.32626667,6,5.4,3.57637
94956,Miss Jordan Powell,1,16,12,2024,1,33.78818,-118.49723333,1,3.2,2.15424
81067,Shelly Jackson,1,16,12,2024,1,34.06274,-118.42884667,9,1.8,1.22153
38204,John Hobbs,1,16,12,2024,1,34.10498,-118.24078333,10,14.0,9.35331
47888,Richard Edwards,1,16,12,2024,1,33.9149,-118.32626667,4,6.0,3.98582
71588,Hannah Bernard,1,16,12,2024,1,33.89378,-118.44594333,3,0.8,0.50966
68154,Nancy Brown,1,16,12,2024,1,34.1261,-118.29207333,10,8.3,5.54572
93463,Mary Riggs,1,16,12,2024,1,33.78818,-118.58271667,2,1.2,0.82412
11974,Robert Daniel DDS,1,16,12,2024,1,33.83042,-118.48013667,3,4.7,3.10018
13760,Robin Baker,1,16,12,2024,1,34.1261,-118.46304,9,4.7,3.11854
88371,Sarah Bowers,1,16,12,2024,1,33.78818,-118.42884667,1,0.9,0.63293
58575,Bryan Bell,1,16,12,2024,1,33.9149,-118.56562,2,7.7,5.15456
48514,Jeffrey Merritt,1,16,12,2024,1,33.83042,-118.32626667,4,4.4,2.90753
72731,Ashley Martinez,1,16,12,2024,1,33.78818,-118.46304,1,0.9,0.59821
45210,Shane Murphy,1,16,12,2024,1,33.72482,-118.49723333,1,6.0,3.99022
33418,Christopher Mills,1,16,12,2024,1,34.10498,-118.42884667,9,3.5,2.35784
48508,Mary Murphy,1,16,12,2024,1,33.78818,-118.36046,4,13.1,8.70675
39181,James Young,1,16,12,2024,1,33.95714,-118.34336333,6,1.9,1.23986
79134,Kristopher Alvarez,1,16,12,2024,1,33.9149,-118.44594333,3,3.9,2.60712
64643,Robin Ray,1,16,12,2024,1,33.83042,-118.51433,3,1.0,0.65382
49313,Daniel Andersen,1,16,12,2024,1,34.08386,-118.41175,9,0.4,0.29632
48070,Bryan Dennis,1,16,12,2024,1,33.97826,-118.39465333,6,0.9,0.58142
12534,Elizabeth Lawrence DDS,1,16,12,2024,1,33.9149,-118.24078333,4,1.7,1.13135
83009,William Barnes,1,16,12,2024,1,33.95714,-118.36046,6,5.2,3.48414
11937,Paul Gates,1,16,12,2024,1,33.93602,-118.41175,6,1.9,1.23583
36862,Douglas Campbell,1,16,12,2024,1,34.06274,-118.30917,10,1.0,0.66836
70976,Elizabeth White,1,16,12,2024,1,34.10498,-118.27497667,10,8.6,5.74357
33292,Courtney Gamble,1,16,12,2024,1,34.21058,-118.29207333,11,50.6,33.70099
68111,Eric Powell,1,16,12,2024,1,33.76706,-118.44594333,1,2.1,1.41081
97233,Jennifer Townsend,1,16,12,2024,1,33.97826,-118.20659,8,14.0,9.35538
50706,Aaron Henson,1,16,12,2024,1,33.8093,-118.46304,1,0.9,0.57617
27403,Olivia Mejia,1,16,12,2024,1,33.78818,-118.48013667,1,1.8,1.22279
65832,Nathan Hall,1,16,12,2024,1,33.87266,-118.41175,3,3.5,2.32255
90104,Daniel Turner,1,16,12,2024,1,34.04162,-118.27497667,10,2.6,1.72342
27627,Matthew Shaffer,1,16,12,2024,1,33.99938,-118.36046,6,2.2,1.46753
96828,Tara Willis,1,16,12,2024,1,33.9149,-118.17239667,8,32.1,21.412
17785,Vicki Anderson,1,16,12,2024,1,33.83042,-118.58271667,2,0.6,0.40117
60631,Amy Rodriguez,1,16,12,2024,1,33.87266,-118.61691,2,4.7,3.10691
96819,Ashley Jenkins,1,16,12,2024,1,33.97826,-118.46304,6,0.8,0.53622
58929,Sean Carter,1,16,12,2024,1,34.16834,-118.27497667,11,40.4,26.9012
89638,Matthew Vargas,1,16,12,2024,1,34.14722,-118.30917,11,7.9,5.24984
68781,John Scott,1,16,12,2024,1,33.9149,-118.48013667,3,3.6,2.42699
12207,Joseph Perez,1,16,12,2024,1,33.95714,-118.54852333,5,6.2,4.15609
33140,Dalton Powell,1,16,12,2024,1,33.83042,-118.51433,3,4.6,3.0648
39584,Victoria Bishop,1,16,12,2024,1,34.2317,-118.24078333,11,39.1,26.09211
15244,Michael Sanders,1,16,12,2024,1,34.06274,-118.44594333,9,7.9,5.27882
22295,Benjamin Marsh,1,16,12,2024,1,33.99938,-118.44594333,6,1.0,0.67356
29874,Dawn Waters,1,16,12,2024,1,33.99938,-118.32626667,6,2.4,1.57178
24310,John Hunter,1,16,12,2024,1,34.2317,-118.27497667,11,48.4,32.24735
10563,Matthew Yang,1,16,12,2024,1,33.76706,-118.59981333,2,1.1,0.75608
80666,Dana Johnson,1,16,12,2024,1,33.9149,-118.42884667,3,1.3,0.83455
19259,William Greene,1,16,12,2024,1,34.06274,-118.37755667,9,7.2,4.80349
23669,Lori York,1,16,12,2024,1,33.99938,-118.30917,7,1.7,1.10669
92286,Daniel Wilson,1,16,12,2024,1,33.97826,-118.1553,8,13.8,9.19102
84516,Clayton Hunter,1,16,12,2024,1,33.78818,-118.59981333,2,4.4,2.94346
80394,Robert Horn,1,16,12,2024,1,33.76706,-118.48013667,1,0.6,0.42858
39258,Paul Hartman,1,16,12,2024,1,33.89378,-118.48013667,3,3.4,2.26971
16321,David Anderson,1,16,12,2024,1,33.95714,-118.34336333,6,1.1,0.73659
32414,Julie Smith,1,16,12,2024,1,34.14722,-118.29207333,11,12.3,8.18046
22933,Jacob Baker,1,16,12,2024,1,34.06274,-118.32626667,10,2.3,1.55447
61790,Shawn Lloyd,1,16,12,2024,1,34.04162,-118.30917,10,5.6,3.71217
81940,Daniel Atkinson,1,16,12,2024,1,34.10498,-118.39465333,9,2.1,1.41915
44422,Louis Moreno,1,16,12,2024,1,33.9149,-118.22368667,8,2.5,1.67341
15924,Lori Henderson,1,16,12,2024,1,33.85154,-118.46304,3,1.5,1.03092
64482,Tanya Walker,1,16,12,2024,1,34.3373,-118.24078333,11,59.9,39.90706
97281,Mr. Thomas Johnson,1,16,12,2024,1,34.08386,-118.46304,9,2.7,1.77012
65196,Benjamin Thomas,1,16,12,2024,1,33.89378,-118.59981333,2,7.8,5.18295
15203,Chelsea Stevens,1,16,12,2024,1,33.83042,-118.46304,3,1.1,0.71233
40196,Juan Campbell,1,16,12,2024,1,34.0205,-118.44594333,6,1.8,1.19091
76365,Cody Williamson,1,16,12,2024,1,34.2317,-118.29207333,11,39.2,26.11495
44015,Drew Reeves,1,16,12,2024,1,33.9149,-118.18949333,8,34.3,22.86103
27498,Matthew Elliott,1,16,12,2024,1,33.76706,-118.42884667,1,5.3,3.55403
11073,Melanie Shields,1,16,12,2024,1,33.9149,-118.44594333,3,1.7,1.12969
27024,Jillian Underwood,1,16,12,2024,1,33.7037,-118.48013667,1,1.9,1.25849
37195,Timothy Cervantes,1,16,12,2024,1,33.97826,-118.36046,6,0.6,0.39957
80549,April Gardner,1,16,12,2024,1,34.10498,-118.29207333,10,2.6,1.73963
35038,Ashley Mcguire,1,16,12,2024,1,33.9149,-118.46304,3,3.1,2.04951
82608,Jason White,1,16,12,2024,1,33.74594,-118.51433,1,3.3,2.23011
67315,William Stokes,1,16,12,2024,1,33.83042,-118.54852333,2,2.4,1.5965
41346,Jessica Fischer,1,16,12,2024,1,33.8093,-118.58271667,2,2.2,1.46793
11595,Mackenzie Brown,1,16,12,2024,1,34.2317,-118.27497667,11,46.8,31.17073
84128,Michelle Jensen,1,16,12,2024,1,33.89378,-118.49723333,3,3.7,2.482
44513,Eric Carter,1,16,12,2024,1,33.89378,-118.56562,2,9.0,5.96815
80894,Gene Reynolds DDS,1,16,12,2024,1,33.83042,-118.42884667,3,2.2,1.49578
27526,Chad Smith,1,16,12,2024,1,33.78818,-118.48013667,1,5.0,3.32863
76698,Abigail Grant,1,16,12,2024,1,34.06274,-118.34336333,10,0.9,0.60793
25711,Kristine Andrews,1,16,12,2024,1,33.8093,-118.58271667,2,4.0,2.67309
87794,Sarah Reyes,1,16,12,2024,1,33.85154,-118.51433,3,9.8,6.5606
62672,Rhonda Gray,1,16,12,2024,1,33.85154,-118.61691,2,8.9,5.92233
68774,Joseph Barton,1,16,12,2024,1,33.85154,-118.48013667,3,2.0,1.31937
58400,Elizabeth Sims,1,16,12,2024,1,33.93602,-118.56562,5,3.1,2.06278
35443,Kristi Campbell,1,16,12,2024,1,34.0205,-118.44594333,6,2.1,1.36765
44094,Sean Scott,1,16,12,2024,1,33.8093,-118.29207333,4,9.2,6.11796
65887,Carlos Young,1,16,12,2024,1,33.85154,-118.58271667,2,9.8,6.53209
11553,Heather Welch,2,16,12,2024,2,33.97826,-118.34336333,6,4.2,2.78062
57143,Nicole Chan,2,16,12,2024,2,33.7037,-118.49723333,1,4.4,2.91565
91528,Jennifer Mann,2,16,12,2024,2,33.89378,-118.56562,2,0.6,0.41788
63198,Daniel Flynn MD,2,16,12,2024,2,33.97826,-118.32626667,6,0.7,0.43372
34171,Craig Powell,2,16,12,2024,2,34.0205,-118.20659,8,1.2,0.82965
68731,Anna Rodriguez,2,16,12,2024,2,33.99938,-118.53142667,5,3.4,2.24267
23159,Shaun Escobar,2,16,12,2024,2,33.72482,-118.42884667,1,1.4,0.93516
47879,Melvin Jordan,2,16,12,2024,2,34.1261,-118.27497667,10,10.8,7.22754
11996,Joshua Harrington,2,16,12,2024,2,33.7037,-118.41175,1,14.8,9.8677
40020,Daniel Andrews PhD,2,16,12,2024,2,33.89378,-118.53142667,3,0.3,0.1845
68990,Jo Walker,2,16,12,2024,2,33.78818,-118.49723333,1,2.0,1.35462
10015,Andrew Terry,2,16,12,2024,2,34.08386,-118.32626667,10,2.6,1.76503
62984,Alexis Combs,2,16,12,2024,2,33.95714,-118.41175,6,2.9,1.92123
15045,Jonathan Wilcox,2,16,12,2024,2,33.8093,-118.44594333,1,0.6,0.39396
51180,Teresa Harrison,2,16,12,2024,2,33.8093,-118.46304,1,2.1,1.37229
78823,Daniel Myers,2,16,12,2024,2,33.99938,-118.48013667,5,3.0,2.0115
85922,Anthony Watson,2,16,12,2024,2,33.89378,-118.39465333,3,1.5,0.97585
66874,Kristen Lutz,2,16,12,2024,2,33.95714,-118.51433,5,3.0,1.96776
11240,Mary Grant,2,16,12,2024,2,34.27394,-118.30917,11,65.1,43.39633
43633,Linda Allen,2,16,12,2024,2,33.9149,-118.34336333,4,1.9,1.26157
90359,Frank Oneill,2,16,12,2024,2,33.93602,-118.34336333,6,0.9,0.61692
25682,Shawn Aguilar,2,16,12,2024,2,33.78818,-118.53142667,1,2.6,1.75499
77161,Jessica Vasquez,2,16,12,2024,2,33.78818,-118.61691,2,3.2,2.16419
43799,Jeremiah Smith,2,16,12,2024,2,34.04162,-118.22368667,10,14.8,9.84078
54666,Rachel Meyer,2,16,12,2024,2,34.2317,-118.30917,11,53.5,35.66498
33732,Andre Lozano,2,16,12,2024,2,33.85154,-118.61691,2,2.8,1.89296
97517,Randall Sanchez,2,16,12,2024,2,33.95714,-118.17239667,8,26.6,17.73809
10697,Bryce Allison,2,16,12,2024,2,33.74594,-118.58271667,2,0.2,0.13577
37499,Nicole Villa,2,16,12,2024,2,33.87266,-118.44594333,3,1.1,0.75488
68231,Lisa Barton,2,16,12,2024,2,33.95714,-118.44594333,6,1.0,0.64595
22780,Linda Reynolds DDS,2,16,12,2024,2,33.8093,-118.32626667,4,2.5,1.63997
13617,Lori Blake,2,16,12,2024,2,33.8093,-118.42884667,1,2.0,1.33044
18451,Maurice Mcgrath,2,16,12,2024,2,33.89378,-118.54852333,2,1.1,0.72817
12026,Joanne Barrett,2,16,12,2024,2,34.2317,-118.25788,11,50.1,33.40268
11866,Kyle Lee,2,16,12,2024,2,33.99938,-118.44594333,6,2.1,1.37539
85253,Andrew Walker,2,16,12,2024,2,34.21058,-118.29207333,11,47.4,31.60483
60311,Curtis Nguyen,2,16,12,2024,2,34.2317,-118.25788,11,42.8,28.55224
67064,Gabrielle Figueroa,2,16,12,2024,2,34.0205,-118.24078333,7,1.1,0.73664
48967,Tina Luna,2,16,12,2024,2,33.78818,-118.27497667,4,12.3,8.18492
43731,David Romero,2,16,12,2024,2,33.87266,-118.30917,4,0.5,0.30849
64456,Brian Hancock,2,16,12,2024,2,33.99938,-118.42884667,6,1.1,0.74953
58760,Timothy Hall,2,16,12,2024,2,33.76706,-118.30917,4,13.2,8.8282
90199,Christina Nielsen,2,16,12,2024,2,33.97826,-118.42884667,6,2.7,1.77609
42759,Barbara Jones,2,16,12,2024,2,34.06274,-118.49723333,9,10.7,7.15623
22892,Stanley Moore,2,16,12,2024,2,34.06274,-118.32626667,10,4.8,3.18979
23189,Stephen Craig,2,16,12,2024,2,33.85154,-118.36046,4,5.1,3.41183
79657,Cynthia Davenport,2,16,12,2024,2,33.89378,-118.29207333,4,4.5,3.03213
19401,Shawn Young,2,16,12,2024,2,33.83042,-118.39465333,3,2.8,1.84503
71623,Angie Galvan,2,16,12,2024,2,33.83042,-118.44594333,3,1.6,1.08152
64213,Steven Stewart,2,16,12,2024,2,33.85154,-118.48013667,3,2.0,1.32469
23708,Juan Wu,2,16,12,2024,2,33.74594,-118.49723333,1,2.2,1.47616
68786,Tracy Schwartz,2,16,12,2024,2,34.10498,-118.39465333,9,1.8,1.21019
82405,Bradley Warren,2,16,12,2024,2,34.2317,-118.27497667,11,42.9,28.62733
96315,Rita Kim,2,16,12,2024,2,33.83042,-118.54852333,2,2.2,1.47124
46052,Kristin Miller,2,16,12,2024,2,34.29506,-118.25788,11,54.2,36.12944
70295,Eric Harrison,2,16,12,2024,2,33.99938,-118.32626667,6,3.1,2.0737
15498,Steve Calderon,2,16,12,2024,2,33.89378,-118.37755667,4,0.8,0.55679
99351,Anna Daniels,2,16,12,2024,2,33.7037,-118.48013667,1,2.5,1.63385
48517,Elizabeth Davis DDS,2,16,12,2024,2,33.83042,-118.37755667,4,2.7,1.82161
41071,Brian Villanueva,2,16,12,2024,2,33.99938,-118.34336333,6,0.2,0.13546
64714,Daniel Miles,2,16,12,2024,2,34.21058,-118.22368667,11,36.6,24.39055
80182,Ashley Quinn,2,16,12,2024,2,33.95714,-118.36046,6,0.4,0.25713
82552,Jack Miller,2,16,12,2024,2,34.10498,-118.39465333,9,2.6,1.76344
52574,Lee Glover,2,16,12,2024,2,34.3373,-118.29207333,11,61.7,41.16542
77219,Andrew Wright,2,16,12,2024,2,34.06274,-118.51433,9,5.5,3.68004
14912,Brianna Drake,2,16,12,2024,2,33.95714,-118.34336333,6,1.7,1.12843
82137,Stacy Cooper,2,16,12,2024,2,33.7037,-118.46304,1,4.3,2.83503
64577,Randall Smith,2,16,12,2024,2,33.89378,-118.59981333,2,9.1,6.0688
77061,Cindy Griffith,2,16,12,2024,2,33.78818,-118.30917,4,10.5,7.02807
43192,Tina Rose,2,16,12,2024,2,33.87266,-118.48013667,3,0.4,0.27069
88726,Amy Hunter,2,16,12,2024,2,33.93602,-118.58271667,5,4.5,3.03085
61899,Eric Hall,2,16,12,2024,2,33.89378,-118.37755667,4,1.3,0.85419
92279,Jay Warren,2,16,12,2024,2,34.08386,-118.41175,9,1.7,1.13159
96531,William Potter,2,16,12,2024,2,33.87266,-118.59981333,2,9.0,6.01251
76231,John Castillo,2,16,12,2024,2,34.04162,-118.44594333,9,1.5,1.00491
47525,Christina Terrell,2,16,12,2024,2,33.83042,-118.36046,4,2.0,1.33309
56187,Lauren Davis,2,16,12,2024,2,33.97826,-118.30917,7,3.6,2.3769
69690,Travis Hunter,2,16,12,2024,2,33.9149,-118.41175,3,1.1,0.76325
88069,Mariah Davis,2,16,12,2024,2,34.14722,-118.25788,11,11.8,7.8521
98933,Victoria Lewis,2,16,12,2024,2,33.9149,-118.44594333,3,2.4,1.59496
57200,Erin Bradford,2,16,12,2024,2,33.9149,-118.27497667,4,2.1,1.38461
69918,Beth Russo,2,16,12,2024,2,33.99938,-118.37755667,6,0.9,0.63084
95612,Thomas Mills,2,16,12,2024,2,34.0205,-118.18949333,8,14.7,9.82286
92521,Lee Watkins,2,16,12,2024,2,33.97826,-118.22368667,8,11.1,7.3971
73995,Micheal Woodward,2,16,12,2024,2,33.99938,-118.29207333,7,2.1,1.39297
10794,David Paul,2,16,12,2024,2,34.0205,-118.25788,7,2.3,1.51624
12918,Ethan Warren,2,16,12,2024,2,34.29506,-118.30917,11,69.3,46.22084
35377,Abigail Lopez,2,16,12,2024,2,33.8093,-118.51433,1,0.8,0.52087
51884,Robert Livingston,2,16,12,2024,2,33.72482,-118.51433,1,1.1,0.70498
44489,Brett Dixon,2,16,12,2024,2,34.0205,-118.41175,6,2.1,1.3993
90752,Catherine Martinez,2,16,12,2024,2,33.99938,-118.44594333,6,0.9,0.56757
15115,Alison Jordan,2,16,12,2024,2,34.06274,-118.49723333,9,7.9,5.29366
71747,Debra Marquez MD,2,16,12,2024,2,33.89378,-118.18949333,8,2.6,1.70205
44318,James Ortiz,2,16,12,2024,2,34.10498,-118.49723333,9,12.9,8.57057
91596,Heather Solomon,2,16,12,2024,2,34.21058,-118.29207333,11,14.8,9.85128
87925,Colleen Manning,2,16,12,2024,2,33.87266,-118.48013667,3,1.3,0.85561
87026,Jonathan Nelson,2,16,12,2024,2,33.83042,-118.51433,3,0.6,0.38752
13098,Jennifer Whitehead,2,16,12,2024,2,33.93602,-118.37755667,6,1.7,1.15594
33772,Bethany Rodriguez,2,16,12,2024,2,33.85154,-118.65110333,2,0.1,0.08597
40599,Todd Frederick,2,16,12,2024,2,33.8093,-118.48013667,1,1.9,1.25577
37709,Thomas Moore,2,16,12,2024,2,33.85154,-118.48013667,3,1.2,0.78118
57251,Jacqueline Duran,2,16,12,2024,2,33.72482,-118.49723333,1,5.2,3.43343
74094,Jonathan Cooper,2,16,12,2024,2,33.9149,-118.34336333,4,1.9,1.27552
79799,Amanda Hernandez,2,16,12,2024,2,34.08386,-118.41175,9,1.5,0.99186
45623,Brittany Peterson,2,16,12,2024,2,33.89378,-118.48013667,3,0.7,0.45099
20333,Carla Maldonado,2,16,12,2024,2,33.78818,-118.25788,4,11.9,7.95643
77532,Daniel Barry,2,16,12,2024,2,33.85154,-118.6682,2,0.5,0.36011
50189,Mark Grant,2,16,12,2024,2,33.78818,-118.39465333,1,1.7,1.13146
87792,Eugene Chandler,2,16,12,2024,2,33.93602,-118.56562,5,5.3,3.54097
73907,Stephen Garcia,2,16,12,2024,2,34.04162,-118.42884667,9,0.9,0.6301
47114,Kristina Clark,2,16,12,2024,2,33.74594,-118.46304,1,3.7,2.49511
93686,Jennifer Acevedo,2,16,12,2024,2,33.74594,-118.48013667,1,2.8,1.89516
18098,Dr. Megan Frey PhD,2,16,12,2024,2,33.8093,-118.48013667,1,2.0,1.36275
15365,James Anderson,2,16,12,2024,2,33.87266,-118.46304,3,2.0,1.35084
93404,Jeffrey Dixon,2,16,12,2024,2,33.9149,-118.32626667,4,2.7,1.78019
31724,Vicki Freeman,2,16,12,2024,2,33.97826,-118.32626667,6,2.3,1.51317
97749,Samantha Gardner,2,16,12,2024,2,33.87266,-118.44594333,3,1.7,1.11886
58992,Steven Miller,2,16,12,2024,2,33.95714,-118.24078333,7,2.0,1.34315
74549,Joel Williams,2,16,12,2024,2,33.87266,-118.29207333,4,1.0,0.64779
55419,Anna Bridges,2,16,12,2024,2,34.06274,-118.42884667,9,1.2,0.80323
67187,Molly Chen,2,16,12,2024,2,33.95714,-118.42884667,6,2.3,1.5605
15416,Jessica Rodriguez,2,16,12,2024,2,34.0205,-118.32626667,6,0.5,0.3273
35864,Kevin Robinson,2,16,12,2024,2,33.97826,-118.54852333,5,1.3,0.87929
42797,Olivia Rivera,2,16,12,2024,2,33.95714,-118.22368667,8,1.0,0.68199
62125,Meghan Smith,2,16,12,2024,2,33.99938,-118.29207333,7,1.4,0.90822
94976,Antonio Jones,2,16,12,2024,2,33.85154,-118.41175,3,0.2,0.14974
58810,Richard Joseph,2,16,12,2024,2,33.9149,-118.48013667,3,3.4,2.24721
22252,Melissa Spencer,2,16,12,2024,2,33.83042,-118.49723333,3,2.1,1.39
19690,Justin Johnson,2,16,12,2024,2,33.97826,-118.29207333,7,3.7,2.46014
55953,Samantha Hawkins,2,16,12,2024,2,34.10498,-118.39465333,9,3.0,1.98422
66053,Gary Coleman,2,16,12,2024,2,33.99938,-118.37755667,6,0.4,0.26776
52672,Suzanne Bell,2,16,12,2024,2,33.97826,-118.53142667,5,0.0,0.01551
72957,Catherine Thompson,2,16,12,2024,2,33.78818,-118.54852333,1,1.3,0.8996
54288,Alan Turner,2,16,12,2024,2,34.10498,-118.44594333,9,2.5,1.67936
28727,Victoria Lynch,2,16,12,2024,2,34.06274,-118.22368667,10,11.4,7.60113
14277,Derek Johnson,2,16,12,2024,2,33.93602,-118.58271667,5,3.4,2.26596
72219,Bobby Logan,2,16,12,2024,2,33.83042,-118.53142667,3,2.3,1.54107
93148,Danny Lee,2,16,12,2024,2,33.95714,-118.39465333,6,2.8,1.85138
51158,Cheryl Jacobs,2,16,12,2024,2,33.9149,-118.58271667,2,3.2,2.10743
28419,Jeffrey Velez,2,16,12,2024,2,34.14722,-118.29207333,11,6.6,4.40261
30657,Angela Murray,2,16,12,2024,2,34.06274,-118.44594333,9,2.0,1.3077
15445,Nicole Frye,2,16,12,2024,2,33.93602,-118.54852333,5,2.0,1.35398
15322,Michael Mccoy,2,16,12,2024,2,33.89378,-118.56562,2,3.9,2.5681
27189,Amanda Swanson,2,16,12,2024,2,33.85154,-118.46304,3,0.6,0.37849
86504,Warren Cervantes,2,16,12,2024,2,34.18946,-118.27497667,11,43.2,28.80305
23509,Nicholas Allison,2,16,12,2024,2,34.08386,-118.25788,10,7.4,4.91752
71315,Peter Lang,2,16,12,2024,2,33.97826,-118.56562,5,4.9,3.29614
93311,Jennifer Guzman,2,16,12,2024,2,33.89378,-118.63400667,2,2.9,1.93007
59263,Nicole Conway,2,16,12,2024,2,33.93602,-118.29207333,7,1.3,0.83653
22475,Aaron Morgan,2,16,12,2024,2,34.10498,-118.42884667,9,3.3,2.22394
11328,Edward Reyes,2,16,12,2024,2,33.83042,-118.63400667,2,2.1,1.38443
14075,Brian Taylor,2,16,12,2024,2,33.9149,-118.22368667,8,3.0,2.0225
25108,Karen Pearson,2,16,12,2024,2,33.97826,-118.20659,8,13.8,9.21561
45592,Isaiah Warren,2,16,12,2024,2,33.93602,-118.44594333,6,1.1,0.75115
29878,Jeffrey Joyce,2,16,12,2024,2,33.8093,-118.36046,4,0.6,0.40086
63000,Kevin Cardenas,2,16,12,2024,2,33.89378,-118.37755667,4,3.2,2.11642
95654,Corey Holmes,2,16,12,2024,2,34.21058,-118.30917,11,14.1,9.39232
58141,Kelsey Fletcher,2,16,12,2024,2,33.93602,-118.30917,7,0.5,0.35549
99717,David Riley,2,16,12,2024,2,34.16834,-118.30917,11,11.8,7.86007
21243,Michael Stewart,2,16,12,2024,2,33.95714,-118.49723333,5,1.0,0.65108
53994,Madison Silva,2,16,12,2024,2,33.76706,-118.54852333,1,1.1,0.72824
45096,Ashley Massey,2,16,12,2024,2,33.87266,-118.34336333,4,1.3,0.84799
54943,Carrie Miller,2,16,12,2024,2,33.99938,-118.41175,6,0.7,0.45559
13155,Greg English MD,2,16,12,2024,2,33.78818,-118.56562,2,0.5,0.36302
16875,William Nelson,2,16,12,2024,2,34.06274,-118.29207333,10,2.5,1.63873
18598,Virginia Elliott,2,16,12,2024,2,34.10498,-118.22368667,10,10.2,6.76933
87209,Jeremy Brown,2,16,12,2024,2,33.9149,-118.17239667,8,4.9,3.29358
29576,Robert Morrow,2,16,12,2024,2,33.89378,-118.46304,3,1.8,1.19644
39060,Melissa Jacobson,2,16,12,2024,2,34.06274,-118.48013667,9,7.5,5.01186
19539,Corey Baker,2,16,12,2024,2,33.99938,-118.53142667,5,5.7,3.77797
11442,Kellie Adams,2,16,12,2024,2,34.0205,-118.29207333,7,1.5,1.02411
77227,Roger Whitaker,2,16,12,2024,2,34.0205,-118.51433,5,7.0,4.67913
58136,Roberto Grimes,2,16,12,2024,2,33.87266,-118.51433,3,0.8,0.54358
69602,Lindsey Johnson,2,16,12,2024,2,33.89378,-118.20659,8,1.0,0.69181
16826,Patricia Juarez DVM,2,16,12,2024,2,33.97826,-118.30917,7,2.0,1.35124
11875,Kathleen Chapman,2,16,12,2024,2,33.7037,-118.49723333,1,4.4,2.95152
33165,Rachel Murray,2,16,12,2024,2,33.76706,-118.61691,2,1.6,1.04077
32189,Peter Bailey,2,16,12,2024,2,33.9149,-118.51433,3,1.8,1.21698
89604,Charles Hood,2,16,12,2024,2,34.04162,-118.29207333,10,3.0,2.00458
53466,Marie Garcia,2,16,12,2024,2,33.97826,-118.39465333,6,1.2,0.78781
46887,Julie Chang,2,16,12,2024,2,34.08386,-118.25788,10,11.9,7.90389
32038,Brian Hunter,2,16,12,2024,2,33.95714,-118.29207333,7,1.0,0.68632
34454,Ronald Griffin,2,16,12,2024,2,33.87266,-118.54852333,2,1.9,1.2389
68018,Roy Rodriguez,2,16,12,2024,2,33.7037,-118.44594333,1,3.0,1.97291
27274,Thomas Bell,2,16,12,2024,2,33.95714,-118.41175,6,1.4,0.90189
87720,Jessica Williams,2,16,12,2024,2,33.78818,-118.25788,4,13.4,8.965
61304,Joseph Johnson,2,16,12,2024,2,33.83042,-118.44594333,3,0.6,0.40817
15756,Tyler Gordon,2,16,12,2024,2,33.89378,-118.42884667,3,1.4,0.95339
26124,Jamie White,2,16,12,2024,2,34.04162,-118.39465333,9,2.2,1.4653
43518,Lydia Stein,2,16,12,2024,2,34.06274,-118.37755667,9,1.5,0.99019
61518,Terrence Johnson,2,16,12,2024,2,34.0205,-118.48013667,5,1.2,0.78599
40670,Jaime Perez,2,16,12,2024,2,33.9149,-118.42884667,3,0.5,0.31086
35058,Daniel Smith,2,16,12,2024,2,33.99938,-118.36046,6,3.7,2.47076
48669,Lori Vaughan,2,16,12,2024,2,34.0205,-118.32626667,6,2.6,1.75803
66197,Lori Henry,2,16,12,2024,2,33.8093,-118.54852333,1,2.3,1.54736
99059,Monica Burton,2,16,12,2024,2,33.93602,-118.42884667,6,1.5,0.97367
19699,Melissa Taylor,2,16,12,2024,2,33.95714,-118.39465333,6,2.2,1.44658
55855,Anita Collins,2,16,12,2024,2,34.0205,-118.27497667,7,1.1,0.70706
41715,Caitlin Rivera,2,16,12,2024,2,33.78818,-118.61691,2,1.3,0.84121
91966,Philip Gentry,2,16,12,2024,2,33.9149,-118.46304,3,2.2,1.48842
92141,Douglas Morales,2,16,12,2024,2,33.95714,-118.18949333,8,23.3,15.5082
66871,Megan Stevenson,2,16,12,2024,2,33.97826,-118.34336333,6,2.9,1.90331
64648,William Rojas DVM,2,16,12,2024,2,33.87266,-118.6682,2,3.5,2.30824
36024,Mr. Eric Walls MD,2,16,12,2024,2,34.06274,-118.36046,10,1.0,0.66051
26632,David Garcia,2,16,12,2024,2,33.97826,-118.25788,7,1.4,0.90182
38507,Cynthia Cline,2,16,12,2024,2,34.08386,-118.46304,9,1.7,1.14284
97181,Sarah Kim,2,16,12,2024,2,33.74594,-118.46304,1,1.0,0.67297
92419,Marco Benton,2,16,12,2024,2,33.83042,-118.65110333,2,4.0,2.66393
47068,Tammy Allen,2,16,12,2024,2,33.78818,-118.54852333,1,1.0,0.66521
54923,Timothy Rasmussen,2,16,12,2024,2,33.93602,-118.39465333,6,1.3,0.84485
74897,Christopher Anderson,2,16,12,2024,2,33.83042,-118.39465333,3,3.9,2.61868
57437,Susan Mullins,2,16,12,2024,2,33.78818,-118.51433,1,2.3,1.56279
94407,Kenneth Aguilar,2,16,12,2024,2,33.95714,-118.34336333,6,3.2,2.15145
14688,Kelly Davis,2,16,12,2024,2,33.9149,-118.41175,3,1.4,0.94168
98644,Eric Anderson,2,16,12,2024,2,33.97826,-118.49723333,5,1.2,0.82999
36148,Jason Miller,2,16,12,2024,2,33.83042,-118.48013667,3,1.4,0.93092
49675,Shannon Cameron,2,16,12,2024,2,33.99938,-118.18949333,8,13.2,8.82685
43945,Veronica Green,2,16,12,2024,2,34.0205,-118.32626667,6,1.1,0.74142
13108,Mary Wood,2,16,12,2024,2,33.83042,-118.32626667,4,6.3,4.19755
42331,Jack Carroll,2,16,12,2024,2,33.76706,-118.32626667,4,4.8,3.21875
77843,Veronica Conner,2,16,12,2024,2,33.89378,-118.58271667,2,4.7,3.13741
34225,Dakota Castro,2,16,12,2024,2,34.04162,-118.37755667,9,0.3,0.2247
18466,Krystal Lee,2,16,12,2024,2,33.8093,-118.61691,2,1.5,1.00868
73208,Michael Collier,2,16,12,2024,2,33.9149,-118.37755667,4,2.0,1.35906
20478,Lindsey Murray,2,16,12,2024,2,33.85154,-118.37755667,4,2.4,1.57237
22618,John Keller,2,16,12,2024,2,33.89378,-118.58271667,2,6.0,4.01639
24133,Justin Fitzpatrick,2,16,12,2024,2,34.08386,-118.37755667,9,3.6,2.43003
50071,Edwin Johnson,2,16,12,2024,2,33.85154,-118.48013667,3,0.9,0.61104
76988,Kathleen Kramer,2,16,12,2024,2,33.74594,-118.59981333,2,0.6,0.37279
45967,Aaron Good,2,16,12,2024,2,33.74594,-118.29207333,4,13.7,9.12881
11279,Garrett Atkinson,2,16,12,2024,2,34.14722,-118.30917,11,8.7,5.76801
44315,Tamara Phillips,2,16,12,2024,2,33.76706,-118.48013667,1,1.3,0.89542
90117,Ivan Reynolds,2,16,12,2024,2,33.93602,-118.25788,7,2.3,1.52192
46042,Jacob Rivas,2,16,12,2024,2,34.08386,-118.32626667,10,4.2,2.80579
86145,Jennifer Bass,2,16,12,2024,2,34.08386,-118.22368667,10,14.5,9.67017
34332,Daryl Perez,2,16,12,2024,2,33.76706,-118.63400667,2,8.5,5.68541
35655,Dr. Brittany Clarke MD,2,16,12,2024,2,34.06274,-118.36046,10,0.4,0.26704
92655,Danielle Mcdaniel,2,16,12,2024,2,33.74594,-118.56562,2,2.2,1.49336
48375,Todd Bullock,2,16,12,2024,2,33.8093,-118.65110333,2,7.8,5.18902
83842,Jeffrey Murray,2,16,12,2024,2,34.04162,-118.36046,10,1.5,1.00487
42938,Alan Johnson,2,16,12,2024,2,34.10498,-118.29207333,10,4.1,2.72087
23987,Dennis Mcgee,2,16,12,2024,2,34.04162,-118.36046,10,0.8,0.5022
51968,Matthew Harris,2,16,12,2024,2,33.78818,-118.44594333,1,3.0,2.00738
19338,Erica Roth,2,16,12,2024,2,33.87266,-118.39465333,3,1.3,0.85964
31555,Ralph Cole,2,16,12,2024,2,33.74594,-118.49723333,1,1.9,1.29803
57358,Rachel Jones,2,16,12,2024,2,33.76706,-118.61691,2,2.0,1.32476
10434,Christina Barajas,2,16,12,2024,2,34.0205,-118.29207333,7,2.8,1.87087
76605,Heather Mcdonald,2,16,12,2024,2,33.89378,-118.61691,2,4.7,3.1532
26491,Morgan Lowe,2,16,12,2024,2,33.85154,-118.34336333,4,4.3,2.83521
99299,James Cook,2,16,12,2024,2,33.95714,-118.1553,8,24.2,16.15372
20739,Heather Andrews,2,16,12,2024,2,33.89378,-118.39465333,3,1.0,0.64938
10468,Ashley Campbell,2,16,12,2024,2,33.8093,-118.51433,1,0.8,0.53362
94205,Steven Thomas,2,16,12,2024,2,34.08386,-118.30917,10,1.5,0.99101
81510,Joseph Carpenter,2,16,12,2024,2,33.89378,-118.49723333,3,3.0,1.97506
90508,Stephanie Grimes,2,16,12,2024,2,33.93602,-118.34336333,6,3.1,2.0662
36445,Sean Perez,2,16,12,2024,2,33.7037,-118.44594333,1,7.4,4.94625
67551,Julie Gonzalez,2,16,12,2024,2,34.04162,-118.32626667,10,2.7,1.78662
86404,Daniel Garza,2,16,12,2024,2,33.76706,-118.46304,1,5.2,3.45066
61338,Zachary Webb,2,16,12,2024,2,33.99938,-118.20659,8,14.1,9.40173
10742,Amber Barnett,2,16,12,2024,2,34.31618,-118.25788,11,59.2,39.44781
83865,Alison Waters,2,16,12,2024,2,33.7037,-118.46304,1,4.0,2.64941
34174,Karen Woods,2,16,12,2024,2,33.93602,-118.1553,8,27.7,18.44228
71215,Susan Sharp,2,16,12,2024,2,33.89378,-118.65110333,2,2.3,1.5504
35243,Dillon Li,2,16,12,2024,2,33.89378,-118.58271667,2,4.8,3.17036
76849,Jessica Erickson,2,16,12,2024,2,33.78818,-118.29207333,4,12.2,8.11181
93422,Jennifer Acosta,2,16,12,2024,2,33.93602,-118.22368667,8,0.3,0.21011
75196,Adriana Morrow,2,16,12,2024,2,34.10498,-118.25788,10,8.2,5.47615
63343,Suzanne Krueger,2,16,12,2024,2,34.0205,-118.54852333,5,5.6,3.73802
44164,Angela Torres,2,16,12,2024,2,33.85154,-118.51433,3,4.3,2.85247
29184,Kristen Odonnell,2,16,12,2024,2,34.04162,-118.25788,10,4.3,2.89193
13791,Stephanie Dennis,2,16,12,2024,2,33.8093,-118.30917,4,11.1,7.40574
72928,William Miller MD,2,16,12,2024,2,34.0205,-118.49723333,5,8.2,5.47866
96430,Lynn Garza,2,16,12,2024,2,33.99938,-118.27497667,7,0.2,0.1656
48597,Angela Keller,2,16,12,2024,2,33.99938,-118.27497667,7,1.5,1.00055
87122,Heather Johnson,2,16,12,2024,2,34.27394,-118.27497667,11,62.1,41.38476
39662,Kathy Lee,2,16,12,2024,2,33.97826,-118.27497667,7,0.7,0.49913
89137,Ryan Young,2,16,12,2024,2,34.1261,-118.27497667,10,9.5,6.31226
97993,Lisa Gutierrez,2,16,12,2024,2,33.95714,-118.25788,7,1.0,0.66395
15077,Tricia Webb,2,16,12,2024,2,33.93602,-118.17239667,8,3.8,2.52488
97602,Nathan Austin,2,16,12,2024,2,33.95714,-118.36046,6,1.8,1.21166
41482,Debbie Chapman,2,16,12,2024,2,33.93602,-118.27497667,7,1.6,1.08521
91382,Brian Medina,2,16,12,2024,2,34.1261,-118.46304,9,8.5,5.69219
84707,Stephen Galvan,2,16,12,2024,2,34.0205,-118.20659,8,2.5,1.67926
78685,Sabrina Davis,2,16,12,2024,2,33.97826,-118.37755667,6,1.9,1.27298
99851,Robert Harper,2,16,12,2024,2,33.87266,-118.53142667,3,0.8,0.51622
97395,Heather Reed,2,16,12,2024,2,33.78818,-118.37755667,4,5.7,3.82384
95845,Rebecca Dean,2,16,12,2024,2,33.99938,-118.32626667,6,4.6,3.03854
13182,James Moore,2,16,12,2024,2,33.8093,-118.27497667,4,9.6,6.38893
39910,Ashley Becker,2,16,12,2024,2,33.95714,-118.53142667,5,4.6,3.07031
73979,Paul Wilson,2,16,12,2024,2,33.99938,-118.54852333,5,4.7,3.10082
69459,Sean Mcdaniel,2,16,12,2024,2,33.99938,-118.46304,6,1.8,1.22543
97451,Tanya King,2,16,12,2024,2,33.72482,-118.46304,1,1.7,1.14993
74894,Jimmy Wheeler,2,16,12,2024,2,34.0205,-118.36046,6,2.6,1.75091
19223,Austin Wilson,2,16,12,2024,2,33.87266,-118.36046,4,0.5,0.32819
39534,Thomas Drake,2,16,12,2024,2,33.93602,-118.24078333,7,1.6,1.07114
92700,Christian Smith,2,16,12,2024,2,34.16834,-118.27497667,11,34.8,23.1953
27966,Maria Barrett,2,16,12,2024,2,34.2317,-118.29207333,11,38.9,25.91627
95688,Emily Rodgers,2,16,12,2024,2,33.9149,-118.46304,3,4.2,2.79432
50193,John Conway,2,16,12,2024,2,33.74594,-118.51433,1,2.1,1.41025
10274,Jasmine Wood,2,16,12,2024,2,34.1261,-118.48013667,9,11.2,7.45943
63337,Thomas Walters,2,16,12,2024,2,33.85154,-118.36046,4,4.1,2.70297
26910,Chad Mcconnell,2,16,12,2024,2,33.93602,-118.30917,7,0.1,0.08357
16736,Brittney Gomez,2,16,12,2024,2,34.06274,-118.37755667,9,1.9,1.28824
14756,Laura Snyder,2,16,12,2024,2,34.06274,-118.51433,9,4.0,2.68188
42504,Rachel Ward MD,2,16,12,2024,2,33.95714,-118.29207333,7,0.7,0.43546
12817,Kristin Mueller,2,16,12,2024,2,33.85154,-118.41175,3,0.1,0.06097
38781,Shannon Crosby,2,16,12,2024,2,34.3373,-118.30917,11,63.8,42.55689
81822,Ashley Oneal,2,16,12,2024,2,33.78818,-118.58271667,2,1.1,0.75058
64475,Alec Nelson MD,2,16,12,2024,2,34.1261,-118.29207333,10,6.9,4.60993
18254,Carla Gibbs,2,16,12,2024,2,33.72482,-118.49723333,1,1.9,1.26179
77023,Latasha Henderson,2,16,12,2024,2,33.85154,-118.61691,2,2.1,1.42519
22481,Ronald Smith,2,16,12,2024,2,33.87266,-118.51433,3,1.3,0.85609
33866,Matthew King,2,16,12,2024,2,34.0205,-118.39465333,6,1.8,1.1753
48971,Jennifer Smith,2,16,12,2024,2,33.85154,-118.49723333,3,1.0,0.64136
64296,Todd Ortiz,2,16,12,2024,2,33.9149,-118.41175,3,1.3,0.88969
42444,Alyssa Valdez,2,16,12,2024,2,34.10498,-118.22368667,10,14.4,9.57537
86366,Danielle Thompson,2,16,12,2024,2,33.87266,-118.65110333,2,0.7,0.49513
19682,Lauren Phillips,2,16,12,2024,2,33.85154,-118.37755667,4,4.2,2.78308
78506,Taylor Nelson,2,16,12,2024,2,33.74594,-118.48013667,1,2.9,1.9467
33001,Jacob Stewart,2,16,12,2024,2,33.72482,-118.48013667,1,0.7,0.46266
32826,Patricia Jones,2,16,12,2024,2,33.83042,-118.32626667,4,6.1,4.05869
59075,Jennifer Phillips,2,16,12,2024,2,33.9149,-118.49723333,3,3.8,2.56446
64926,Benjamin Pacheco,2,16,12,2024,2,33.93602,-118.54852333,5,2.8,1.85001
47101,Cheryl Harris,2,16,12,2024,2,33.87266,-118.49723333,3,1.7,1.10154
24129,Natalie Farley,2,16,12,2024,2,33.8093,-118.58271667,2,0.8,0.50254
31584,Richard Allison,2,16,12,2024,2,33.87266,-118.58271667,2,1.1,0.72907
14239,Victoria Pena,2,16,12,2024,2,33.97826,-118.54852333,5,1.2,0.80275
17914,David Davis,2,16,12,2024,2,34.18946,-118.30917,11,13.6,9.05641
58188,Kimberly White,2,16,12,2024,2,33.9149,-118.39465333,3,2.3,1.54269
37785,Melody Reynolds,2,16,12,2024,2,33.97826,-118.46304,6,1.4,0.9278
30065,Patrick Murray,2,16,12,2024,2,34.06274,-118.34336333,10,1.5,1.00243
18202,Amy Martin,2,16,12,2024,2,33.87266,-118.59981333,2,0.3,0.21962
56533,Martin Hall,2,16,12,2024,2,33.95714,-118.56562,5,1.8,1.20929
21545,Julie Martin,2,16,12,2024,2,34.04162,-118.48013667,9,1.6,1.06738
60451,Richard Poole,2,16,12,2024,2,34.08386,-118.30917,10,1.2,0.79578
67689,Melinda Strickland,2,16,12,2024,2,33.93602,-118.53142667,5,2.0,1.33395
21210,James Carr,2,16,12,2024,2,33.85154,-118.59981333,2,1.8,1.19404
65138,William Evans,2,16,12,2024,2,34.3373,-118.27497667,11,64.5,42.98842
95201,Kevin Ford,2,16,12,2024,2,33.87266,-118.36046,4,0.8,0.51754
99822,Brittany Burke DDS,2,16,12,2024,2,33.85154,-118.44594333,3,1.4,0.92111
99626,Rebecca Howard,2,16,12,2024,2,33.9149,-118.18949333,8,2.0,1.32878
25856,Amanda Medina,2,16,12,2024,2,33.87266,-118.37755667,4,1.6,1.0698
58385,Bonnie King,2,16,12,2024,2,34.06274,-118.29207333,10,3.5,2.31269
55295,Aaron Williams,2,16,12,2024,2,33.83042,-118.42884667,3,4.5,3.00641
41791,Sara Carroll,2,16,12,2024,2,34.29506,-118.29207333,11,62.4,41.60099
85408,Kenneth Perkins,2,16,12,2024,2,33.99938,-118.39465333,6,1.4,0.9123
40048,Casey Anderson,2,16,12,2024,2,33.89378,-118.30917,4,3.1,2.09002
76186,Linda Sutton,2,16,12,2024,2,34.08386,-118.48013667,9,8.2,5.49137
12528,William Cole,2,16,12,2024,2,34.06274,-118.32626667,10,2.3,1.54997
86899,Christopher Potts,2,16,12,2024,2,34.04162,-118.44594333,9,1.2,0.82871
35810,Jennifer Kim,2,16,12,2024,2,33.76706,-118.59981333,2,1.0,0.68763
30969,Donna Walls,2,16,12,2024,2,33.95714,-118.58271667,5,0.9,0.58206
63642,Peter Morris,2,16,12,2024,2,33.9149,-118.30917,4,3.6,2.38431
58329,Daniel Eaton,2,16,12,2024,2,33.93602,-118.42884667,6,1.0,0.6575
82274,Jennifer Lopez,2,16,12,2024,2,34.06274,-118.30917,10,2.4,1.59343
26975,Rebecca Davis,2,16,12,2024,2,33.8093,-118.39465333,1,0.8,0.54104
28433,Kaitlin Stewart,2,16,12,2024,2,33.83042,-118.56562,2,0.4,0.27011
60147,Kimberly Johnson MD,2,16,12,2024,2,33.97826,-118.18949333,8,13.6,9.0898
64829,Marissa Ramirez,2,16,12,2024,2,33.8093,-118.41175,1,4.4,2.91816
56926,Melvin Wolfe,2,16,12,2024,2,33.85154,-118.53142667,3,0.9,0.63115
54284,John Kelly,2,16,12,2024,2,33.9149,-118.29207333,4,4.3,2.84256
10530,Kelly Ford,2,16,12,2024,2,34.06274,-118.25788,10,11.7,7.81393
91054,Stephanie Singh,2,16,12,2024,2,33.97826,-118.42884667,6,1.3,0.83806
30659,Samantha Meyers,2,16,12,2024,2,33.85154,-118.37755667,4,2.2,1.44146
80884,Logan Smith,2,16,12,2024,2,34.04162,-118.48013667,9,2.3,1.53963
42879,Holly Bradley,2,16,12,2024,2,33.83042,-118.53142667,3,1.0,0.6737
93089,Cory Gilbert,2,16,12,2024,2,33.87266,-118.34336333,4,0.4,0.24173
87912,Daniel Walker,2,16,12,2024,2,33.89378,-118.51433,3,2.4,1.5929
94437,Angel Doyle,2,16,12,2024,2,33.87266,-118.39465333,3,0.4,0.26149
40125,Melissa Douglas,2,16,12,2024,2,33.8093,-118.42884667,1,4.6,3.07168
84266,Katherine Lewis,2,16,12,2024,2,33.89378,-118.63400667,2,4.0,2.65603
58378,Vanessa Moore,2,16,12,2024,2,33.85154,-118.63400667,2,3.1,2.04727
53516,Alexander Torres,2,16,12,2024,2,33.93602,-118.58271667,5,2.5,1.63367
14969,Robert Holden,2,16,12,2024,2,34.3373,-118.24078333,11,62.2,41.46566
46050,Crystal Barnes,2,16,12,2024,2,33.97826,-118.37755667,6,0.6,0.39291
49504,Breanna Lambert,2,16,12,2024,2,33.95714,-118.37755667,6,1.5,1.00833
83602,Julie Miller,2,16,12,2024,2,33.95714,-118.48013667,5,1.6,1.09726
47305,Cindy Frye,2,16,12,2024,2,33.85154,-118.46304,3,1.2,0.80403
66658,Rebecca Conley,2,16,12,2024,2,33.99938,-118.24078333,7,0.4,0.2421
51081,Brittany Hudson,2,16,12,2024,2,33.85154,-118.39465333,3,2.2,1.495
78091,Jermaine Wheeler,2,16,12,2024,2,34.08386,-118.49723333,9,7.3,4.83477
76945,Melanie Arroyo,2,16,12,2024,2,33.89378,-118.34336333,4,1.0,0.68013
64458,Tiffany Davis,2,16,12,2024,2,34.04162,-118.46304,9,3.8,2.52582
67285,Lindsey Pena,2,16,12,2024,2,33.89378,-118.36046,4,1.0,0.69867
40145,Katie Ramos,2,16,12,2024,2,33.89378,-118.20659,8,1.8,1.23251
64366,James Clark,2,16,12,2024,2,33.78818,-118.42884667,1,1.3,0.8895
10122,Noah Osborne,2,16,12,2024,2,33.93602,-118.46304,6,2.9,1.93167
94497,Sherry Pitts,2,16,12,2024,2,33.93602,-118.51433,5,0.6,0.3856
51523,Nancy Sanchez,2,16,12,2024,2,33.76706,-118.34336333,4,5.9,3.93975
50173,Peter Hall,2,16,12,2024,2,34.16834,-118.27497667,11,38.7,25.7927
55509,Erin Adams,2,16,12,2024,2,33.9149,-118.24078333,4,2.4,1.62952
37537,Stephanie Lopez,2,16,12,2024,2,34.25282,-118.25788,11,55.5,36.9884
62527,Jerry Frey,2,16,12,2024,2,33.97826,-118.44594333,6,2.1,1.38888
65958,Tina Robles,2,16,12,2024,2,34.04162,-118.49723333,9,8.3,5.50133
40267,Cindy Mcgee,2,16,12,2024,2,33.9149,-118.20659,8,1.9,1.24413
26897,Brandy Rodriguez,2,16,12,2024,2,33.76706,-118.58271667,2,2.1,1.41257
52167,Patricia Humphrey MD,2,16,12,2024,2,33.78818,-118.46304,1,1.6,1.06843
30870,Carmen Castro DVM,2,16,12,2024,2,33.83042,-118.36046,4,2.5,1.69065
36583,Mr. Shawn Keller,2,16,12,2024,2,34.0205,-118.48013667,5,1.5,1.02611
37498,Donald Villarreal,2,16,12,2024,2,33.74594,-118.58271667,2,0.7,0.4654
58373,Tiffany Ramsey,2,16,12,2024,2,33.89378,-118.44594333,3,2.4,1.61442
60022,Kenneth Mitchell,2,16,12,2024,2,33.95714,-118.56562,5,7.8,5.20278
44014,Darlene Thompson,2,16,12,2024,2,34.06274,-118.42884667,9,1.2,0.7904
62568,Garrett Evans,2,16,12,2024,2,33.85154,-118.59981333,2,0.8,0.50996
19526,Emily Brown,2,16,12,2024,2,33.9149,-118.48013667,3,1.5,1.02481
72471,Cassandra Woods,2,16,12,2024,2,33.89378,-118.61691,2,3.8,2.50422
28069,Valerie Moreno,2,16,12,2024,2,33.97826,-118.42884667,6,1.2,0.78482
94158,Kimberly Ferguson,2,16,12,2024,2,34.1261,-118.30917,10,4.4,2.96653
72995,Sara Orozco,2,16,12,2024,2,33.9149,-118.53142667,3,3.5,2.35242
36185,David Oconnor,2,16,12,2024,2,33.87266,-118.46304,3,0.6,0.37067
27707,Antonio Owens,2,16,12,2024,2,33.8093,-118.42884667,1,4.5,2.97076
39377,Christian Hanson,2,16,12,2024,2,33.97826,-118.36046,6,1.5,0.99635
99754,James Stevens,2,16,12,2024,2,33.99938,-118.51433,5,2.9,1.92353
94431,Christopher West,2,16,12,2024,2,33.72482,-118.51433,1,3.5,2.3094
94951,Scott Price,2,16,12,2024,2,33.95714,-118.25788,7,0.8,0.51525
80258,Mark Logan,2,16,12,2024,2,33.99938,-118.49723333,5,2.5,1.66178
30830,Stephen Scott,2,16,12,2024,2,33.99938,-118.51433,5,10.2,6.80707
33991,Veronica Turner,2,16,12,2024,2,34.10498,-118.24078333,10,13.9,9.29104
83243,Nicole Allen,2,16,12,2024,2,33.95714,-118.51433,5,2.7,1.81873
54510,Tyler Bryant,2,16,12,2024,2,33.9149,-118.17239667,8,4.2,2.80294
57378,Nicholas Kemp,2,16,12,2024,2,33.85154,-118.51433,3,2.7,1.78665
77556,Kayla Jones,2,16,12,2024,2,33.8093,-118.30917,4,5.1,3.40614
25977,Amanda Santana,2,16,12,2024,2,34.0205,-118.18949333,8,14.4,9.59552
95532,Maria Rosario,2,16,12,2024,2,34.0205,-118.36046,6,2.5,1.65323
70987,Lacey Wilson,2,16,12,2024,2,33.95714,-118.37755667,6,2.3,1.53622
96227,Maria Hunter,2,16,12,2024,2,33.83042,-118.49723333,3,1.3,0.89859
95889,Fernando Hall,2,16,12,2024,2,34.06274,-118.24078333,10,13.7,9.12974
30144,Karen Miller,2,16,12,2024,2,33.74594,-118.48013667,1,1.8,1.19785
38700,Karina Lara,2,16,12,2024,2,33.97826,-118.48013667,5,2.0,1.30045
84570,Martin Greer,2,16,12,2024,2,34.27394,-118.24078333,11,58.1,38.7371
78475,Bradley Smith,2,16,12,2024,2,34.06274,-118.39465333,9,0.6,0.4165
17120,Timothy Adams,2,16,12,2024,2,34.0205,-118.34336333,6,4.5,3.00297
65919,David Maldonado,2,16,12,2024,2,33.97826,-118.1553,8,13.2,8.82467
73298,Tina Rodriguez,2,16,12,2024,2,34.06274,-118.24078333,10,0.7,0.46945
32455,Jennifer Goodman,2,16,12,2024,2,34.06274,-118.25788,10,11.7,7.82994
57526,Jessica Flores,2,16,12,2024,2,33.95714,-118.53142667,5,1.1,0.71959
50227,Michael Kennedy,2,16,12,2024,2,33.93602,-118.56562,5,1.4,0.92391
85048,Walter Campbell Jr.,2,16,12,2024,2,33.78818,-118.41175,1,3.8,2.5464
99352,Gregory Lowe,2,16,12,2024,2,33.7037,-118.49723333,1,7.2,4.78871
85965,Cheryl Young,2,16,12,2024,2,33.89378,-118.59981333,2,3.5,2.32204
14598,Michael Hendrix,2,16,12,2024,2,33.9149,-118.53142667,3,4.5,3.01468
33986,Stephanie Hicks,2,16,12,2024,2,34.31618,-118.32626667,11,68.3,45.53002
21724,Eduardo Holland,2,16,12,2024,2,33.93602,-118.48013667,5,1.7,1.15643
87738,Kimberly Mills,2,16,12,2024,2,34.04162,-118.49723333,9,10.5,6.98219
15541,Joshua Campbell,2,16,12,2024,2,34.06274,-118.34336333,10,0.8,0.50971
77108,Gregory Dawson,2,16,12,2024,2,33.9149,-118.42884667,3,1.0,0.63494
58599,Lance Kelly,2,16,12,2024,2,33.78818,-118.44594333,1,2.5,1.68313
43004,Thomas Lamb,2,16,12,2024,2,34.04162,-118.32626667,10,2.8,1.87159
32032,Jonathan Harrison,2,16,12,2024,2,34.14722,-118.27497667,11,12.9,8.60384
29632,Tiffany Foley,2,16,12,2024,2,33.95714,-118.32626667,6,1.0,0.67957
12746,Amy Sloan,2,16,12,2024,2,33.76706,-118.39465333,1,11.6,7.76227
73774,Jason Garrett,2,16,12,2024,2,33.93602,-118.48013667,5,1.2,0.82133
84915,Jennifer Scott,2,16,12,2024,2,33.78818,-118.48013667,1,1.8,1.19267
23446,Kimberly Burnett,2,16,12,2024,2,33.85154,-118.42884667,3,0.6,0.40254
53877,Benjamin Padilla,2,16,12,2024,2,34.1261,-118.30917,10,2.8,1.88984
90343,John Lopez,2,16,12,2024,2,33.78818,-118.46304,1,1.4,0.96081
90045,Monica Edwards,2,16,12,2024,2,33.87266,-118.37755667,4,2.4,1.58911
69118,Jacob Little,2,16,12,2024,2,33.83042,-118.58271667,2,1.8,1.18146
28630,Andrea Collins,2,16,12,2024,2,34.25282,-118.27497667,11,40.8,27.19833
45499,Rachel Romero,2,16,12,2024,2,34.27394,-118.25788,11,50.2,33.44271
95085,Ann Holloway,2,16,12,2024,2,33.83042,-118.46304,3,3.0,1.98963
33074,Edward Perez,2,16,12,2024,2,33.9149,-118.36046,4,1.7,1.13832
64390,Christopher Brown,2,16,12,2024,2,33.85154,-118.54852333,2,1.1,0.7352
38046,Sandra Johnson,2,16,12,2024,2,33.8093,-118.41175,1,0.2,0.10127
20215,Thomas Williams,2,16,12,2024,2,33.76706,-118.41175,1,5.0,3.33156
55534,Amber Whitehead,2,16,12,2024,2,33.93602,-118.44594333,6,1.3,0.88011
84017,Stacey Cantu,2,16,12,2024,2,33.78818,-118.59981333,2,1.9,1.27641
48848,Jacob Marshall,2,16,12,2024,2,33.76706,-118.59981333,2,0.9,0.57107
27077,Christopher Schneider,2,16,12,2024,2,34.08386,-118.42884667,9,2.9,1.90577
82271,Herbert Delacruz,2,16,12,2024,2,33.95714,-118.1553,8,25.5,16.99989
15429,Dillon Hale,2,16,12,2024,2,34.04162,-118.30917,10,2.3,1.52315
26041,Christopher Dunlap,2,16,12,2024,2,33.93602,-118.41175,6,0.8,0.5493
78652,Mary Brady,2,16,12,2024,2,33.99938,-118.54852333,5,1.9,1.29886
73864,Dustin Curtis,2,16,12,2024,2,33.99938,-118.20659,8,14.7,9.80412
12713,Lisa Hernandez,2,16,12,2024,2,33.8093,-118.58271667,2,0.6,0.42593
29693,Roger Rodriguez,2,16,12,2024,2,34.10498,-118.46304,9,2.5,1.63822
96434,James Stone Jr.,2,16,12,2024,2,33.89378,-118.41175,3,1.0,0.69672
31248,Brandi Boone,2,16,12,2024,2,34.1261,-118.44594333,9,1.5,1.01376
35816,Carlos Avery,2,16,12,2024,2,33.76706,-118.49723333,1,1.1,0.73178
14595,Cody Welch,2,16,12,2024,2,34.04162,-118.41175,9,2.9,1.94441
16126,Michelle Travis,2,16,12,2024,2,34.08386,-118.44594333,9,1.5,1.02373
46275,Erin Matthews,2,16,12,2024,2,33.9149,-118.24078333,4,2.9,1.92392
24211,Haley Walker,2,16,12,2024,2,33.8093,-118.29207333,4,9.3,6.18381
75217,Mark Brown,2,16,12,2024,2,34.06274,-118.27497667,10,13.3,8.85925
17850,Joshua Gordon,2,16,12,2024,2,33.99938,-118.56562,5,8.7,5.79349
74133,Michael Oneill,2,16,12,2024,2,33.76706,-118.63400667,2,5.1,3.42033
45708,Teresa Pierce,2,16,12,2024,2,34.04162,-118.37755667,9,1.9,1.29091
74035,David Petersen,2,16,12,2024,2,33.97826,-118.41175,6,2.4,1.63073
36600,Mr. Patrick Wright Jr.,2,16,12,2024,2,34.06274,-118.46304,9,2.0,1.36163
45638,Casey Giles,2,16,12,2024,2,33.93602,-118.41175,6,1.6,1.0367
68954,Hannah Young,2,16,12,2024,2,33.8093,-118.53142667,1,0.3,0.205
19478,Stephanie Rowe,2,16,12,2024,2,33.97826,-118.36046,6,1.8,1.21032
54515,Annette Randall,2,16,12,2024,2,33.8093,-118.49723333,1,0.8,0.52519
11697,Jessica Fox,2,16,12,2024,2,33.87266,-118.29207333,4,2.6,1.76325
91413,Jose Short,2,16,12,2024,2,33.9149,-118.36046,4,0.2,0.14833
25807,Megan Rivera,2,16,12,2024,2,33.97826,-118.39465333,6,1.0,0.68017
67690,Evelyn Wright,2,16,12,2024,2,33.72482,-118.49723333,1,6.4,4.28211
81228,Amanda Camacho,2,16,12,2024,2,34.04162,-118.34336333,10,2.3,1.55565
92619,Michelle Thompson,2,16,12,2024,2,33.93602,-118.32626667,6,2.0,1.35978
25430,Carrie Levy,2,16,12,2024,2,33.74594,-118.46304,1,3.2,2.16161
34804,Ricky Simmons,2,16,12,2024,2,34.04162,-118.25788,10,0.3,0.19562
90095,Katherine Black,2,16,12,2024,2,33.76706,-118.51433,1,2.0,1.3534
48692,Norman King,2,16,12,2024,2,34.0205,-118.37755667,6,0.6,0.388
11856,Ashley Houston,2,16,12,2024,2,34.3373,-118.25788,11,58.0,38.66585
18811,Robert Powell,2,16,12,2024,2,33.9149,-118.51433,3,0.7,0.4349
55510,Jacqueline Morris,2,16,12,2024,2,34.04162,-118.30917,10,5.3,3.54484
58288,Mr. Gregory Thomas,2,16,12,2024,2,34.0205,-118.25788,7,3.7,2.43427
18220,Daniel Wilson,2,16,12,2024,2,33.99938,-118.34336333,6,1.2,0.78463
71767,Robert Holt,2,16,12,2024,2,34.06274,-118.46304,9,3.9,2.60216
98334,Michael Alexander,2,16,12,2024,2,33.89378,-118.39465333,3,1.7,1.10057
92685,Jessica Davila,2,16,12,2024,2,33.72482,-118.41175,1,12.4,8.26673
58485,Dustin Gutierrez,2,16,12,2024,2,34.0205,-118.27497667,7,2.6,1.76397
42014,Sherri Jones,2,16,12,2024,2,33.78818,-118.39465333,1,3.3,2.19391
95632,Trevor Singleton,2,16,12,2024,2,33.89378,-118.32626667,4,2.2,1.49629
31473,Luis James,2,16,12,2024,2,34.0205,-118.42884667,6,1.0,0.64379
50581,Alexander Martinez,2,16,12,2024,2,33.74594,-118.53142667,1,0.3,0.18136
56944,Megan Rodriguez,2,16,12,2024,2,33.87266,-118.63400667,2,0.8,0.55143
40168,Andrew Davis,2,16,12,2024,2,34.0205,-118.30917,7,3.9,2.60079
63225,James Rasmussen,2,16,12,2024,2,34.08386,-118.29207333,10,2.9,1.90101
52565,Whitney Rose,2,16,12,2024,2,33.97826,-118.30917,7,2.2,1.45968
82024,Omar Tucker,2,16,12,2024,2,33.83042,-118.51433,3,1.6,1.09351
96486,Anna Green,2,16,12,2024,2,33.74594,-118.51433,1,0.9,0.60629
13020,Brenda Mosley MD,2,16,12,2024,2,33.95714,-118.24078333,7,1.5,0.98881
93534,Shari Mcguire,2,16,12,2024,2,34.08386,-118.30917,10,1.5,0.99324
59390,Mason Blevins,2,16,12,2024,2,33.99938,-118.42884667,6,0.9,0.5919
35150,Valerie Bell,2,16,12,2024,2,33.87266,-118.42884667,3,1.8,1.22488
62529,Richard Todd,2,16,12,2024,2,34.31618,-118.24078333,11,57.2,38.14815
13382,William Shaw,2,16,12,2024,2,33.9149,-118.29207333,4,0.8,0.55484
91563,Ashley Reyes,2,16,12,2024,2,34.04162,-118.34336333,10,1.2,0.80708
23505,Brenda Castro,2,16,12,2024,2,33.87266,-118.41175,3,3.2,2.14944
89701,Dana Jackson,2,16,12,2024,2,33.89378,-118.30917,4,1.3,0.89105
71694,Justin Edwards,2,16,12,2024,2,34.04162,-118.42884667,9,0.8,0.56466
12964,Kimberly Bryant,2,16,12,2024,2,33.95714,-118.54852333,5,5.5,3.67777
35448,Kimberly Cole,2,16,12,2024,2,33.95714,-118.41175,6,2.1,1.41162
72313,Travis Ashley,2,16,12,2024,2,33.95714,-118.34336333,6,4.2,2.78055
84606,Benjamin Chang,2,16,12,2024,2,34.0205,-118.37755667,6,0.4,0.24354
67421,Christine Myers,2,16,12,2024,2,33.95714,-118.37755667,6,1.2,0.81716
42615,Edward Powers,2,16,12,2024,2,34.10498,-118.46304,9,2.0,1.32145
29889,Jessica Rivera,2,16,12,2024,2,33.99938,-118.25788,7,0.7,0.48162
72152,Bryan Robles,2,16,12,2024,2,34.18946,-118.30917,11,14.0,9.33951
44231,Cheryl Day,2,16,12,2024,2,33.87266,-118.58271667,2,1.4,0.90912
76633,Allison Garcia,2,16,12,2024,2,33.97826,-118.20659,8,8.2,5.45345
69725,Cassandra Lopez,2,16,12,2024,2,33.85154,-118.49723333,3,2.2,1.44865
42373,Tanner Jordan,2,16,12,2024,2,33.99938,-118.22368667,8,7.6,5.062
66092,Kristen Rich,2,16,12,2024,2,33.9149,-118.46304,3,3.8,2.56441
88966,Shannon Lawrence,2,16,12,2024,2,33.95714,-118.46304,6,1.6,1.04566
18347,Dr. Courtney Burns,2,16,12,2024,2,33.93602,-118.20659,8,3.3,2.22141
17867,Noah Rios,2,16,12,2024,2,33.97826,-118.49723333,5,0.7,0.47108
72366,Jessica Butler,2,16,12,2024,2,33.89378,-118.49723333,3,1.0,0.63715
80574,Katie Mcclure,2,16,12,2024,2,33.8093,-118.48013667,1,0.7,0.47556
33689,Carrie Mcgrath,2,16,12,2024,2,33.89378,-118.48013667,3,2.1,1.42175
27201,Steve Nixon,2,16,12,2024,2,33.95714,-118.54852333,5,3.7,2.44209
46128,Sharon Martinez,2,16,12,2024,2,33.87266,-118.30917,4,1.4,0.91956
96475,Kevin Walker,2,16,12,2024,2,33.99938,-118.18949333,8,13.4,8.94771
97227,Heather Miller,2,16,12,2024,2,34.04162,-118.27497667,10,2.4,1.63221
52613,Heather Lambert,2,16,12,2024,2,33.78818,-118.48013667,1,3.4,2.24296
82242,William Scott,2,16,12,2024,2,33.8093,-118.25788,4,11.4,7.61492
55301,Charles Sherman,2,16,12,2024,2,34.04162,-118.51433,9,3.2,2.16009
15336,Catherine Smith,2,16,12,2024,2,33.83042,-118.42884667,3,4.3,2.88566
84273,Alex Andrews,2,16,12,2024,2,34.10498,-118.41175,9,0.8,0.51201
21130,Courtney Garcia,2,16,12,2024,2,34.16834,-118.30917,11,12.1,8.0701
57602,Colin Martin,2,16,12,2024,2,34.06274,-118.30917,10,2.1,1.40466
91708,Matthew Small,2,16,12,2024,2,33.8093,-118.32626667,4,8.5,5.64831
45503,Eduardo Mckenzie,2,16,12,2024,2,33.87266,-118.56562,2,0.5,0.32401
59729,Ashley Doyle,2,16,12,2024,2,33.8093,-118.27497667,4,10.9,7.2474
47217,Tracey Barber,2,16,12,2024,2,34.04162,-118.49723333,9,9.5,6.32128
25949,Anthony Dominguez,2,16,12,2024,2,33.9149,-118.34336333,4,0.9,0.59518
38057,Christopher Austin,2,16,12,2024,2,33.78818,-118.51433,1,1.8,1.20723
37113,Lisa Williams,2,16,12,2024,2,33.85154,-118.42884667,3,2.0,1.31078
45203,Megan Williams,2,16,12,2024,2,33.9149,-118.25788,4,2.8,1.88875
32321,Madison Andersen,2,16,12,2024,2,34.08386,-118.24078333,10,5.1,3.39952
48834,Dr. Molly Riley,2,16,12,2024,2,33.97826,-118.56562,5,3.3,2.16768
52150,Dawn Ramirez,2,16,12,2024,2,33.85154,-118.58271667,2,1.5,0.9807
90798,Janet Smith,2,16,12,2024,2,33.99938,-118.56562,5,0.5,0.31766
88690,Jennifer Smith,2,16,12,2024,2,33.83042,-118.61691,2,0.8,0.50263
60144,Daryl Nichols,2,16,12,2024,2,33.9149,-118.36046,4,1.8,1.22702
42826,Megan Chen,2,16,12,2024,2,34.14722,-118.29207333,11,6.4,4.27935
85432,Kyle Hamilton,2,16,12,2024,2,33.87266,-118.61691,2,0.1,0.06043
64833,William Chavez,2,16,12,2024,2,33.93602,-118.18949333,8,3.1,2.06408
66324,Craig Stewart,2,16,12,2024,2,34.08386,-118.41175,9,4.3,2.86616
48390,Krystal Herman,2,16,12,2024,2,34.0205,-118.37755667,6,0.7,0.45401
84411,Gail Taylor,2,16,12,2024,2,34.1261,-118.29207333,10,2.9,1.94495
97538,Matthew Norris,2,16,12,2024,2,33.87266,-118.65110333,2,3.5,2.32729
62362,Paul Lambert,2,16,12,2024,2,33.7037,-118.41175,1,14.2,9.48576
92070,Justin Black,2,16,12,2024,2,33.76706,-118.44594333,1,5.4,3.63064
67739,Meagan Johnson,2,16,12,2024,2,33.97826,-118.44594333,6,1.9,1.26867
38008,Sarah Estes,2,16,12,2024,2,34.10498,-118.37755667,9,3.0,2.02505
65652,Tyler Miller,2,16,12,2024,2,33.72482,-118.42884667,1,2.2,1.48043
79655,Rachel Smith,2,16,12,2024,2,33.93602,-118.46304,6,2.0,1.34038
15403,Karen Martin,2,16,12,2024,2,34.0205,-118.53142667,5,1.9,1.28424
44395,Melissa Walsh,2,16,12,2024,2,33.83042,-118.46304,3,1.0,0.67511
78167,Monique Brown,2,16,12,2024,2,33.83042,-118.61691,2,1.3,0.87117
13141,Eric Forbes,2,16,12,2024,2,33.97826,-118.1553,8,13.4,8.93141
20644,Shannon Taylor,2,16,12,2024,2,34.04162,-118.41175,9,1.7,1.14769
92183,Carrie Perkins,2,16,12,2024,2,33.74594,-118.42884667,1,13.4,8.94257
20008,Mrs. Kathleen Elliott,2,16,12,2024,2,33.89378,-118.34336333,4,1.2,0.78256
53895,Angela Holmes,2,16,12,2024,2,33.8093,-118.25788,4,14.7,9.79157
60814,Kari Smith,2,16,12,2024,2,33.83042,-118.46304,3,1.1,0.71195
88616,Ernest Young,2,16,12,2024,2,33.74594,-118.54852333,1,1.9,1.23727
32762,Tanya Gregory,2,16,12,2024,2,33.78818,-118.56562,2,1.1,0.72866
59718,Kenneth Maldonado,2,16,12,2024,2,33.97826,-118.53142667,5,5.5,3.64494
90619,Brett Gibson,2,16,12,2024,2,34.04162,-118.51433,9,12.3,8.1754
35769,Timothy Stevens,2,16,12,2024,2,33.87266,-118.54852333,2,1.4,0.94396
23399,Zachary Chen,2,16,12,2024,2,33.95714,-118.42884667,6,1.7,1.14485
70929,Alexander Ramos PhD,2,16,12,2024,2,33.72482,-118.41175,1,14.7,9.78094
16132,Christopher Choi,2,16,12,2024,2,34.08386,-118.37755667,9,2.1,1.41956
87917,Kathleen Schmidt,2,16,12,2024,2,33.93602,-118.39465333,6,2.3,1.55142
45059,Miss Nicole Mcknight,2,16,12,2024,2,33.9149,-118.58271667,2,2.2,1.46314
23983,Dr. Mark Hardin,2,16,12,2024,2,34.08386,-118.44594333,9,1.2,0.80211
21151,Matthew Newman,2,16,12,2024,2,33.87266,-118.53142667,3,1.6,1.06862
38905,John Warner,2,16,12,2024,2,34.10498,-118.27497667,10,7.4,4.93601
13690,Timothy Baker,2,16,12,2024,2,34.21058,-118.27497667,11,48.0,31.99943
81245,Christopher Schwartz,2,16,12,2024,2,34.14722,-118.25788,11,11.7,7.77172
45951,Paul Diaz,2,16,12,2024,2,33.95714,-118.30917,7,1.6,1.08007
38277,Norman Parker,2,16,12,2024,2,33.95714,-118.32626667,6,2.1,1.38836
87785,Kendra Chandler,2,16,12,2024,2,33.93602,-118.36046,6,1.7,1.14731
72548,Anthony Davies,2,16,12,2024,2,33.72482,-118.44594333,1,1.1,0.74761
88023,Michael Sandoval,2,16,12,2024,2,33.89378,-118.54852333,2,2.6,1.70453
21075,Daniel Williams,2,16,12,2024,2,34.21058,-118.27497667,11,44.1,29.3702
34950,Katherine Hernandez,2,16,12,2024,2,33.99938,-118.41175,6,0.8,0.53198
62692,Belinda Graham,2,16,12,2024,2,34.04162,-118.29207333,10,5.1,3.38976
66349,James Martin,2,16,12,2024,2,33.99938,-118.39465333,6,0.6,0.40009
14711,Edward Mccullough,2,16,12,2024,2,33.93602,-118.27497667,7,1.2,0.78749
84955,Renee Hayes,2,16,12,2024,2,33.78818,-118.44594333,1,3.9,2.623
99285,Adriana Wilson,2,16,12,2024,2,33.95714,-118.27497667,7,0.7,0.45904
12806,Jasmine Dyer,2,16,12,2024,2,33.83042,-118.48013667,3,1.6,1.0699
46777,Jamie Moran,2,16,12,2024,2,33.97826,-118.22368667,8,4.4,2.95742
60657,Kimberly Perez,2,16,12,2024,2,33.95714,-118.36046,6,3.5,2.36219
45097,Lindsay Gordon,2,16,12,2024,2,33.89378,-118.46304,3,1.4,0.90094
71150,William Torres,2,16,12,2024,2,34.0205,-118.34336333,6,5.1,3.3715
85713,Amber Murphy,2,16,12,2024,2,34.08386,-118.27497667,10,3.6,2.39754
32105,Katie Wilson,2,16,12,2024,2,33.85154,-118.65110333,2,1.4,0.95999
12211,Kenneth Johnson,2,16,12,2024,2,33.93602,-118.54852333,5,6.7,4.46992
76311,Katherine Brown,2,16,12,2024,2,34.06274,-118.27497667,10,2.5,1.6837
11708,Christopher Williams,2,16,12,2024,2,33.78818,-118.29207333,4,14.8,9.86631
86032,Alison Reed,2,16,12,2024,2,33.85154,-118.6682,2,4.0,2.65989
73923,Ralph Horton,2,16,12,2024,2,34.0205,-118.44594333,6,1.1,0.75462
20951,Adam Williams,2,16,12,2024,2,33.76706,-118.53142667,1,2.6,1.74266
91023,Kenneth Brown,2,16,12,2024,2,33.83042,-118.54852333,2,2.7,1.83333
37942,William Rodriguez,2,16,12,2024,2,33.8093,-118.44594333,1,2.5,1.68233
32824,Adam Weaver,2,16,12,2024,2,33.95714,-118.27497667,7,0.6,0.40688
57283,Rachel Allen,2,16,12,2024,2,34.14722,-118.30917,11,8.5,5.68466
21128,Ashley Foster,2,16,12,2024,2,33.93602,-118.36046,6,1.1,0.70324
60375,Angela Porter,2,16,12,2024,2,34.0205,-118.51433,5,13.3,8.87486
38553,Eric Curry,2,16,12,2024,2,33.89378,-118.56562,2,1.9,1.23906
37223,Steven Waller,2,16,12,2024,2,34.1261,-118.44594333,9,1.2,0.82517
78647,Ashley Mahoney,2,16,12,2024,2,33.87266,-118.56562,2,1.3,0.86352
86762,Courtney Morgan,2,16,12,2024,2,33.74594,-118.53142667,1,0.5,0.35445
67221,Richard Clark,2,16,12,2024,2,34.27394,-118.29207333,11,45.6,30.42198
94766,Jean Gomez,2,16,12,2024,2,33.97826,-118.24078333,7,2.4,1.59358
57391,Christine Sosa,2,16,12,2024,2,33.89378,-118.44594333,3,4.3,2.86266
93026,Stacey Lynch,2,16,12,2024,2,33.78818,-118.53142667,1,1.7,1.12062
98864,Mark Johnson,2,16,12,2024,2,33.99938,-118.30917,7,1.7,1.10694
98888,Craig Walker,2,16,12,2024,2,34.06274,-118.30917,10,1.9,1.27337
92830,Ms. Christine Gilbert,2,16,12,2024,2,33.78818,-118.41175,1,1.2,0.79546
78951,Kristin Vazquez,2,16,12,2024,2,33.85154,-118.56562,2,3.8,2.52092
41711,Tara Stephens,2,16,12,2024,2,33.76706,-118.56562,2,2.0,1.31875
15527,Wanda Wilson,2,16,12,2024,2,33.87266,-118.41175,3,2.5,1.66389
70907,Katrina Harrington,2,16,12,2024,2,33.83042,-118.41175,3,4.5,2.97996
21033,Kimberly Patel,2,16,12,2024,2,33.83042,-118.37755667,4,3.1,2.08166
16427,Jillian Combs,2,16,12,2024,2,33.76706,-118.54852333,1,1.3,0.836
82228,Kevin Mccarty,2,16,12,2024,2,33.9149,-118.56562,2,4.0,2.67098
96096,James Cruz,2,16,12,2024,2,33.95714,-118.17239667,8,27.2,18.14258
23458,Mark Reeves MD,2,16,12,2024,2,33.9149,-118.58271667,2,5.8,3.84269
72942,Terry Stafford,2,16,12,2024,2,33.97826,-118.17239667,8,11.8,7.87195
51306,Chelsea Serrano,2,16,12,2024,2,33.97826,-118.24078333,7,2.6,1.73809
70650,Daniel Hunter,2,16,12,2024,2,33.93602,-118.17239667,8,4.5,2.97829
61757,Michael Lewis,2,16,12,2024,2,34.0205,-118.46304,6,1.3,0.86959
18283,Phillip Price,2,16,12,2024,2,33.99938,-118.25788,7,1.3,0.84492
66246,Crystal Fields,2,16,12,2024,2,33.9149,-118.56562,2,6.4,4.24717
60106,Melissa Reed,2,16,12,2024,2,33.97826,-118.37755667,6,0.4,0.26148
69166,Melinda Holt,2,16,12,2024,2,33.85154,-118.44594333,3,0.5,0.33541
35801,Jennifer Clay,2,16,12,2024,2,33.85154,-118.63400667,2,0.3,0.18294
70037,Christina Johnson,2,16,12,2024,2,33.9149,-118.37755667,4,2.2,1.46823
29254,Teresa Mckee,2,16,12,2024,2,34.10498,-118.41175,9,3.9,2.57633
53496,Emma Bender,2,16,12,2024,2,33.8093,-118.59981333,2,1.0,0.66399
97775,Matthew Williams,2,16,12,2024,2,33.76706,-118.41175,1,3.0,2.02028
33183,Aaron Lindsey,2,16,12,2024,2,33.87266,-118.63400667,2,5.1,3.41559
69230,Jimmy Fowler,2,16,12,2024,2,33.76706,-118.46304,1,3.3,2.17497
53473,Gregory Henderson,2,16,12,2024,2,34.1261,-118.46304,9,5.1,3.39906
87282,Lee Lucas,2,16,12,2024,2,34.25282,-118.29207333,11,52.5,34.99018
38257,Joseph Thomas,2,16,12,2024,2,33.74594,-118.39465333,1,11.9,7.95285
41165,Maureen Perez,2,16,12,2024,2,33.76706,-118.39465333,1,7.9,5.29599
45655,Spencer Jacobs,2,16,12,2024,2,33.9149,-118.39465333,3,2.4,1.62245
68822,Jacob Smith,2,16,12,2024,2,33.93602,-118.22368667,8,0.6,0.3878
12823,Alexandra Gutierrez,2,16,12,2024,2,33.9149,-118.44594333,3,1.6,1.07116
18205,Joshua Romero,2,16,12,2024,2,33.8093,-118.56562,2,2.2,1.47643
88709,Linda Davis,2,16,12,2024,2,34.0205,-118.49723333,5,7.0,4.64625
59996,Michael Scott,2,16,12,2024,2,34.0205,-118.46304,6,2.1,1.39579
67004,Russell Nelson,2,16,12,2024,2,33.76706,-118.29207333,4,13.5,9.02575
15662,Robert Hardy,2,16,12,2024,2,34.10498,-118.29207333,10,2.2,1.49346
75393,Tabitha Taylor,2,16,12,2024,2,33.76706,-118.42884667,1,2.9,1.9591
25960,Kristina Myers,2,16,12,2024,2,33.99938,-118.34336333,6,2.8,1.89984
91561,Karen Hatfield,2,16,12,2024,2,33.87266,-118.61691,2,4.7,3.13341
77440,Brandon Stewart,2,16,12,2024,2,33.93602,-118.18949333,8,4.3,2.87051
23113,Kevin Tyler,2,16,12,2024,2,34.29506,-118.32626667,11,50.2,33.46046
73138,Cindy Lane,2,16,12,2024,2,34.31618,-118.29207333,11,61.0,40.655
28217,Megan Lee,2,16,12,2024,2,33.83042,-118.34336333,4,3.3,2.20294
85792,Jill Bradshaw,2,16,12,2024,2,33.89378,-118.65110333,2,7.0,4.69207
94620,Tina Wiley,2,16,12,2024,2,33.97826,-118.41175,6,0.7,0.45323
61396,Barry Mercado,2,16,12,2024,2,34.10498,-118.37755667,9,2.4,1.57778
67993,Trevor Edwards,2,16,12,2024,2,33.99938,-118.46304,6,0.4,0.23586
27832,Cody King,2,16,12,2024,2,33.99938,-118.53142667,5,12.7,8.44653
17663,Patricia Yu,2,16,12,2024,2,34.10498,-118.25788,10,5.3,3.52027
82415,Tracy Hogan,2,16,12,2024,2,33.99938,-118.36046,6,8.2,5.47599
89039,Jennifer Moore,2,16,12,2024,2,34.2317,-118.29207333,11,51.7,34.48103
42957,Karina Baker,2,16,12,2024,2,34.08386,-118.27497667,10,0.2,0.11481
26052,Jessica Fletcher,2,16,12,2024,2,33.87266,-118.59981333,2,3.3,2.16767
83895,Michael Lewis,2,16,12,2024,2,33.93602,-118.39465333,6,2.2,1.46991
83021,Lawrence Johnston,2,16,12,2024,2,33.74594,-118.39465333,1,11.2,7.43759
17092,Isabel Ayers,2,16,12,2024,2,33.89378,-118.22368667,8,0.8,0.55903
55251,Samuel Powell,2,16,12,2024,2,33.83042,-118.34336333,4,1.0,0.65133
98884,Raymond Rogers,2,16,12,2024,2,33.89378,-118.22368667,8,0.8,0.52291
54981,Michelle Krause,2,16,12,2024,2,34.08386,-118.25788,10,6.2,4.1498
96272,Nichole Cox,2,16,12,2024,2,33.87266,-118.49723333,3,1.3,0.89461
65320,Martin Cooper,2,16,12,2024,2,33.9149,-118.25788,4,3.4,2.2608
56773,Alexandra Robinson,2,16,12,2024,2,34.25282,-118.22368667,11,50.4,33.61481
40895,Kevin Ross,2,16,12,2024,2,33.97826,-118.32626667,6,3.3,2.18282
15935,Donald Perez,2,16,12,2024,2,33.99938,-118.22368667,8,1.1,0.73817
78349,Elizabeth Lopez,2,16,12,2024,2,33.87266,-118.37755667,4,1.6,1.05953
73672,Sarah Simon,2,16,12,2024,2,33.89378,-118.27497667,4,4.2,2.83086
89787,Angela Fernandez,2,16,12,2024,2,33.8093,-118.53142667,1,1.2,0.81748
14314,Christine Crane,2,16,12,2024,2,33.97826,-118.25788,7,1.7,1.13922
67372,Lorraine Li,2,16,12,2024,2,34.0205,-118.22368667,8,1.7,1.16262
25828,Christopher Schmidt,2,16,12,2024,2,34.25282,-118.30917,11,60.5,40.335
11070,Dawn Miranda,2,16,12,2024,2,33.97826,-118.51433,5,1.9,1.26169
69475,Margaret Bennett,2,16,12,2024,2,33.78818,-118.27497667,4,13.8,9.17892
25730,Anthony Davis,2,16,12,2024,2,34.0205,-118.29207333,7,4.1,2.75756
67140,Joshua Nelson,2,16,12,2024,2,33.8093,-118.49723333,1,0.6,0.38736
83752,Mary Roberts,2,16,12,2024,2,33.93602,-118.51433,5,0.5,0.32236
53917,Raymond Kim,2,16,12,2024,2,33.9149,-118.44594333,3,1.7,1.10878
68311,Martha Martin,2,16,12,2024,2,33.93602,-118.24078333,7,4.1,2.74665
57067,Christina Sherman,2,16,12,2024,2,33.76706,-118.27497667,4,14.8,9.8889
55022,Matthew Oliver,2,16,12,2024,2,33.8093,-118.44594333,1,0.6,0.38505
35282,Joseph Andrade,2,16,12,2024,2,34.1261,-118.42884667,9,2.3,1.51672
31275,Tracy Foster,2,16,12,2024,2,33.97826,-118.27497667,7,1.0,0.69971
96349,Jean Knapp,2,16,12,2024,2,33.9149,-118.39465333,3,1.6,1.05165
41255,Daniel Walker,2,16,12,2024,2,33.99938,-118.39465333,6,0.8,0.55301
10177,Julie Conrad,2,16,12,2024,2,33.89378,-118.53142667,3,0.2,0.14168
12832,Kerry King,2,16,12,2024,2,33.7037,-118.48013667,1,10.7,7.16006
67494,John Pratt,2,16,12,2024,2,33.72482,-118.51433,1,1.4,0.94054
28052,Sean Lewis,2,16,12,2024,2,33.97826,-118.39465333,6,0.6,0.36861
54916,William Cross,2,16,12,2024,2,34.10498,-118.44594333,9,1.1,0.71956
24925,Janice Carroll,2,16,12,2024,2,34.06274,-118.44594333,9,3.6,2.42481
88413,John Martin,2,16,12,2024,2,33.93602,-118.44594333,6,1.0,0.67518
26045,Carl James,2,16,12,2024,2,34.0205,-118.44594333,6,0.7,0.48636
46719,Shannon Nguyen,2,16,12,2024,2,34.10498,-118.24078333,10,11.5,7.66343
39385,Christopher Phelps,2,16,12,2024,2,33.8093,-118.34336333,4,7.6,5.09579
68778,Timothy Gutierrez,2,16,12,2024,2,33.97826,-118.18949333,8,12.1,8.06546
61988,Heather Walter,2,16,12,2024,2,33.8093,-118.59981333,2,0.7,0.45577
80842,Cameron Thompson,2,16,12,2024,2,33.83042,-118.59981333,2,1.5,0.97744
34505,Wendy Carter,2,16,12,2024,2,34.18946,-118.29207333,11,13.1,8.73074
47621,George Ryan,2,16,12,2024,2,33.95714,-118.22368667,8,2.1,1.42722
57183,Steven Yang,2,16,12,2024,2,33.8093,-118.37755667,4,3.9,2.57834
87629,Laura Wallace,2,16,12,2024,2,33.93602,-118.20659,8,1.3,0.88124
26049,Jamie Jones,2,16,12,2024,2,34.0205,-118.24078333,7,0.8,0.54573
31027,Cassandra Ferguson PhD,2,16,12,2024,2,34.04162,-118.27497667,10,9.0,6.01522
64155,Brett Herrera,2,16,12,2024,2,33.76706,-118.49723333,1,4.0,2.69876
20876,Kimberly Spence,2,16,12,2024,2,33.72482,-118.46304,1,3.2,2.13106
93072,Justin Malone,2,16,12,2024,2,33.78818,-118.49723333,1,0.8,0.52206
32062,Joshua Delgado,2,16,12,2024,2,34.06274,-118.39465333,9,2.2,1.44323
86499,Cristina Shields,2,16,12,2024,2,33.83042,-118.59981333,2,1.6,1.09749
34696,Mrs. Jacqueline Campbell,2,16,12,2024,2,34.0205,-118.56562,5,5.4,3.57576
42556,John Hill,2,16,12,2024,2,33.97826,-118.46304,6,1.2,0.81963
12700,Jessica Morton,2,16,12,2024,2,33.89378,-118.51433,3,0.4,0.26977
92240,Gary Ferguson,2,16,12,2024,2,33.99938,-118.51433,5,0.9,0.62605
75550,Elizabeth Campbell,2,16,12,2024,2,34.1261,-118.25788,10,8.5,5.66242
50464,Greg Wilson,2,16,12,2024,2,34.29506,-118.27497667,11,61.3,40.86029
42796,Gavin Smith,2,16,12,2024,2,34.16834,-118.29207333,11,14.8,9.86201
32569,Tammy Rose,2,16,12,2024,2,33.85154,-118.39465333,3,2.7,1.7874
46330,Kristopher Mitchell,2,16,12,2024,2,33.89378,-118.18949333,8,0.4,0.23847
25116,Darlene Beck,2,16,12,2024,2,33.95714,-118.48013667,5,1.8,1.1947
72521,Christopher Bennett,2,16,12,2024,2,33.72482,-118.39465333,1,14.0,9.32655
98084,Michelle Curtis,2,16,12,2024,2,33.99938,-118.24078333,7,0.6,0.37965
41932,Curtis Simmons,2,16,12,2024,2,33.89378,-118.29207333,4,2.0,1.33051
26362,Rhonda Sanders,2,16,12,2024,2,33.93602,-118.56562,5,9.0,5.97599
83760,Allison Werner,2,16,12,2024,2,33.89378,-118.36046,4,4.5,2.96881
98384,Beth Contreras,2,16,12,2024,2,33.93602,-118.37755667,6,1.7,1.11978
93363,Leslie Smith,2,16,12,2024,2,33.78818,-118.42884667,1,4.5,2.97987
85824,Brent Roberts,2,16,12,2024,2,34.29506,-118.24078333,11,54.5,36.31531
45739,Kelly Walker,2,16,12,2024,2,33.74594,-118.49723333,1,3.6,2.43298
49792,Mrs. Samantha Frye MD,2,16,12,2024,2,33.85154,-118.34336333,4,2.4,1.60629
49577,Christopher Walsh,2,16,12,2024,2,34.08386,-118.39465333,9,0.7,0.48704
92211,Denise Keller,2,16,12,2024,2,33.89378,-118.44594333,3,1.4,0.90389
34635,Angel Duran,2,16,12,2024,2,33.87266,-118.32626667,4,0.8,0.53018
19654,Cameron Guzman,2,16,12,2024,2,33.89378,-118.48013667,3,1.7,1.12478
29044,Wendy Walker,2,16,12,2024,2,34.06274,-118.22368667,10,11.9,7.94161
46142,Shane Malone,2,16,12,2024,2,33.87266,-118.44594333,3,1.8,1.21396
58904,Gregory Reeves,2,16,12,2024,2,34.08386,-118.39465333,9,5.2,3.4427
48975,Whitney Walker,2,16,12,2024,2,34.0205,-118.39465333,6,2.8,1.83777
40365,Amanda Davis,2,16,12,2024,2,34.08386,-118.42884667,9,4.4,2.95786
50784,Sharon Davis,2,16,12,2024,2,33.74594,-118.41175,1,7.4,4.92223
65335,Devin Dean,2,16,12,2024,2,33.74594,-118.54852333,1,1.8,1.19609
94234,Kevin Wright,2,16,12,2024,2,34.14722,-118.27497667,11,12.2,8.12847
23600,Kathryn Lester,2,16,12,2024,2,33.93602,-118.49723333,5,2.1,1.42011
85640,Erin Dunn,2,16,12,2024,2,33.83042,-118.56562,2,1.8,1.21103
81943,Brandon Rich,2,16,12,2024,2,33.95714,-118.42884667,6,1.7,1.15274
61558,Brian Sutton,2,16,12,2024,2,34.10498,-118.30917,10,3.7,2.43512
54145,George Smith,2,16,12,2024,2,33.74594,-118.59981333,2,2.6,1.71671
75714,Emily Lamb,2,16,12,2024,2,34.08386,-118.32626667,10,1.1,0.71028
88245,Caleb Molina,2,16,12,2024,2,34.10498,-118.27497667,10,13.2,8.80021
85324,Allison Barnes,2,16,12,2024,2,33.85154,-118.53142667,3,1.2,0.80827
58448,Frank Sanchez,2,16,12,2024,2,33.9149,-118.37755667,4,3.7,2.46665
57837,Jennifer Miller,2,16,12,2024,2,33.87266,-118.48013667,3,1.0,0.65332
95583,Ethan Scott,2,16,12,2024,2,33.97826,-118.54852333,5,1.0,0.66279
58577,Dennis Oliver,2,16,12,2024,2,34.08386,-118.29207333,10,2.0,1.36064
70983,Christopher Martinez MD,2,16,12,2024,2,33.89378,-118.32626667,4,0.6,0.41252
14359,Matthew Sanchez,2,16,12,2024,2,33.93602,-118.29207333,7,1.7,1.10895
29959,Patrick Garcia,2,16,12,2024,2,33.95714,-118.39465333,6,1.4,0.90725
39151,Matthew Gomez,2,16,12,2024,2,34.2317,-118.24078333,11,47.2,31.44383
43337,Scott Wang,2,16,12,2024,2,33.85154,-118.54852333,2,1.0,0.67035
22728,Daniel Cooke,2,16,12,2024,2,33.85154,-118.46304,3,0.3,0.21273
58339,Crystal Bass,2,16,12,2024,2,33.74594,-118.41175,1,9.7,6.47539
88871,Mrs. Christina Keller,2,16,12,2024,2,33.8093,-118.34336333,4,3.2,2.13618
60797,Karla Wells,2,16,12,2024,2,33.95714,-118.54852333,5,0.5,0.36427
26089,John Hanson,2,16,12,2024,2,33.9149,-118.20659,8,2.1,1.38768
59786,Reginald White,2,16,12,2024,2,33.99938,-118.41175,6,0.7,0.44586
82699,Regina Horn,2,16,12,2024,2,34.06274,-118.41175,9,1.1,0.72754
34708,Steve Mcmahon,2,16,12,2024,2,34.0205,-118.53142667,5,5.8,3.89596
51931,Laurie Robbins,2,16,12,2024,2,33.93602,-118.32626667,6,3.1,2.05046
47592,Rebekah Lee,2,16,12,2024,2,33.9149,-118.30917,4,2.5,1.66589
38247,Jamie Sweeney,2,16,12,2024,2,33.97826,-118.53142667,5,4.6,3.09682
71413,Daniel Mcintyre,2,16,12,2024,2,33.76706,-118.36046,4,8.3,5.53631
63889,Nichole Reynolds,2,16,12,2024,2,34.04162,-118.32626667,10,3.0,2.01459
84976,Sean Douglas,2,16,12,2024,2,33.87266,-118.36046,4,2.5,1.65569
79351,Taylor Hale,2,16,12,2024,2,33.8093,-118.61691,2,1.1,0.70439
78415,Jose Fleming,2,16,12,2024,2,33.97826,-118.41175,6,2.5,1.66054
17220,Richard Baldwin,2,16,12,2024,2,33.95714,-118.56562,5,4.3,2.89571
44651,Meredith Krause,2,16,12,2024,2,33.89378,-118.36046,4,1.2,0.76921
68230,Michael Harris,2,16,12,2024,2,34.0205,-118.30917,7,3.1,2.07026
70484,Crystal Wheeler,2,16,12,2024,2,33.85154,-118.58271667,2,1.9,1.26474
83424,Nicole Guzman,2,16,12,2024,2,33.99938,-118.37755667,6,1.3,0.86214
35461,Jonathan Mathews,2,16,12,2024,2,33.7037,-118.42884667,1,4.7,3.15306
91910,Christopher Henry,2,16,12,2024,2,33.9149,-118.22368667,8,1.3,0.8809
45202,Danny Charles,2,16,12,2024,2,33.93602,-118.34336333,6,0.9,0.59312
69260,Donna Massey,2,16,12,2024,2,34.08386,-118.27497667,10,1.6,1.08152
88841,Jeff Hunt,2,16,12,2024,2,33.9149,-118.18949333,8,1.1,0.71741
59255,Chelsey Moore,2,16,12,2024,2,34.18946,-118.27497667,11,43.9,29.28065
51969,Lisa Roberts,2,16,12,2024,2,33.78818,-118.48013667,1,2.2,1.47154
86631,Paul Hawkins,2,16,12,2024,2,34.06274,-118.29207333,10,0.6,0.42616
72029,Barbara Pruitt,2,16,12,2024,2,34.1261,-118.25788,10,9.0,6.02247
38864,Daniel Williams,2,16,12,2024,2,33.99938,-118.44594333,6,1.4,0.91031
20405,Allen Diaz,2,16,12,2024,2,33.97826,-118.48013667,5,1.9,1.27237
33354,Robert Wells,2,16,12,2024,2,33.78818,-118.34336333,4,4.0,2.66392
12387,Mr. Mark Parks,2,16,12,2024,2,33.76706,-118.48013667,1,2.8,1.87494
97502,Danielle Horton,2,16,12,2024,2,34.06274,-118.41175,9,1.4,0.92436
87861,Rachel Francis,2,16,12,2024,2,34.08386,-118.29207333,10,2.6,1.73171
86456,Brittany Thomas,2,16,12,2024,2,33.78818,-118.58271667,2,1.1,0.7451
24062,Sarah Mcgee,2,16,12,2024,2,33.89378,-118.42884667,3,1.8,1.22747
46585,Trevor Decker,2,16,12,2024,2,33.85154,-118.42884667,3,2.0,1.34306
19087,Sandra Chavez,2,16,12,2024,2,33.93602,-118.46304,6,2.3,1.55965
42280,Melissa Obrien DVM,2,16,12,2024,2,34.04162,-118.29207333,10,6.0,3.96791
78487,Kurt Garcia,2,16,12,2024,2,33.78818,-118.46304,1,1.6,1.09591
26729,Dennis White,2,16,12,2024,2,33.87266,-118.41175,3,1.3,0.85302
49033,Brittany Huber,2,16,12,2024,2,34.18946,-118.29207333,11,14.3,9.54375
53014,Christine Gilbert,2,16,12,2024,2,34.04162,-118.36046,10,1.8,1.17615
65643,Larry Clark,2,16,12,2024,2,33.76706,-118.37755667,4,9.0,5.99545
12123,Andrew Johnson,2,16,12,2024,2,33.78818,-118.51433,1,2.2,1.43915
78539,Rachel Chase,2,16,12,2024,2,33.95714,-118.46304,6,2.0,1.34189
26808,Brian Stephens,2,16,12,2024,2,33.76706,-118.48013667,1,3.5,2.35008
43099,Rachel Collier,2,16,12,2024,2,34.04162,-118.46304,9,1.4,0.96068
77804,Donna Costa,2,16,12,2024,2,33.9149,-118.49723333,3,2.2,1.49026
29785,Jim Smith,2,16,12,2024,2,34.04162,-118.34336333,10,2.0,1.33606
84983,David Ford,2,16,12,2024,2,33.76706,-118.53142667,1,2.5,1.64626
96676,Scott Tran,2,16,12,2024,2,33.8093,-118.59981333,2,0.4,0.26702
83336,Manuel Harris,2,16,12,2024,2,33.97826,-118.51433,5,4.6,3.05583
44886,Lisa Frey,2,16,12,2024,2,33.93602,-118.25788,7,2.6,1.70534
58693,Katrina Gray,2,16,12,2024,2,34.0205,-118.51433,5,7.9,5.26577
20056,Erika Waters,2,16,12,2024,2,34.08386,-118.22368667,10,13.5,8.98192
94421,Jared Bell,2,16,12,2024,2,34.06274,-118.32626667,10,1.1,0.71553
98847,Kylie Lee,2,16,12,2024,2,33.99938,-118.36046,6,2.5,1.68008
60100,Jacob Medina,2,16,12,2024,2,34.04162,-118.30917,10,0.6,0.39722
14416,Lindsey Bennett,2,16,12,2024,2,34.1261,-118.42884667,9,2.6,1.73323
92188,Vanessa Baker,2,16,12,2024,2,33.76706,-118.51433,1,1.6,1.09186
13806,Katherine Walker,2,16,12,2024,2,33.93602,-118.36046,6,1.1,0.73782
28023,Carolyn Rodriguez,2,16,12,2024,2,33.99938,-118.42884667,6,1.2,0.78198
94425,Larry Perez,2,16,12,2024,2,33.8093,-118.46304,1,2.0,1.30889
39516,Danny Smith,2,16,12,2024,2,33.8093,-118.56562,2,2.7,1.79224
68665,Lance Johnson,2,16,12,2024,2,33.95714,-118.30917,7,1.4,0.96193
60747,Brandon Robertson,2,16,12,2024,2,33.87266,-118.46304,3,0.3,0.21223
92723,Lauren Peterson,2,16,12,2024,2,33.99938,-118.48013667,5,1.0,0.69523
84122,Noah Elliott,2,16,12,2024,2,33.97826,-118.51433,5,1.5,1.01505
38048,Kayla Smith,2,16,12,2024,2,34.21058,-118.30917,11,14.7,9.80488
39614,Francisco Grant,2,16,12,2024,2,34.2317,-118.22368667,11,38.5,25.65557
98765,Samantha Espinoza,2,16,12,2024,2,33.83042,-118.37755667,4,2.5,1.63825
21153,Maria Moore,2,16,12,2024,2,33.89378,-118.59981333,2,5.7,3.79236
67792,John Branch,2,16,12,2024,2,33.97826,-118.29207333,7,0.3,0.22479
63845,Tammy King,2,16,12,2024,2,34.04162,-118.27497667,10,2.4,1.57733
13914,Laura Harris,2,16,12,2024,2,34.08386,-118.39465333,9,3.3,2.223
92404,Ryan Williamson,2,16,12,2024,2,33.95714,-118.49723333,5,1.5,0.97781
26706,Anthony Reyes,2,16,12,2024,2,33.9149,-118.32626667,4,1.5,0.97897
22164,Leon Boyd,2,16,12,2024,2,33.93602,-118.42884667,6,1.9,1.28885
15370,Ernest Frazier,2,16,12,2024,2,33.97826,-118.34336333,6,1.3,0.84756
61659,Charles Henderson,2,16,12,2024,2,33.89378,-118.46304,3,1.8,1.18092
27618,Joseph Miller,2,16,12,2024,2,34.04162,-118.22368667,10,3.2,2.11558
38025,Bryan Pearson,2,16,12,2024,2,33.76706,-118.46304,1,2.3,1.51981
79316,Leonard Byrd,2,16,12,2024,2,33.95714,-118.51433,5,1.7,1.1457
37607,Erica Houston,2,16,12,2024,2,33.95714,-118.20659,8,1.2,0.77173
26469,Gloria Vaughn MD,2,16,12,2024,2,33.85154,-118.44594333,3,1.1,0.75339
22050,Mrs. Katelyn Pena,2,16,12,2024,2,33.8093,-118.54852333,1,2.1,1.36844
37544,Brandi Lee,2,16,12,2024,2,33.87266,-118.32626667,4,3.3,2.22318
86528,Danielle Waller,2,16,12,2024,2,33.83042,-118.48013667,3,2.1,1.38804
12678,Scott Harmon,2,16,12,2024,2,34.06274,-118.34336333,10,3.5,2.34897
10138,Luis Taylor,2,16,12,2024,2,34.10498,-118.48013667,9,3.9,2.61103
66521,Jean Harris,2,16,12,2024,2,33.87266,-118.49723333,3,1.8,1.18329
87904,Anthony Delgado,2,16,12,2024,2,33.76706,-118.58271667,2,2.3,1.51876
46776,Jennifer Roberts,2,16,12,2024,2,33.99938,-118.32626667,6,0.5,0.3418
45652,Allison Tanner,2,16,12,2024,2,33.8093,-118.63400667,2,2.7,1.82671
19534,Danielle Schaefer,2,16,12,2024,2,33.85154,-118.56562,2,2.1,1.38719
47398,James Higgins,2,16,12,2024,2,34.31618,-118.30917,11,62.9,41.90619
43011,Kevin Davis,2,16,12,2024,2,33.87266,-118.42884667,3,1.4,0.90169
62947,Kimberly Gilbert,2,16,12,2024,2,33.74594,-118.42884667,1,14.5,9.69531
55407,Patrick Chang,2,16,12,2024,2,33.83042,-118.44594333,3,2.4,1.5779
74005,Matthew Hill,2,16,12,2024,2,33.99938,-118.49723333,5,10.2,6.76967
65763,Mark Benson,2,16,12,2024,2,33.89378,-118.41175,3,0.8,0.50342
64052,Sara Wilson,2,16,12,2024,2,34.0205,-118.30917,7,1.3,0.85884
64388,Kayla Sheppard,2,16,12,2024,2,34.0205,-118.42884667,6,1.2,0.80894
32181,Nathan Carson,2,16,12,2024,2,34.08386,-118.24078333,10,9.9,6.63005
99773,Lisa Sosa,2,16,12,2024,2,33.97826,-118.46304,6,1.2,0.78674
90931,Terry Brown,2,16,12,2024,2,34.06274,-118.36046,10,0.3,0.22619
61920,Joseph Cook,2,16,12,2024,2,33.95714,-118.53142667,5,0.5,0.36459
74175,Kristen Adams,2,16,12,2024,2,33.83042,-118.6682,2,5.3,3.50688
70361,Michael Marks,2,16,12,2024,2,33.78818,-118.59981333,2,0.3,0.18458
29940,Ronald Smith,2,16,12,2024,2,33.83042,-118.41175,3,2.5,1.64046
59923,Nicole Love,2,16,12,2024,2,34.25282,-118.24078333,11,55.7,37.12048
36907,Jessica Rhodes,2,16,12,2024,2,33.89378,-118.27497667,4,3.2,2.13812
66774,Jane Johnson,2,16,12,2024,2,34.04162,-118.39465333,9,2.1,1.37535
98441,Audrey Morse,2,16,12,2024,2,34.08386,-118.37755667,9,4.4,2.94744
92043,Melissa Downs,2,16,12,2024,2,33.9149,-118.42884667,3,0.9,0.61209
24155,Tracey Adams,2,16,12,2024,2,33.85154,-118.59981333,2,2.1,1.36746
95009,Steven Butler,2,16,12,2024,2,33.87266,-118.6682,2,2.1,1.42069
67475,James Aguirre,2,16,12,2024,2,33.93602,-118.53142667,5,0.9,0.62723
45730,Wendy Spears,2,16,12,2024,2,33.9149,-118.54852333,2,5.1,3.42563
28059,Robert Dickerson,2,16,12,2024,2,33.72482,-118.48013667,1,1.7,1.1369
15692,Sean Coffey,2,16,12,2024,2,33.95714,-118.44594333,6,0.7,0.44655
69508,Dr. Amy Ramirez,2,16,12,2024,2,34.0205,-118.34336333,6,0.9,0.6184
67922,Michael Mcclure,2,16,12,2024,2,33.85154,-118.36046,4,0.6,0.41994
27481,Dr. Krista Kelly,2,16,12,2024,2,33.9149,-118.41175,3,1.2,0.77909
94665,Vanessa Davis,2,16,12,2024,2,33.7037,-118.42884667,1,6.2,4.12611
72729,Tyler Blake,2,16,12,2024,2,34.10498,-118.25788,10,3.1,2.06133
71886,Tabitha Cunningham,2,16,12,2024,2,33.74594,-118.51433,1,1.4,0.95759
63917,Tim Callahan,2,16,12,2024,2,33.74594,-118.44594333,1,1.9,1.23645
79051,Keith Spence,2,16,12,2024,2,33.78818,-118.32626667,4,13.6,9.0716
19418,Caroline House,2,16,12,2024,2,34.04162,-118.24078333,10,1.1,0.71064
49050,Jason Sweeney,2,16,12,2024,2,33.72482,-118.48013667,1,1.0,0.64527
35386,Jessica Jordan,2,16,12,2024,2,33.93602,-118.37755667,6,2.7,1.81783
36270,Mr. Joel Smith,2,16,12,2024,2,34.06274,-118.37755667,9,0.9,0.62004
71788,Jennifer Young,2,16,12,2024,2,33.78818,-118.49723333,1,1.3,0.86442
67264,Justin Romero,2,16,12,2024,2,33.95714,-118.32626667,6,0.9,0.61724
72841,Jessica Moore,2,16,12,2024,2,33.8093,-118.49723333,1,2.1,1.37588
40625,Wesley Weaver,2,16,12,2024,2,34.2317,-118.27497667,11,39.1,26.09607
27749,Terry Moore,2,16,12,2024,2,33.97826,-118.17239667,8,14.3,9.50825
16289,Austin Bradley,2,16,12,2024,2,33.93602,-118.1553,8,23.9,15.92992
35244,Robert Whitney,2,16,12,2024,2,33.93602,-118.41175,6,2.1,1.39595
19710,Robert Rush,2,16,12,2024,2,33.89378,-118.41175,3,1.2,0.77834
61177,Debra Gregory,2,16,12,2024,2,33.95714,-118.58271667,5,2.0,1.31207
20579,Michael Doyle,2,16,12,2024,2,33.97826,-118.36046,6,1.1,0.70325
59291,Carly Cannon,2,16,12,2024,2,33.8093,-118.39465333,1,0.5,0.31557
49880,Olivia Whitaker,2,16,12,2024,2,33.8093,-118.46304,1,0.5,0.32107
13781,Rebecca Jones,2,16,12,2024,2,33.9149,-118.54852333,2,3.4,2.2726
60597,Catherine Woods,2,16,12,2024,2,34.0205,-118.56562,5,1.8,1.22463
90029,Christine Miller,2,16,12,2024,2,33.85154,-118.49723333,3,1.0,0.68123
74573,Michelle Collier,2,16,12,2024,2,33.93602,-118.49723333,5,1.8,1.19578
89229,Mariah Fletcher,2,16,12,2024,2,33.83042,-118.42884667,3,1.8,1.20098
78847,Karen Thompson,2,16,12,2024,2,33.83042,-118.58271667,2,1.2,0.77592
60188,Kathryn Morales,2,16,12,2024,2,33.74594,-118.56562,2,1.6,1.05456
85714,Shane Schultz,2,16,12,2024,2,33.76706,-118.51433,1,4.3,2.84605
15617,Billy Marshall,2,16,12,2024,2,33.99938,-118.30917,7,0.7,0.43441
47314,Bailey Kim,2,16,12,2024,2,34.10498,-118.30917,10,3.6,2.4158
14601,Jeremy Bradley,2,16,12,2024,2,33.72482,-118.44594333,1,0.5,0.3496
29227,David Chavez,2,16,12,2024,2,33.9149,-118.27497667,4,2.8,1.87347
49926,Tamara Romero,2,16,12,2024,2,33.87266,-118.42884667,3,1.1,0.76392
74496,Devin Fernandez,2,16,12,2024,2,33.8093,-118.37755667,4,6.2,4.10555
64633,Wayne Bishop,2,16,12,2024,2,33.76706,-118.49723333,1,2.3,1.51088
90928,Scott Baker,2,16,12,2024,2,33.76706,-118.56562,2,1.8,1.16838
51034,Charlene Boyd,2,16,12,2024,2,33.76706,-118.42884667,1,10.5,7.02135
97834,Michael Hopkins,2,16,12,2024,2,33.74594,-118.44594333,1,2.2,1.46312
46764,Miranda Lucero,2,16,12,2024,2,34.0205,-118.54852333,5,1.6,1.04512
76642,John Boyd,2,16,12,2024,2,33.9149,-118.56562,2,3.5,2.30287
69426,Michael Roberson,2,16,12,2024,2,34.16834,-118.29207333,11,12.2,8.16272
21994,Michael Thompson,2,16,12,2024,2,34.10498,-118.42884667,9,2.5,1.66272
58848,Derek Cantrell,2,16,12,2024,2,33.76706,-118.44594333,1,5.1,3.37001
34826,Colleen Simmons,2,16,12,2024,2,34.06274,-118.27497667,10,2.6,1.70929
36433,Steven Castro,2,16,12,2024,2,34.0205,-118.41175,6,1.5,0.99549
64731,Manuel Butler,2,16,12,2024,2,33.87266,-118.39465333,3,2.2,1.48552
52985,Nancy Frye,2,16,12,2024,2,34.04162,-118.24078333,10,6.2,4.10497
85171,Robert Johnson Jr.,2,16,12,2024,2,33.85154,-118.61691,2,1.8,1.18509
72413,David Moore,2,16,12,2024,2,33.8093,-118.29207333,4,12.7,8.45719
27264,Melissa Jacobs,2,16,12,2024,2,33.97826,-118.49723333,5,0.5,0.35945
87579,Lindsey Larson,2,16,12,2024,2,34.10498,-118.27497667,10,5.2,3.44941
59595,Clifford Hudson,2,16,12,2024,2,34.31618,-118.27497667,11,56.7,37.80046
89964,Mitchell Wood,2,16,12,2024,2,34.06274,-118.39465333,9,2.1,1.41027
98010,Melanie Wood,2,16,12,2024,2,33.95714,-118.18949333,8,20.2,13.43923
29595,Kathryn Mason,2,16,12,2024,2,33.99938,-118.30917,7,2.6,1.75204
61548,Billy Jones,2,16,12,2024,2,33.78818,-118.36046,4,6.1,4.05235
96875,Karen Miranda,2,16,12,2024,2,33.89378,-118.42884667,3,2.2,1.43401
32490,Alfred Hudson,2,16,12,2024,2,34.0205,-118.22368667,8,2.1,1.40119
16711,Chase Hill,2,16,12,2024,2,34.10498,-118.37755667,9,3.6,2.38111
13933,Devin Lewis,2,16,12,2024,2,33.95714,-118.20659,8,0.8,0.5656
32237,Sydney Pacheco,2,16,12,2024,2,33.83042,-118.49723333,3,2.3,1.52082
33278,Larry David,3,16,12,2024,3,33.87266,-118.58271667,2,1.3,0.8708
30940,David Krueger,3,16,12,2024,3,33.78818,-118.32626667,4,15.0,9.9693
73490,Elizabeth Johnson,3,16,12,2024,3,33.78818,-118.49723333,1,4.4,2.96446
44160,Mr. Jonathan Hughes,3,16,12,2024,3,33.8093,-118.61691,2,2.2,1.44664
45727,James Gonzalez,3,16,12,2024,3,33.87266,-118.37755667,4,8.8,5.88737
98946,Angela Pratt,3,16,12,2024,3,33.93602,-118.39465333,6,10.3,6.84869
20064,Elizabeth Mclaughlin,3,16,12,2024,3,33.78818,-118.46304,1,1.4,0.94337
65527,Mary Garner,3,16,12,2024,3,33.95714,-118.32626667,6,8.3,5.56097
51701,Brandon Hodge,3,16,12,2024,3,34.0205,-118.39465333,6,1.2,0.80431
54134,Gregory Simmons,3,16,12,2024,3,34.1261,-118.25788,10,29.6,19.75588
51552,Tamara Meyer,3,16,12,2024,3,33.89378,-118.27497667,4,3.0,2.0015
83942,Jillian Anderson,3,16,12,2024,3,33.8093,-118.54852333,1,3.3,2.2011
10223,John Adams,3,16,12,2024,3,33.87266,-118.58271667,2,0.5,0.32584
35192,Julie Schwartz,3,16,12,2024,3,34.1261,-118.44594333,9,6.1,4.06763
29916,Samantha Cochran,3,16,12,2024,3,34.08386,-118.49723333,9,7.2,4.80243
49537,Sandra Mccoy,3,16,12,2024,3,33.83042,-118.36046,4,5.6,3.71078
73096,Jacqueline Johnson,3,16,12,2024,3,33.97826,-118.54852333,5,0.9,0.57965
54591,Hannah Sims,3,16,12,2024,3,34.0205,-118.41175,6,1.3,0.87989
71610,Brian Larson,3,16,12,2024,3,33.97826,-118.30917,7,3.2,2.12555
42570,Bradley Collins,3,16,12,2024,3,33.89378,-118.36046,4,2.3,1.51492
86629,Drew Velasquez,3,16,12,2024,3,33.8093,-118.42884667,1,6.3,4.23011
16540,James Meyer,3,16,12,2024,3,33.93602,-118.37755667,6,0.8,0.5054
14141,Robin Smith,3,16,12,2024,3,34.27394,-118.30917,11,58.9,39.29747
28791,Dustin Ewing,3,16,12,2024,3,34.08386,-118.25788,10,14.8,9.88341
25334,Danielle Clark,3,16,12,2024,3,34.21058,-118.30917,11,14.0,9.30431
98464,Donna Willis,3,16,12,2024,3,33.87266,-118.54852333,2,0.9,0.58085
80841,Cindy Mann,3,16,12,2024,3,34.1261,-118.46304,9,1.2,0.82507
33715,Shelly Ortega,3,16,12,2024,3,33.93602,-118.58271667,5,1.9,1.28196
10748,Sierra Kerr,3,16,12,2024,3,34.0205,-118.44594333,6,1.6,1.06052
17312,Justin Reese,3,16,12,2024,3,34.04162,-118.32626667,10,10.1,6.75109
12625,Sarah Huerta,3,16,12,2024,3,33.83042,-118.61691,2,1.6,1.03477
26481,Taylor Lowe,3,16,12,2024,3,34.27394,-118.27497667,11,51.2,34.13523
56129,Michael Davis,3,16,12,2024,3,34.2317,-118.25788,11,50.7,33.77612
93605,Dr. Brian Williams,3,16,12,2024,3,34.06274,-118.36046,10,1.2,0.81242
85578,Adam Williams,3,16,12,2024,3,33.83042,-118.56562,2,1.7,1.16486
97307,Virginia Pena,3,16,12,2024,3,33.83042,-118.36046,4,5.8,3.85705
70064,Matthew Barnes,3,16,12,2024,3,34.04162,-118.32626667,10,2.2,1.47756
72511,Keith Morgan,3,16,12,2024,3,34.18946,-118.30917,11,11.9,7.9034
25743,Kyle Small,3,16,12,2024,3,33.78818,-118.25788,4,14.0,9.32117
40593,David Kelley,3,16,12,2024,3,34.04162,-118.34336333,10,2.1,1.42967
29090,Kayla Alvarez,3,16,12,2024,3,33.99938,-118.27497667,7,3.7,2.45181
34302,Steven Park,3,16,12,2024,3,34.06274,-118.34336333,10,5.0,3.31245
19794,Luke Pittman,3,16,12,2024,3,33.87266,-118.49723333,3,0.9,0.58028
20595,Shaun Lambert,3,16,12,2024,3,34.08386,-118.29207333,10,1.3,0.85563
74137,Joshua Jacobs,3,16,12,2024,3,33.89378,-118.37755667,4,6.3,4.20275
20389,Teresa Robinson,3,16,12,2024,3,33.76706,-118.56562,2,0.3,0.18918
66523,Hector Meadows,3,16,12,2024,3,33.85154,-118.54852333,2,2.6,1.75746
17449,Jeffrey Francis,3,16,12,2024,3,33.8093,-118.51433,1,6.1,4.05394
33645,Laurie Thornton,3,16,12,2024,3,33.87266,-118.61691,2,4.4,2.95173
58824,Matthew Taylor,3,16,12,2024,3,34.06274,-118.41175,9,1.6,1.09858
56923,Kathleen Rivera,3,16,12,2024,3,33.78818,-118.42884667,1,1.9,1.29334
67763,Debra Brandt DDS,3,16,12,2024,3,34.2317,-118.30917,11,38.8,25.87275
19386,Karen Edwards,3,16,12,2024,3,34.04162,-118.44594333,9,1.6,1.08477
50753,Robert Marshall,3,16,12,2024,3,34.1261,-118.30917,10,3.5,2.32082
19013,Michelle Patterson,3,16,12,2024,3,33.93602,-118.42884667,6,1.8,1.23107
86458,Edward Alexander,3,16,12,2024,3,33.89378,-118.37755667,4,0.6,0.4245
17126,Alexis Marshall,3,16,12,2024,3,33.99938,-118.29207333,7,2.0,1.36202
50225,Taylor Banks,3,16,12,2024,3,33.76706,-118.46304,1,1.0,0.69085
61398,William Stewart,3,16,12,2024,3,34.08386,-118.27497667,10,12.6,8.40422
39916,Linda Martin,3,16,12,2024,3,33.8093,-118.39465333,1,4.2,2.7896
17951,Sean Owen,3,16,12,2024,3,33.97826,-118.29207333,7,2.4,1.58554
93949,Grant Williams,3,16,12,2024,3,34.21058,-118.22368667,11,46.8,31.2135
41556,Stephen Thompson,3,16,12,2024,3,33.99938,-118.32626667,6,1.0,0.65539
19907,Bethany Webb,3,16,12,2024,3,33.93602,-118.32626667,6,2.7,1.79099
86420,Austin Blevins,3,16,12,2024,3,33.72482,-118.46304,1,0.6,0.38993
65324,Christopher Bautista,3,16,12,2024,3,33.95714,-118.48013667,5,2.5,1.66079
61377,Jesus Duncan,3,16,12,2024,3,33.8093,-118.63400667,2,2.0,1.35205
68205,Francisco Meyers,3,16,12,2024,3,33.87266,-118.37755667,4,4.5,3.02907
91006,Steven Butler,3,16,12,2024,3,33.95714,-118.51433,5,2.4,1.62633
60169,Paige Jacobs,3,16,12,2024,3,33.97826,-118.36046,6,1.7,1.10834
13853,Nathan Reilly,3,16,12,2024,3,34.31618,-118.25788,11,59.5,39.6528
16403,Vanessa Romero DDS,3,16,12,2024,3,33.85154,-118.54852333,2,0.3,0.20673
99824,Bradley Pierce,3,16,12,2024,3,33.78818,-118.42884667,1,1.7,1.15784
74276,Jose Hull,3,16,12,2024,3,33.85154,-118.61691,2,3.2,2.13951
96090,Jacob Williams,3,16,12,2024,3,34.06274,-118.39465333,9,2.5,1.65954
52657,Jordan Lopez,3,16,12,2024,3,33.89378,-118.41175,3,6.8,4.54888
53584,Ashley Logan,3,16,12,2024,3,33.93602,-118.46304,6,2.3,1.55903
64224,Kevin Glass,3,16,12,2024,3,34.08386,-118.42884667,9,3.8,2.51809
79108,Terry Moore,3,16,12,2024,3,33.9149,-118.22368667,8,1.7,1.10617
57713,Deborah Mahoney,3,16,12,2024,3,33.97826,-118.32626667,6,0.8,0.54488
16766,Jack Esparza,3,16,12,2024,3,33.7037,-118.41175,1,14.1,9.39385
65791,Travis Gomez,3,16,12,2024,3,33.74594,-118.53142667,1,4.0,2.6953
67311,Bethany Jackson,3,16,12,2024,3,33.78818,-118.46304,1,2.1,1.41692
64311,Caitlin Garcia,3,16,12,2024,3,33.93602,-118.36046,6,1.8,1.2143
72914,Julie Thompson,3,16,12,2024,3,33.9149,-118.36046,4,4.6,3.05337
26711,Kristie Key,3,16,12,2024,3,33.85154,-118.65110333,2,6.4,4.27945
65677,Sarah Gordon,3,16,12,2024,3,33.89378,-118.42884667,3,5.1,3.3918
72547,Joshua Soto,3,16,12,2024,3,33.95714,-118.44594333,6,2.0,1.34975
99938,Todd Todd,3,16,12,2024,3,34.04162,-118.42884667,9,4.9,3.29065
11152,Rebekah Jackson,3,16,12,2024,3,33.93602,-118.20659,8,1.1,0.71308
22901,Catherine Sullivan,3,16,12,2024,3,33.85154,-118.36046,4,7.8,5.19468
48594,Richard White,3,16,12,2024,3,33.85154,-118.36046,4,1.0,0.69564
81744,James Wilkerson,3,16,12,2024,3,34.04162,-118.37755667,9,1.1,0.73574
15898,Daniel Gonzales,3,16,12,2024,3,33.83042,-118.32626667,4,8.4,5.60938
69885,Shelby Mcdonald,3,16,12,2024,3,33.95714,-118.22368667,8,3.3,2.20604
96753,Adriana Acosta,3,16,12,2024,3,33.93602,-118.56562,5,1.7,1.13684
49895,Mrs. Lindsey Martin MD,3,16,12,2024,3,33.97826,-118.53142667,5,2.5,1.68139
10113,Derek Jacobs,3,16,12,2024,3,33.8093,-118.41175,1,0.9,0.58247
99975,Michelle Weaver MD,3,16,12,2024,3,34.21058,-118.22368667,11,46.9,31.29881
84131,Stephen Bailey,3,16,12,2024,3,34.04162,-118.36046,10,0.8,0.54787
59009,Patricia Rodriguez,3,16,12,2024,3,33.8093,-118.39465333,1,1.1,0.72869
11560,Briana Chung,3,16,12,2024,3,34.06274,-118.46304,9,7.1,4.72201
18218,Brittany Ramirez,3,16,12,2024,3,33.95714,-118.49723333,5,1.7,1.13161
71004,Allison Benson,3,16,12,2024,3,33.97826,-118.32626667,6,1.1,0.70088
21521,Craig Ross,3,16,12,2024,3,33.83042,-118.41175,3,1.8,1.18828
85830,Daniel Wilson,3,16,12,2024,3,33.78818,-118.53142667,1,3.8,2.53503
39379,Nathan Perez,3,16,12,2024,3,34.21058,-118.27497667,11,32.8,21.87468
39099,Thomas Walker,3,16,12,2024,3,34.08386,-118.41175,9,2.0,1.31167
14136,Chris Fisher,3,16,12,2024,3,33.76706,-118.46304,1,0.7,0.45634
43362,Mrs. Amanda Harris,3,16,12,2024,3,33.76706,-118.36046,4,12.3,8.2227
40675,Stephanie Rogers,3,16,12,2024,3,33.89378,-118.41175,3,3.6,2.42182
45356,David Soto,3,16,12,2024,3,33.87266,-118.34336333,4,4.2,2.77887
81462,Michael Davis,3,16,12,2024,3,33.93602,-118.18949333,8,3.1,2.0808
91337,Christopher Woods,3,16,12,2024,3,34.0205,-118.36046,6,2.3,1.56336
95059,Martin Hurley,3,16,12,2024,3,33.74594,-118.42884667,1,2.8,1.86821
57637,Janet Morris,3,16,12,2024,3,33.87266,-118.36046,4,6.0,3.97941
12656,Samantha Lopez,3,16,12,2024,3,33.99938,-118.53142667,5,2.7,1.80243
58755,Joshua Murphy,3,16,12,2024,3,33.95714,-118.18949333,8,23.2,15.46877
10203,James Huang,3,16,12,2024,3,33.9149,-118.37755667,4,6.4,4.25844
54855,Sarah Bennett,3,16,12,2024,3,34.04162,-118.46304,9,1.9,1.29004
51714,Donald Martinez,3,16,12,2024,3,33.99938,-118.34336333,6,0.9,0.63132
60176,Stephen Wood,3,16,12,2024,3,33.99938,-118.29207333,7,4.6,3.04696
50804,Jacqueline Hawkins,3,16,12,2024,3,33.87266,-118.56562,2,2.4,1.61673
88315,Mark Peterson,3,16,12,2024,3,33.99938,-118.49723333,5,3.6,2.42487
97750,Derek Walker,3,16,12,2024,3,34.0205,-118.32626667,6,0.8,0.54163
98100,Brenda Lane,3,16,12,2024,3,33.87266,-118.59981333,2,1.3,0.8947
71026,Tracy Keller MD,3,16,12,2024,3,33.97826,-118.17239667,8,17.4,11.59969
77499,Angela Lloyd,3,16,12,2024,3,34.10498,-118.25788,10,15.0,9.96796
87633,Nathan Carrillo,3,16,12,2024,3,33.85154,-118.46304,3,1.6,1.03848
34363,Monique Chapman,3,16,12,2024,3,34.10498,-118.30917,10,0.8,0.52158
99072,Emily Durham,3,16,12,2024,3,33.97826,-118.25788,7,0.2,0.13268
78138,Melinda Cain,3,16,12,2024,3,33.78818,-118.59981333,2,2.8,1.83689
76586,Jasmine Campbell,3,16,12,2024,3,34.08386,-118.48013667,9,4.5,3.02806
52161,Benjamin Myers,3,16,12,2024,3,33.9149,-118.48013667,3,4.6,3.06901
11103,Anthony Tucker,3,16,12,2024,3,33.89378,-118.46304,3,0.4,0.26354
20019,Elizabeth Hughes,3,16,12,2024,3,33.89378,-118.39465333,3,5.6,3.71234
54123,Marilyn Glass,3,16,12,2024,3,33.97826,-118.18949333,8,20.9,13.91723
62843,Michael Phillips,3,16,12,2024,3,33.8093,-118.44594333,1,5.7,3.828
91399,Darrell Medina,3,16,12,2024,3,33.85154,-118.51433,3,2.2,1.47131
13614,Ryan Hughes,3,16,12,2024,3,33.74594,-118.42884667,1,3.4,2.23975
83748,Brian Robles,3,16,12,2024,3,33.93602,-118.41175,6,1.4,0.96135
87316,James Cole,3,16,12,2024,3,33.8093,-118.32626667,4,11.6,7.72171
76614,Sherry Ewing,3,16,12,2024,3,33.9149,-118.53142667,3,1.0,0.6561
98575,Emily Jackson,3,16,12,2024,3,33.83042,-118.63400667,2,1.3,0.83436
21779,Cameron Henderson,3,16,12,2024,3,33.8093,-118.44594333,1,3.9,2.60157
75275,Daniel Moss,3,16,12,2024,3,33.9149,-118.39465333,3,1.0,0.67532
91716,Patricia Munoz,3,16,12,2024,3,33.78818,-118.30917,4,13.5,9.00359
82217,James Curtis,3,16,12,2024,3,34.2317,-118.22368667,11,49.7,33.13731
46988,Christina Hutchinson,3,16,12,2024,3,33.9149,-118.44594333,3,1.9,1.28013
44368,Brandon Flores,3,16,12,2024,3,33.76706,-118.59981333,2,1.0,0.66512
17742,Anne Navarro,3,16,12,2024,3,34.0205,-118.32626667,6,5.0,3.32229
75425,Billy Hickman,3,16,12,2024,3,33.99938,-118.22368667,8,3.9,2.6245
25127,David Campbell,3,16,12,2024,3,33.8093,-118.32626667,4,14.2,9.47709
87697,Rebecca Thompson,3,16,12,2024,3,33.97826,-118.34336333,6,2.9,1.95508
94747,Travis Bailey,3,16,12,2024,3,33.97826,-118.20659,8,9.9,6.5956
60292,Michelle Wright,3,16,12,2024,3,33.8093,-118.46304,1,3.0,2.03175
73592,Patricia Buckley,3,16,12,2024,3,33.95714,-118.20659,8,1.5,0.97693
14926,David Keller,3,16,12,2024,3,34.16834,-118.30917,11,7.9,5.26256
14330,Autumn Walter,3,16,12,2024,3,33.87266,-118.30917,4,2.1,1.38715
77010,Jeffery Smith,3,16,12,2024,3,33.74594,-118.44594333,1,1.7,1.15435
18475,Mary Robinson,3,16,12,2024,3,33.93602,-118.44594333,6,1.8,1.17614
74055,Matthew Hall,3,16,12,2024,3,33.89378,-118.44594333,3,1.2,0.79798
57017,Kelly Lee,3,16,12,2024,3,34.0205,-118.51433,5,8.8,5.8768
79215,Anna Oneill,3,16,12,2024,3,33.76706,-118.53142667,1,0.2,0.15013
27560,Mrs. Jillian Patel,3,16,12,2024,3,33.83042,-118.49723333,3,3.7,2.43652
36865,Matthew Barnes,3,16,12,2024,3,33.9149,-118.32626667,4,7.0,4.69399
90231,Isabella Nunez,3,16,12,2024,3,34.0205,-118.49723333,5,8.0,5.35681
49213,Jennifer Newman,3,16,12,2024,3,33.93602,-118.30917,7,5.0,3.30566
65268,Curtis Maldonado,3,16,12,2024,3,33.74594,-118.39465333,1,14.7,9.79093
61791,Alexandria Swanson,3,16,12,2024,3,34.06274,-118.27497667,10,1.3,0.88371
71412,Shannon Martinez,3,16,12,2024,3,33.95714,-118.25788,7,5.5,3.63581
73809,Evan Cooper,3,16,12,2024,3,34.18946,-118.27497667,11,43.5,28.97199
37812,Sarah Campos,3,16,12,2024,3,33.8093,-118.51433,1,5.7,3.80782
89282,Dylan Hayes,3,16,12,2024,3,33.74594,-118.56562,2,1.3,0.87892
36617,Breanna Cooper,3,16,12,2024,3,33.87266,-118.63400667,2,9.2,6.11695
91522,Alice Hansen,3,16,12,2024,3,34.1261,-118.27497667,10,13.0,8.64346
70753,Jennifer Turner,3,16,12,2024,3,33.8093,-118.58271667,2,0.7,0.47856
51978,Ronald Barry,3,16,12,2024,3,34.27394,-118.29207333,11,56.1,37.41264
51010,James Garcia,3,16,12,2024,3,33.89378,-118.58271667,2,2.9,1.92311
42060,Christine Gilbert DDS,3,16,12,2024,3,33.85154,-118.46304,3,1.3,0.85499
47298,Clayton Pierce,3,16,12,2024,3,33.9149,-118.42884667,3,0.9,0.61125
40120,Amanda Howard,3,16,12,2024,3,33.95714,-118.1553,8,27.0,17.99429
50778,Julie Hunter,3,16,12,2024,3,33.76706,-118.29207333,4,13.4,8.93938
98850,Stephanie Orr MD,3,16,12,2024,3,33.8093,-118.58271667,2,1.0,0.6753
74756,Elizabeth Obrien,3,16,12,2024,3,34.3373,-118.29207333,11,63.1,42.08575
21228,William Hill,3,16,12,2024,3,33.89378,-118.59981333,2,9.0,5.96824
26177,Paul Ball,3,16,12,2024,3,33.9149,-118.54852333,2,1.7,1.11741
77542,Ryan Gomez,3,16,12,2024,3,34.0205,-118.42884667,6,2.2,1.49107
49797,Laura Smith,3,16,12,2024,3,33.85154,-118.39465333,3,0.7,0.49638
65312,Jordan West,3,16,12,2024,3,33.9149,-118.24078333,4,0.7,0.48081
92526,Mary Adams,3,16,12,2024,3,34.04162,-118.25788,10,1.4,0.95003
31377,Brandy Bailey,3,16,12,2024,3,33.89378,-118.58271667,2,0.5,0.34446
28874,Elizabeth Welch,3,16,12,2024,3,33.95714,-118.32626667,6,14.0,9.3145
31403,Gail Curry,3,16,12,2024,3,33.87266,-118.34336333,4,2.1,1.40798
74339,Crystal Miller,3,16,12,2024,3,33.85154,-118.56562,2,0.4,0.23419
62860,Carmen Jordan,3,16,12,2024,3,34.0205,-118.27497667,7,7.0,4.64827
95826,Collin Valdez,3,16,12,2024,3,34.06274,-118.34336333,10,3.6,2.42038
21559,Andre Norris,3,16,12,2024,3,33.87266,-118.51433,3,2.0,1.3655
58713,James Watson,3,16,12,2024,3,33.9149,-118.36046,4,4.7,3.16558
83011,Kurt Lopez,3,16,12,2024,3,33.9149,-118.34336333,4,2.5,1.68803
41206,Stephanie Pierce,3,16,12,2024,3,33.83042,-118.39465333,3,5.9,3.92884
54226,Nicole Larson,3,16,12,2024,3,34.0205,-118.22368667,8,5.9,3.92258
29598,Michael Stephens,3,16,12,2024,3,33.95714,-118.58271667,5,6.1,4.07149
28355,Francis Perkins,3,16,12,2024,3,33.95714,-118.53142667,5,5.0,3.32714
25453,John Martinez,3,16,12,2024,3,34.06274,-118.34336333,10,2.6,1.72782
76564,Melanie Merritt,3,16,12,2024,3,33.95714,-118.48013667,5,4.0,2.64748
78422,Elizabeth Kennedy,3,16,12,2024,3,33.97826,-118.41175,6,2.7,1.80436
18538,Laurie Jones,3,16,12,2024,3,33.95714,-118.51433,5,5.0,3.36102
10835,Andre Alexander,3,16,12,2024,3,34.04162,-118.22368667,10,13.8,9.21731
39311,Kevin Kelley,3,16,12,2024,3,34.08386,-118.41175,9,1.6,1.08074
40792,Cynthia Johnson,3,16,12,2024,3,33.97826,-118.51433,5,4.2,2.80198
11021,Daniel Kennedy,3,16,12,2024,3,33.83042,-118.48013667,3,4.1,2.73317
53375,Timothy Foster,3,16,12,2024,3,33.99938,-118.41175,6,1.7,1.15486
46067,Cory Simon,3,16,12,2024,3,33.76706,-118.49723333,1,2.2,1.48196
26630,Raven Day,3,16,12,2024,3,33.95714,-118.41175,6,1.1,0.70247
81187,Robert Chase,3,16,12,2024,3,33.99938,-118.34336333,6,0.3,0.22522
19572,Marissa Estrada,3,16,12,2024,3,33.8093,-118.59981333,2,2.2,1.49653
24953,Michael Navarro,3,16,12,2024,3,34.3373,-118.30917,11,63.3,42.20308
10244,Mary Barrera,3,16,12,2024,3,33.85154,-118.63400667,2,11.7,7.81239
49146,Tiffany Wilson,3,16,12,2024,3,34.14722,-118.29207333,11,41.9,27.93037
36532,Robert Sanders,3,16,12,2024,3,34.27394,-118.24078333,11,56.3,37.5593
87397,Diana Hall,3,16,12,2024,3,33.76706,-118.54852333,1,1.2,0.77069
53336,Kimberly Aguilar,3,16,12,2024,3,34.10498,-118.25788,10,13.8,9.18933
29807,Antonio Moody,3,16,12,2024,3,34.18946,-118.27497667,11,38.3,25.54835
15049,Tyler Williams,3,16,12,2024,3,33.99938,-118.37755667,6,2.1,1.40959
73504,Angela Tucker,3,16,12,2024,3,33.9149,-118.25788,4,2.6,1.7068
81869,Oscar Atkins,3,16,12,2024,3,33.93602,-118.17239667,8,31.2,20.77312
26107,Stacie Cruz,3,16,12,2024,3,33.99938,-118.36046,6,0.7,0.44051
13586,Todd Gregory,3,16,12,2024,3,34.06274,-118.36046,10,1.9,1.25131
97784,Gregory Estrada,3,16,12,2024,3,34.08386,-118.39465333,9,1.9,1.25699
53815,Nancy Gonzalez,3,16,12,2024,3,33.87266,-118.37755667,4,8.3,5.50251
33859,Donna Sutton,3,16,12,2024,3,34.06274,-118.32626667,10,8.3,5.5025
56443,John Shaw,3,16,12,2024,3,33.85154,-118.59981333,2,1.3,0.84427
26694,Diane Cooley,3,16,12,2024,3,33.87266,-118.42884667,3,1.2,0.76697
85605,Rodney Jacobs,3,16,12,2024,3,34.18946,-118.29207333,11,31.4,20.9399
76363,Marissa Butler,3,16,12,2024,3,33.93602,-118.49723333,5,0.8,0.54328
94734,Mary Gray,3,16,12,2024,3,33.97826,-118.27497667,7,4.5,3.02716
68294,Cody Brewer,3,16,12,2024,3,34.25282,-118.25788,11,53.4,35.62771
25854,Jay Cole,3,16,12,2024,3,33.9149,-118.30917,4,2.4,1.61019
81580,Jennifer Mitchell,3,16,12,2024,3,33.99938,-118.44594333,6,0.7,0.4705
58249,James Clark,3,16,12,2024,3,33.95714,-118.20659,8,1.2,0.77952
54969,Meredith Brown,3,16,12,2024,3,33.99938,-118.30917,7,1.0,0.6584
53509,Pamela Welch,3,16,12,2024,3,33.89378,-118.44594333,3,3.2,2.13007
65436,Gabriel Kirby,3,16,12,2024,3,33.99938,-118.37755667,6,1.3,0.87113
20429,Joanna Odonnell,3,16,12,2024,3,34.10498,-118.46304,9,2.9,1.91214
12677,Amy Figueroa,3,16,12,2024,3,33.93602,-118.29207333,7,6.6,4.36888
61065,Mary Newman,3,16,12,2024,3,33.99938,-118.42884667,6,1.4,0.95015
52681,Sarah Lane,3,16,12,2024,3,33.99938,-118.32626667,6,0.7,0.49206
92111,Alicia Warren,3,16,12,2024,3,33.89378,-118.42884667,3,8.4,5.62857
76962,Miguel Kaufman,3,16,12,2024,3,33.89378,-118.20659,8,2.1,1.41425
89367,Julia Roach,3,16,12,2024,3,33.93602,-118.42884667,6,1.1,0.72918
58915,William Cunningham,3,16,12,2024,3,34.0205,-118.34336333,6,0.7,0.4522
22378,Jennifer Montoya,3,16,12,2024,3,34.0205,-118.37755667,6,0.7,0.47912
19062,Kelly Esparza,3,16,12,2024,3,33.97826,-118.48013667,5,1.8,1.22241
43812,Travis Rodriguez,3,16,12,2024,3,33.85154,-118.58271667,2,0.9,0.57446
14942,Bryan Elliott,3,16,12,2024,3,33.89378,-118.48013667,3,1.2,0.76853
92828,Adrian Walsh,3,16,12,2024,3,33.89378,-118.36046,4,4.4,2.92904
83977,Isabel Thomas,3,16,12,2024,3,33.99938,-118.18949333,8,12.9,8.58865
37318,Tyler Smith,3,16,12,2024,3,33.97826,-118.56562,5,2.2,1.49887
78172,Tara Thomas,3,16,12,2024,3,34.0205,-118.30917,7,4.1,2.70092
21211,Derrick Woodward,3,16,12,2024,3,34.06274,-118.24078333,10,8.8,5.88869
81621,Tony Smith MD,3,16,12,2024,3,33.83042,-118.41175,3,1.5,0.98079
64004,Robert Thomas,3,16,12,2024,3,34.08386,-118.24078333,10,13.6,9.06236
77924,Ryan Allen,3,16,12,2024,3,33.76706,-118.56562,2,5.3,3.5453
18380,Sarah Johnson,3,16,12,2024,3,33.72482,-118.51433,1,4.0,2.65781
63338,Kelli Clark,3,16,12,2024,3,33.72482,-118.39465333,1,12.5,8.31286
30738,Bradley Cummings,3,16,12,2024,3,33.97826,-118.20659,8,13.3,8.89903
78966,Joe Tucker,3,16,12,2024,3,33.78818,-118.44594333,1,1.4,0.91337
79672,Wendy Shaw,3,16,12,2024,3,34.10498,-118.48013667,9,6.8,4.5237
10671,Kayla Zuniga,3,16,12,2024,3,33.9149,-118.30917,4,2.0,1.35623
41780,Elizabeth Hayes,3,16,12,2024,3,33.93602,-118.58271667,5,6.8,4.5139
50551,Nathan Hartman,3,16,12,2024,3,33.8093,-118.41175,1,2.2,1.43769
51758,Laura Williams,3,16,12,2024,3,33.93602,-118.53142667,5,3.5,2.33058
49624,Kyle Coleman,3,16,12,2024,3,33.85154,-118.42884667,3,8.9,5.92917
45550,Valerie Marshall,3,16,12,2024,3,34.08386,-118.46304,9,2.5,1.67211
72096,Ryan Roberts,3,16,12,2024,3,33.76706,-118.37755667,4,14.7,9.7868
26735,Lisa Morton,3,16,12,2024,3,33.95714,-118.30917,7,4.3,2.8527
23250,Donna Lee,3,16,12,2024,3,33.89378,-118.27497667,4,1.4,0.92503
75333,Ryan Williams,3,16,12,2024,3,33.74594,-118.39465333,1,14.3,9.55558
43481,Thomas Norman,3,16,12,2024,3,34.0205,-118.39465333,6,1.1,0.71158
31255,Richard Warner,3,16,12,2024,3,33.99938,-118.20659,8,14.1,9.39653
63621,Caitlyn Wise,3,16,12,2024,3,33.9149,-118.41175,3,0.9,0.60941
25669,Haley Fields,3,16,12,2024,3,34.06274,-118.39465333,9,1.2,0.82189
61519,Anthony Davenport,3,16,12,2024,3,33.89378,-118.56562,2,2.1,1.39825
60696,Richard Vincent,3,16,12,2024,3,33.89378,-118.63400667,2,4.9,3.27537
35647,Brandon Berger,3,16,12,2024,3,33.97826,-118.30917,7,3.2,2.13047
40037,Joseph Thompson,3,16,12,2024,3,33.93602,-118.18949333,8,3.4,2.23335
58040,Christine Jones,3,16,12,2024,3,34.08386,-118.32626667,10,1.5,1.03146
40280,Alex Castro,3,16,12,2024,3,33.85154,-118.59981333,2,1.0,0.66295
80952,Crystal Strong,3,16,12,2024,3,33.89378,-118.36046,4,1.1,0.71702
51516,Joseph Porter,3,16,12,2024,3,33.83042,-118.51433,3,7.6,5.06069
54880,Todd Wheeler,3,16,12,2024,3,33.95714,-118.17239667,8,24.9,16.57925
75801,Amanda Joseph,3,16,12,2024,3,34.06274,-118.37755667,9,1.0,0.64955
24960,Jessica Wells,3,16,12,2024,3,34.18946,-118.30917,11,12.2,8.12959
19466,Becky Valentine,3,16,12,2024,3,33.8093,-118.63400667,2,5.0,3.34202
55729,Katherine Miller,3,16,12,2024,3,33.93602,-118.49723333,5,2.1,1.39119
39999,Kyle Hall,3,16,12,2024,3,34.08386,-118.25788,10,14.0,9.33988
46277,Zoe Greene,3,16,12,2024,3,33.93602,-118.32626667,6,6.2,4.14286
18734,Sylvia Carter,3,16,12,2024,3,33.97826,-118.51433,5,2.1,1.41258
30682,Brenda Ramsey,3,16,12,2024,3,33.85154,-118.46304,3,0.5,0.31939
56512,Jenna Rivera,3,16,12,2024,3,33.87266,-118.61691,2,2.8,1.84943
53147,Victor Sharp,3,16,12,2024,3,33.8093,-118.37755667,4,4.0,2.68218
81429,Valerie Gonzalez,3,16,12,2024,3,33.85154,-118.56562,2,1.5,1.00774
57293,Judith Banks,3,16,12,2024,3,33.93602,-118.25788,7,4.1,2.75001
71824,Regina Goodman,3,16,12,2024,3,34.10498,-118.49723333,9,10.6,7.07437
33320,Sarah Mccarthy,3,16,12,2024,3,34.16834,-118.27497667,11,31.3,20.87391
47209,George Oneill,3,16,12,2024,3,34.04162,-118.49723333,9,8.3,5.55576
50755,Jacob Mason,3,16,12,2024,3,33.78818,-118.27497667,4,14.9,9.95875
43987,Andrea Castro,3,16,12,2024,3,34.0205,-118.42884667,6,1.9,1.28945
89015,Megan Gould,3,16,12,2024,3,33.99938,-118.54852333,5,5.5,3.65548
97983,Jaclyn Harding,3,16,12,2024,3,33.8093,-118.25788,4,14.8,9.85499
23252,Jeremy Simon,3,16,12,2024,3,34.08386,-118.29207333,10,0.6,0.39937
43531,Kyle Wright,3,16,12,2024,3,33.97826,-118.54852333,5,4.7,3.15546
33616,Jessica Schultz,3,16,12,2024,3,34.10498,-118.25788,10,13.7,9.12368
44782,Donna Stephens,3,16,12,2024,3,33.8093,-118.27497667,4,14.6,9.75447
38113,Tammy Ramsey,3,16,12,2024,3,34.04162,-118.29207333,10,5.5,3.64269
30533,Susan Porter,3,16,12,2024,3,33.83042,-118.53142667,3,0.9,0.62381
41094,Jodi Jimenez,3,16,12,2024,3,33.95714,-118.29207333,7,1.4,0.91678
92245,Haley Gibbs,3,16,12,2024,3,34.06274,-118.39465333,9,0.5,0.36364
86409,Gabriel Mills,3,16,12,2024,3,33.97826,-118.27497667,7,0.8,0.56263
70191,William Simmons,3,16,12,2024,3,33.7037,-118.48013667,1,2.3,1.56377
77494,David Mcclure,3,16,12,2024,3,34.0205,-118.30917,7,1.4,0.93348
38958,William Jimenez,3,16,12,2024,3,33.99938,-118.48013667,5,4.1,2.72095
12198,Rita Collins,3,16,12,2024,3,34.08386,-118.27497667,10,4.2,2.80424
48169,Jose Chase,3,16,12,2024,3,34.3373,-118.27497667,11,63.1,42.08571
45299,John Stewart PhD,3,16,12,2024,3,34.0205,-118.29207333,7,2.6,1.71106
28476,Joe Wheeler,3,16,12,2024,3,34.14722,-118.25788,11,33.1,22.08603
77346,Tina Mcintyre,3,16,12,2024,3,33.97826,-118.54852333,5,4.1,2.70217
11956,Dwayne Bryan,3,16,12,2024,3,34.0205,-118.37755667,6,0.8,0.5621
34608,Randy Jackson,3,16,12,2024,3,34.06274,-118.37755667,9,1.9,1.28308
63868,Thomas Rush,3,16,12,2024,3,33.78818,-118.51433,1,0.9,0.59465
73996,Marcia Ramirez,3,16,12,2024,3,33.83042,-118.59981333,2,1.0,0.65308
20966,Vincent West,3,16,12,2024,3,33.97826,-118.36046,6,7.1,4.70039
89556,Derrick Brown,3,16,12,2024,3,33.83042,-118.46304,3,1.5,1.02748
18937,George Moore,3,16,12,2024,3,34.04162,-118.27497667,10,12.9,8.59918
79237,Emily Cannon,3,16,12,2024,3,33.78818,-118.48013667,1,3.4,2.25815
85924,Marc Smith,3,16,12,2024,3,34.06274,-118.44594333,9,3.5,2.35982
64077,Antonio Graham,3,16,12,2024,3,34.0205,-118.22368667,8,4.8,3.16987
71868,David Bentley,3,16,12,2024,3,33.9149,-118.27497667,4,5.6,3.72814
86424,Julie Arnold,3,16,12,2024,3,33.99938,-118.51433,5,4.0,2.67874
76403,William Miller,3,16,12,2024,3,33.74594,-118.48013667,1,4.0,2.64685
74820,Timothy Williams,3,16,12,2024,3,33.74594,-118.59981333,2,3.4,2.27796
84592,Becky Moore,3,16,12,2024,3,33.87266,-118.61691,2,3.7,2.4694
76329,Sherri Black,3,16,12,2024,3,34.0205,-118.29207333,7,0.6,0.42267
65002,Jennifer Wallace,3,16,12,2024,3,34.04162,-118.41175,9,1.8,1.18577
75958,Jessica Gonzalez,3,16,12,2024,3,34.04162,-118.51433,9,9.5,6.32094
24089,Laurie Washington,3,16,12,2024,3,34.08386,-118.27497667,10,14.1,9.43314
50415,John Love,3,16,12,2024,3,33.74594,-118.53142667,1,0.9,0.60487
50894,Mary Clark,3,16,12,2024,3,34.16834,-118.29207333,11,42.3,28.19105
83768,Thomas Sharp,3,16,12,2024,3,33.76706,-118.32626667,4,13.0,8.66937
40171,Vicki Harrison,3,16,12,2024,3,34.21058,-118.30917,11,14.3,9.55622
44317,Mary Flynn,3,16,12,2024,3,34.21058,-118.27497667,11,32.6,21.72606
76922,Eddie Simmons,3,16,12,2024,3,33.97826,-118.39465333,6,5.5,3.66518
27203,Pamela Hernandez,3,16,12,2024,3,33.87266,-118.56562,2,3.1,2.09423
48890,Daniel Evans,3,16,12,2024,3,33.93602,-118.24078333,7,1.3,0.8635
61453,Carol Santos MD,3,16,12,2024,3,34.08386,-118.37755667,9,5.6,3.70822
73395,Autumn Wilson,3,16,12,2024,3,34.10498,-118.22368667,10,11.5,7.66523
31988,Mary Webb,3,16,12,2024,3,33.9149,-118.24078333,4,2.4,1.58497
96318,Dr. Margaret Todd MD,3,16,12,2024,3,34.04162,-118.30917,10,5.9,3.92258
71986,Bobby Franklin,3,16,12,2024,3,33.74594,-118.58271667,2,0.5,0.36385
42684,Geoffrey Brown,3,16,12,2024,3,33.76706,-118.49723333,1,3.3,2.18615
41474,Laurie Watts,3,16,12,2024,3,34.06274,-118.24078333,10,11.1,7.4203
96487,Shannon Taylor,3,16,12,2024,3,33.99938,-118.51433,5,6.5,4.34761
52975,Joshua Wang,3,16,12,2024,3,33.74594,-118.54852333,1,1.2,0.77488
99377,Luis Gardner,3,16,12,2024,3,33.95714,-118.49723333,5,3.0,1.98032
20219,Crystal Griffith,3,16,12,2024,3,33.83042,-118.54852333,2,0.3,0.23157
53579,Grace Valenzuela,3,16,12,2024,3,34.1261,-118.27497667,10,10.7,7.11613
39997,Zachary Martinez,3,16,12,2024,3,33.74594,-118.56562,2,1.5,1.00846
77884,Benjamin Hubbard,3,16,12,2024,3,33.97826,-118.56562,5,2.2,1.46724
83228,Joshua Edwards,3,16,12,2024,3,34.3373,-118.25788,11,62.3,41.53629
86056,Emily Perez,3,16,12,2024,3,33.9149,-118.54852333,2,2.2,1.49333
38136,Sarah Thomas,3,16,12,2024,3,34.0205,-118.53142667,5,0.7,0.46165
81153,Becky Wilson,3,16,12,2024,3,33.76706,-118.59981333,2,1.4,0.92167
65389,Martha Fisher,3,16,12,2024,3,33.89378,-118.46304,3,2.0,1.34518
97709,Jeffrey Baker,3,16,12,2024,3,34.04162,-118.25788,10,0.6,0.41403
91335,Mark Davidson,3,16,12,2024,3,34.0205,-118.30917,7,4.6,3.07895
68770,Sydney Wilson,3,16,12,2024,3,33.95714,-118.29207333,7,2.8,1.86365
15127,Dawn Brown,3,16,12,2024,3,33.83042,-118.42884667,3,3.8,2.55452
10573,Jose Sellers,3,16,12,2024,3,33.93602,-118.51433,5,2.1,1.42203
43609,Michael Newton,3,16,12,2024,3,33.78818,-118.49723333,1,1.0,0.67827
39462,Anna Castro,3,16,12,2024,3,34.0205,-118.18949333,8,14.6,9.71841
24520,Derek Valencia,3,16,12,2024,3,34.0205,-118.20659,8,2.8,1.86165
69411,Steven Bowers,3,16,12,2024,3,34.1261,-118.42884667,9,5.1,3.42464
44562,Leon Villanueva,3,16,12,2024,3,33.93602,-118.20659,8,0.5,0.34571
43888,Jessica Gamble,3,16,12,2024,3,34.0205,-118.20659,8,14.1,9.38821
38664,William Cooper,3,16,12,2024,3,33.9149,-118.22368667,8,1.8,1.19168
58213,Meghan Austin,3,16,12,2024,3,34.29506,-118.25788,11,57.5,38.30849
25874,Jeanne Haney,3,16,12,2024,3,33.97826,-118.53142667,5,1.3,0.85774
51130,Daniel Kelley,3,16,12,2024,3,33.89378,-118.59981333,2,6.9,4.56967
67667,Elizabeth Robinson,3,16,12,2024,3,33.95714,-118.27497667,7,1.9,1.24236
89576,Darrell Hawkins,3,16,12,2024,3,33.95714,-118.1553,8,22.7,15.10184
27202,Nathan Rivas,3,16,12,2024,3,33.99938,-118.39465333,6,3.1,2.0524
33506,Robin Williams,3,16,12,2024,3,34.25282,-118.30917,11,49.9,33.29335
18168,Mr. Benjamin Hall,3,16,12,2024,3,34.04162,-118.39465333,9,1.1,0.73774
27742,John Ruiz,3,16,12,2024,3,34.04162,-118.27497667,10,9.3,6.16976
62116,Ms. Yvonne Mathis MD,3,16,12,2024,3,33.97826,-118.32626667,6,1.3,0.88086
45105,Tracey Rodriguez,3,16,12,2024,3,33.8093,-118.48013667,1,5.9,3.9463
35310,Erik Reid,3,16,12,2024,3,33.76706,-118.61691,2,1.2,0.79994
85521,Edgar Conway,3,16,12,2024,3,33.9149,-118.49723333,3,1.1,0.7337
11809,Angela Ramirez,3,16,12,2024,3,34.1261,-118.44594333,9,3.2,2.12689
13109,Clayton Smith,3,16,12,2024,3,33.87266,-118.32626667,4,1.0,0.66744
67616,Linda Wright,3,16,12,2024,3,33.8093,-118.29207333,4,8.0,5.30505
80970,Randy Wallace,3,16,12,2024,3,33.95714,-118.42884667,6,1.7,1.13299
10282,Barbara Richards MD,3,16,12,2024,3,33.85154,-118.61691,2,0.8,0.5376
70912,Julian Lawrence,3,16,12,2024,3,33.97826,-118.25788,7,0.9,0.57283
31240,Lisa Dennis,3,16,12,2024,3,34.2317,-118.29207333,11,40.3,26.84193
16259,Matthew Walker,3,16,12,2024,3,34.1261,-118.42884667,9,3.7,2.46692
24201,Ashley Nichols,3,16,12,2024,3,33.9149,-118.44594333,3,2.8,1.8821
24529,Corey Barnes,3,16,12,2024,3,33.87266,-118.46304,3,2.0,1.34505
94371,Carol Shah,3,16,12,2024,3,33.74594,-118.51433,1,4.8,3.2166
82615,Holly Bowers,3,16,12,2024,3,33.74594,-118.49723333,1,3.6,2.40972
92104,Kimberly Cowan,3,16,12,2024,3,34.06274,-118.30917,10,3.4,2.27128
81279,Jessica Greer,3,16,12,2024,3,33.97826,-118.53142667,5,2.5,1.66212
62813,James Parker,3,16,12,2024,3,34.10498,-118.41175,9,0.2,0.1236
90655,Richard Swanson,3,16,12,2024,3,33.85154,-118.49723333,3,2.1,1.37812
30249,Nancy Miller,3,16,12,2024,3,34.0205,-118.24078333,7,4.7,3.10719
46606,Miranda Lambert,3,16,12,2024,3,33.78818,-118.54852333,1,1.7,1.15829
25244,Kristin Sexton,3,16,12,2024,3,33.85154,-118.53142667,3,1.8,1.20906
18188,Marissa Ayala,3,16,12,2024,3,33.76706,-118.44594333,1,0.5,0.36096
19035,Nathaniel Hunt,3,16,12,2024,3,33.93602,-118.1553,8,28.5,19.02305
85680,Angela Thompson,3,16,12,2024,3,33.78818,-118.41175,1,1.3,0.85605
83829,Erica Miller,3,16,12,2024,3,33.76706,-118.41175,1,12.7,8.47219
82108,Diane Park MD,3,16,12,2024,3,34.16834,-118.30917,11,8.7,5.81571
31051,Sarah Green,3,16,12,2024,3,34.06274,-118.41175,9,1.1,0.72067
59029,Mary Jones,3,16,12,2024,3,33.97826,-118.36046,6,2.7,1.79565
47833,Jennifer Garcia,3,16,12,2024,3,33.9149,-118.56562,2,2.1,1.40219
38045,Tracy Holt,3,16,12,2024,3,33.74594,-118.46304,1,0.5,0.33148
91490,Melissa Green,3,16,12,2024,3,34.06274,-118.37755667,9,2.3,1.50247
41882,Sandra Tucker,3,16,12,2024,3,33.93602,-118.27497667,7,4.4,2.93426
70584,Thomas Collins,3,16,12,2024,3,33.97826,-118.48013667,5,0.4,0.29474
30078,Ms. Teresa Cervantes,3,16,12,2024,3,33.78818,-118.54852333,1,0.9,0.59038
25319,Brian Williams,3,16,12,2024,3,34.14722,-118.27497667,11,43.2,28.79221
38559,Eric Bush,3,16,12,2024,3,33.9149,-118.49723333,3,1.5,1.0244
76337,Helen Bailey,3,16,12,2024,3,33.89378,-118.29207333,4,2.4,1.60487
38010,John Haynes,3,16,12,2024,3,33.89378,-118.18949333,8,0.2,0.11559
60830,Aaron Kelley,3,16,12,2024,3,33.95714,-118.53142667,5,2.8,1.88544
94638,William Clark,3,16,12,2024,3,33.89378,-118.46304,3,1.4,0.96154
63764,Erin Crawford,3,16,12,2024,3,34.06274,-118.30917,10,3.7,2.4432
89040,James Baker,3,16,12,2024,3,34.14722,-118.25788,11,44.6,29.70121
13403,Renee Hayes,3,16,12,2024,3,34.0205,-118.54852333,5,6.6,4.38609
79212,Miguel Watson,3,16,12,2024,3,34.06274,-118.42884667,9,3.2,2.13313
61208,Kelly Jensen,3,16,12,2024,3,33.87266,-118.46304,3,2.5,1.69886
66406,Jason Roberts,3,16,12,2024,3,34.08386,-118.39465333,9,2.3,1.52476
61997,Wayne Woods,3,16,12,2024,3,33.89378,-118.61691,2,2.7,1.81588
16980,Tony Morgan,3,16,12,2024,3,33.93602,-118.24078333,7,1.9,1.29027
99209,Shannon Marshall,3,16,12,2024,3,33.9149,-118.32626667,4,2.5,1.68996
92640,Amy Perkins,3,16,12,2024,3,34.2317,-118.27497667,11,55.2,36.80104
66245,Christopher Orozco,3,16,12,2024,3,33.97826,-118.44594333,6,2.1,1.37392
75274,David Hill,3,16,12,2024,3,33.99938,-118.32626667,6,1.5,0.99996
52867,Andrew Molina,3,16,12,2024,3,34.0205,-118.29207333,7,8.1,5.38413
63219,David Jackson,3,16,12,2024,3,33.78818,-118.39465333,1,6.4,4.26829
90854,Shannon Fields,3,16,12,2024,3,33.89378,-118.54852333,2,1.4,0.91306
98927,April Salinas,3,16,12,2024,3,33.87266,-118.48013667,3,1.7,1.12795
77563,Lori Rocha,3,16,12,2024,3,33.97826,-118.24078333,7,2.5,1.63634
40080,Anthony Medina,3,16,12,2024,3,33.93602,-118.54852333,5,0.7,0.43474
95114,Joshua Schmidt,3,16,12,2024,3,33.89378,-118.49723333,3,1.2,0.80276
73792,Angelica Fernandez,3,16,12,2024,3,34.14722,-118.27497667,11,35.2,23.44695
62384,Ronnie Petersen,3,16,12,2024,3,34.16834,-118.29207333,11,46.5,30.97534
45865,Stephanie Rivera,3,16,12,2024,3,34.10498,-118.39465333,9,6.1,4.0964
67001,Stephen Hess,3,16,12,2024,3,34.04162,-118.37755667,9,0.9,0.56908
48741,Ryan Harrison,3,16,12,2024,3,33.83042,-118.58271667,2,0.7,0.45357
90341,Sarah Novak,3,16,12,2024,3,33.93602,-118.54852333,5,0.3,0.21527
67858,Donald Hernandez,3,16,12,2024,3,33.78818,-118.56562,2,3.0,2.02725
15114,John Goodwin,3,16,12,2024,3,33.7037,-118.49723333,1,1.2,0.82651
31267,Suzanne Harris,3,16,12,2024,3,34.31618,-118.24078333,11,58.2,38.76927
63003,Timothy Russell,3,16,12,2024,3,33.89378,-118.34336333,4,5.7,3.83048
24758,Laura Gardner,3,16,12,2024,3,33.87266,-118.48013667,3,2.2,1.46663
97066,Cassandra Johnson,3,16,12,2024,3,33.83042,-118.59981333,2,1.0,0.68423
41830,Cynthia Murphy,3,16,12,2024,3,33.95714,-118.36046,6,3.7,2.47201
77005,Christine Valencia,3,16,12,2024,3,34.06274,-118.22368667,10,13.7,9.16021
33868,Robert Wong,3,16,12,2024,3,34.10498,-118.24078333,10,14.9,9.95095
20844,Johnathan Gibson,3,16,12,2024,3,34.04162,-118.36046,10,1.6,1.06686
10295,Judith Oneal,3,16,12,2024,3,33.8093,-118.48013667,1,1.6,1.08759
97688,Phillip Potter,3,16,12,2024,3,33.97826,-118.41175,6,6.6,4.40892
83517,Nicholas Ruiz,3,16,12,2024,3,33.83042,-118.65110333,2,2.7,1.79803
47603,Toni Chung,3,16,12,2024,3,33.9149,-118.46304,3,2.8,1.87926
98508,Mike Nguyen,3,16,12,2024,3,33.93602,-118.44594333,6,1.5,1.03113
78518,Sharon Jones,3,16,12,2024,3,34.04162,-118.27497667,10,10.8,7.17176
46169,Matthew Watson,3,16,12,2024,3,33.95714,-118.42884667,6,1.7,1.13362
81687,Jessica Hale,3,16,12,2024,3,33.9149,-118.54852333,2,1.0,0.6493
34274,Roberto Klein,3,16,12,2024,3,33.99938,-118.25788,7,1.6,1.08592
47527,Mark Wright,3,16,12,2024,3,33.87266,-118.6682,2,4.1,2.76355
86055,Taylor Rodriguez,3,16,12,2024,3,33.95714,-118.37755667,6,3.4,2.2951
61655,Angela Mckay,3,16,12,2024,3,33.93602,-118.56562,5,2.7,1.77814
85723,Vicki Crawford,3,16,12,2024,3,33.9149,-118.58271667,2,2.1,1.42951
44734,Amy Marshall,3,16,12,2024,3,33.7037,-118.42884667,1,6.8,4.56502
33311,Brittany Burgess,3,16,12,2024,3,33.87266,-118.42884667,3,4.3,2.87419
93642,Matthew Carter,3,16,12,2024,3,33.89378,-118.34336333,4,6.0,4.0173
62457,Sherry Conley,3,16,12,2024,3,33.89378,-118.39465333,3,7.8,5.18783
66647,Victor Young,3,16,12,2024,3,33.95714,-118.22368667,8,0.9,0.56755
31449,James Parsons,3,16,12,2024,3,33.76706,-118.63400667,2,5.9,3.92316
49346,Barbara Alvarez,3,16,12,2024,3,34.04162,-118.49723333,9,8.0,5.34282
18714,Keith Brady,3,16,12,2024,3,33.83042,-118.59981333,2,1.9,1.29654
33294,Danny Morgan,3,16,12,2024,3,34.31618,-118.27497667,11,57.4,38.25073
22331,Jason Riley,3,16,12,2024,3,34.1261,-118.25788,10,30.0,19.98249
25835,Sue Bowman,3,16,12,2024,3,33.89378,-118.48013667,3,5.0,3.34467
22715,Bryan Williams,3,16,12,2024,3,34.06274,-118.49723333,9,6.1,4.06352
67534,Nancy Diaz,3,16,12,2024,3,33.87266,-118.48013667,3,0.4,0.27841
21938,Maria Rose,3,16,12,2024,3,34.10498,-118.24078333,10,13.7,9.10912
60362,Cameron Bell,3,16,12,2024,3,33.87266,-118.29207333,4,0.8,0.52298
79307,Michael Johnston,3,16,12,2024,3,34.16834,-118.27497667,11,40.2,26.81672
89744,Miguel Robinson,3,16,12,2024,3,33.97826,-118.42884667,6,0.8,0.54808
62777,Jamie Williams,3,16,12,2024,3,33.78818,-118.61691,2,2.4,1.59918
89581,Michael Lucas,3,16,12,2024,3,33.87266,-118.30917,4,1.7,1.12639
37568,Christopher Williams,3,16,12,2024,3,34.0205,-118.34336333,6,1.5,1.02652
27392,Dr. Jessica Carr,3,16,12,2024,3,33.9149,-118.27497667,4,1.3,0.85796
24928,Jacob Osborn,3,16,12,2024,3,33.8093,-118.65110333,2,4.8,3.19161
80847,Angela Farmer,3,16,12,2024,3,33.89378,-118.53142667,3,1.8,1.22466
85296,Chad Hernandez,3,16,12,2024,3,34.04162,-118.44594333,9,1.7,1.12547
53887,Adam Burke,3,16,12,2024,3,33.93602,-118.51433,5,0.9,0.58341
30874,Mark Paul,3,16,12,2024,3,34.06274,-118.46304,9,3.6,2.42861
66419,Thomas Hernandez,3,16,12,2024,3,34.0205,-118.51433,5,12.7,8.45824
34889,Ian Weiss,3,16,12,2024,3,33.85154,-118.42884667,3,6.1,4.04118
70902,Daniel Stewart PhD,3,16,12,2024,3,34.10498,-118.27497667,10,14.7,9.80922
31805,Audrey Phillips,3,16,12,2024,3,33.99938,-118.29207333,7,4.5,2.98273
85232,Patricia Sanchez,3,16,12,2024,3,34.2317,-118.24078333,11,52.4,34.91724
99601,James Vaughn,3,16,12,2024,3,33.76706,-118.41175,1,9.0,6.02902
76606,Tara Foley,3,16,12,2024,3,34.10498,-118.29207333,10,7.8,5.23162
63086,Jonathan Conley,3,16,12,2024,3,33.76706,-118.39465333,1,11.2,7.48836
76896,Jamie Obrien,3,16,12,2024,3,34.04162,-118.24078333,10,0.7,0.4982
15757,Charlotte Johnson,3,16,12,2024,3,33.99938,-118.42884667,6,1.3,0.84819
14189,Robin Patel,3,16,12,2024,3,33.85154,-118.61691,2,2.5,1.66254
23310,Paula Hernandez,3,16,12,2024,3,33.93602,-118.48013667,5,2.3,1.53179
61376,Eric Chavez,3,16,12,2024,3,34.10498,-118.44594333,9,2.4,1.58681
99179,Jennifer Davis,3,16,12,2024,3,34.25282,-118.29207333,11,55.1,36.72608
98392,Melissa Diaz,3,16,12,2024,3,33.7037,-118.44594333,1,3.9,2.61723
26968,Michael Page,3,16,12,2024,3,33.95714,-118.30917,7,3.0,1.98469
12253,Christopher Bailey,3,16,12,2024,3,34.04162,-118.32626667,10,3.4,2.26461
26158,Shelby Malone,3,16,12,2024,3,33.93602,-118.1553,8,28.1,18.7185
26458,Charles Williams,3,16,12,2024,3,34.04162,-118.37755667,9,1.5,1.03238
60064,Edward Cochran,3,16,12,2024,3,33.74594,-118.29207333,4,8.6,5.71004
72383,Shannon Sanchez,3,16,12,2024,3,34.06274,-118.48013667,9,8.3,5.54698
64016,Jonathan Lewis,3,16,12,2024,3,33.78818,-118.53142667,1,2.0,1.3602
72477,Joshua Wood,3,16,12,2024,3,33.97826,-118.30917,7,2.6,1.76638
60785,Steven Frank,3,16,12,2024,3,33.9149,-118.37755667,4,6.2,4.14753
33696,Joseph Jackson,3,16,12,2024,3,34.04162,-118.22368667,10,13.7,9.16152
22581,Leah Smith,3,16,12,2024,3,33.99938,-118.25788,7,1.6,1.0902
56565,Emily Williams,3,16,12,2024,3,33.7037,-118.46304,1,1.4,0.95476
50534,Melissa Christian,3,16,12,2024,3,34.0205,-118.36046,6,2.6,1.71729
36153,Kristina Mckenzie,3,16,12,2024,3,34.1261,-118.25788,10,31.9,21.27103
99802,Joshua Wilson,3,16,12,2024,3,34.21058,-118.29207333,11,51.9,34.58538
18701,Jesse Thomas,3,16,12,2024,3,33.99938,-118.46304,6,1.9,1.23808
72049,Scott Washington,3,16,12,2024,3,33.95714,-118.34336333,6,3.5,2.33279
17562,Andrew Wade,3,16,12,2024,3,33.87266,-118.36046,4,2.7,1.79877
60413,Alexander Stephens,3,16,12,2024,3,34.29506,-118.32626667,11,67.6,45.03923
33382,Jordan Faulkner,3,16,12,2024,3,34.06274,-118.51433,9,2.9,1.92053
32743,Stefanie Cunningham,3,16,12,2024,3,33.99938,-118.34336333,6,1.0,0.63725
69518,Corey Anderson,3,16,12,2024,3,33.99938,-118.41175,6,1.6,1.07728
97596,Lisa Rosario,3,16,12,2024,3,33.9149,-118.34336333,4,2.9,1.91189
25833,Daniel Jackson,3,16,12,2024,3,34.10498,-118.41175,9,2.2,1.49415
92040,John Reed,3,16,12,2024,3,33.95714,-118.39465333,6,3.6,2.40315
60612,Kelly Escobar,3,16,12,2024,3,33.97826,-118.49723333,5,2.4,1.56864
53605,Sandra Espinoza,3,16,12,2024,3,34.10498,-118.42884667,9,6.6,4.4149
67710,Mary Moore,3,16,12,2024,3,33.87266,-118.54852333,2,1.1,0.7115
72531,Danielle Carter,3,16,12,2024,3,33.8093,-118.49723333,1,0.9,0.61429
60194,Amanda Torres,3,16,12,2024,3,33.85154,-118.58271667,2,1.5,0.99808
53829,Thomas Hall,3,16,12,2024,3,34.04162,-118.34336333,10,1.2,0.79646
40615,Heather Stephens,3,16,12,2024,3,33.99938,-118.48013667,5,0.4,0.24598
79844,Michelle Vasquez,3,16,12,2024,3,34.08386,-118.29207333,10,0.3,0.21395
99032,Shari Graham,3,16,12,2024,3,34.06274,-118.41175,9,2.6,1.70355
42201,Paul Marquez,3,16,12,2024,3,33.93602,-118.25788,7,1.6,1.05614
99172,Melissa Hoffman,3,16,12,2024,3,33.85154,-118.44594333,3,3.1,2.0689
61071,Donna Harmon,3,16,12,2024,3,33.85154,-118.34336333,4,6.3,4.17412
98242,Chelsea Moon,3,16,12,2024,3,34.08386,-118.22368667,10,14.7,9.79025
90435,Andrea Mack,3,16,12,2024,3,34.29506,-118.30917,11,65.8,43.89634
20956,Allison Hanson,3,16,12,2024,3,33.83042,-118.48013667,3,2.2,1.48908
53424,Michelle Gonzales,3,16,12,2024,3,33.89378,-118.54852333,2,0.6,0.41875
19953,Jasmine Moreno,3,16,12,2024,3,33.95714,-118.41175,6,0.4,0.23454
74636,Michelle Fuller,3,16,12,2024,3,33.8093,-118.59981333,2,3.6,2.37687
82585,Marilyn Haynes,3,16,12,2024,3,33.78818,-118.34336333,4,12.5,8.31266
36961,Donald Valenzuela,3,16,12,2024,3,33.97826,-118.46304,6,1.5,0.98224
94623,Mr. Joel Walters,3,16,12,2024,3,33.83042,-118.46304,3,3.0,1.97829
27431,Stephen Schneider,3,16,12,2024,3,33.76706,-118.34336333,4,14.5,9.68184
56571,Catherine Bailey,3,16,12,2024,3,34.06274,-118.44594333,9,6.9,4.57073
91103,Cindy Morse,3,16,12,2024,3,34.10498,-118.29207333,10,2.2,1.48113
19142,Jonathan Long,3,16,12,2024,3,33.89378,-118.65110333,2,6.9,4.6131
93998,Donald Garza,3,16,12,2024,3,33.93602,-118.29207333,7,6.1,4.06403
71154,Russell Jordan,3,16,12,2024,3,33.85154,-118.44594333,3,0.7,0.43984
18281,Alexander James,3,16,12,2024,3,33.78818,-118.48013667,1,1.9,1.28032
94009,John Jenkins,3,16,12,2024,3,33.89378,-118.42884667,3,1.2,0.77229
52423,Mrs. Lindsey Conner,3,16,12,2024,3,33.85154,-118.59981333,2,1.4,0.9529
97009,Anthony Schmidt,3,16,12,2024,3,33.87266,-118.32626667,4,1.3,0.89155
94156,Greg Long,3,16,12,2024,3,33.97826,-118.22368667,8,11.1,7.42004
13549,Sheena Phillips,3,16,12,2024,3,33.74594,-118.41175,1,13.4,8.91588
13996,Sarah Washington,3,16,12,2024,3,33.8093,-118.61691,2,0.5,0.36414
86878,Maria Collins,3,16,12,2024,3,33.85154,-118.51433,3,2.7,1.8209
54160,Rebecca Schwartz,3,16,12,2024,3,33.8093,-118.44594333,1,6.7,4.44265
92972,Rebecca Dominguez,3,16,12,2024,3,33.87266,-118.42884667,3,2.1,1.39637
37335,Jason Smith,3,16,12,2024,3,33.83042,-118.48013667,3,3.1,2.08351
96695,Michael Arnold,3,16,12,2024,3,33.95714,-118.56562,5,0.6,0.38833
81825,Paul Acosta,3,16,12,2024,3,33.74594,-118.58271667,2,0.9,0.58815
92495,Marisa Cameron,3,16,12,2024,3,33.9149,-118.46304,3,6.5,4.34847
14635,Randy Powell,3,16,12,2024,3,33.9149,-118.42884667,3,1.4,0.95643
94219,Carol Davis,3,16,12,2024,3,33.78818,-118.37755667,4,12.7,8.4852
32349,Eugene Schultz,3,16,12,2024,3,33.72482,-118.44594333,1,2.9,1.95914
68149,James Trevino,3,16,12,2024,3,33.99938,-118.39465333,6,2.4,1.60902
35630,Erica Jackson,3,16,12,2024,3,33.83042,-118.44594333,3,1.0,0.66245
15652,Jessica Bell,3,16,12,2024,3,33.7037,-118.42884667,1,3.5,2.333
41607,Stephen Rangel,3,16,12,2024,3,33.76706,-118.48013667,1,4.7,3.10636
53616,Jeffrey Boone,3,16,12,2024,3,33.76706,-118.58271667,2,2.4,1.60742
94993,Ashlee Townsend,3,16,12,2024,3,33.8093,-118.56562,2,1.4,0.90224
90756,Melinda Shaw,3,16,12,2024,3,34.06274,-118.22368667,10,14.4,9.60278
48574,Marilyn Davis,3,16,12,2024,3,33.85154,-118.37755667,4,1.0,0.6801
45875,Jenna Frank,3,16,12,2024,3,33.93602,-118.34336333,6,6.9,4.61236
57383,Cody Singh,3,16,12,2024,3,33.83042,-118.37755667,4,3.9,2.60908
84705,Suzanne Moran,3,16,12,2024,3,33.83042,-118.49723333,3,1.1,0.76038
76025,James Simpson,3,16,12,2024,3,33.78818,-118.61691,2,3.8,2.5095
42266,Bradley Banks,3,16,12,2024,3,33.83042,-118.44594333,3,2.7,1.82441
70783,Sharon James,3,16,12,2024,3,33.72482,-118.46304,1,3.3,2.20496
46325,Laura Harrison,3,16,12,2024,3,33.76706,-118.42884667,1,3.7,2.459
49935,Selena Valencia,3,16,12,2024,3,34.06274,-118.29207333,10,2.5,1.68709
11903,Emily Foster,3,16,12,2024,3,33.93602,-118.54852333,5,3.4,2.2806
36189,Jodi Marshall,3,16,12,2024,3,34.08386,-118.37755667,9,2.4,1.58359
49501,Michelle Delgado,3,16,12,2024,3,33.9149,-118.41175,3,7.7,5.14573
22506,Kathleen Shaffer,3,16,12,2024,3,34.04162,-118.39465333,9,0.9,0.621
76631,Omar Campbell,3,16,12,2024,3,33.99938,-118.30917,7,1.8,1.17414
42934,Bobby Gray,3,16,12,2024,3,34.31618,-118.32626667,11,62.6,41.76586
43426,Kimberly Taylor MD,3,16,12,2024,3,34.0205,-118.49723333,5,11.9,7.9395
97928,Melanie Haynes,3,16,12,2024,3,33.87266,-118.59981333,2,3.3,2.23201
16438,Amy Larson,3,16,12,2024,3,33.87266,-118.41175,3,3.9,2.58881
51515,Elizabeth Franco,3,16,12,2024,3,34.1261,-118.27497667,10,11.0,7.31284
56162,Travis Warren,3,16,12,2024,3,34.25282,-118.27497667,11,51.2,34.1631
92935,Tammy Payne PhD,3,16,12,2024,3,33.89378,-118.22368667,8,1.3,0.88831
39606,Levi Hicks,3,16,12,2024,3,33.9149,-118.41175,3,2.9,1.9136
19666,Allison Sharp,3,16,12,2024,3,34.04162,-118.29207333,10,1.3,0.84649
63743,Teresa Medina,3,16,12,2024,3,33.78818,-118.39465333,1,12.7,8.43883
50311,Melanie Frank,3,16,12,2024,3,33.74594,-118.46304,1,0.8,0.55792
27648,Michael Blackwell,3,16,12,2024,3,33.76706,-118.48013667,1,3.1,2.06869
74427,Paul Horn,3,16,12,2024,3,34.08386,-118.44594333,9,3.2,2.13031
25331,Christopher Proctor,3,16,12,2024,3,33.97826,-118.49723333,5,3.2,2.11598
61456,Jeremy Pierce,3,16,12,2024,3,34.06274,-118.48013667,9,11.2,7.46422
89186,Jordan Dawson,3,16,12,2024,3,33.83042,-118.58271667,2,1.5,1.01542
57985,Matthew Hart,3,16,12,2024,3,33.89378,-118.30917,4,9.1,6.06784
94369,Terrence Moore,3,16,12,2024,3,33.87266,-118.46304,3,1.1,0.70422
67323,Robert Fox,3,16,12,2024,3,33.74594,-118.49723333,1,1.1,0.71335
61755,Nicholas Browning,3,16,12,2024,3,33.99938,-118.54852333,5,0.8,0.56382
22556,Christopher Gonzalez,3,16,12,2024,3,33.97826,-118.34336333,6,1.1,0.76079
12322,Jessica Bean,3,16,12,2024,3,33.72482,-118.41175,1,13.9,9.27024
61349,Bryan Holmes,3,16,12,2024,3,33.89378,-118.49723333,3,2.9,1.90748
56154,Christina Watson,3,16,12,2024,3,33.9149,-118.20659,8,0.8,0.55729
48893,Raymond Evans,3,16,12,2024,3,33.8093,-118.46304,1,0.8,0.5082
42387,Shawn Green,3,16,12,2024,3,33.93602,-118.39465333,6,7.9,5.24577
47041,Deborah Glover,3,16,12,2024,3,33.95714,-118.54852333,5,0.1,0.0666
31708,Sean Porter,3,16,12,2024,3,33.95714,-118.36046,6,3.8,2.54248
81087,Stephanie Moore,3,16,12,2024,3,33.7037,-118.44594333,1,3.7,2.47644
38074,James Fields,3,16,12,2024,3,33.99938,-118.24078333,7,1.2,0.77454
27685,Sydney Thomas,3,16,12,2024,3,34.10498,-118.37755667,9,4.5,3.00413
57093,Sandra Santos,3,16,12,2024,3,33.95714,-118.18949333,8,21.1,14.06066
23338,Dr. Melvin Wallace DVM,3,16,12,2024,3,33.83042,-118.61691,2,1.7,1.12845
90151,Michael Bowman,3,16,12,2024,3,34.06274,-118.36046,10,2.4,1.62892
27810,Rebecca Rodriguez,3,16,12,2024,3,33.93602,-118.27497667,7,3.3,2.21384
91887,Larry House,3,16,12,2024,3,34.08386,-118.30917,10,2.1,1.3903
67194,Crystal Figueroa,3,16,12,2024,3,33.89378,-118.58271667,2,1.3,0.84507
30576,Alyssa Smith,3,16,12,2024,3,33.95714,-118.44594333,6,2.0,1.32977
35771,Kaitlyn Jackson,3,16,12,2024,3,33.8093,-118.46304,1,3.9,2.62204
46693,Susan Murray,3,16,12,2024,3,34.10498,-118.27497667,10,13.2,8.81942
47818,Alexandra Brown,3,16,12,2024,3,34.10498,-118.29207333,10,6.4,4.27486
11630,Melissa Brown,3,16,12,2024,3,33.99938,-118.27497667,7,4.0,2.68741
27886,Melissa Price,3,16,12,2024,3,34.29506,-118.29207333,11,57.9,38.58848
42742,Mary Martinez,3,16,12,2024,3,33.97826,-118.51433,5,1.9,1.26287
99077,Joseph Vincent,3,16,12,2024,3,33.89378,-118.61691,2,5.6,3.76035
61840,Michael Sanders,3,16,12,2024,3,33.99938,-118.51433,5,0.8,0.5281
21710,Jennifer Osborne,3,16,12,2024,3,33.99938,-118.37755667,6,1.7,1.12229
23058,Keith Jones,3,16,12,2024,3,33.9149,-118.46304,3,0.9,0.59198
68021,Regina Sampson,3,16,12,2024,3,33.93602,-118.34336333,6,13.1,8.75835
77460,Kirsten Powell,3,16,12,2024,3,33.99938,-118.53142667,5,0.7,0.46764
35782,Sherri Russell,3,16,12,2024,3,34.06274,-118.25788,10,2.1,1.43247
59937,Mary Rivera,3,16,12,2024,3,33.99938,-118.18949333,8,14.9,9.95159
59613,Laura Ford,3,16,12,2024,3,33.89378,-118.51433,3,1.4,0.95693
70990,Aaron Brown,3,16,12,2024,3,34.21058,-118.29207333,11,43.3,28.86901
26137,Lynn Chaney,3,16,12,2024,3,34.1261,-118.29207333,10,13.8,9.19761
47076,Caroline Thompson,3,16,12,2024,3,33.97826,-118.1553,8,13.5,8.9686
38366,Mark Howard,3,16,12,2024,3,33.78818,-118.30917,4,14.0,9.30551
39531,Anna Brewer,3,16,12,2024,3,33.87266,-118.56562,2,0.3,0.17304
58484,Mrs. Pamela Smith DDS,3,16,12,2024,3,33.93602,-118.53142667,5,2.3,1.53687
98258,Brian Strickland,3,16,12,2024,3,33.93602,-118.22368667,8,1.3,0.86596
89090,Margaret Shields,3,16,12,2024,3,33.89378,-118.22368667,8,3.3,2.16829
92502,Thomas Owens,3,16,12,2024,3,33.89378,-118.56562,2,1.8,1.20705
82638,Donna Davis,3,16,12,2024,3,33.93602,-118.37755667,6,6.0,4.02112
82348,Jose Fisher,3,16,12,2024,3,34.0205,-118.51433,5,4.2,2.79152
84321,Michael Mullen,3,16,12,2024,3,33.89378,-118.65110333,2,4.9,3.29919
67223,Andrea Mcbride,3,16,12,2024,3,34.1261,-118.30917,10,2.9,1.92815
32802,Christopher Dunlap,3,16,12,2024,3,33.83042,-118.39465333,3,4.9,3.26149
60091,Michael Mcclure,3,16,12,2024,3,33.76706,-118.61691,2,3.2,2.11357
82880,Penny Lewis,3,16,12,2024,3,34.08386,-118.32626667,10,2.4,1.60931
64901,James Johnson,3,16,12,2024,3,33.78818,-118.56562,2,1.6,1.04428
27012,Grant Harris,3,16,12,2024,3,33.83042,-118.51433,3,3.3,2.19399
65180,Katie Grimes,3,16,12,2024,3,33.93602,-118.34336333,6,14.1,9.41217
70560,Kayla Hatfield,3,16,12,2024,3,33.9149,-118.17239667,8,3.8,2.5539
53422,Jessica Harmon,3,16,12,2024,3,33.72482,-118.42884667,1,2.8,1.85128
13948,Susan Mcdaniel,3,16,12,2024,3,34.0205,-118.56562,5,2.9,1.93342
32691,Vanessa Turner MD,3,16,12,2024,3,33.83042,-118.53142667,3,3.8,2.5293
13337,Amanda Phillips,3,16,12,2024,3,33.99938,-118.53142667,5,4.9,3.27039
76413,Michael Weber MD,3,16,12,2024,3,34.08386,-118.30917,10,2.3,1.53484
60347,Cody Nolan,3,16,12,2024,3,34.10498,-118.30917,10,0.9,0.62432
22132,Alicia Harris,3,16,12,2024,3,34.04162,-118.34336333,10,0.7,0.44209
76856,Brian Morris,3,16,12,2024,3,34.04162,-118.42884667,9,2.0,1.32892
17439,Bruce Garcia,3,16,12,2024,3,34.31618,-118.29207333,11,62.0,41.30596
59534,Chad Peterson,3,16,12,2024,3,33.99938,-118.36046,6,0.8,0.54959
67104,Stephanie King,3,16,12,2024,3,33.7037,-118.49723333,1,2.7,1.77804
94809,Donald Williams,3,16,12,2024,3,33.78818,-118.29207333,4,14.2,9.47089
55650,Alexandra James,3,16,12,2024,3,33.9149,-118.56562,2,2.0,1.3118
20537,Jordan Flores,3,16,12,2024,3,33.9149,-118.53142667,3,0.9,0.57354
48201,Steven Mora,3,16,12,2024,3,33.95714,-118.17239667,8,23.8,15.89846
44221,Robert Mccarty,3,16,12,2024,3,33.72482,-118.48013667,1,2.6,1.75064
82680,Kimberly Wagner,3,16,12,2024,3,33.9149,-118.51433,3,1.6,1.09188
14613,Sara Miller,3,16,12,2024,3,34.0205,-118.48013667,5,9.1,6.06649
42513,Adrian Dennis,3,16,12,2024,3,33.99938,-118.20659,8,7.1,4.75667
41039,Amy Thomas,3,16,12,2024,3,33.74594,-118.54852333,1,5.3,3.56212
33142,Benjamin Morgan,3,16,12,2024,3,33.76706,-118.49723333,1,1.9,1.28094
13366,Sandra Yang,3,16,12,2024,3,33.97826,-118.1553,8,14.5,9.6397
24098,Susan Greene,3,16,12,2024,3,33.9149,-118.42884667,3,2.5,1.65692
37273,Beverly Chang,3,16,12,2024,3,34.06274,-118.32626667,10,5.0,3.35093
18782,Donna Mcknight,3,16,12,2024,3,34.31618,-118.30917,11,66.6,44.41903
19174,Shawn Morgan,3,16,12,2024,3,34.04162,-118.51433,9,12.2,8.12523
19391,Courtney Schmidt,3,16,12,2024,3,33.95714,-118.54852333,5,1.6,1.07907
42896,Patrick English,3,16,12,2024,3,33.99938,-118.24078333,7,7.6,5.09024
30728,Reginald Brown,3,16,12,2024,3,33.93602,-118.42884667,6,2.6,1.74242
33779,James Brown,3,16,12,2024,3,34.10498,-118.42884667,9,1.8,1.22628
45112,Elizabeth Calhoun,3,16,12,2024,3,33.87266,-118.58271667,2,1.2,0.81528
21657,Andrew Ingram,3,16,12,2024,3,33.8093,-118.42884667,1,0.6,0.42091
70860,Tiffany Ramos,3,16,12,2024,3,33.97826,-118.46304,6,1.4,0.903
18478,Angela Nguyen MD,3,16,12,2024,3,33.76706,-118.46304,1,1.7,1.1646
40453,Monica Barton,3,16,12,2024,3,34.04162,-118.39465333,9,0.7,0.46673
91184,Alex Marquez,3,16,12,2024,3,33.8093,-118.30917,4,13.7,9.1438
94003,Karen Boyd,3,16,12,2024,3,33.97826,-118.39465333,6,1.1,0.7249
64610,Jeffrey Patrick,3,16,12,2024,3,33.72482,-118.49723333,1,5.7,3.77576
22473,Stephanie Sloan,3,16,12,2024,3,34.14722,-118.30917,11,6.1,4.05015
10708,Darryl Hayes,3,16,12,2024,3,34.0205,-118.34336333,6,1.4,0.95444
99288,Michael Liu,3,16,12,2024,3,33.72482,-118.51433,1,3.4,2.29897
53800,Christopher Dominguez,3,16,12,2024,3,33.78818,-118.46304,1,0.9,0.59242
47940,Michael Morales,3,16,12,2024,3,33.89378,-118.53142667,3,2.8,1.87072
73965,Steven Mccarthy,3,16,12,2024,3,33.85154,-118.36046,4,3.1,2.0945
44689,Stephanie Yu,3,16,12,2024,3,33.95714,-118.36046,6,6.5,4.35084
93780,Robert Horne,3,16,12,2024,3,33.95714,-118.56562,5,1.0,0.65073
59831,Daniel Marsh,3,16,12,2024,3,34.14722,-118.27497667,11,36.3,24.16759
52677,Paul Ortiz,3,16,12,2024,3,33.9149,-118.39465333,3,3.5,2.36008
58082,Angel Caldwell PhD,3,16,12,2024,3,33.9149,-118.18949333,8,0.8,0.50699
48248,Anna Brewer,3,16,12,2024,3,33.87266,-118.6682,2,2.0,1.34716
35079,Melissa Jones,3,16,12,2024,3,33.8093,-118.56562,2,0.7,0.46658
61095,Bryan Simmons DDS,3,16,12,2024,3,33.85154,-118.42884667,3,2.2,1.49623
99657,John Jackson,3,16,12,2024,3,33.83042,-118.37755667,4,3.5,2.35095
10432,Kristina Jackson,3,16,12,2024,3,34.29506,-118.24078333,11,56.4,37.61153
58536,Nicholas Norton,3,16,12,2024,3,33.8093,-118.29207333,4,14.4,9.62715
99506,Lawrence Anderson,3,16,12,2024,3,33.76706,-118.27497667,4,14.6,9.74936
12078,Eugene Bond,3,16,12,2024,3,33.9149,-118.58271667,2,2.3,1.54717
70519,Deborah Rodgers DVM,3,16,12,2024,3,33.87266,-118.39465333,3,2.3,1.56012
13578,Amanda Tanner,3,16,12,2024,3,33.89378,-118.29207333,4,2.8,1.84998
83370,Eric Johnson,3,16,12,2024,3,34.08386,-118.30917,10,2.0,1.36014
55126,Jeffrey King,3,16,12,2024,3,33.87266,-118.51433,3,0.5,0.31986
61256,Shawn Brown,3,16,12,2024,3,33.95714,-118.32626667,6,5.3,3.56312
96800,Nicholas Crosby,3,16,12,2024,3,34.06274,-118.32626667,10,2.2,1.49045
96536,Nicholas Lopez,3,16,12,2024,3,33.99938,-118.56562,5,4.3,2.89203
44688,Austin Garcia,3,16,12,2024,3,33.76706,-118.44594333,1,0.5,0.30048
46621,Dawn Nelson,3,16,12,2024,3,34.14722,-118.29207333,11,38.5,25.63715
14382,Joan Jones,3,16,12,2024,3,33.95714,-118.54852333,5,2.0,1.32803
94447,Brian Ross,3,16,12,2024,3,34.14722,-118.25788,11,29.2,19.48957
15725,Christopher Rivera,3,16,12,2024,3,33.9149,-118.51433,3,1.7,1.15809
40243,Jonathan James,3,16,12,2024,3,34.04162,-118.46304,9,1.9,1.29312
52169,Wesley Rogers,3,16,12,2024,3,33.78818,-118.58271667,2,2.5,1.65701
30594,Natalie Lopez,3,16,12,2024,3,33.8093,-118.53142667,1,1.1,0.75849
61246,Katelyn Wells,3,16,12,2024,3,34.06274,-118.51433,9,8.6,5.74541
44945,Michael Ward,3,16,12,2024,3,33.87266,-118.39465333,3,9.1,6.04263
67116,Diana Long,3,16,12,2024,3,33.74594,-118.48013667,1,1.4,0.91583
31026,Jared Jordan,3,16,12,2024,3,33.76706,-118.63400667,2,5.1,3.37634
36874,Elizabeth Fuller,3,16,12,2024,3,33.93602,-118.41175,6,0.2,0.12977
54600,Lance Gonzalez,3,16,12,2024,3,33.8093,-118.54852333,1,1.7,1.15067
39846,Brian Phillips,3,16,12,2024,3,33.9149,-118.36046,4,1.7,1.16182
85423,Nicholas Rivera,3,16,12,2024,3,33.7037,-118.48013667,1,1.2,0.81847
25758,Maurice Martin,3,16,12,2024,3,34.2317,-118.22368667,11,47.7,31.77094
93454,Christopher Scott,3,16,12,2024,3,33.9149,-118.17239667,8,36.3,24.20656
79908,Tammy Ramirez,3,16,12,2024,3,33.89378,-118.18949333,8,0.4,0.254
53220,Erin Wright,3,16,12,2024,3,33.78818,-118.29207333,4,14.6,9.76665
18420,Cody Hancock,3,16,12,2024,3,34.0205,-118.41175,6,2.1,1.42329
41767,Karen Peck,3,16,12,2024,3,33.9149,-118.56562,2,1.6,1.06641
21023,Caitlin Anderson,3,16,12,2024,3,33.85154,-118.56562,2,1.8,1.18461
33237,Bethany Davis,3,16,12,2024,3,33.78818,-118.37755667,4,12.1,8.06363
15085,Chelsea Alvarez,3,16,12,2024,3,33.85154,-118.6682,2,4.5,2.99373
25490,Jessica Rogers,3,16,12,2024,3,33.85154,-118.65110333,2,9.8,6.51012
28880,Annette Lara,3,16,12,2024,3,34.29506,-118.27497667,11,55.4,36.91986
63857,Erik Yu,3,16,12,2024,3,33.85154,-118.53142667,3,3.8,2.53426
18555,James Watts,3,16,12,2024,3,34.06274,-118.27497667,10,7.8,5.19473
19660,David Austin,3,16,12,2024,3,33.95714,-118.58271667,5,4.3,2.88035
39862,David Jackson,3,16,12,2024,3,33.93602,-118.46304,6,1.7,1.15901
33571,Karen Pena,3,16,12,2024,3,33.97826,-118.37755667,6,3.1,2.05898
90593,Dr. Michaela Ruiz,3,16,12,2024,3,34.1261,-118.46304,9,2.4,1.60419
19896,William Adams,3,16,12,2024,3,33.85154,-118.34336333,4,5.2,3.49337
84958,Mark Flores,3,16,12,2024,3,34.0205,-118.37755667,6,0.8,0.52786
32155,Cesar Carroll,3,16,12,2024,3,34.25282,-118.24078333,11,42.0,27.97148
41547,Jamie Russell,3,16,12,2024,3,33.87266,-118.44594333,3,0.7,0.48621
50956,Courtney Hart,3,16,12,2024,3,33.76706,-118.48013667,1,0.8,0.55593
73921,Chad Hawkins,3,16,12,2024,3,33.9149,-118.48013667,3,2.7,1.8096
16555,James Lozano,3,16,12,2024,3,33.89378,-118.54852333,2,1.5,0.98405
39235,John Walker,3,16,12,2024,3,33.87266,-118.53142667,3,2.4,1.62732
82459,Michael Glass,3,16,12,2024,3,34.0205,-118.27497667,7,7.5,5.02797
41987,Zachary Garcia,3,16,12,2024,3,33.76706,-118.42884667,1,6.0,4.01763
82027,Alexander Whitney,3,16,12,2024,3,33.93602,-118.30917,7,8.3,5.55005
52988,Heather Heath,3,16,12,2024,3,34.18946,-118.29207333,11,44.1,29.42238
62913,Bradley Wright,3,16,12,2024,3,33.85154,-118.48013667,3,4.2,2.83254
72228,David Roberts,3,16,12,2024,3,33.76706,-118.53142667,1,1.0,0.64644
69941,Terry Miller Jr.,3,16,12,2024,3,33.89378,-118.44594333,3,1.9,1.23706
46659,Michael Ruiz,3,16,12,2024,3,33.9149,-118.20659,8,0.8,0.56041
23170,Christopher Davis,3,16,12,2024,3,33.87266,-118.53142667,3,2.8,1.86193
27094,Daniel Brown,3,16,12,2024,3,34.0205,-118.18949333,8,12.9,8.58895
25547,Gabriel Jones,3,16,12,2024,3,33.89378,-118.30917,4,1.0,0.64097
75072,Emily Smith,3,16,12,2024,3,33.83042,-118.46304,3,0.6,0.40733
80508,Steven Winters,3,16,12,2024,3,34.1261,-118.48013667,9,11.6,7.75616
71070,Sherry Stewart,3,16,12,2024,3,33.83042,-118.42884667,3,1.2,0.80749
38901,April Jimenez,3,16,12,2024,3,34.16834,-118.30917,11,8.3,5.5205
71107,Peter Bell,3,16,12,2024,3,33.95714,-118.39465333,6,0.5,0.35832
51697,Matthew Hughes,3,16,12,2024,3,33.76706,-118.54852333,1,3.1,2.09704
33230,Margaret Burns,3,16,12,2024,3,34.06274,-118.42884667,9,1.6,1.06316
44458,Melanie Evans,3,16,12,2024,3,34.08386,-118.25788,10,15.0,9.96938
65983,Catherine Soto,3,16,12,2024,3,33.78818,-118.59981333,2,0.2,0.14727
10674,Karen Kennedy,3,16,12,2024,3,33.9149,-118.29207333,4,6.7,4.45686
33255,Timothy Johnson DDS,3,16,12,2024,3,34.0205,-118.36046,6,1.3,0.88033
82358,Laura Chavez,3,16,12,2024,3,33.87266,-118.59981333,2,6.4,4.2827
17040,William Martinez,3,16,12,2024,3,33.8093,-118.30917,4,14.0,9.32988
25321,Cindy Fletcher,3,16,12,2024,3,34.2317,-118.24078333,11,48.9,32.61267
21524,Natalie Davis,3,16,12,2024,3,33.83042,-118.6682,2,4.0,2.69521
51961,Sarah Payne,3,16,12,2024,3,33.85154,-118.49723333,3,5.0,3.30039
59733,Mrs. Amy Horton,3,16,12,2024,3,33.93602,-118.22368667,8,1.1,0.72732
60783,Jennifer Chambers,3,16,12,2024,3,33.97826,-118.22368667,8,11.6,7.7543
71712,Mr. Larry Wright Jr.,3,16,12,2024,3,33.99938,-118.44594333,6,0.6,0.38413
19946,Brenda Oliver,3,16,12,2024,3,33.83042,-118.34336333,4,2.7,1.76818
25535,Michelle Melendez,3,16,12,2024,3,33.95714,-118.24078333,7,1.5,0.99447
90276,Jessica Gonzalez,3,16,12,2024,3,34.06274,-118.29207333,10,6.2,4.1145
80880,Erin Ellis,3,16,12,2024,3,34.0205,-118.39465333,6,1.6,1.04629
28450,Tonya Garcia,3,16,12,2024,3,34.04162,-118.36046,10,1.3,0.85071
74516,Kelly Vincent,3,16,12,2024,3,33.9149,-118.25788,4,3.1,2.08061
43763,Donald Reese,3,16,12,2024,3,34.0205,-118.25788,7,9.3,6.21011
16272,Devin Harrington,3,16,12,2024,3,33.87266,-118.63400667,2,5.7,3.81293
68339,Kenneth Hill,3,16,12,2024,3,33.8093,-118.48013667,1,3.6,2.42767
91451,Sheila Ford,3,16,12,2024,3,33.74594,-118.41175,1,13.0,8.64621
90355,Larry Hernandez,3,16,12,2024,3,33.97826,-118.29207333,7,2.7,1.80536
52486,Brian Lin,3,16,12,2024,3,34.0205,-118.46304,6,2.3,1.53759
26716,Nancy Berger,3,16,12,2024,3,33.99938,-118.22368667,8,8.5,5.66548
29302,Laura Crane,3,16,12,2024,3,33.8093,-118.34336333,4,13.4,8.92998
66517,Matthew Walker,3,16,12,2024,3,34.14722,-118.30917,11,6.7,4.49434
47142,Austin Kaufman,3,16,12,2024,3,33.99938,-118.46304,6,1.5,0.97002
74404,Michael Evans,3,16,12,2024,3,34.08386,-118.42884667,9,3.3,2.17682
17034,Jason Campbell,3,16,12,2024,3,33.93602,-118.56562,5,2.5,1.67536
61061,Robert Reese,3,16,12,2024,3,33.93602,-118.36046,6,5.8,3.87647
55331,Eric Price,3,16,12,2024,3,33.78818,-118.25788,4,12.1,8.06844
77692,Jeffrey Stevens,3,16,12,2024,3,33.97826,-118.18949333,8,13.9,9.2909
38773,Emily Grimes,3,16,12,2024,3,34.10498,-118.39465333,9,3.2,2.12628
44102,Krystal Sellers,3,16,12,2024,3,33.93602,-118.44594333,6,2.9,1.92799
32426,Amanda Alexander,3,16,12,2024,3,34.08386,-118.39465333,9,0.9,0.60457
64185,Sara Vega,3,16,12,2024,3,34.10498,-118.46304,9,1.2,0.83232
87128,Lisa Morales,3,16,12,2024,3,34.04162,-118.30917,10,9.4,6.24977
77904,Jean Haley,3,16,12,2024,3,33.87266,-118.36046,4,3.1,2.07945
15755,Andrew Mason,3,16,12,2024,3,33.76706,-118.30917,4,14.6,9.71558
53757,Mary Castro,3,16,12,2024,3,33.89378,-118.32626667,4,3.0,2.00717
33605,Angel Massey,3,16,12,2024,3,33.8093,-118.53142667,1,0.7,0.44749
72556,Latoya Gutierrez,3,16,12,2024,3,33.74594,-118.59981333,2,1.6,1.08757
28650,Michael Phelps,3,16,12,2024,3,33.74594,-118.51433,1,0.4,0.27065
57553,Jill Bullock,3,16,12,2024,3,34.04162,-118.24078333,10,9.3,6.20462
48687,Jennifer Alvarado,3,16,12,2024,3,33.8093,-118.25788,4,14.1,9.41064
19419,Mr. Derek Shaw,3,16,12,2024,3,33.85154,-118.48013667,3,1.7,1.14468
20895,Jasmine Salazar,3,16,12,2024,3,34.06274,-118.27497667,10,4.1,2.72923
19384,Ms. Erin Shannon DDS,3,16,12,2024,3,33.85154,-118.37755667,4,5.5,3.68824
33729,Dr. Mary Thomas DDS,3,16,12,2024,3,34.08386,-118.37755667,9,6.4,4.27106
41469,Natasha Schaefer,3,16,12,2024,3,34.06274,-118.30917,10,9.4,6.29621
58370,Daniel Spencer,3,16,12,2024,3,33.95714,-118.24078333,7,2.0,1.31323
91473,Zachary Kim,3,16,12,2024,3,33.9149,-118.44594333,3,0.9,0.63157
42786,Michael Campbell,3,16,12,2024,3,33.78818,-118.51433,1,3.5,2.33916
17659,Lisa Allen,3,16,12,2024,3,33.97826,-118.44594333,6,1.2,0.8173
29861,Joshua Sawyer,3,16,12,2024,3,33.78818,-118.44594333,1,0.8,0.55746
99196,Lisa Eaton,3,16,12,2024,3,33.9149,-118.34336333,4,5.1,3.4171
10806,Matthew Long,3,16,12,2024,3,33.76706,-118.58271667,2,0.7,0.47872
64132,Tina Perez,3,16,12,2024,3,33.74594,-118.48013667,1,0.2,0.15872
84025,Alan Peterson,3,16,12,2024,3,33.95714,-118.34336333,6,2.6,1.71227
40519,Kathryn Gardner,3,16,12,2024,3,34.04162,-118.41175,9,3.0,1.98366
72821,Kathleen Gutierrez,3,16,12,2024,3,33.85154,-118.6682,2,10.1,6.71582
66557,Nancy Howell,3,16,12,2024,3,33.83042,-118.56562,2,1.7,1.12092
78514,Jesse Marks,3,16,12,2024,3,33.89378,-118.51433,3,1.2,0.81917
61733,Joseph Shaffer,3,16,12,2024,3,33.72482,-118.49723333,1,7.6,5.06864
18435,Teresa Schwartz MD,3,16,12,2024,3,33.89378,-118.32626667,4,3.4,2.27925
22181,Christopher Lawrence,3,16,12,2024,3,33.95714,-118.27497667,7,1.7,1.12918
50687,Lisa Hines,3,16,12,2024,3,33.83042,-118.58271667,2,1.0,0.66944
37065,Tracy Gates,3,16,12,2024,3,33.8093,-118.56562,2,1.7,1.13525
36453,Austin Johnson,3,16,12,2024,3,34.06274,-118.25788,10,14.3,9.52329
69199,Michael Watson,3,16,12,2024,3,34.10498,-118.27497667,10,8.2,5.45231
12742,Deborah Gibson,3,16,12,2024,3,33.85154,-118.44594333,3,1.2,0.7873
48285,Kevin Thomas,3,16,12,2024,3,34.25282,-118.27497667,11,46.8,31.20562
53095,Sarah Robinson,3,16,12,2024,3,33.85154,-118.41175,3,2.6,1.75226
43189,Kristin Arnold,3,16,12,2024,3,33.7037,-118.41175,1,12.3,8.17512
37848,Brandy Montoya,3,16,12,2024,3,33.72482,-118.44594333,1,1.0,0.6455
17730,Kyle Turner,3,16,12,2024,3,33.78818,-118.48013667,1,1.1,0.71662
98941,Anna Choi,3,16,12,2024,3,34.25282,-118.25788,11,53.5,35.63387
61232,Whitney Martinez,3,16,12,2024,3,33.83042,-118.56562,2,2.0,1.31709
39543,Daniel Carrillo,3,16,12,2024,3,33.97826,-118.37755667,6,3.1,2.07677
81389,Nicholas Banks,3,16,12,2024,3,34.0205,-118.44594333,6,3.5,2.34482
89408,Linda Cohen,3,16,12,2024,3,33.97826,-118.24078333,7,12.6,8.39279
99708,Brandi Cross,3,16,12,2024,3,33.8093,-118.37755667,4,4.2,2.78174
78897,James Cooke,3,16,12,2024,3,34.08386,-118.22368667,10,14.6,9.76202
85215,Edward Jenkins,3,16,12,2024,3,33.93602,-118.48013667,5,0.9,0.63301
37931,James Cooper,3,16,12,2024,3,34.04162,-118.49723333,9,11.0,7.31298
71055,Scott Cisneros,3,16,12,2024,3,34.04162,-118.29207333,10,7.3,4.8842
16306,Brandon Jenkins,3,16,12,2024,3,34.2317,-118.27497667,11,47.0,31.30472
10953,Joy Rowe,3,16,12,2024,3,33.95714,-118.46304,6,1.7,1.1199
22449,Paula Sawyer,3,16,12,2024,3,33.89378,-118.56562,2,1.9,1.29763
81992,Erin Lee,3,16,12,2024,3,33.87266,-118.65110333,2,9.2,6.16277
28938,Andrew Sanchez,3,16,12,2024,3,33.83042,-118.32626667,4,11.6,7.73483
58561,Ricardo Fernandez PhD,3,16,12,2024,3,33.99938,-118.49723333,5,1.6,1.0763
98061,Dana Lewis,3,16,12,2024,3,33.95714,-118.46304,6,1.3,0.83708
47067,Erica Bates,3,16,12,2024,3,33.83042,-118.44594333,3,1.4,0.96238
43297,Jessica Wood,3,16,12,2024,3,34.06274,-118.29207333,10,3.0,2.01249
10307,Diana Warner,3,16,12,2024,3,33.9149,-118.18949333,8,0.9,0.56879
50315,Luis Campbell,3,16,12,2024,3,33.72482,-118.42884667,1,3.9,2.58969
29365,Robert Jensen,3,16,12,2024,3,34.06274,-118.49723333,9,12.0,8.02445
20891,Nicholas Foster,3,16,12,2024,3,33.85154,-118.58271667,2,0.5,0.31549
84699,Darlene Hickman,3,16,12,2024,3,34.04162,-118.48013667,9,11.8,7.8756
39083,Brad James DDS,3,16,12,2024,3,34.14722,-118.29207333,11,46.3,30.88197
50116,Ethan Nichols,3,16,12,2024,3,33.99938,-118.30917,7,1.1,0.70505
12398,Jose Bryant,3,16,12,2024,3,34.25282,-118.22368667,11,46.5,30.99303
28432,Mario Crosby,3,16,12,2024,3,33.78818,-118.41175,1,4.0,2.68869
11543,Joseph Martin,3,16,12,2024,3,33.76706,-118.51433,1,2.6,1.75778
70366,Amy Knight,3,16,12,2024,3,33.89378,-118.41175,3,4.2,2.81377
54466,Greg Rivera,3,16,12,2024,3,33.97826,-118.34336333,6,4.0,2.65995
37214,Christine Hansen,3,16,12,2024,3,34.0205,-118.56562,5,5.8,3.86163
41091,Mark Harrison,3,16,12,2024,3,33.8093,-118.58271667,2,0.2,0.10402
44885,Kelli Jefferson,3,16,12,2024,3,33.74594,-118.44594333,1,1.3,0.86752
52598,Eric Banks,3,16,12,2024,3,33.99938,-118.56562,5,2.7,1.82584
41468,Nicole Robinson,3,16,12,2024,3,33.76706,-118.39465333,1,13.8,9.20862
76313,Matthew Evans,3,16,12,2024,3,34.0205,-118.24078333,7,5.6,3.72925
31563,Mariah Johnson,3,16,12,2024,3,33.83042,-118.42884667,3,1.2,0.79212
22758,George Joyce,3,16,12,2024,3,33.8093,-118.27497667,4,11.4,7.61975
76506,Lisa Parrish,3,16,12,2024,3,33.76706,-118.51433,1,1.1,0.71893
88107,Phillip Jones,3,16,12,2024,3,34.16834,-118.27497667,11,36.5,24.30433
99818,Allison Day,3,16,12,2024,3,34.18946,-118.27497667,11,37.6,25.08143
89415,Haley Hall,3,16,12,2024,3,33.78818,-118.36046,4,10.0,6.67036
28451,Joy Hansen,3,16,12,2024,3,34.0205,-118.46304,6,1.1,0.71397
72216,Paula Wilson,3,16,12,2024,3,34.0205,-118.54852333,5,8.9,5.95071
52837,Evelyn Wilson,3,16,12,2024,3,34.04162,-118.30917,10,9.1,6.07336
10006,Terry Smith,3,16,12,2024,3,33.89378,-118.20659,8,1.4,0.95543
48156,Robert Gray,3,16,12,2024,3,34.10498,-118.24078333,10,13.3,8.88329
58855,Michael Lin,3,16,12,2024,3,34.04162,-118.48013667,9,8.4,5.56677
55896,Eileen Watson,3,16,12,2024,3,33.83042,-118.34336333,4,3.1,2.04169
85570,Emily Austin,3,16,12,2024,3,33.95714,-118.34336333,6,6.1,4.07582
53732,Cynthia Boyd,3,16,12,2024,3,33.85154,-118.39465333,3,1.9,1.24817
25360,Kenneth Coleman,3,16,12,2024,3,33.8093,-118.49723333,1,6.2,4.12039
14514,Stephanie Johnson,3,16,12,2024,3,33.78818,-118.58271667,2,1.2,0.82289
77152,Kristen Anderson,3,16,12,2024,3,33.87266,-118.44594333,3,0.9,0.61907
48388,Sharon Spencer,3,16,12,2024,3,33.9149,-118.29207333,4,4.5,3.00996
95447,Andrew Garza,3,16,12,2024,3,34.0205,-118.48013667,5,0.5,0.35524
79755,Jamie Adkins,3,16,12,2024,3,34.14722,-118.30917,11,6.7,4.47635
24681,Kathryn Clark,3,16,12,2024,3,33.97826,-118.42884667,6,0.7,0.43955
89748,Keith Schwartz,3,16,12,2024,3,34.0205,-118.32626667,6,5.0,3.30735
43161,David Murphy,3,16,12,2024,3,33.87266,-118.65110333,2,8.4,5.60166
27522,Rebecca Mckee,3,16,12,2024,3,34.1261,-118.30917,10,1.6,1.04464
81338,Amanda Williams,3,16,12,2024,3,34.10498,-118.37755667,9,4.0,2.65072
76773,Tamara Oliver,3,16,12,2024,3,34.3373,-118.24078333,11,60.1,40.07772
10161,Jessica Steele,3,16,12,2024,3,33.85154,-118.41175,3,1.1,0.71001
27003,Anthony Jones,3,16,12,2024,3,33.72482,-118.48013667,1,1.0,0.64224
75460,Brandon Price,3,16,12,2024,3,34.06274,-118.25788,10,9.7,6.47865
24718,Timothy Proctor,3,16,12,2024,3,34.08386,-118.32626667,10,0.9,0.60536
69045,Danielle Reynolds,3,16,12,2024,3,33.95714,-118.56562,5,2.3,1.54705
75916,Maria Moran,3,16,12,2024,3,33.87266,-118.49723333,3,1.6,1.03565
19032,Christopher Davis,3,16,12,2024,3,33.89378,-118.63400667,2,1.9,1.29862
79343,David Taylor,3,16,12,2024,3,34.1261,-118.29207333,10,13.7,9.14874
30935,Terrance Washington,3,16,12,2024,3,34.10498,-118.44594333,9,2.0,1.321
63987,Charles Conner,3,16,12,2024,3,33.78818,-118.27497667,4,14.0,9.30443
67081,Melissa Lozano,3,16,12,2024,3,33.7037,-118.46304,1,0.9,0.60662
12510,William Johnson,3,16,12,2024,3,33.97826,-118.17239667,8,14.0,9.32895
49972,Katherine Rodriguez,3,16,12,2024,3,34.10498,-118.37755667,9,1.6,1.09595
91106,Cassandra Fry,3,16,12,2024,3,33.89378,-118.37755667,4,3.8,2.53008
25300,James Morris,3,16,12,2024,3,33.95714,-118.25788,7,0.6,0.41821
68798,Juan Schmidt,3,16,12,2024,3,33.9149,-118.58271667,2,8.2,5.47039
26379,Kathy Berg,3,16,12,2024,3,34.2317,-118.25788,11,38.9,25.94691
91916,James Jensen,3,16,12,2024,3,33.74594,-118.49723333,1,4.1,2.71209
55818,Edward Hale,3,16,12,2024,3,33.89378,-118.59981333,2,7.2,4.79324
98487,Mary Baker,3,16,12,2024,3,33.72482,-118.41175,1,14.2,9.44585
46478,Michael Everett,3,16,12,2024,3,33.87266,-118.29207333,4,1.4,0.93106
75245,Robert Davis,3,16,12,2024,3,34.0205,-118.53142667,5,1.5,0.99021
51131,Shelly Larson,3,16,12,2024,3,33.85154,-118.48013667,3,1.5,0.98931
35738,Patricia Smith,3,16,12,2024,3,34.0205,-118.25788,7,3.7,2.44851
94139,Eugene Anderson,3,16,12,2024,3,33.93602,-118.58271667,5,7.0,4.69077
56077,Matthew Taylor,3,16,12,2024,3,34.27394,-118.25788,11,56.4,37.59666
58656,Bobby Rowe,3,16,12,2024,3,34.08386,-118.41175,9,1.1,0.74123
74891,Joshua Sawyer,3,16,12,2024,3,33.83042,-118.54852333,2,1.1,0.73061
16444,Ashley Sloan,3,16,12,2024,3,34.08386,-118.24078333,10,14.3,9.52706
90748,Shelby Jimenez,3,16,12,2024,3,34.1261,-118.29207333,10,13.4,8.93376
58540,Randall Stevens,3,16,12,2024,3,33.93602,-118.17239667,8,25.5,16.99081
59805,Mr. Tyler Snyder DDS,3,16,12,2024,3,34.10498,-118.22368667,10,13.3,8.8842
87979,Maurice Johnson,3,16,12,2024,3,34.10498,-118.39465333,9,0.7,0.47998
93216,Michael Johnson,3,16,12,2024,3,33.93602,-118.53142667,5,2.3,1.50935
31342,Alicia Tran,3,16,12,2024,3,33.78818,-118.44594333,1,1.1,0.76353
83607,Emily Hogan,3,16,12,2024,3,34.10498,-118.30917,10,1.0,0.69241
76214,Keith Lewis,3,16,12,2024,3,33.8093,-118.36046,4,13.7,9.15313
58314,Kevin Nichols,3,16,12,2024,3,34.2317,-118.29207333,11,37.5,25.0113
31758,Kevin Stone,3,16,12,2024,3,33.85154,-118.63400667,2,1.3,0.88746
89080,Allison Barnett,3,16,12,2024,3,33.87266,-118.44594333,3,1.3,0.84019
11415,Derek Blair,3,16,12,2024,3,34.08386,-118.42884667,9,5.5,3.68672
23950,Lindsey Castro,3,16,12,2024,3,33.95714,-118.37755667,6,0.5,0.34504
93830,Calvin Brown,3,16,12,2024,3,33.99938,-118.36046,6,1.2,0.77386
78812,Mary Everett,3,16,12,2024,3,33.87266,-118.41175,3,2.6,1.75282
34551,Candice Harrell,3,16,12,2024,3,33.93602,-118.36046,6,3.7,2.47268
65949,Alexander Wells,3,16,12,2024,3,33.95714,-118.53142667,5,4.4,2.93141
73846,Jesse Mcmahon,3,16,12,2024,3,33.93602,-118.41175,6,1.7,1.12988
80985,Dillon Perez,4,16,12,2024,0,33.97826,-118.1553,8,14.9,9.91097
48927,Ryan Larsen,4,16,12,2024,0,33.76706,-118.39465333,1,14.8,9.84112
45156,Jill Smith,4,16,12,2024,0,33.9149,-118.56562,2,10.3,6.85776
99411,Susan Cox,4,16,12,2024,0,33.93602,-118.42884667,6,1.4,0.90555
61618,Sara Barr,4,16,12,2024,0,33.76706,-118.63400667,2,11.7,7.81082
73471,Dennis Floyd,4,16,12,2024,0,33.83042,-118.42884667,3,1.8,1.21039
93718,Felicia Ritter,4,16,12,2024,0,34.04162,-118.46304,9,1.4,0.91159
51450,Melissa Solis,4,16,12,2024,0,34.06274,-118.41175,9,1.5,1.00608
93136,Sean Garcia,4,16,12,2024,0,33.9149,-118.25788,4,2.7,1.79522
94674,Andrew Mendoza,4,16,12,2024,0,33.72482,-118.41175,1,13.7,9.13383
96798,Denise Woods,4,16,12,2024,0,33.89378,-118.29207333,4,4.5,3.00362
37863,Scott Moses,4,16,12,2024,0,34.18946,-118.27497667,11,43.2,28.77049
71278,Jennifer Cummings,4,16,12,2024,0,33.99938,-118.41175,6,1.1,0.71589
82660,Jeffrey Shepherd,4,16,12,2024,0,33.87266,-118.37755667,4,1.9,1.26993
92843,Benjamin Mills,4,16,12,2024,0,33.89378,-118.36046,4,7.4,4.92877
79903,Sean Miller,4,16,12,2024,0,34.0205,-118.20659,8,13.7,9.11217
69292,Rachel Garcia,4,16,12,2024,0,34.0205,-118.30917,7,0.6,0.42148
97584,James White,4,16,12,2024,0,34.21058,-118.29207333,11,41.8,27.89564
62296,Jillian Holt,4,16,12,2024,0,34.04162,-118.30917,10,3.3,2.19687
27955,Gail Sparks,4,16,12,2024,0,33.93602,-118.56562,5,2.4,1.62113
42709,Christine Johnson,4,16,12,2024,0,33.76706,-118.59981333,2,2.9,1.95828
85133,Amy Davis,4,16,12,2024,0,33.93602,-118.58271667,5,3.0,1.99726
76595,Kirsten Burnett,4,16,12,2024,0,34.06274,-118.44594333,9,3.1,2.0589
10640,Aaron Young,4,16,12,2024,0,34.10498,-118.44594333,9,5.5,3.64385
68416,Tony Mason,4,16,12,2024,0,33.97826,-118.51433,5,1.5,0.9733
98848,Jacob Harrell,4,16,12,2024,0,33.93602,-118.51433,5,0.7,0.44669
22711,Laura Bradley,4,16,12,2024,0,33.76706,-118.53142667,1,5.4,3.60484
93150,Elizabeth Horton,4,16,12,2024,0,34.18946,-118.29207333,11,32.8,21.83812
89068,Randy Jenkins,4,16,12,2024,0,33.97826,-118.34336333,6,0.7,0.46314
26343,Bonnie Gentry,4,16,12,2024,0,34.06274,-118.29207333,10,2.1,1.42102
64176,Kimberly Kennedy,4,16,12,2024,0,33.76706,-118.61691,2,2.2,1.49006
65494,Nicole Salazar,4,16,12,2024,0,33.95714,-118.36046,6,1.8,1.18638
18745,Jason Barnett,4,16,12,2024,0,33.83042,-118.37755667,4,4.2,2.79136
98663,Marco Brown,4,16,12,2024,0,33.95714,-118.39465333,6,1.4,0.94103
92781,Lisa Ayala,4,16,12,2024,0,33.9149,-118.56562,2,7.0,4.65096
51841,Donald Hernandez,4,16,12,2024,0,34.04162,-118.48013667,9,1.4,0.94329
26350,Jesus Williams,4,16,12,2024,0,33.97826,-118.17239667,8,11.4,7.60262
68783,George Lambert,4,16,12,2024,0,34.16834,-118.27497667,11,45.1,30.05124
12747,Justin Rodriguez,4,16,12,2024,0,33.83042,-118.41175,3,1.0,0.68752
69830,Manuel Hernandez,4,16,12,2024,0,33.76706,-118.49723333,1,1.2,0.76977
81382,William Mills,4,16,12,2024,0,33.97826,-118.48013667,5,1.0,0.67648
23823,Richard Graham,4,16,12,2024,0,33.8093,-118.30917,4,3.2,2.14406
74053,John Luna,4,16,12,2024,0,33.78818,-118.51433,1,1.2,0.81578
35013,Shaun Hogan,4,16,12,2024,0,34.16834,-118.30917,11,7.7,5.1642
82100,Glenn Townsend,4,16,12,2024,0,34.18946,-118.30917,11,11.8,7.85561
26937,Lee Blake,4,16,12,2024,0,33.74594,-118.41175,1,15.0,9.97216
62710,Lauren Gallegos,4,16,12,2024,0,33.93602,-118.41175,6,1.1,0.71094
99389,Laura Ramirez,4,16,12,2024,0,33.89378,-118.44594333,3,2.0,1.36647
27179,Tracy Moss,4,16,12,2024,0,34.1261,-118.44594333,9,9.4,6.27954
55805,Michelle Murphy,4,16,12,2024,0,34.21058,-118.30917,11,13.4,8.90796
49665,Robert Oneal,4,16,12,2024,0,33.8093,-118.54852333,1,6.1,4.03746
46934,Shawn Castillo,4,16,12,2024,0,33.8093,-118.61691,2,3.3,2.23203
97336,Tracy Anderson,4,16,12,2024,0,33.76706,-118.58271667,2,1.9,1.24616
64104,Jacqueline Chapman,4,16,12,2024,0,33.93602,-118.46304,6,1.7,1.1336
10602,Larry Love,4,16,12,2024,0,33.89378,-118.63400667,2,2.0,1.34026
19573,Kelli Miller,4,16,12,2024,0,33.72482,-118.51433,1,2.7,1.79817
21498,Mary Rodriguez,4,16,12,2024,0,34.0205,-118.29207333,7,1.7,1.11404
64644,Thomas Williams,4,16,12,2024,0,33.85154,-118.37755667,4,0.9,0.59147
98092,Chelsey Hayes,4,16,12,2024,0,34.04162,-118.22368667,10,1.5,1.01477
31879,Kimberly Brown,4,16,12,2024,0,33.8093,-118.29207333,4,11.5,7.69979
61965,Taylor Murphy,4,16,12,2024,0,33.89378,-118.53142667,3,3.5,2.30317
90909,Ashley Nelson,4,16,12,2024,0,33.95714,-118.54852333,5,6.2,4.10652
96053,Allen Davies,4,16,12,2024,0,34.06274,-118.39465333,9,1.7,1.10944
82752,Veronica Mcdaniel,4,16,12,2024,0,33.93602,-118.42884667,6,0.8,0.50638
57535,Tina Alexander,4,16,12,2024,0,33.95714,-118.29207333,7,1.2,0.79595
81145,Donald Edwards,4,16,12,2024,0,34.25282,-118.30917,11,49.8,33.17694
78396,Kyle Lopez,4,16,12,2024,0,33.83042,-118.59981333,2,3.2,2.11286
22884,Megan Carr,4,16,12,2024,0,34.0205,-118.41175,6,2.4,1.6089
36592,Nancy Lee,4,16,12,2024,0,33.72482,-118.48013667,1,2.2,1.4676
94379,Caitlin Davis,4,16,12,2024,0,33.95714,-118.1553,8,13.5,8.9701
68150,Tammy Robinson,4,16,12,2024,0,33.89378,-118.59981333,2,4.7,3.15663
71594,Shane Garrett,4,16,12,2024,0,33.9149,-118.42884667,3,0.8,0.52051
64328,Jordan Harrell,4,16,12,2024,0,34.08386,-118.37755667,9,0.8,0.54901
39708,Margaret Andrews,4,16,12,2024,0,33.99938,-118.20659,8,13.8,9.17808
33070,Cameron Davenport,4,16,12,2024,0,33.87266,-118.6682,2,7.8,5.20372
25827,James Higgins,4,16,12,2024,0,33.83042,-118.46304,3,1.1,0.70685
81844,Kimberly Johnson,4,16,12,2024,0,33.78818,-118.27497667,4,13.9,9.28123
17387,Wendy Rice,4,16,12,2024,0,34.08386,-118.32626667,10,1.5,1.02762
78492,Emily Lewis,4,16,12,2024,0,33.95714,-118.25788,7,5.1,3.36787
97712,Jason Trujillo,4,16,12,2024,0,33.97826,-118.34336333,6,1.3,0.88289
73713,Valerie Hurley,4,16,12,2024,0,34.29506,-118.25788,11,53.2,35.46198
87386,Olivia Martin,4,16,12,2024,0,34.06274,-118.32626667,10,5.6,3.72783
15660,Sandra Cook,4,16,12,2024,0,34.1261,-118.42884667,9,4.0,2.69666
95414,Kathleen Bryan,4,16,12,2024,0,33.93602,-118.39465333,6,0.2,0.13613
59680,Katie Ward,4,16,12,2024,0,33.8093,-118.51433,1,1.0,0.68821
70249,Alexis Smith,4,16,12,2024,0,34.31618,-118.30917,11,63.5,42.35143
79961,Michael Thompson,4,16,12,2024,0,34.0205,-118.34336333,6,2.1,1.39619
86463,Dawn Ramos,4,16,12,2024,0,33.8093,-118.65110333,2,6.7,4.47937
50318,Amanda Singh,4,16,12,2024,0,33.89378,-118.44594333,3,3.1,2.07256
27213,Gregory Hubbard,4,16,12,2024,0,34.06274,-118.39465333,9,2.2,1.45241
98665,Theresa Alvarez,4,16,12,2024,0,34.0205,-118.34336333,6,2.5,1.68478
92105,Thomas Moreno,4,16,12,2024,0,33.9149,-118.20659,8,1.0,0.65649
56223,Joseph Smith,4,16,12,2024,0,34.04162,-118.46304,9,0.5,0.35441
27066,Pamela Price,4,16,12,2024,0,34.29506,-118.24078333,11,56.3,37.50414
23042,John Pierce,4,16,12,2024,0,34.08386,-118.39465333,9,3.5,2.31396
38937,Sherry Jones,4,16,12,2024,0,33.78818,-118.25788,4,13.4,8.91175
21858,Susan Adams,4,16,12,2024,0,33.93602,-118.25788,7,3.2,2.11813
45985,George Howard,4,16,12,2024,0,34.31618,-118.27497667,11,64.4,42.96483
58492,Willie Schmitt,4,16,12,2024,0,34.2317,-118.24078333,11,34.7,23.13703
73062,Mrs. Rebecca Morton,4,16,12,2024,0,33.97826,-118.49723333,5,2.2,1.47402
22461,Michelle Williams,4,16,12,2024,0,33.95714,-118.17239667,8,24.2,16.13405
21850,Gregory Bryan,4,16,12,2024,0,34.06274,-118.39465333,9,2.6,1.73748
86063,Megan Thompson,4,16,12,2024,0,33.89378,-118.39465333,3,1.0,0.67499
86879,Sharon Cunningham,4,16,12,2024,0,33.76706,-118.42884667,1,2.3,1.50238
19599,Amanda Schultz,4,16,12,2024,0,33.93602,-118.44594333,6,0.7,0.49871
98566,Michael Wilson,4,16,12,2024,0,34.04162,-118.29207333,10,2.1,1.40838
79757,Angelica Nguyen,4,16,12,2024,0,34.06274,-118.30917,10,4.0,2.64115
49243,Roger Jones,4,16,12,2024,0,34.08386,-118.25788,10,2.6,1.74455
34156,Erin Williams,4,16,12,2024,0,33.97826,-118.32626667,6,4.0,2.69325
65777,Robert Ross,4,16,12,2024,0,34.04162,-118.51433,9,2.6,1.72637
76840,Sara Flores DDS,4,16,12,2024,0,33.78818,-118.54852333,1,2.7,1.77246
20794,Justin Vance,4,16,12,2024,0,33.74594,-118.41175,1,14.3,9.51919
41405,Amy Sanders DVM,4,16,12,2024,0,33.72482,-118.51433,1,0.3,0.18675
26891,Mario Sloan,4,16,12,2024,0,33.97826,-118.46304,6,1.1,0.74193
68955,Christopher Huerta,4,16,12,2024,0,34.25282,-118.22368667,11,51.5,34.3272
25851,Scott Davis,4,16,12,2024,0,33.99938,-118.42884667,6,0.3,0.16885
52122,Anita Khan,4,16,12,2024,0,33.78818,-118.36046,4,10.2,6.81397
48259,Willie Petersen,4,16,12,2024,0,33.85154,-118.41175,3,3.6,2.38275
48546,Mrs. Michele Jenkins,4,16,12,2024,0,33.78818,-118.44594333,1,2.7,1.7769
30482,Andrew Clark,4,16,12,2024,0,33.85154,-118.42884667,3,1.1,0.73136
83727,Christopher King,4,16,12,2024,0,33.97826,-118.32626667,6,0.8,0.54271
28975,James Rodriguez DDS,4,16,12,2024,0,34.14722,-118.29207333,11,39.6,26.41708
47064,Teresa Robinson,4,16,12,2024,0,34.1261,-118.48013667,9,12.3,8.23235
24203,Melinda Brown,4,16,12,2024,0,34.29506,-118.32626667,11,66.6,44.43012
16428,Jennifer Smith,4,16,12,2024,0,34.06274,-118.49723333,9,8.4,5.57759
75934,Eric Gibson,4,16,12,2024,0,33.97826,-118.53142667,5,6.6,4.40857
96244,Kevin Flowers,4,16,12,2024,0,33.74594,-118.46304,1,7.6,5.04986
10474,Sharon Foster MD,4,16,12,2024,0,34.1261,-118.29207333,10,12.0,7.97389
36321,Stephen Thomas,4,16,12,2024,0,33.99938,-118.36046,6,5.0,3.30752
99546,John Valencia,4,16,12,2024,0,33.74594,-118.44594333,1,7.0,4.66372
96705,Miguel Carrillo,4,16,12,2024,0,33.9149,-118.41175,3,1.5,0.97706
42478,Tiffany Davis,4,16,12,2024,0,33.97826,-118.54852333,5,1.5,0.97777
72358,Nicole Black,4,16,12,2024,0,33.87266,-118.6682,2,5.0,3.33775
11892,Dennis Thomas,4,16,12,2024,0,33.97826,-118.56562,5,1.1,0.71765
42600,Margaret Collier,4,16,12,2024,0,33.78818,-118.59981333,2,0.7,0.49568
50739,Robert Davis,4,16,12,2024,0,33.97826,-118.29207333,7,1.7,1.10281
47512,Zachary Hatfield Jr.,4,16,12,2024,0,33.99938,-118.54852333,5,6.5,4.31538
13886,Steve Boyle,4,16,12,2024,0,34.06274,-118.46304,9,4.7,3.11224
34334,Robert Patel,4,16,12,2024,0,33.78818,-118.61691,2,0.7,0.45031
97727,Erin Huerta,4,16,12,2024,0,33.93602,-118.1553,8,24.4,16.28214
38727,Isaac Hernandez,4,16,12,2024,0,33.83042,-118.58271667,2,2.6,1.76044
96735,Andrew Smith,4,16,12,2024,0,33.76706,-118.34336333,4,10.4,6.9045
79483,Wanda Hubbard,4,16,12,2024,0,33.89378,-118.27497667,4,3.6,2.42536
94013,Daniel Davis DDS,4,16,12,2024,0,34.10498,-118.22368667,10,15.0,9.99302
51945,Samantha Ball,4,16,12,2024,0,33.76706,-118.49723333,1,0.7,0.43959
87396,Mark Williams,4,16,12,2024,0,34.10498,-118.42884667,9,3.7,2.44452
20646,Kathleen Ryan,4,16,12,2024,0,34.04162,-118.37755667,9,1.5,1.00198
25999,Megan Patterson,4,16,12,2024,0,33.78818,-118.44594333,1,3.9,2.59452
88949,Rebecca Pierce,4,16,12,2024,0,33.95714,-118.44594333,6,0.8,0.55164
83303,Amanda Jackson DDS,4,16,12,2024,0,33.95714,-118.49723333,5,2.2,1.46994
80069,Vanessa Martinez,4,16,12,2024,0,33.83042,-118.46304,3,1.9,1.25844
82706,Mary Serrano,4,16,12,2024,0,33.89378,-118.63400667,2,8.0,5.31557
53001,Tasha Porter,4,16,12,2024,0,33.7037,-118.46304,1,1.2,0.79197
95750,Victoria Edwards,4,16,12,2024,0,33.93602,-118.34336333,6,2.4,1.6232
94339,Cynthia Roberts,4,16,12,2024,0,33.87266,-118.36046,4,4.9,3.2479
11260,Pamela Reeves,4,16,12,2024,0,33.8093,-118.44594333,1,3.8,2.52625
61326,Brandon Sanchez,4,16,12,2024,0,34.14722,-118.25788,11,40.6,27.06671
44408,William Holt,4,16,12,2024,0,33.78818,-118.59981333,2,2.8,1.84241
34373,Christopher Manning,4,16,12,2024,0,33.93602,-118.24078333,7,1.5,1.0019
66051,Joe Jefferson,4,16,12,2024,0,33.87266,-118.51433,3,2.0,1.35778
29622,Mariah Jackson,4,16,12,2024,0,33.87266,-118.41175,3,4.1,2.76397
90595,Jason Rubio,4,16,12,2024,0,33.95714,-118.41175,6,1.8,1.20525
38646,Larry Payne,4,16,12,2024,0,34.10498,-118.48013667,9,3.2,2.14237
27371,Travis Mcdaniel,4,16,12,2024,0,33.95714,-118.36046,6,1.5,0.99786
13507,Jacqueline Frank,4,16,12,2024,0,34.04162,-118.24078333,10,4.4,2.95553
86173,John Smith,4,16,12,2024,0,33.78818,-118.34336333,4,6.3,4.17229
65297,John Newton,4,16,12,2024,0,33.9149,-118.46304,3,3.3,2.18855
96275,Andrew Stanley,4,16,12,2024,0,33.95714,-118.25788,7,0.5,0.35565
21059,Randy Patrick,4,16,12,2024,0,33.99938,-118.30917,7,1.6,1.0797
75820,Eddie Gonzalez,4,16,12,2024,0,33.95714,-118.53142667,5,2.7,1.79993
36106,Michael Mclaughlin,4,16,12,2024,0,33.76706,-118.44594333,1,0.9,0.62254
70256,David Vazquez,4,16,12,2024,0,33.87266,-118.48013667,3,3.4,2.27261
76563,Marissa Silva,4,16,12,2024,0,33.95714,-118.42884667,6,2.4,1.57045
45714,Amy West,4,16,12,2024,0,33.93602,-118.56562,5,7.1,4.7227
42352,Sydney Garcia,4,16,12,2024,0,33.83042,-118.42884667,3,2.5,1.64336
32576,Jeremy Henry,4,16,12,2024,0,33.9149,-118.37755667,4,1.5,1.02596
51871,William Wright,4,16,12,2024,0,34.14722,-118.29207333,11,14.1,9.3873
67420,Danielle Rowe,4,16,12,2024,0,33.83042,-118.54852333,2,1.3,0.85836
10156,Erin Bridges,4,16,12,2024,0,34.08386,-118.37755667,9,4.8,3.19739
46517,Alex Watts,4,16,12,2024,0,33.7037,-118.49723333,1,4.0,2.67343
70493,Lisa Rodriguez,4,16,12,2024,0,33.89378,-118.49723333,3,5.5,3.66691
30168,Natalie Carter,4,16,12,2024,0,34.10498,-118.27497667,10,2.0,1.32804
59001,Christine Thompson,4,16,12,2024,0,33.89378,-118.56562,2,0.7,0.49976
84931,David Hardy PhD,4,16,12,2024,0,33.78818,-118.39465333,1,8.4,5.62847
23393,Larry Reed,4,16,12,2024,0,33.87266,-118.58271667,2,2.9,1.90076
53878,Joe Guerrero,4,16,12,2024,0,33.87266,-118.59981333,2,3.2,2.15936
43980,Shawn Estes,4,16,12,2024,0,34.3373,-118.27497667,11,61.0,40.65103
62013,Antonio Boyd,4,16,12,2024,0,33.74594,-118.54852333,1,3.9,2.59072
75857,Amy Clark,4,16,12,2024,0,34.27394,-118.30917,11,45.4,30.24781
97793,Jennifer Hebert,4,16,12,2024,0,33.89378,-118.46304,3,2.2,1.44882
78269,Danielle Alvarez,4,16,12,2024,0,34.0205,-118.51433,5,13.7,9.12499
96422,Emily Palmer,4,16,12,2024,0,34.04162,-118.42884667,9,3.1,2.0454
13482,Mrs. Laura Hill,4,16,12,2024,0,33.8093,-118.44594333,1,2.0,1.31623
22573,Edward Davis,4,16,12,2024,0,34.0205,-118.56562,5,8.5,5.65791
90747,Nathan Adams,4,16,12,2024,0,33.99938,-118.25788,7,10.8,7.21496
42115,David Williams,4,16,12,2024,0,33.99938,-118.53142667,5,3.5,2.31775
62604,Andrea Richardson,4,16,12,2024,0,33.83042,-118.48013667,3,2.0,1.36072
92867,Jessica Cain,4,16,12,2024,0,34.04162,-118.25788,10,11.2,7.49793
33367,Joseph Burns,4,16,12,2024,0,34.06274,-118.44594333,9,3.3,2.17305
90899,Aaron Parker,4,16,12,2024,0,33.76706,-118.63400667,2,14.6,9.71097
17037,Kathryn Schultz,4,16,12,2024,0,33.74594,-118.59981333,2,1.4,0.90501
10828,Jeremy Vaughn,4,16,12,2024,0,33.85154,-118.48013667,3,2.0,1.35387
84034,Kelli Macias,4,16,12,2024,0,34.04162,-118.36046,10,2.5,1.63666
29912,Stephanie Johnson,4,16,12,2024,0,33.78818,-118.58271667,2,8.6,5.70493
85744,Nancy Walton,4,16,12,2024,0,33.93602,-118.29207333,7,3.6,2.41351
46157,Rachel Jackson,4,16,12,2024,0,33.87266,-118.56562,2,2.1,1.38576
41104,Julie Sims,4,16,12,2024,0,33.76706,-118.29207333,4,12.8,8.52733
28577,David Chen,4,16,12,2024,0,33.74594,-118.46304,1,1.9,1.23561
48737,Chelsey Pierce,4,16,12,2024,0,34.2317,-118.27497667,11,37.2,24.77351
91417,Rachel Bell,4,16,12,2024,0,33.78818,-118.25788,4,12.9,8.58778
33303,Mrs. Cathy Richardson,4,16,12,2024,0,34.21058,-118.29207333,11,40.8,27.18435
34612,Michael Reid,4,16,12,2024,0,34.27394,-118.29207333,11,44.1,29.37461
66760,Mikayla Garcia,4,16,12,2024,0,33.93602,-118.30917,7,6.4,4.27455
82224,Mrs. Jaclyn Ware,4,16,12,2024,0,34.2317,-118.25788,11,45.5,30.36602
34052,Raymond Conrad,4,16,12,2024,0,33.8093,-118.39465333,1,6.0,4.03289
56131,Brenda Fisher,4,16,12,2024,0,33.74594,-118.54852333,1,3.7,2.48246
43176,Luis Compton,4,16,12,2024,0,34.08386,-118.37755667,9,1.7,1.11123
50748,Julie Dunn,4,16,12,2024,0,33.8093,-118.25788,4,8.6,5.7564
96593,Peter Cruz,4,16,12,2024,0,33.78818,-118.46304,1,1.7,1.1195
58773,Christopher Ross,4,16,12,2024,0,33.87266,-118.49723333,3,1.3,0.86218
46185,Sydney Garcia,4,16,12,2024,0,33.83042,-118.34336333,4,9.1,6.07544
15512,Jeff Kennedy,4,16,12,2024,0,33.93602,-118.44594333,6,2.3,1.523
82643,Christopher Huerta,4,16,12,2024,0,34.14722,-118.30917,11,5.2,3.45819
69316,Kristy Coleman,4,16,12,2024,0,33.72482,-118.49723333,1,1.9,1.28712
46016,Gail Robertson,4,16,12,2024,0,33.9149,-118.29207333,4,2.8,1.84015
57069,Luke Alexander,4,16,12,2024,0,33.8093,-118.32626667,4,9.9,6.57179
99223,Julie Johnson,4,16,12,2024,0,33.8093,-118.34336333,4,6.9,4.5931
70147,Peter Herman,4,16,12,2024,0,33.8093,-118.49723333,1,1.5,0.99562
25822,Jared Montoya,4,16,12,2024,0,33.95714,-118.17239667,8,22.8,15.17679
65171,Daniel Calhoun,4,16,12,2024,0,34.04162,-118.44594333,9,1.5,1.01082
10039,Robert Adams,4,16,12,2024,0,33.9149,-118.58271667,2,9.3,6.18925
81841,Alejandro Peck,4,16,12,2024,0,34.08386,-118.27497667,10,5.4,3.61518
59917,Anthony David,4,16,12,2024,0,34.0205,-118.37755667,6,2.0,1.30421
35010,Brittany Ward,4,16,12,2024,0,33.83042,-118.49723333,3,3.4,2.26482
98695,Susan Sherman,4,16,12,2024,0,33.89378,-118.36046,4,5.3,3.54567
61166,Rebecca Freeman,4,16,12,2024,0,33.85154,-118.39465333,3,1.0,0.67586
37012,James Mccoy,4,16,12,2024,0,33.93602,-118.29207333,7,1.6,1.06521
67224,Angel Hayes,4,16,12,2024,0,33.72482,-118.46304,1,0.3,0.2119
59316,Susan Smith,4,16,12,2024,0,33.93602,-118.53142667,5,2.5,1.65857
16699,Keith Brown,4,16,12,2024,0,34.31618,-118.25788,11,54.5,36.36051
56779,Melanie Rodriguez,4,16,12,2024,0,34.08386,-118.24078333,10,8.5,5.67384
22442,Mary Clark,4,16,12,2024,0,33.99938,-118.27497667,7,0.7,0.49078
69705,Christopher Johnson,4,16,12,2024,0,34.25282,-118.25788,11,42.9,28.60241
11736,Michael Mcclure,4,16,12,2024,0,33.9149,-118.46304,3,2.7,1.80807
77531,Michael Murray,4,16,12,2024,0,33.78818,-118.44594333,1,2.7,1.83018
93598,Mary Mccarty,4,16,12,2024,0,33.72482,-118.48013667,1,3.6,2.39674
16369,Jeffrey Beltran,4,16,12,2024,0,33.8093,-118.48013667,1,2.6,1.76429
38745,Denise Rios,4,16,12,2024,0,33.9149,-118.53142667,3,2.1,1.41844
52894,Belinda Vega,4,16,12,2024,0,34.3373,-118.30917,11,60.1,40.07853
84761,Lisa Rhodes,4,16,12,2024,0,34.21058,-118.22368667,11,31.8,21.17306
84304,John Tanner,4,16,12,2024,0,33.85154,-118.46304,3,0.8,0.5265
39770,Benjamin Jenkins,4,16,12,2024,0,33.97826,-118.24078333,7,14.9,9.91305
48548,Lindsey Dominguez,4,16,12,2024,0,33.97826,-118.37755667,6,2.5,1.64005
44898,Adam Martin,4,16,12,2024,0,33.8093,-118.34336333,4,9.8,6.56484
95383,Sarah Gonzales,4,16,12,2024,0,33.85154,-118.49723333,3,2.0,1.34842
48296,Cynthia Mooney,4,16,12,2024,0,33.78818,-118.30917,4,3.2,2.15976
58018,Kathryn Fox,4,16,12,2024,0,33.89378,-118.30917,4,0.9,0.62947
84609,Maria Mills,4,16,12,2024,0,33.85154,-118.39465333,3,1.2,0.7874
41121,Michael Frazier,4,16,12,2024,0,33.85154,-118.53142667,3,2.0,1.3093
83106,Diana Hoffman,4,16,12,2024,0,33.87266,-118.30917,4,5.3,3.52991
52370,Mario Hayes,4,16,12,2024,0,33.74594,-118.48013667,1,1.0,0.67778
70238,Tracy Small,4,16,12,2024,0,33.95714,-118.32626667,6,3.8,2.52757
53781,Jennifer Harper,4,16,12,2024,0,33.97826,-118.30917,7,2.4,1.56957
23389,Thomas Fischer,4,16,12,2024,0,33.74594,-118.42884667,1,13.5,9.01424
75063,Melissa Grant,4,16,12,2024,0,33.76706,-118.44594333,1,1.8,1.21787
64753,Victoria Thompson,4,16,12,2024,0,34.3373,-118.25788,11,61.9,41.25803
93959,Bryan Escobar,4,16,12,2024,0,33.99938,-118.51433,5,1.0,0.69802
98538,Victoria Graves,4,16,12,2024,0,34.10498,-118.42884667,9,3.6,2.42618
70169,Alicia Carter,4,16,12,2024,0,33.95714,-118.27497667,7,0.2,0.13918
76177,Ashley Anderson,4,16,12,2024,0,33.97826,-118.54852333,5,3.1,2.06345
83595,Terri Bailey,4,16,12,2024,0,33.76706,-118.46304,1,4.8,3.18185
78314,Nicole Stanley,4,16,12,2024,0,33.83042,-118.58271667,2,3.5,2.35164
30433,Roberto Kennedy,4,16,12,2024,0,33.8093,-118.42884667,1,1.1,0.71697
13267,Kevin Bowman,4,16,12,2024,0,33.93602,-118.34336333,6,0.4,0.25008
94720,Tina Thompson,4,16,12,2024,0,33.72482,-118.49723333,1,3.0,1.96694
24818,Edgar Chang,4,16,12,2024,0,33.95714,-118.34336333,6,5.2,3.43513
26702,Elizabeth Clark,4,16,12,2024,0,33.95714,-118.51433,5,3.8,2.54374
77006,Claudia White,4,16,12,2024,0,33.9149,-118.41175,3,2.0,1.34645
45846,Margaret York,4,16,12,2024,0,33.9149,-118.30917,4,0.8,0.5504
25597,Erika Perry,4,16,12,2024,0,34.1261,-118.44594333,9,4.3,2.83518
99242,Chad Peters,4,16,12,2024,0,33.85154,-118.58271667,2,1.2,0.79647
81487,Dalton Collins,4,16,12,2024,0,34.25282,-118.29207333,11,43.4,28.94376
68626,David Leach,4,16,12,2024,0,34.0205,-118.53142667,5,1.2,0.80502
32898,Lisa King,4,16,12,2024,0,33.93602,-118.46304,6,2.3,1.51571
20078,Jessica Williams,4,16,12,2024,0,33.99938,-118.32626667,6,1.3,0.83919
80139,Derek Taylor,4,16,12,2024,0,34.06274,-118.27497667,10,1.8,1.22233
93006,Angel Perez,4,16,12,2024,0,33.76706,-118.51433,1,0.5,0.34133
92013,Anthony Sandoval,4,16,12,2024,0,33.9149,-118.24078333,4,1.3,0.83754
51230,Jessica Griffith,4,16,12,2024,0,33.95714,-118.34336333,6,4.6,3.07763
88856,Debra Cain,4,16,12,2024,0,33.87266,-118.54852333,2,2.5,1.64082
88157,Monica Davidson,4,16,12,2024,0,33.95714,-118.30917,7,3.7,2.48372
25619,Krystal Bryant,4,16,12,2024,0,34.06274,-118.36046,10,1.9,1.28097
87500,Angela James,4,16,12,2024,0,34.08386,-118.44594333,9,3.1,2.05869
39457,Daniel Myers,4,16,12,2024,0,33.99938,-118.39465333,6,0.9,0.57733
18197,Teresa Ramirez,4,16,12,2024,0,33.89378,-118.53142667,3,2.4,1.58626
28808,Robert Gaines,4,16,12,2024,0,33.99938,-118.46304,6,1.1,0.74641
57679,Susan Golden,4,16,12,2024,0,34.25282,-118.22368667,11,45.3,30.22654
40744,Richard Cunningham,4,16,12,2024,0,33.76706,-118.53142667,1,2.2,1.44159
80937,Travis Stanley,4,16,12,2024,0,33.95714,-118.46304,6,3.0,1.97112
13375,Amy Davis,4,16,12,2024,0,33.85154,-118.36046,4,1.7,1.1396
27837,Tracy Alvarez,4,16,12,2024,0,34.0205,-118.44594333,6,2.1,1.40579
84237,Dr. Traci Gonzalez DDS,4,16,12,2024,0,34.0205,-118.36046,6,1.3,0.87612
88296,Renee Trujillo,4,16,12,2024,0,33.85154,-118.44594333,3,2.8,1.8967
96972,Ryan Allen,4,16,12,2024,0,33.93602,-118.54852333,5,3.6,2.40572
66236,Joshua Jacobs,4,16,12,2024,0,33.89378,-118.42884667,3,1.0,0.66026
29616,Keith Johnson,4,16,12,2024,0,33.95714,-118.49723333,5,3.2,2.15991
31222,Heather Warren,4,16,12,2024,0,33.93602,-118.48013667,5,1.3,0.89856
93222,Lindsay Braun,4,16,12,2024,0,34.08386,-118.29207333,10,1.4,0.9215
75646,Matthew Jackson,4,16,12,2024,0,33.87266,-118.63400667,2,4.6,3.06141
58469,Shawn Wilkinson,4,16,12,2024,0,33.97826,-118.34336333,6,1.8,1.19554
68563,Stephanie Valenzuela,4,16,12,2024,0,33.83042,-118.48013667,3,1.3,0.87919
73602,Dominique Tucker,4,16,12,2024,0,33.8093,-118.30917,4,7.0,4.69801
96737,Joseph Myers,4,16,12,2024,0,33.9149,-118.36046,4,0.4,0.24852
46728,Molly Hebert,4,16,12,2024,0,33.87266,-118.44594333,3,2.0,1.31607
58221,Stephanie Bowen,4,16,12,2024,0,33.99938,-118.56562,5,4.3,2.85403
45039,Emily Moore,4,16,12,2024,0,33.87266,-118.46304,3,1.5,1.01114
84101,Kara Kramer,4,16,12,2024,0,33.74594,-118.39465333,1,12.3,8.22679
81402,Jeffrey Smith,4,16,12,2024,0,33.83042,-118.65110333,2,6.2,4.11631
61554,Mr. Albert Roberts,4,16,12,2024,0,33.85154,-118.54852333,2,0.4,0.24133
46027,Christopher Evans,4,16,12,2024,0,33.83042,-118.61691,2,5.6,3.73191
47784,Jeremy Trujillo,4,16,12,2024,0,33.9149,-118.34336333,4,5.0,3.3294
13939,Kyle Robinson,4,16,12,2024,0,33.99938,-118.48013667,5,1.5,0.99461
68711,Joseph Jenkins,4,16,12,2024,0,33.76706,-118.51433,1,3.3,2.18651
52930,Kathleen Clark,4,16,12,2024,0,34.04162,-118.41175,9,1.1,0.76497
61156,Regina Herring,4,16,12,2024,0,33.93602,-118.27497667,7,0.7,0.43917
19220,Frances Stevens,4,16,12,2024,0,34.08386,-118.30917,10,4.1,2.74682
93491,Michelle Richardson,4,16,12,2024,0,33.97826,-118.49723333,5,0.8,0.55795
90778,Sally Davis,4,16,12,2024,0,33.83042,-118.59981333,2,2.8,1.84219
73265,Michael Cox,4,16,12,2024,0,33.93602,-118.46304,6,0.5,0.34092
28889,Dennis Stephenson,4,16,12,2024,0,34.04162,-118.34336333,10,3.5,2.31367
93743,Rebecca Bass,4,16,12,2024,0,34.3373,-118.29207333,11,69.6,46.37826
24625,John Fox,4,16,12,2024,0,33.78818,-118.49723333,1,1.9,1.27184
94946,Melinda Butler,4,16,12,2024,0,33.72482,-118.48013667,1,3.5,2.34332
66793,Timothy Green,4,16,12,2024,0,33.78818,-118.56562,2,1.5,1.00074
74873,Gary Petty,4,16,12,2024,0,33.72482,-118.46304,1,1.1,0.71455
30301,Donald Cook,4,16,12,2024,0,34.0205,-118.42884667,6,1.3,0.89733
49200,Jerome Ritter,4,16,12,2024,0,33.93602,-118.41175,6,3.6,2.43177
62694,Colleen Simpson,4,16,12,2024,0,33.89378,-118.48013667,3,1.9,1.28858
59359,Virginia Herman,4,16,12,2024,0,33.99938,-118.29207333,7,6.2,4.10354
58791,Zachary York,4,16,12,2024,0,33.87266,-118.63400667,2,4.7,3.11029
20383,Angel Sanchez,4,16,12,2024,0,34.0205,-118.20659,8,13.8,9.19232
67324,Daniel Orozco,4,16,12,2024,0,33.87266,-118.59981333,2,1.8,1.20329
70593,Erica Grant,4,16,12,2024,0,33.78818,-118.37755667,4,7.6,5.0965
68022,Carla Finley,4,16,12,2024,0,33.87266,-118.36046,4,10.2,6.78398
37015,John Phillips DVM,4,16,12,2024,0,33.89378,-118.42884667,3,1.2,0.79131
11780,Craig Ward,4,16,12,2024,0,34.04162,-118.48013667,9,2.6,1.72853
16058,Mary Robinson,4,16,12,2024,0,33.95714,-118.29207333,7,1.5,1.00235
41314,Stephanie Boyer,4,16,12,2024,0,33.74594,-118.49723333,1,1.1,0.70701
70352,Janet Pearson,4,16,12,2024,0,33.89378,-118.49723333,3,3.0,1.97888
70330,Shannon Kim,4,16,12,2024,0,33.97826,-118.25788,7,1.4,0.93298
54305,Lisa Carpenter,4,16,12,2024,0,33.8093,-118.46304,1,1.4,0.90874
60817,William Smith,4,16,12,2024,0,34.10498,-118.24078333,10,13.9,9.2338
39138,Amanda Beltran,4,16,12,2024,0,33.97826,-118.48013667,5,0.9,0.62201
79915,Jason Ortiz,4,16,12,2024,0,33.83042,-118.54852333,2,1.6,1.05565
21704,Jean Barr DVM,4,16,12,2024,0,33.89378,-118.58271667,2,0.5,0.36257
21619,Jay Price,4,16,12,2024,0,33.93602,-118.32626667,6,6.2,4.12395
60666,Scott Gonzalez,4,16,12,2024,0,34.2317,-118.22368667,11,33.3,22.19892
13245,Samantha Parker,4,16,12,2024,0,33.85154,-118.42884667,3,1.7,1.13438
25312,Chris Grimes,4,16,12,2024,0,33.93602,-118.58271667,5,6.0,4.01478
20602,Rose Evans,4,16,12,2024,0,34.04162,-118.36046,10,1.2,0.77838
64065,Christopher Rollins,4,16,12,2024,0,33.93602,-118.49723333,5,0.9,0.61525
75949,Carla Bonilla,4,16,12,2024,0,33.97826,-118.20659,8,14.9,9.93266
87283,Karen Mullen,4,16,12,2024,0,33.95714,-118.20659,8,0.5,0.35073
65794,Stephanie Livingston,4,16,12,2024,0,33.99938,-118.54852333,5,0.6,0.40906
59693,Kimberly Warner,4,16,12,2024,0,33.93602,-118.18949333,8,27.5,18.33428
18523,Christina Castillo,4,16,12,2024,0,33.8093,-118.27497667,4,10.2,6.82109
19714,Laurie Shaffer,4,16,12,2024,0,33.9149,-118.25788,4,3.4,2.2857
84272,Jeremiah Erickson,4,16,12,2024,0,34.1261,-118.46304,9,9.8,6.53498
22486,Zachary Combs,4,16,12,2024,0,34.06274,-118.27497667,10,14.5,9.67249
23952,Maria Rivera,4,16,12,2024,0,34.08386,-118.29207333,10,2.1,1.39871
42863,Dr. William Riley,4,16,12,2024,0,34.08386,-118.22368667,10,14.5,9.64225
32907,Robert Mitchell,4,16,12,2024,0,33.89378,-118.51433,3,2.8,1.89107
51319,Aaron Moore,4,16,12,2024,0,33.85154,-118.44594333,3,3.2,2.13443
62440,Heather Hall,4,16,12,2024,0,33.89378,-118.34336333,4,7.3,4.85963
76393,Candice Perez,4,16,12,2024,0,33.89378,-118.37755667,4,0.4,0.25816
92014,Austin Gill,4,16,12,2024,0,34.10498,-118.37755667,9,2.2,1.44046
56045,Steven Mathews,4,16,12,2024,0,33.9149,-118.18949333,8,1.9,1.29816
39204,Karen Williams,4,16,12,2024,0,33.9149,-118.44594333,3,0.7,0.4915
51236,Jeffrey Spencer,4,16,12,2024,0,33.76706,-118.46304,1,2.2,1.47487
34394,Ryan Pittman,4,16,12,2024,0,33.93602,-118.36046,6,3.5,2.32632
72868,Erica Perkins,4,16,12,2024,0,34.10498,-118.46304,9,2.9,1.90912
93498,Jacob Vargas,4,16,12,2024,0,34.08386,-118.25788,10,6.3,4.2011
54528,Chelsea Ramirez,4,16,12,2024,0,33.87266,-118.44594333,3,0.8,0.54199
18707,Christopher Holmes,4,16,12,2024,0,34.31618,-118.32626667,11,63.8,42.55302
10791,Nicole Day,4,16,12,2024,0,33.85154,-118.61691,2,1.1,0.76467
29533,James Gutierrez,4,16,12,2024,0,33.9149,-118.37755667,4,1.8,1.20344
74039,Diana Li,4,16,12,2024,0,33.76706,-118.37755667,4,14.1,9.40926
42016,Terry Ayala,4,16,12,2024,0,34.06274,-118.37755667,9,1.5,1.02583
60348,Shane Jones,4,16,12,2024,0,34.0205,-118.29207333,7,0.2,0.15662
47013,Daniel Ryan,4,16,12,2024,0,33.7037,-118.42884667,1,13.6,9.08586
57664,Scott Rich,4,16,12,2024,0,33.87266,-118.30917,4,8.5,5.68351
71527,Barbara Flynn,4,16,12,2024,0,33.87266,-118.41175,3,6.9,4.56701
87539,Paula Lee,4,16,12,2024,0,33.85154,-118.49723333,3,3.6,2.37986
75066,Donald Hurst,4,16,12,2024,0,33.9149,-118.56562,2,3.2,2.13366
73679,Brian Hart,4,16,12,2024,0,34.0205,-118.53142667,5,9.2,6.1559
94709,Elizabeth Oconnell,4,16,12,2024,0,33.74594,-118.29207333,4,8.1,5.43237
47602,Anthony Stark,4,16,12,2024,0,34.04162,-118.30917,10,2.3,1.55142
64069,Adam Smith DVM,4,16,12,2024,0,33.89378,-118.44594333,3,1.0,0.69065
50733,Jennifer Chan,4,16,12,2024,0,33.95714,-118.56562,5,1.6,1.09418
70479,Luke Hoffman,4,16,12,2024,0,33.97826,-118.20659,8,14.7,9.80146
77568,Joshua Banks,4,16,12,2024,0,34.1261,-118.25788,10,14.8,9.84547
61693,Bryce Moody,4,16,12,2024,0,33.76706,-118.48013667,1,1.0,0.66558
26220,Kevin Green,4,16,12,2024,0,33.85154,-118.63400667,2,2.7,1.81533
65962,Garrett Mccormick,4,16,12,2024,0,34.10498,-118.29207333,10,4.5,3.03293
29204,Debbie Davis,4,16,12,2024,0,33.8093,-118.29207333,4,12.8,8.50825
14476,Melissa Martinez,4,16,12,2024,0,33.76706,-118.39465333,1,11.1,7.41918
88295,Seth Coleman,4,16,12,2024,0,34.0205,-118.22368667,8,9.6,6.38873
26256,Jeremiah Stuart,4,16,12,2024,0,33.93602,-118.48013667,5,1.3,0.85703
79802,Evelyn Rogers DVM,4,16,12,2024,0,33.76706,-118.41175,1,11.2,7.47902
54500,James Jackson,4,16,12,2024,0,33.93602,-118.36046,6,1.6,1.08591
57868,Gabriel Mejia,4,16,12,2024,0,33.85154,-118.37755667,4,2.9,1.91031
28257,Scott Thompson,4,16,12,2024,0,34.14722,-118.30917,11,6.4,4.27796
18660,Jacqueline Johnson,4,16,12,2024,0,33.8093,-118.49723333,1,3.0,1.99118
71345,Laurie Harrell,4,16,12,2024,0,33.97826,-118.22368667,8,13.5,9.02484
20559,Kevin Morrison,4,16,12,2024,0,33.99938,-118.37755667,6,3.0,1.99397
45969,Dawn Campbell,4,16,12,2024,0,34.08386,-118.49723333,9,14.9,9.9546
63494,Joseph Jefferson,4,16,12,2024,0,34.0205,-118.18949333,8,12.6,8.4146
75129,Sheila Watkins,4,16,12,2024,0,33.85154,-118.48013667,3,1.0,0.68749
31539,Monica Daugherty,4,16,12,2024,0,33.8093,-118.42884667,1,2.2,1.43394
27312,Mark Erickson,4,16,12,2024,0,33.89378,-118.56562,2,1.2,0.83054
31279,Jennifer Fernandez,4,16,12,2024,0,34.16834,-118.27497667,11,45.8,30.50252
89625,Richard Huang,4,16,12,2024,0,33.93602,-118.36046,6,1.4,0.90962
36977,Kelli Wells,4,16,12,2024,0,33.93602,-118.32626667,6,1.6,1.05263
92355,Nancy Bennett,4,16,12,2024,0,33.93602,-118.56562,5,6.2,4.12616
24298,Jennifer Tucker,4,16,12,2024,0,33.83042,-118.51433,3,2.5,1.68069
43750,Tiffany Green,4,16,12,2024,0,33.87266,-118.34336333,4,8.1,5.40747
73319,Yvette Nelson,4,16,12,2024,0,33.72482,-118.44594333,1,0.2,0.11113
73952,Eric Foley,4,16,12,2024,0,33.72482,-118.51433,1,2.2,1.48541
23901,Heidi Fitzgerald,4,16,12,2024,0,34.04162,-118.36046,10,4.8,3.20863
27654,Amanda Flores,4,16,12,2024,0,33.95714,-118.48013667,5,2.3,1.52579
42472,Paul Herrera,4,16,12,2024,0,33.83042,-118.39465333,3,2.7,1.78583
25693,William Cook,4,16,12,2024,0,33.8093,-118.49723333,1,0.9,0.60046
11754,Madison Patel,4,16,12,2024,0,33.97826,-118.1553,8,11.6,7.76075
74828,Elizabeth Frost,4,16,12,2024,0,33.89378,-118.39465333,3,1.6,1.05628
90493,Lance Wall,4,16,12,2024,0,33.83042,-118.46304,3,0.8,0.55547
20552,Carol Rhodes,4,16,12,2024,0,34.04162,-118.39465333,9,0.3,0.20037
89462,Shelby Burns,4,16,12,2024,0,33.9149,-118.54852333,2,2.8,1.85876
99916,Courtney Sampson,4,16,12,2024,0,33.95714,-118.41175,6,1.0,0.66475
37353,Jessica Moore,4,16,12,2024,0,33.95714,-118.37755667,6,0.7,0.45326
21188,Tamara Williams,4,16,12,2024,0,33.89378,-118.30917,4,2.4,1.60739
29292,Michele Li,4,16,12,2024,0,34.06274,-118.32626667,10,0.4,0.23736
37142,Jamie Mitchell,4,16,12,2024,0,33.72482,-118.41175,1,14.0,9.35508
49127,Laura Soto,4,16,12,2024,0,33.95714,-118.36046,6,0.9,0.62867
19190,Scott Lowe,4,16,12,2024,0,33.95714,-118.44594333,6,1.6,1.03786
65198,Mark Morgan,4,16,12,2024,0,33.89378,-118.41175,3,4.7,3.1104
42406,Jennifer Waters PhD,4,16,12,2024,0,33.99938,-118.34336333,6,0.7,0.43563
96603,Daniel Wood,4,16,12,2024,0,33.93602,-118.39465333,6,2.2,1.46051
10521,Morgan Watson,4,16,12,2024,0,33.93602,-118.37755667,6,1.0,0.69239
89750,Nicholas Price,4,16,12,2024,0,34.0205,-118.30917,7,1.3,0.86292
97467,Tiffany Harrison,4,16,12,2024,0,33.9149,-118.49723333,3,1.1,0.72814
91424,Timothy Anderson,4,16,12,2024,0,33.89378,-118.65110333,2,3.8,2.54506
20612,Erin Kelley,4,16,12,2024,0,33.85154,-118.59981333,2,1.7,1.11677
13127,Taylor Morgan,4,16,12,2024,0,33.85154,-118.54852333,2,1.7,1.10061
44891,Holly Sullivan,4,16,12,2024,0,33.93602,-118.18949333,8,29.1,19.41329
28027,Jeffery Harper,4,16,12,2024,0,34.06274,-118.51433,9,12.0,8.03326
40953,Tracy Garcia,4,16,12,2024,0,34.06274,-118.30917,10,3.5,2.3189
12907,Mrs. Christine Horn,4,16,12,2024,0,33.89378,-118.20659,8,1.1,0.74379
24734,Michelle Davis,4,16,12,2024,0,33.87266,-118.48013667,3,2.5,1.67051
61139,Mr. Alexis Marks,4,16,12,2024,0,33.89378,-118.54852333,2,1.2,0.76837
30344,Kirsten Garcia,4,16,12,2024,0,33.76706,-118.48013667,1,2.1,1.38423
14887,Lynn Freeman,4,16,12,2024,0,33.97826,-118.39465333,6,0.9,0.59422
54593,Peter Black,4,16,12,2024,0,33.83042,-118.32626667,4,8.2,5.44547
32356,Jessica Wise,4,16,12,2024,0,33.95714,-118.46304,6,1.4,0.90046
20065,Theresa Jacobs,4,16,12,2024,0,33.74594,-118.53142667,1,1.9,1.25097
16254,Cassidy Wells,4,16,12,2024,0,33.89378,-118.48013667,3,0.7,0.48705
74383,April Miller,4,16,12,2024,0,33.9149,-118.41175,3,2.0,1.3514
79333,Sarah Perez,4,16,12,2024,0,33.72482,-118.39465333,1,14.1,9.41964
39977,Cassandra Newton,4,16,12,2024,0,34.29506,-118.29207333,11,63.1,42.04411
65231,Thomas Ortiz,4,16,12,2024,0,33.89378,-118.51433,3,5.2,3.45023
12109,Adam Smith,4,16,12,2024,0,34.04162,-118.29207333,10,6.7,4.43616
90939,Anthony Murphy,4,16,12,2024,0,34.1261,-118.25788,10,10.0,6.68863
53580,Ernest Brown,4,16,12,2024,0,34.2317,-118.30917,11,40.5,26.9912
13391,Kristin Hartman,4,16,12,2024,0,33.97826,-118.51433,5,0.4,0.28662
82378,Rebecca Walker,4,16,12,2024,0,33.87266,-118.29207333,4,3.1,2.06179
70830,Alexander Barron,4,16,12,2024,0,33.89378,-118.65110333,2,5.8,3.83651
41145,Jonathan Grimes,4,16,12,2024,0,33.72482,-118.49723333,1,1.5,0.98297
12652,Tiffany Collins,4,16,12,2024,0,34.1261,-118.27497667,10,14.2,9.43641
59099,Michelle Pierce,4,16,12,2024,0,34.14722,-118.27497667,11,35.8,23.84916
13257,Kenneth Reyes,4,16,12,2024,0,34.0205,-118.25788,7,6.1,4.07715
11715,Kellie Bonilla,4,16,12,2024,0,33.9149,-118.42884667,3,2.9,1.96047
52751,Theodore Madden,4,16,12,2024,0,33.97826,-118.24078333,7,4.0,2.69683
50775,Monica Martin,4,16,12,2024,0,34.06274,-118.34336333,10,2.7,1.7991
42474,Emma Houston,4,16,12,2024,0,33.9149,-118.32626667,4,2.1,1.41606
66651,Eric Phillips,4,16,12,2024,0,34.06274,-118.36046,10,2.7,1.81244
51457,Louis Richard,4,16,12,2024,0,33.76706,-118.54852333,1,3.3,2.18089
75744,Keith Moody,4,16,12,2024,0,33.99938,-118.46304,6,0.2,0.15006
38652,David Cervantes,4,16,12,2024,0,33.78818,-118.41175,1,2.2,1.46711
41041,Angela Tucker,4,16,12,2024,0,33.95714,-118.30917,7,1.4,0.90318
46108,Robert Vargas,4,16,12,2024,0,33.89378,-118.58271667,2,3.6,2.38326
81450,Amanda Ramirez,4,16,12,2024,0,33.9149,-118.24078333,4,0.1,0.09406
18390,Michael Rivera,4,16,12,2024,0,33.95714,-118.22368667,8,2.1,1.42797
28978,Jeffrey Stephens,4,16,12,2024,0,33.74594,-118.56562,2,2.2,1.47098
97448,Alexander Keller,4,16,12,2024,0,34.27394,-118.27497667,11,50.8,33.85242
18519,Carla Keller MD,4,16,12,2024,0,33.89378,-118.34336333,4,1.6,1.05237
34735,David Williams,4,16,12,2024,0,33.76706,-118.36046,4,10.5,6.97344
94784,Todd Robinson,4,16,12,2024,0,33.99938,-118.49723333,5,0.9,0.61929
12129,Michael Gregory,4,16,12,2024,0,34.08386,-118.39465333,9,1.4,0.91402
23210,Jack Martinez,4,16,12,2024,0,34.25282,-118.27497667,11,48.8,32.53874
77183,Lisa Castillo,4,16,12,2024,0,34.0205,-118.32626667,6,3.1,2.06705
77846,Charles Roberts,4,16,12,2024,0,33.78818,-118.53142667,1,4.3,2.8387
81077,Brooke Boyd,4,16,12,2024,0,33.99938,-118.34336333,6,0.9,0.57286
77726,Colleen Brown,4,16,12,2024,0,33.99938,-118.25788,7,4.5,3.02914
39681,Mrs. Nicole Jimenez DDS,4,16,12,2024,0,33.9149,-118.54852333,2,8.2,5.46569
65496,Marisa Kaufman,4,16,12,2024,0,33.95714,-118.37755667,6,0.3,0.22204
49049,Sonya Johnson,4,16,12,2024,0,34.0205,-118.24078333,7,3.9,2.59684
79878,Sherri Williams,4,16,12,2024,0,33.8093,-118.61691,2,2.8,1.85211
90551,Susan Banks,4,16,12,2024,0,34.0205,-118.36046,6,4.1,2.72309
31969,Nicholas Williams,4,16,12,2024,0,33.97826,-118.42884667,6,0.9,0.56737
42027,Jessica Jackson,4,16,12,2024,0,33.8093,-118.59981333,2,1.0,0.68239
45462,Stephanie Herrera,4,16,12,2024,0,33.9149,-118.49723333,3,0.3,0.18431
20280,Brittany Lyons,4,16,12,2024,0,33.76706,-118.56562,2,1.1,0.70382
89323,John Taylor,4,16,12,2024,0,34.1261,-118.30917,10,1.7,1.12479
71873,Larry Turner,4,16,12,2024,0,33.9149,-118.44594333,3,1.6,1.09265
81433,Austin Garcia,4,16,12,2024,0,34.06274,-118.29207333,10,2.0,1.3345
11484,Stacy Harrison,4,16,12,2024,0,33.97826,-118.37755667,6,3.1,2.06866
57953,Emily Cox,4,16,12,2024,0,34.04162,-118.32626667,10,1.7,1.13225
11507,Cassandra Schmidt,4,16,12,2024,0,34.0205,-118.22368667,8,1.1,0.70087
93403,Andre Davis,4,16,12,2024,0,34.06274,-118.36046,10,3.2,2.11214
23806,Jessica Branch,4,16,12,2024,0,34.14722,-118.29207333,11,39.1,26.05109
22614,Travis Jones,4,16,12,2024,0,33.78818,-118.42884667,1,2.9,1.90029
66930,Bradley Byrd,4,16,12,2024,0,34.1261,-118.25788,10,9.3,6.18249
77278,Aaron Cortez,4,16,12,2024,0,33.99938,-118.53142667,5,2.6,1.72371
58087,Robin Thomas,4,16,12,2024,0,34.04162,-118.41175,9,0.3,0.20212
23265,Andrew Mcdonald,4,16,12,2024,0,34.08386,-118.29207333,10,0.4,0.29073
16300,Melinda Stephens,4,16,12,2024,0,34.08386,-118.27497667,10,3.0,2.01274
68459,Jennifer Mccarty,4,16,12,2024,0,33.89378,-118.42884667,3,0.7,0.46127
97630,David Mendoza,4,16,12,2024,0,33.97826,-118.41175,6,2.9,1.91723
40271,Jessica Johnston,4,16,12,2024,0,33.95714,-118.58271667,5,1.1,0.75966
16071,Sean Collins,4,16,12,2024,0,33.89378,-118.37755667,4,1.0,0.69932
90407,Dr. Natalie Benton,4,16,12,2024,0,33.8093,-118.51433,1,2.1,1.42391
44846,Dan Le,4,16,12,2024,0,33.83042,-118.32626667,4,6.4,4.28671
18966,James Mccoy,4,16,12,2024,0,34.04162,-118.27497667,10,0.4,0.27514
43057,Billy Bowen,4,16,12,2024,0,33.78818,-118.48013667,1,1.6,1.04495
62462,David Lloyd,4,16,12,2024,0,33.93602,-118.22368667,8,1.0,0.6689
54906,Brandon Simpson,4,16,12,2024,0,33.99938,-118.32626667,6,1.0,0.65911
26277,Jennifer Higgins,4,16,12,2024,0,34.04162,-118.37755667,9,0.5,0.33377
67660,Sarah Wade,4,16,12,2024,0,33.85154,-118.56562,2,3.6,2.37995
36231,Joe Page,4,16,12,2024,0,33.8093,-118.56562,2,2.5,1.671
82461,Peter Johnson,4,16,12,2024,0,34.04162,-118.32626667,10,9.5,6.36326
82489,Michael Parker,4,16,12,2024,0,33.85154,-118.56562,2,1.0,0.64192
69890,Melissa Mitchell,4,16,12,2024,0,34.21058,-118.27497667,11,39.0,26.03185
57636,Kenneth Mcgee,4,16,12,2024,0,34.21058,-118.30917,11,47.0,31.35225
34637,Katie Smith,4,16,12,2024,0,33.95714,-118.48013667,5,2.2,1.47377
53827,Sandra Thompson,4,16,12,2024,0,33.99938,-118.24078333,7,14.6,9.70894
72307,Joseph Patrick,4,16,12,2024,0,33.95714,-118.53142667,5,5.6,3.73309
38887,Tracy Fitzgerald,4,16,12,2024,0,34.2317,-118.29207333,11,40.5,27.01004
95290,Michael Long,4,16,12,2024,0,33.95714,-118.20659,8,0.5,0.30142
54354,Erica Ramsey,4,16,12,2024,0,34.1261,-118.27497667,10,14.6,9.75183
30965,Elizabeth Silva,4,16,12,2024,0,33.83042,-118.49723333,3,1.4,0.92324
53444,Crystal Dalton,4,16,12,2024,0,33.93602,-118.25788,7,1.0,0.65193
87512,Michael Garcia,4,16,12,2024,0,33.74594,-118.58271667,2,1.7,1.15275
87313,Ms. Kristi Cabrera,4,16,12,2024,0,33.95714,-118.51433,5,5.7,3.79499
51880,Robert Obrien,4,16,12,2024,0,34.0205,-118.32626667,6,2.4,1.58485
60308,Steven Brown,4,16,12,2024,0,33.83042,-118.53142667,3,2.5,1.67176
44340,Jason Cummings,4,16,12,2024,0,34.06274,-118.24078333,10,13.7,9.12859
94968,Samuel Reynolds,4,16,12,2024,0,34.04162,-118.42884667,9,1.7,1.14929
38947,Andrea Bowman,4,16,12,2024,0,33.78818,-118.53142667,1,2.6,1.71805
94796,Jay Dominguez,4,16,12,2024,0,33.97826,-118.54852333,5,1.5,0.99871
10625,Jacqueline Dixon,4,16,12,2024,0,34.0205,-118.54852333,5,2.9,1.92456
97977,Dalton Fox,4,16,12,2024,0,33.8093,-118.63400667,2,9.9,6.58134
36173,John Miller,4,16,12,2024,0,33.83042,-118.56562,2,2.1,1.38228
57465,Brian White,4,16,12,2024,0,33.87266,-118.39465333,3,7.0,4.68351
24890,Kimberly Hubbard,4,16,12,2024,0,33.9149,-118.51433,3,1.9,1.26037
23585,Christina Howell,4,16,12,2024,0,33.93602,-118.58271667,5,4.1,2.74682
56140,Julia Caldwell,4,16,12,2024,0,33.97826,-118.25788,7,5.9,3.94396
14469,Brett Morales,4,16,12,2024,0,34.06274,-118.51433,9,6.6,4.40211
52372,Kathryn Ellis,4,16,12,2024,0,33.97826,-118.39465333,6,0.7,0.43838
46363,Laura Young,4,16,12,2024,0,33.76706,-118.49723333,1,1.7,1.14919
97208,Gregory Bailey,4,16,12,2024,0,33.95714,-118.27497667,7,1.9,1.28152
82287,Amanda Frank,4,16,12,2024,0,33.78818,-118.29207333,4,14.2,9.47199
38033,Caleb Hayes,4,16,12,2024,0,33.89378,-118.48013667,3,4.5,3.03054
94927,Robert Harvey,4,16,12,2024,0,33.9149,-118.48013667,3,0.6,0.39209
41869,John Hansen,4,16,12,2024,0,33.76706,-118.61691,2,3.0,2.03315
66351,Jonathan Bentley,4,16,12,2024,0,33.93602,-118.41175,6,1.5,0.97865
59140,Rodney Baldwin,4,16,12,2024,0,34.21058,-118.22368667,11,35.8,23.83877
77789,Kelly Patterson,4,16,12,2024,0,34.14722,-118.25788,11,30.1,20.04446
54512,Edwin Hoffman,4,16,12,2024,0,33.9149,-118.46304,3,3.2,2.12457
27410,Mark Brooks,4,16,12,2024,0,33.83042,-118.53142667,3,3.1,2.04651
91637,Dustin Hopkins,4,16,12,2024,0,34.06274,-118.48013667,9,8.2,5.45169
73820,Mary Mcintyre,4,16,12,2024,0,34.06274,-118.41175,9,3.0,2.00974
92963,Kelly Robinson,4,16,12,2024,0,33.95714,-118.54852333,5,6.9,4.62023
78733,John Bernard,4,16,12,2024,0,33.8093,-118.39465333,1,2.3,1.5364
76972,Amber Washington,4,16,12,2024,0,33.76706,-118.44594333,1,3.5,2.36524
39475,Melissa Turner,4,16,12,2024,0,33.87266,-118.39465333,3,1.5,0.9981
27719,Erica Garcia,4,16,12,2024,0,34.08386,-118.46304,9,3.2,2.1088
37427,Brenda Zimmerman,4,16,12,2024,0,33.89378,-118.61691,2,2.6,1.72175
75108,Richard Jones,4,16,12,2024,0,33.78818,-118.30917,4,2.0,1.33481
77293,Brandon Hoffman,4,16,12,2024,0,33.93602,-118.20659,8,2.7,1.83113
74389,Mallory Stark,4,16,12,2024,0,33.87266,-118.65110333,2,7.7,5.11894
44851,Kevin Clark,4,16,12,2024,0,33.97826,-118.42884667,6,1.2,0.81964
94055,Kevin Powell,4,16,12,2024,0,33.99938,-118.22368667,8,11.9,7.9058
55648,Gregory Moreno,4,16,12,2024,0,33.83042,-118.36046,4,1.9,1.24923
74936,James Neal,4,16,12,2024,0,33.8093,-118.25788,4,7.7,5.13981
28672,Michelle Raymond,4,16,12,2024,0,34.10498,-118.39465333,9,0.4,0.2748
82173,Latasha Johnson,4,16,12,2024,0,34.06274,-118.30917,10,1.4,0.95744
47785,Diane Simmons,4,16,12,2024,0,33.87266,-118.32626667,4,0.7,0.49301
80630,Jesse Davis,4,16,12,2024,0,33.8093,-118.54852333,1,1.1,0.73125
28331,Erin Meyer,4,16,12,2024,0,34.0205,-118.18949333,8,11.0,7.3528
64178,Hannah Johnson,4,16,12,2024,0,33.78818,-118.49723333,1,3.6,2.42729
99060,Mallory Morris,4,16,12,2024,0,33.85154,-118.58271667,2,2.5,1.68146
79041,Timothy Jones,4,16,12,2024,0,33.83042,-118.42884667,3,2.7,1.80127
91267,Stephanie Navarro,4,16,12,2024,0,33.76706,-118.46304,1,3.4,2.2775
90031,Scott Vincent,4,16,12,2024,0,33.99938,-118.41175,6,0.6,0.40797
81208,Jane Austin,4,16,12,2024,0,33.87266,-118.46304,3,2.2,1.46628
51229,Jessica Soto,4,16,12,2024,0,34.3373,-118.24078333,11,62.0,41.30259
85206,William Miller,4,16,12,2024,0,33.95714,-118.37755667,6,0.8,0.5413
10558,Bailey Holmes,4,16,12,2024,0,33.97826,-118.18949333,8,14.5,9.64301
12184,Carolyn Freeman,4,16,12,2024,0,34.06274,-118.37755667,9,0.5,0.3154
21327,Alejandro Holmes MD,4,16,12,2024,0,33.7037,-118.42884667,1,14.3,9.5643
75833,Jaime Hill,4,16,12,2024,0,33.8093,-118.58271667,2,2.8,1.88937
71295,Bradley Davis,4,16,12,2024,0,33.8093,-118.48013667,1,2.1,1.37207
80790,Brenda Smith,4,16,12,2024,0,34.06274,-118.25788,10,12.9,8.61844
84419,Stanley Cox,4,16,12,2024,0,33.93602,-118.24078333,7,1.5,0.99468
32589,Susan Valenzuela,4,16,12,2024,0,34.18946,-118.27497667,11,34.5,22.99231
97868,Jose Castillo,4,16,12,2024,0,33.9149,-118.58271667,2,7.6,5.07334
55071,Danny Walker,4,16,12,2024,0,33.93602,-118.53142667,5,2.2,1.48968
49406,John Duncan,4,16,12,2024,0,33.7037,-118.49723333,1,2.8,1.86072
25688,Julie Hill,4,16,12,2024,0,34.04162,-118.34336333,10,3.5,2.3234
98976,Pamela Gilbert,4,16,12,2024,0,33.78818,-118.48013667,1,3.1,2.05735
70542,Lucas Salazar,4,16,12,2024,0,34.08386,-118.32626667,10,2.8,1.87927
60872,Michael Fisher,4,16,12,2024,0,33.87266,-118.36046,4,4.2,2.79001
24853,Allen Carpenter,4,16,12,2024,0,33.8093,-118.53142667,1,3.0,1.98768
34644,Scott Collins,4,16,12,2024,0,33.97826,-118.56562,5,0.4,0.26984
84840,Wanda Martinez,4,16,12,2024,0,33.87266,-118.37755667,4,4.0,2.66841
59226,Thomas Turner,4,16,12,2024,0,33.74594,-118.59981333,2,0.7,0.44311
60729,Dr. James Hill,4,16,12,2024,0,33.99938,-118.22368667,8,9.1,6.0939
86772,Samantha Moss,4,16,12,2024,0,33.89378,-118.46304,3,3.0,2.00094
84912,Melvin Lee,4,16,12,2024,0,34.27394,-118.25788,11,56.3,37.53317
48710,Steve Carr,4,16,12,2024,0,33.85154,-118.46304,3,1.6,1.05353
28095,Russell Miller,4,16,12,2024,0,33.97826,-118.44594333,6,2.2,1.44747
18238,Cindy Armstrong,4,16,12,2024,0,34.0205,-118.49723333,5,10.6,7.05767
92217,Lori Medina,4,16,12,2024,0,34.0205,-118.51433,5,12.6,8.43293
45681,Austin Andrews,4,16,12,2024,0,33.89378,-118.59981333,2,2.7,1.784
68541,Michelle Booth,4,16,12,2024,0,33.95714,-118.34336333,6,3.2,2.16197
19765,Jennifer Yu,4,16,12,2024,0,33.99938,-118.37755667,6,2.5,1.68746
42607,Daniel Harris,4,16,12,2024,0,33.78818,-118.58271667,2,3.2,2.14164
14204,Robert Nguyen,4,16,12,2024,0,33.85154,-118.61691,2,2.4,1.60487
42484,Jennifer Murphy,4,16,12,2024,0,33.9149,-118.17239667,8,34.3,22.88914
83960,Elizabeth Williams DVM,4,16,12,2024,0,33.95714,-118.42884667,6,3.4,2.23809
70595,Ryan Williams,4,16,12,2024,0,33.89378,-118.20659,8,0.7,0.43455
28643,Shawn Fernandez,4,16,12,2024,0,33.83042,-118.44594333,3,1.6,1.07743
99170,Kenneth Jones,4,16,12,2024,0,34.16834,-118.30917,11,9.7,6.48164
17746,Jennifer Kaiser,4,16,12,2024,0,33.8093,-118.41175,1,3.3,2.16949
69572,Timothy Mejia,4,16,12,2024,0,34.2317,-118.29207333,11,47.6,31.70929
95717,Robert Wright,4,16,12,2024,0,34.0205,-118.27497667,7,2.0,1.31652
21638,Jerome Holder,4,16,12,2024,0,33.74594,-118.39465333,1,11.8,7.83524
46266,Stephen Garcia,4,16,12,2024,0,34.1261,-118.29207333,10,2.0,1.33412
42116,Donald Duncan,4,16,12,2024,0,33.87266,-118.42884667,3,2.7,1.77858
41084,Nicholas Mullins,4,16,12,2024,0,33.8093,-118.53142667,1,2.8,1.86412
73992,Allen Morgan,4,16,12,2024,0,33.87266,-118.54852333,2,0.3,0.20492
30417,Jason Potts,4,16,12,2024,0,33.99938,-118.39465333,6,1.1,0.72141
91810,Jessica Johnson,4,16,12,2024,0,33.78818,-118.46304,1,2.7,1.7732
39592,Connie Cook,4,16,12,2024,0,33.87266,-118.42884667,3,1.3,0.89732
49437,Alejandro Garcia,4,16,12,2024,0,34.04162,-118.25788,10,8.9,5.94466
84242,Christopher Bryant,4,16,12,2024,0,34.08386,-118.48013667,9,10.9,7.26531
21985,Tamara Hernandez,4,16,12,2024,0,34.10498,-118.27497667,10,3.3,2.20383
73942,Tony Gaines,4,16,12,2024,0,34.0205,-118.27497667,7,1.8,1.18724
25647,Sean Yoder,4,16,12,2024,0,33.99938,-118.37755667,6,0.5,0.36011
38516,Doris Cruz,4,16,12,2024,0,34.14722,-118.25788,11,41.2,27.487
64071,Tricia Holder,4,16,12,2024,0,33.9149,-118.58271667,2,0.9,0.60462
68633,Leroy Hall,4,16,12,2024,0,33.99938,-118.32626667,6,1.6,1.03802
59211,Amber Sanders,4,16,12,2024,0,33.8093,-118.48013667,1,0.6,0.36769
72487,Sarah Moore,4,16,12,2024,0,34.08386,-118.30917,10,1.9,1.27422
30224,Jackson Meadows,4,16,12,2024,0,34.08386,-118.39465333,9,3.4,2.29125
56878,William Fisher,4,16,12,2024,0,33.9149,-118.51433,3,1.1,0.7139
73130,Oscar Williams,4,16,12,2024,0,33.74594,-118.53142667,1,2.0,1.32814
11643,Jeremy Nelson,4,16,12,2024,0,33.99938,-118.49723333,5,1.6,1.0525
46786,Allen Fritz,4,16,12,2024,0,33.83042,-118.36046,4,2.3,1.5459
10728,Larry Bennett,4,16,12,2024,0,34.0205,-118.24078333,7,3.7,2.44131
53329,Justin Long,4,16,12,2024,0,33.97826,-118.18949333,8,14.0,9.34589
25975,Scott Barrera,4,16,12,2024,0,33.99938,-118.56562,5,2.8,1.8381
27623,William Knight,4,16,12,2024,0,33.95714,-118.56562,5,2.0,1.344
98856,Michael Marsh,4,16,12,2024,0,33.87266,-118.41175,3,2.5,1.66026
47720,Jordan Cuevas,4,16,12,2024,0,33.76706,-118.30917,4,5.0,3.30303
62284,Michael Thomas,4,16,12,2024,0,33.97826,-118.22368667,8,13.8,9.22253
24258,Stefanie Boyle,4,16,12,2024,0,33.93602,-118.30917,7,1.7,1.15879
67401,Amy Juarez,4,16,12,2024,0,34.10498,-118.39465333,9,2.1,1.37686
71948,Teresa Taylor,4,16,12,2024,0,33.83042,-118.51433,3,3.9,2.61452
22021,Kristy Garcia,4,16,12,2024,0,33.85154,-118.44594333,3,0.2,0.13813
92398,Scott Weeks,4,16,12,2024,0,33.99938,-118.42884667,6,0.5,0.357
77372,Patrick Graves,4,16,12,2024,0,33.93602,-118.20659,8,2.5,1.67115
49770,Michael Owens,4,16,12,2024,0,33.74594,-118.56562,2,3.4,2.27579
21836,Andrea Aguilar,4,16,12,2024,0,33.87266,-118.56562,2,1.9,1.28401
62138,Phyllis Perry,4,16,12,2024,0,34.08386,-118.42884667,9,0.3,0.21493
49549,Kelly Snyder,4,16,12,2024,0,33.83042,-118.56562,2,1.4,0.90686
41877,Allison Rasmussen,4,16,12,2024,0,33.74594,-118.49723333,1,3.1,2.08504
21284,Alexandra Hamilton PhD,4,16,12,2024,0,34.04162,-118.39465333,9,1.9,1.24248
72934,Nina Walker,4,16,12,2024,0,33.95714,-118.32626667,6,0.6,0.42605
86249,John Smith,4,16,12,2024,0,33.93602,-118.54852333,5,6.2,4.15729
63837,Austin Green,4,16,12,2024,0,34.04162,-118.29207333,10,6.7,4.46986
23331,David Davis,4,16,12,2024,0,34.04162,-118.22368667,10,7.2,4.81162
57704,David Thompson,4,16,12,2024,0,34.1261,-118.29207333,10,12.9,8.59205
57189,Jared Stone,4,16,12,2024,0,33.87266,-118.48013667,3,2.6,1.70928
82087,Grace Martin,4,16,12,2024,0,33.9149,-118.53142667,3,2.4,1.62044
62702,Cynthia George,4,16,12,2024,0,34.04162,-118.27497667,10,5.0,3.35407
18424,William Clark,4,16,12,2024,0,33.85154,-118.51433,3,0.3,0.21148
86889,Eugene Benson,4,16,12,2024,0,33.95714,-118.18949333,8,14.9,9.93149
82373,Mia May,4,16,12,2024,0,33.83042,-118.41175,3,4.1,2.70853
28541,Paul Smith,4,16,12,2024,0,34.2317,-118.22368667,11,36.3,24.1932
70193,Terri Morrow MD,4,16,12,2024,0,34.06274,-118.42884667,9,1.4,0.91538
24402,Justin Stone,4,16,12,2024,0,33.97826,-118.39465333,6,0.6,0.42385
88456,Adam Martin,4,16,12,2024,0,34.04162,-118.32626667,10,0.8,0.54088
22103,Nicole Gross,4,16,12,2024,0,33.93602,-118.22368667,8,0.7,0.4555
53842,Stanley Colon,4,16,12,2024,0,33.8093,-118.59981333,2,0.8,0.53757
82631,Erik Coleman,4,16,12,2024,0,33.85154,-118.53142667,3,0.7,0.495
63289,Theresa Richardson,4,16,12,2024,0,34.06274,-118.27497667,10,6.8,4.53179
88560,Aimee Mccoy,4,16,12,2024,0,33.76706,-118.42884667,1,3.9,2.61541
19493,Sylvia Ryan,4,16,12,2024,0,34.10498,-118.30917,10,2.1,1.38059
93606,Melissa Moore,4,16,12,2024,0,33.74594,-118.48013667,1,2.7,1.80018
90321,Greg Walker,4,16,12,2024,0,34.0205,-118.48013667,5,1.1,0.76183
35508,Allison Hughes,4,16,12,2024,0,33.99938,-118.48013667,5,0.3,0.21003
88495,Amber Li,4,16,12,2024,0,34.04162,-118.39465333,9,3.2,2.14271
10367,Sherry Rhodes,4,16,12,2024,0,33.89378,-118.32626667,4,2.9,1.96516
41463,Mark Clarke,4,16,12,2024,0,33.93602,-118.37755667,6,0.6,0.41358
15818,Sean Tucker,4,16,12,2024,0,33.95714,-118.32626667,6,2.6,1.73736
27753,Jesse Stewart,4,16,12,2024,0,33.95714,-118.56562,5,2.6,1.74476
37654,Sharon Kline,4,16,12,2024,0,33.89378,-118.36046,4,4.2,2.80196
14503,Jessica Hancock,4,16,12,2024,0,33.74594,-118.51433,1,1.7,1.11683
34035,Amber Dawson,4,16,12,2024,0,33.76706,-118.59981333,2,1.2,0.81963
82976,Michael Casey,4,16,12,2024,0,34.0205,-118.37755667,6,2.3,1.52882
29896,Robert Chapman,4,16,12,2024,0,33.83042,-118.44594333,3,4.3,2.89089
52100,Jeffrey Olsen,4,16,12,2024,0,34.08386,-118.27497667,10,4.6,3.03851
68226,Kim Patrick,4,16,12,2024,0,33.78818,-118.51433,1,0.6,0.36774
96218,Nicholas Taylor,4,16,12,2024,0,33.89378,-118.37755667,4,5.1,3.3995
51200,Lori Perez,4,16,12,2024,0,33.89378,-118.46304,3,0.6,0.41545
35454,George Chapman,4,16,12,2024,0,34.08386,-118.22368667,10,13.7,9.10625
76777,Anthony Moore,4,16,12,2024,0,33.89378,-118.22368667,8,2.6,1.71654
32385,Kimberly Spencer,4,16,12,2024,0,33.89378,-118.18949333,8,1.6,1.08729
39020,Geoffrey Torres,4,16,12,2024,0,33.74594,-118.51433,1,0.9,0.59838
45412,Joe Guerrero,4,16,12,2024,0,33.9149,-118.36046,4,0.2,0.16437
12376,Sarah Harper,4,16,12,2024,0,33.83042,-118.39465333,3,1.3,0.84881
87526,Monica Watson,4,16,12,2024,0,33.99938,-118.20659,8,11.8,7.87238
56553,Shawn Cochran,4,16,12,2024,0,33.74594,-118.42884667,1,13.7,9.14188
13033,Kaitlyn James,4,16,12,2024,0,33.99938,-118.24078333,7,6.0,4.00668
93616,John Blake,4,16,12,2024,0,33.78818,-118.61691,2,1.5,0.98126
69415,James Bryant,4,16,12,2024,0,33.97826,-118.44594333,6,0.8,0.51476
44374,Sarah Bentley,4,16,12,2024,0,34.04162,-118.49723333,9,7.6,5.05414
18343,Abigail White,4,16,12,2024,0,33.78818,-118.48013667,1,2.0,1.35099
28931,Brittany Guzman,4,16,12,2024,0,33.99938,-118.36046,6,2.8,1.86729
25653,Tiffany Clark,4,16,12,2024,0,33.7037,-118.46304,1,2.0,1.30104
72632,Richard Lopez,4,16,12,2024,0,34.06274,-118.32626667,10,2.2,1.45644
67399,Mary Moore,4,16,12,2024,0,33.97826,-118.27497667,7,3.5,2.33438
34657,Anthony Duran,4,16,12,2024,0,34.0205,-118.32626667,6,1.7,1.16254
23015,Brian Hensley,4,16,12,2024,0,34.06274,-118.22368667,10,13.4,8.93856
85700,Mark Clay,4,16,12,2024,0,34.18946,-118.29207333,11,39.5,26.31783
98176,Adam Mitchell,4,16,12,2024,0,34.14722,-118.27497667,11,40.1,26.73787
16830,Ryan Johnson,4,16,12,2024,0,33.76706,-118.58271667,2,5.6,3.73101
66670,Adam Weiss,4,16,12,2024,0,33.87266,-118.53142667,3,2.2,1.47329
76828,Randall Bond,4,16,12,2024,0,33.76706,-118.41175,1,13.8,9.21667
82735,Marcus Price,4,16,12,2024,0,33.83042,-118.49723333,3,1.2,0.79874
91757,John Barnett,4,16,12,2024,0,33.7037,-118.41175,1,13.3,8.84976
22405,Dawn Brown,4,16,12,2024,0,34.08386,-118.32626667,10,0.4,0.25789
44163,Haley Jenkins,4,16,12,2024,0,34.2317,-118.24078333,11,48.5,32.31688
63462,Danielle Macdonald,4,16,12,2024,0,33.8093,-118.41175,1,0.6,0.40452
16435,Katherine Martinez,4,16,12,2024,0,34.04162,-118.34336333,10,2.5,1.65055
55861,Justin Bell,4,16,12,2024,0,33.85154,-118.37755667,4,1.5,0.9802
42412,Sarah Nielsen,4,16,12,2024,0,34.16834,-118.29207333,11,35.3,23.52101
34763,Jill Cruz,4,16,12,2024,0,33.9149,-118.29207333,4,1.3,0.83336
45191,Heather Wilson,4,16,12,2024,0,34.0205,-118.25788,7,1.0,0.68904
57773,Brandon Martinez DVM,4,16,12,2024,0,33.95714,-118.54852333,5,5.7,3.8181
73427,Brian Burke,4,16,12,2024,0,33.89378,-118.54852333,2,2.3,1.54212
51173,David Young,4,16,12,2024,0,34.16834,-118.30917,11,10.7,7.11925
35676,Benjamin Moon,4,16,12,2024,0,33.7037,-118.41175,1,14.4,9.57174
35145,Anthony Taylor,4,16,12,2024,0,33.7037,-118.48013667,1,1.8,1.18615
61727,Richard Wiley,4,16,12,2024,0,34.06274,-118.25788,10,8.2,5.43645
23932,Cameron Smith,4,16,12,2024,0,33.99938,-118.39465333,6,0.9,0.58285
55682,Juan Lopez,4,16,12,2024,0,33.74594,-118.58271667,2,0.8,0.52013
41435,Joseph Baker,4,16,12,2024,0,34.0205,-118.29207333,7,3.5,2.34256
72667,Justin Hodges,4,16,12,2024,0,34.08386,-118.30917,10,2.5,1.66531
66200,Lisa Frazier,4,16,12,2024,0,33.8093,-118.42884667,1,4.8,3.20406
44948,Kevin Nguyen,4,16,12,2024,0,33.95714,-118.39465333,6,0.6,0.37807
25514,Daniel Taylor,4,16,12,2024,0,33.9149,-118.18949333,8,2.6,1.75432
23858,Cody Wong,4,16,12,2024,0,33.9149,-118.48013667,3,1.8,1.17539
58932,Garrett Arnold,4,16,12,2024,0,33.78818,-118.29207333,4,9.5,6.3199
39185,Robert Daniel,4,16,12,2024,0,34.0205,-118.42884667,6,0.7,0.48514
43025,Margaret Carter,4,16,12,2024,0,33.87266,-118.61691,2,1.1,0.75025
93135,Brittany Rojas,4,16,12,2024,0,34.1261,-118.30917,10,2.9,1.95622
36652,Sara Miller,4,16,12,2024,0,33.93602,-118.44594333,6,0.8,0.5356
39069,George Carter,4,16,12,2024,0,34.0205,-118.54852333,5,2.7,1.77637
17045,Frank Williams,4,16,12,2024,0,33.78818,-118.51433,1,0.3,0.233
54097,James Stephens,4,16,12,2024,0,34.06274,-118.42884667,9,1.7,1.1541
66113,Donna Rodriguez,4,16,12,2024,0,34.10498,-118.41175,9,1.6,1.0856
74468,Kyle Davies,4,16,12,2024,0,33.93602,-118.39465333,6,1.2,0.78018
57265,Jennifer Maxwell,4,16,12,2024,0,33.97826,-118.36046,6,2.5,1.63539
33421,William Gray,4,16,12,2024,0,33.89378,-118.59981333,2,5.0,3.3265
17624,Adam Adams,4,16,12,2024,0,33.85154,-118.36046,4,3.5,2.34714
75358,Brianna Johnson,4,16,12,2024,0,33.83042,-118.63400667,2,1.8,1.17618
12052,Cody Alvarez,4,16,12,2024,0,34.14722,-118.27497667,11,32.4,21.58404
89795,Brittany Smith,4,16,12,2024,0,33.76706,-118.54852333,1,3.7,2.48306
75836,Anne Pineda,4,16,12,2024,0,33.97826,-118.36046,6,1.7,1.1145
56797,Carl Cook,4,16,12,2024,0,33.78818,-118.54852333,1,2.8,1.85453
23763,Jeanette Barrett,4,16,12,2024,0,33.89378,-118.22368667,8,0.3,0.2182
28077,Tyler Cooper,4,16,12,2024,0,33.95714,-118.58271667,5,2.0,1.33097
50433,Ashley Brown,4,16,12,2024,0,33.97826,-118.36046,6,0.4,0.27241
75430,Mark Ramirez,4,16,12,2024,0,33.9149,-118.36046,4,1.6,1.05407
77327,Mrs. Tiffany Mccann,4,16,12,2024,0,33.93602,-118.1553,8,25.4,16.91462
35238,Christina Stephenson,4,16,12,2024,0,34.16834,-118.29207333,11,44.3,29.56285
13262,Victoria White,4,16,12,2024,0,33.9149,-118.22368667,8,2.2,1.45128
73144,Beth Ward,4,16,12,2024,0,33.99938,-118.53142667,5,0.9,0.60464
46635,Michelle Francis,4,16,12,2024,0,33.97826,-118.37755667,6,3.5,2.31017
20014,Nathan Morris,4,16,12,2024,0,33.76706,-118.51433,1,1.6,1.06548
12597,Jennifer Rose,4,16,12,2024,0,33.99938,-118.18949333,8,14.2,9.44815
39447,Daniel Arnold,4,16,12,2024,0,34.06274,-118.34336333,10,4.1,2.71209
36123,Karen Davis,4,16,12,2024,0,33.87266,-118.59981333,2,0.4,0.24713
19435,Benjamin Sullivan,4,16,12,2024,0,33.72482,-118.42884667,1,11.1,7.3668
55163,Bonnie Nunez,4,16,12,2024,0,34.1261,-118.42884667,9,3.4,2.28547
98809,Martin Diaz,4,16,12,2024,0,34.16834,-118.29207333,11,38.2,25.46599
99529,Justin Martinez,4,16,12,2024,0,34.0205,-118.41175,6,2.2,1.4569
49106,Samantha Hernandez,4,16,12,2024,0,33.8093,-118.32626667,4,11.6,7.72401
79585,Jimmy Ware,4,16,12,2024,0,33.87266,-118.53142667,3,3.0,1.99221
37628,Timothy Hicks,4,16,12,2024,0,33.7037,-118.44594333,1,2.6,1.7248
74292,Kenneth Zimmerman,4,16,12,2024,0,33.95714,-118.1553,8,20.6,13.73922
64918,Janet Flores,4,16,12,2024,0,34.06274,-118.24078333,10,6.3,4.16878
26227,Michael Reed,4,16,12,2024,0,33.8093,-118.46304,1,1.4,0.93051
50121,Jeremy Lee,4,16,12,2024,0,33.99938,-118.44594333,6,2.0,1.31991
17276,Randy Williams,4,16,12,2024,0,33.76706,-118.32626667,4,14.6,9.76032
99116,Robert Park,4,16,12,2024,0,33.85154,-118.46304,3,0.9,0.5728
77631,Gregory Jones,4,16,12,2024,0,33.78818,-118.27497667,4,13.7,9.12647
84683,Jennifer Hart,4,16,12,2024,0,34.04162,-118.30917,10,3.3,2.19989
88785,Joshua Jones,4,16,12,2024,0,33.85154,-118.59981333,2,2.1,1.4129
84909,Jill Mueller,4,16,12,2024,0,33.93602,-118.17239667,8,28.8,19.16778
80221,Anthony Estrada,4,16,12,2024,0,33.87266,-118.44594333,3,2.4,1.60302
52464,Richard Sanders,4,16,12,2024,0,33.93602,-118.34336333,6,2.3,1.55959
44276,Michael Brown,4,16,12,2024,0,33.78818,-118.56562,2,8.5,5.63465
22367,Jeffrey May,4,16,12,2024,0,33.89378,-118.27497667,4,2.2,1.47512
65947,Daniel Reilly,4,16,12,2024,0,33.99938,-118.30917,7,1.7,1.10618
52160,Lauren Howard,4,16,12,2024,0,33.87266,-118.65110333,2,3.6,2.41454
66922,Russell Cook,4,16,12,2024,0,33.99938,-118.51433,5,2.3,1.53487
30279,Sarah Anthony,4,16,12,2024,0,33.93602,-118.54852333,5,1.6,1.09651
20691,Sarah Hudson,4,16,12,2024,0,33.74594,-118.44594333,1,6.7,4.46342
43748,Diane Bridges,4,16,12,2024,0,34.08386,-118.41175,9,2.0,1.30675
35784,Ronald Andrews,4,16,12,2024,0,33.8093,-118.37755667,4,4.6,3.08125
92889,Rachel Smith,4,16,12,2024,0,34.04162,-118.49723333,9,14.2,9.49003
69895,Susan Andrews,4,16,12,2024,0,33.76706,-118.48013667,1,0.9,0.62427
65073,Kristin Rodriguez,4,16,12,2024,0,33.99938,-118.41175,6,1.6,1.07391
79365,Hannah Rios,4,16,12,2024,0,33.89378,-118.32626667,4,6.0,4.01658
75382,Benjamin Davidson,4,16,12,2024,0,33.8093,-118.51433,1,1.5,1.00577
43809,Susan Gonzalez,4,16,12,2024,0,33.8093,-118.46304,1,1.2,0.83193
17079,Jacob Oconnor,4,16,12,2024,0,33.95714,-118.41175,6,1.4,0.96329
35219,Samantha Jenkins,4,16,12,2024,0,33.9149,-118.27497667,4,5.7,3.81967
21957,Joseph Lopez,4,16,12,2024,0,34.06274,-118.22368667,10,13.6,9.0832
53212,Jordan Turner,4,16,12,2024,0,33.95714,-118.22368667,8,1.1,0.72428
49442,William Smith,4,16,12,2024,0,33.87266,-118.29207333,4,4.0,2.67462
57741,Mrs. Sandra Wade,4,16,12,2024,0,34.06274,-118.29207333,10,4.3,2.88918
54775,Matthew Smith,4,16,12,2024,0,33.76706,-118.27497667,4,12.5,8.30941
52060,Andrew Villegas,4,16,12,2024,0,33.99938,-118.29207333,7,5.2,3.47461
30523,Eric Holmes,4,16,12,2024,0,33.85154,-118.34336333,4,3.4,2.2442
95637,James Thompson,4,16,12,2024,0,33.87266,-118.49723333,3,2.2,1.43821
78760,Mariah Sims,4,16,12,2024,0,33.74594,-118.51433,1,2.8,1.8784
48265,Joseph Hanson,4,16,12,2024,0,33.87266,-118.42884667,3,2.1,1.37854
31866,Kelly Johnson,4,16,12,2024,0,33.9149,-118.22368667,8,1.6,1.04866
34022,Morgan Patel,4,16,12,2024,0,34.0205,-118.44594333,6,1.2,0.80724
20455,Vincent Tapia,4,16,12,2024,0,33.9149,-118.44594333,3,1.2,0.78136
60470,Erin Wood,4,16,12,2024,0,33.87266,-118.56562,2,2.0,1.36235
92274,Timothy Baker,4,16,12,2024,0,33.9149,-118.27497667,4,3.0,1.979
92325,Shelly Smith,4,16,12,2024,0,34.0205,-118.34336333,6,2.6,1.71742
75632,Gabriela Shaffer,4,16,12,2024,0,34.10498,-118.25788,10,15.0,9.97446
25452,Jennifer White,4,16,12,2024,0,33.95714,-118.42884667,6,2.4,1.59842
24474,Teresa Flores,4,16,12,2024,0,33.8093,-118.44594333,1,2.1,1.39957
76523,Kevin Jimenez,4,16,12,2024,0,34.18946,-118.27497667,11,40.0,26.63889
91114,Todd Davis,4,16,12,2024,0,33.78818,-118.42884667,1,1.2,0.78301
35366,Cindy Spencer,4,16,12,2024,0,33.85154,-118.42884667,3,0.2,0.1298
64898,Mary Torres,4,16,12,2024,0,34.10498,-118.30917,10,0.7,0.48176
57855,Stephanie Sanchez,4,16,12,2024,0,34.18946,-118.30917,11,7.7,5.12285
85944,Kristen Russell,4,16,12,2024,0,33.78818,-118.39465333,1,10.1,6.71554
25254,Sara Bell,4,16,12,2024,0,34.10498,-118.25788,10,7.6,5.0893
90073,Mrs. Carmen Chavez,4,16,12,2024,0,33.93602,-118.37755667,6,1.2,0.79109
65617,Stephen Ortiz,4,16,12,2024,0,33.89378,-118.54852333,2,1.1,0.72545
74700,Natalie Duncan,4,16,12,2024,0,33.9149,-118.34336333,4,5.8,3.89182
53176,Michael Woodard,4,16,12,2024,0,33.97826,-118.53142667,5,2.9,1.93097
77881,William Sanders,4,16,12,2024,0,33.83042,-118.6682,2,10.5,7.02193
84192,Elizabeth Reilly,4,16,12,2024,0,34.0205,-118.36046,6,2.2,1.44225
98796,Cathy Collins,4,16,12,2024,0,33.87266,-118.58271667,2,6.4,4.29921
10886,James Pratt,4,16,12,2024,0,33.99938,-118.44594333,6,1.1,0.70859
95911,Katherine Gray,4,16,12,2024,0,33.9149,-118.34336333,4,2.9,1.91089
74211,Laura Wagner,4,16,12,2024,0,33.78818,-118.32626667,4,5.0,3.31537
79734,Angela Sutton,4,16,12,2024,0,33.85154,-118.49723333,3,5.0,3.32074
40733,Greg Martin,4,16,12,2024,0,34.04162,-118.51433,9,3.5,2.35006
53559,Laura Morgan,4,16,12,2024,0,34.10498,-118.41175,9,2.0,1.32577
32313,Seth Lawson,4,16,12,2024,0,34.10498,-118.37755667,9,0.9,0.63124
14981,Amy Henry,4,16,12,2024,0,33.83042,-118.34336333,4,3.1,2.05641
30361,Beth Smith,4,16,12,2024,0,33.87266,-118.61691,2,2.0,1.34547
15433,Douglas Rollins,4,16,12,2024,0,33.89378,-118.18949333,8,1.9,1.24087
16696,Carlos Lee,4,16,12,2024,0,33.78818,-118.41175,1,0.6,0.43129
20824,Bernard Payne,4,16,12,2024,0,33.93602,-118.49723333,5,6.5,4.33839
50761,Kelly Rose,4,16,12,2024,0,34.10498,-118.30917,10,1.7,1.1585
75254,Michele Nelson,4,16,12,2024,0,34.0205,-118.39465333,6,4.0,2.68402
98005,Jeffery Andrews,4,16,12,2024,0,33.93602,-118.27497667,7,2.9,1.93882
77080,Brian Jones,4,16,12,2024,0,33.74594,-118.48013667,1,2.2,1.44103
68983,Mary Gray,4,16,12,2024,0,33.89378,-118.41175,3,1.2,0.80445
48435,Benjamin Spencer,4,16,12,2024,0,33.83042,-118.44594333,3,1.7,1.15962
87120,Karla Leblanc,4,16,12,2024,0,34.29506,-118.30917,11,52.5,34.96856
51924,Jonathan Johnson,4,16,12,2024,0,34.10498,-118.49723333,9,13.6,9.04477
76137,Megan Christian,4,16,12,2024,0,34.10498,-118.29207333,10,3.4,2.25578
71290,Nicole Ferrell,4,16,12,2024,0,33.87266,-118.34336333,4,5.4,3.56914
50255,Angela Hill,4,16,12,2024,0,34.08386,-118.24078333,10,11.8,7.88039
39880,John Mcbride,4,16,12,2024,0,33.99938,-118.30917,7,0.8,0.50151
89087,Elizabeth Lane,4,16,12,2024,0,34.16834,-118.27497667,11,37.5,24.99379
88041,Felicia Carter,4,16,12,2024,0,33.97826,-118.46304,6,2.1,1.43241
69156,Monique Phillips,4,16,12,2024,0,33.95714,-118.18949333,8,21.8,14.55409
50735,Jason Wang,4,16,12,2024,0,34.21058,-118.27497667,11,50.1,33.39561
75236,Ethan Buchanan,4,16,12,2024,0,33.83042,-118.48013667,3,2.5,1.66811
94406,William Perry,4,16,12,2024,0,33.9149,-118.39465333,3,2.0,1.33941
65211,Lisa Diaz,4,16,12,2024,0,34.0205,-118.49723333,5,11.0,7.34923
37968,Christine Mcdonald,4,16,12,2024,0,33.89378,-118.41175,3,3.7,2.45854
59409,Jennifer Kline,4,16,12,2024,0,33.97826,-118.30917,7,1.3,0.88543
10722,Amy Kent,4,16,12,2024,0,33.83042,-118.37755667,4,4.5,2.9671
83964,Andrew Richards,4,16,12,2024,0,33.8093,-118.58271667,2,2.3,1.54422
83393,Helen Clark,4,16,12,2024,0,33.83042,-118.61691,2,0.6,0.41653
64752,Paula Pena,4,16,12,2024,0,34.0205,-118.30917,7,1.3,0.86983
51847,Steven Brooks,4,16,12,2024,0,33.95714,-118.24078333,7,2.0,1.33953
28107,James Hobbs,4,16,12,2024,0,33.74594,-118.49723333,1,1.2,0.82945
86227,Mark Benitez,4,16,12,2024,0,33.87266,-118.58271667,2,4.4,2.92464
70247,Matthew Pierce,4,16,12,2024,0,33.85154,-118.34336333,4,5.4,3.62718
41679,Christian Mann,4,16,12,2024,0,34.0205,-118.39465333,6,2.2,1.47579
58758,Kent Moore,4,16,12,2024,0,33.85154,-118.41175,3,4.3,2.88744
69917,Stephanie Walters,4,16,12,2024,0,33.89378,-118.61691,2,2.7,1.82132
60197,Kimberly Webb,4,16,12,2024,0,34.08386,-118.25788,10,2.4,1.60636
19877,Barbara White,4,16,12,2024,0,34.04162,-118.24078333,10,11.7,7.81776
69157,Kelly Wells,4,16,12,2024,0,34.0205,-118.56562,5,1.5,1.0272
52414,Thomas Young,4,16,12,2024,0,33.9149,-118.17239667,8,30.0,19.99543
76757,Robyn Taylor,4,16,12,2024,0,34.31618,-118.29207333,11,58.6,39.0423
18608,Christopher Nguyen,4,16,12,2024,0,33.9149,-118.39465333,3,0.6,0.42119
35754,Miss Kelly Brown,4,16,12,2024,0,33.8093,-118.56562,2,3.7,2.43404
67592,David Brown,4,16,12,2024,0,34.08386,-118.41175,9,3.1,2.07997
89830,Ms. Deborah Logan,4,16,12,2024,0,33.8093,-118.37755667,4,5.9,3.90411
54025,Lynn James,4,16,12,2024,0,33.9149,-118.54852333,2,0.8,0.50914
13250,Eric Benitez,4,16,12,2024,0,33.97826,-118.51433,5,2.5,1.66695
85628,Kyle Taylor,4,16,12,2024,0,33.99938,-118.27497667,7,0.7,0.48114
71005,Catherine Ward,4,16,12,2024,0,33.97826,-118.32626667,6,2.0,1.32261
56781,Shane Jackson,4,16,12,2024,0,34.10498,-118.27497667,10,6.9,4.61635
93365,Mark Jacobs,4,16,12,2024,0,33.89378,-118.56562,2,0.4,0.27444
78708,Alan Ross,4,16,12,2024,0,34.0205,-118.46304,6,1.4,0.95455
97508,Gabriel Underwood,4,16,12,2024,0,34.06274,-118.37755667,9,0.6,0.37258
13362,Derek Hudson,4,16,12,2024,0,33.99938,-118.34336333,6,0.7,0.47118
30072,Michael Martin,4,16,12,2024,0,33.7037,-118.48013667,1,6.4,4.26779
84085,Katherine Ramos,4,16,12,2024,0,33.9149,-118.20659,8,0.6,0.42429
66932,Andrew Singh,4,16,12,2024,0,34.0205,-118.46304,6,2.1,1.40211
28120,Kim Lane,4,16,12,2024,0,34.06274,-118.41175,9,2.2,1.49042
38920,Shirley Martin,4,16,12,2024,0,34.1261,-118.27497667,10,10.7,7.14405
75281,Kathryn Petersen,4,16,12,2024,0,34.04162,-118.27497667,10,5.5,3.65112
83573,Julie Kim,4,16,12,2024,0,34.27394,-118.24078333,11,49.8,33.22891
53064,Mark Skinner,4,16,12,2024,0,33.93602,-118.17239667,8,27.8,18.53366
39705,Timothy Davis,4,16,12,2024,0,33.85154,-118.48013667,3,0.8,0.50687
93873,Kurt Meyers,4,16,12,2024,0,33.85154,-118.51433,3,0.3,0.21
42423,Whitney Cabrera,4,16,12,2024,0,33.72482,-118.44594333,1,13.0,8.69746
56971,Sara Turner,4,16,12,2024,0,33.9149,-118.30917,4,3.8,2.50329
97328,Michael Miller,4,16,12,2024,0,34.0205,-118.37755667,6,1.4,0.93321
26027,Randy Chambers,4,16,12,2024,0,33.9149,-118.32626667,4,1.1,0.72718
71684,Daniel Ray,4,16,12,2024,0,33.95714,-118.24078333,7,2.2,1.49642
79723,Rebecca Ramsey,4,16,12,2024,0,33.93602,-118.51433,5,7.6,5.08014
99922,Joshua Costa,4,16,12,2024,0,34.14722,-118.30917,11,6.5,4.3018
46141,Zoe Young PhD,4,16,12,2024,0,34.10498,-118.25788,10,12.9,8.56849
74901,Diana Jackson,4,16,12,2024,0,33.97826,-118.41175,6,2.4,1.59425
67449,Stephen Holmes,4,16,12,2024,0,33.87266,-118.49723333,3,1.0,0.68654
23302,James Weaver,4,16,12,2024,0,33.93602,-118.42884667,6,2.7,1.7731
55013,Ashley Grant,4,16,12,2024,0,33.85154,-118.6682,2,12.9,8.62483
42037,Abigail Smith,4,16,12,2024,0,33.7037,-118.48013667,1,4.3,2.89369
87174,Derrick Donovan,4,16,12,2024,0,34.04162,-118.44594333,9,2.5,1.67764
31144,David Porter,4,16,12,2024,0,34.10498,-118.22368667,10,14.0,9.32874
31053,Dylan Thompson,4,16,12,2024,0,33.78818,-118.49723333,1,2.3,1.56593
20977,Natalie Young,4,16,12,2024,0,34.10498,-118.24078333,10,14.2,9.47223
50014,Taylor Anthony,4,16,12,2024,0,34.10498,-118.37755667,9,3.2,2.10736
99265,Jonathan Maxwell,4,16,12,2024,0,33.89378,-118.58271667,2,4.0,2.68547
10920,Terry Huang,4,16,12,2024,0,33.97826,-118.29207333,7,2.9,1.9524
79037,Kevin Livingston,4,16,12,2024,0,33.97826,-118.30917,7,1.8,1.18878
26447,Brian Williams,4,16,12,2024,0,34.08386,-118.41175,9,3.2,2.1167
18026,Douglas Bates,4,16,12,2024,0,34.06274,-118.34336333,10,1.2,0.79619
42881,Matthew Turner,4,16,12,2024,0,33.72482,-118.42884667,1,14.7,9.81605
48835,Jacqueline House,4,16,12,2024,0,33.76706,-118.56562,2,1.1,0.71383
72455,Allison Lozano,4,16,12,2024,0,33.85154,-118.65110333,2,1.1,0.71367
81447,John Howard,4,16,12,2024,0,34.31618,-118.24078333,11,55.2,36.80997
99850,Brandon Parker,4,16,12,2024,0,33.97826,-118.27497667,7,3.0,2.0231
23160,Jacob Hurley,4,16,12,2024,0,34.2317,-118.27497667,11,40.0,26.66618
75673,Carolyn Mosley,4,16,12,2024,0,33.7037,-118.49723333,1,7.3,4.88307
13856,Michael Carlson,4,16,12,2024,0,33.78818,-118.46304,1,0.5,0.31747
98375,Terri Weiss,4,16,12,2024,0,33.95714,-118.53142667,5,3.2,2.10952
20495,Michelle Dawson,4,16,12,2024,0,33.8093,-118.27497667,4,13.1,8.73486
78055,Deborah Brandt,4,16,12,2024,0,34.1261,-118.30917,10,1.0,0.66596
64212,Jennifer Campbell,4,16,12,2024,0,33.87266,-118.32626667,4,2.1,1.3856
12966,Anthony Woods,4,16,12,2024,0,33.9149,-118.37755667,4,0.2,0.15079
28966,Tony Martin,4,16,12,2024,0,34.10498,-118.29207333,10,1.3,0.88454
15896,Richard Reed,4,16,12,2024,0,33.87266,-118.46304,3,1.3,0.88163
34009,Donald Hodges,4,16,12,2024,0,34.29506,-118.27497667,11,59.1,39.3828
79762,Joshua Schroeder,4,16,12,2024,0,33.99938,-118.18949333,8,12.0,8.00023
44129,Mr. Alfred Callahan MD,4,16,12,2024,0,33.85154,-118.36046,4,1.4,0.94659
61698,Anthony Vega,4,16,12,2024,0,33.97826,-118.53142667,5,6.5,4.35849
10165,Laurie Jacobs,4,16,12,2024,0,33.97826,-118.17239667,8,11.9,7.95284
98525,Gina Williams,4,16,12,2024,0,33.99938,-118.36046,6,3.6,2.41183
32472,Heather Pratt MD,4,16,12,2024,0,34.04162,-118.37755667,9,0.5,0.31629
86757,Elizabeth Blackwell,4,16,12,2024,0,34.25282,-118.24078333,11,48.3,32.22884
56106,Lisa Bullock,4,16,12,2024,0,33.87266,-118.51433,3,0.9,0.62804
58405,Jenna Waller,4,16,12,2024,0,33.89378,-118.29207333,4,3.3,2.1747
32624,Thomas Lopez,4,16,12,2024,0,33.8093,-118.36046,4,3.6,2.37902
89470,Mandy Soto,4,16,12,2024,0,34.06274,-118.46304,9,4.9,3.26368
17355,Tyler Matthews,4,16,12,2024,0,34.2317,-118.25788,11,54.0,35.98889
75879,Krystal Hines,4,16,12,2024,0,33.7037,-118.44594333,1,14.6,9.75805
73655,Teresa Stephens,4,16,12,2024,0,33.74594,-118.46304,1,3.4,2.25174
59581,David Casey,4,16,12,2024,0,33.9149,-118.42884667,3,0.3,0.21751
73372,Susan Sanders,4,16,12,2024,0,34.0205,-118.48013667,5,1.0,0.68995
48120,Elizabeth Nielsen,5,16,12,2024,1,34.06274,-118.37755667,9,3.2,2.11204
21475,Susan Cox,5,16,12,2024,1,34.06274,-118.46304,9,14.8,9.89491
12534,Elizabeth Lawrence DDS,5,16,12,2024,1,33.9149,-118.24078333,4,1.7,1.13135
62322,Ashley Lewis,5,16,12,2024,1,33.93602,-118.46304,6,1.8,1.20247
44094,Sean Scott,5,16,12,2024,1,33.87266,-118.30917,4,5.3,3.56314
70854,William Strickland,5,16,12,2024,1,34.06274,-118.42884667,9,3.5,2.3541
58575,Bryan Bell,5,16,12,2024,1,33.9149,-118.56562,2,7.7,5.15456
26570,Matthew Watson,5,16,12,2024,1,34.04162,-118.29207333,10,3.3,2.22271
40510,Brittany Davila,5,16,12,2024,1,34.04162,-118.27497667,10,0.6,0.38578
17193,Jennifer Simmons,5,16,12,2024,1,33.85154,-118.34336333,4,5.6,3.71901
32451,Amanda Tucker,5,16,12,2024,1,34.10498,-118.27497667,10,3.1,2.08413
49362,Nichole Chapman,5,16,12,2024,1,33.89378,-118.56562,2,1.5,0.97974
69868,Megan Ware,5,16,12,2024,1,33.8093,-118.49723333,1,1.7,1.14634
22295,Benjamin Marsh,5,16,12,2024,1,33.99938,-118.44594333,6,1.0,0.67356
27526,Chad Smith,5,16,12,2024,1,33.78818,-118.46304,1,3.0,2.00952
62672,Rhonda Gray,5,16,12,2024,1,33.87266,-118.63400667,2,4.7,3.14847
26562,Daniel Martin,5,16,12,2024,1,34.31618,-118.30917,11,58.4,38.95277
57908,Miss Gina Parker,5,16,12,2024,1,33.89378,-118.36046,4,3.0,2.00268
14007,Michael Glover,5,16,12,2024,1,33.8093,-118.65110333,2,8.7,5.8198
74612,Kayla Wallace DVM,5,16,12,2024,1,33.9149,-118.17239667,8,35.2,23.49135
41634,Amy Lang,5,16,12,2024,1,34.18946,-118.29207333,11,46.7,31.16228
34257,Cindy Robbins,5,16,12,2024,1,34.10498,-118.24078333,10,14.6,9.72229
85312,Deborah Santana,5,16,12,2024,1,34.08386,-118.37755667,9,5.7,3.78892
61441,Jeremy Rhodes,5,16,12,2024,1,34.04162,-118.30917,10,2.7,1.80501
58115,Gregory Clark,5,16,12,2024,1,34.04162,-118.49723333,9,6.6,4.42155
92302,Marissa Johnson,5,16,12,2024,1,34.10498,-118.29207333,10,3.2,2.10297
83193,Alexander Rivas,5,16,12,2024,1,33.93602,-118.54852333,5,1.7,1.16617
59546,Nathan Copeland,5,16,12,2024,1,33.89378,-118.48013667,3,2.3,1.55928
85094,Cynthia Petersen,5,16,12,2024,1,34.04162,-118.25788,10,3.6,2.42833
94370,James Ritter,5,16,12,2024,1,34.06274,-118.39465333,9,3.1,2.0438
23756,Kimberly Craig,5,16,12,2024,1,34.08386,-118.39465333,9,0.4,0.27526
26114,Sarah Mayo,5,16,12,2024,1,33.89378,-118.29207333,4,5.3,3.56589
85106,Samuel Foster,5,16,12,2024,1,33.95714,-118.36046,6,2.7,1.8197
15745,Andrew Landry,5,16,12,2024,1,33.78818,-118.61691,2,2.3,1.56253
38666,Laura Smith,5,16,12,2024,1,33.9149,-118.36046,4,1.9,1.24288
50971,Julie Graves,5,16,12,2024,1,34.1261,-118.48013667,9,13.1,8.76141
97791,Lisa Baker,5,16,12,2024,1,33.95714,-118.48013667,5,2.0,1.36074
70875,Sherry Phillips,5,16,12,2024,1,34.21058,-118.29207333,11,51.3,34.17999
25982,Edward Serrano,5,16,12,2024,1,33.89378,-118.20659,8,2.7,1.78908
50699,John Anderson,5,16,12,2024,1,34.16834,-118.30917,11,10.5,6.99458
91276,Mrs. Jamie Carter,5,16,12,2024,1,33.78818,-118.30917,4,4.1,2.70745
90877,Rebecca Hoover,5,16,12,2024,1,33.85154,-118.63400667,2,2.7,1.82629
89410,Stephanie Mcconnell,5,16,12,2024,1,33.9149,-118.27497667,4,4.4,2.92789
20246,Christopher Schroeder,5,16,12,2024,1,33.78818,-118.56562,2,1.4,0.93088
51128,Daniel Rodriguez,5,16,12,2024,1,34.10498,-118.46304,9,3.3,2.18499
52215,Gregory Stanley,5,16,12,2024,1,34.08386,-118.27497667,10,3.6,2.41037
56439,Chelsea Crawford,5,16,12,2024,1,34.10498,-118.39465333,9,0.4,0.25888
57088,Jillian Miller MD,5,16,12,2024,1,33.95714,-118.27497667,7,1.8,1.18474
52575,Melissa Davis,5,16,12,2024,1,33.95714,-118.49723333,5,0.2,0.13441
66037,Patricia Smith,5,16,12,2024,1,33.78818,-118.51433,1,2.0,1.32801
40216,William Cordova,5,16,12,2024,1,34.04162,-118.51433,9,14.9,9.94546
67353,Jennifer Hernandez,5,16,12,2024,1,33.97826,-118.22368667,8,8.5,5.67135
59783,Samantha Roberson,5,16,12,2024,1,33.8093,-118.32626667,4,0.5,0.31698
50162,Andrew Williams,5,16,12,2024,1,34.29506,-118.27497667,11,46.7,31.15649
10564,Jennifer Rodriguez,5,16,12,2024,1,33.76706,-118.39465333,1,4.3,2.89085
23508,Scott Baker,5,16,12,2024,1,34.10498,-118.37755667,9,3.9,2.6132
27461,Roger Lawrence,5,16,12,2024,1,34.04162,-118.25788,10,2.7,1.82175
15964,Dawn Lee,5,16,12,2024,1,34.25282,-118.24078333,11,47.8,31.89724
88667,Mark Dunn,5,16,12,2024,1,33.95714,-118.54852333,5,0.3,0.20853
41393,Karen Pierce,5,16,12,2024,1,33.74594,-118.39465333,1,6.9,4.62115
60520,Melissa Baxter,5,16,12,2024,1,33.83042,-118.59981333,2,3.1,2.08473
67915,Cody Dunn,5,16,12,2024,1,33.7037,-118.49723333,1,3.6,2.37794
59473,Carla Curry,5,16,12,2024,1,33.99938,-118.20659,8,4.6,3.09331
20198,Nancy Cervantes,5,16,12,2024,1,33.83042,-118.58271667,2,1.2,0.77188
47888,Richard Edwards,5,16,12,2024,1,33.93602,-118.32626667,6,6.0,3.99115
89972,Michael Porter,5,16,12,2024,1,33.99938,-118.49723333,5,2.4,1.57068
68111,Eric Powell,5,16,12,2024,1,33.74594,-118.42884667,1,5.6,3.70138
68813,Raymond Gonzalez,5,16,12,2024,1,33.8093,-118.54852333,1,1.1,0.73234
50050,Randall Johnston,5,16,12,2024,1,33.95714,-118.30917,7,6.0,4.02351
27904,Kathryn Stewart,5,16,12,2024,1,34.25282,-118.22368667,11,53.6,35.70892
12366,Trevor Newton,5,16,12,2024,1,34.04162,-118.34336333,10,2.5,1.65651
10684,Lisa Wilson,5,16,12,2024,1,33.83042,-118.63400667,2,4.6,3.07018
44750,Jaime Russell,5,16,12,2024,1,33.74594,-118.59981333,2,3.7,2.44204
54535,Sara Miller,5,16,12,2024,1,34.04162,-118.37755667,9,2.6,1.7069
41172,Mitchell Walters,5,16,12,2024,1,33.89378,-118.59981333,2,0.7,0.4729
34926,Christina Sanchez,5,16,12,2024,1,33.85154,-118.48013667,3,0.7,0.44933
73736,Stephen Ryan,5,16,12,2024,1,33.78818,-118.51433,1,1.1,0.76624
28337,Stephen Austin,5,16,12,2024,1,33.78818,-118.58271667,2,0.2,0.10788
71069,April Moore,5,16,12,2024,1,33.95714,-118.41175,6,1.1,0.7092
44180,Travis Montes,5,16,12,2024,1,33.99938,-118.34336333,6,2.8,1.88287
78535,Taylor Williams,5,16,12,2024,1,33.95714,-118.49723333,5,1.2,0.81757
31672,Tony Grimes,5,16,12,2024,1,34.04162,-118.22368667,10,3.9,2.59485
78484,Ellen Duncan,5,16,12,2024,1,33.85154,-118.49723333,3,0.9,0.5959
40245,Lauren Cook,5,16,12,2024,1,34.08386,-118.42884667,9,4.3,2.85702
86153,Heather Turner,5,16,12,2024,1,33.95714,-118.17239667,8,13.4,8.94111
61790,Shawn Lloyd,5,16,12,2024,1,34.04162,-118.30917,10,5.6,3.71217
90951,Madison Mccarthy,5,16,12,2024,1,33.93602,-118.54852333,5,3.0,2.01517
30652,Erin Hardy,5,16,12,2024,1,34.2317,-118.24078333,11,46.3,30.86342
96389,Alicia Rios,5,16,12,2024,1,34.10498,-118.37755667,9,3.2,2.1315
46581,Phyllis Fisher,5,16,12,2024,1,34.0205,-118.29207333,7,2.3,1.55476
97286,Deborah Adams,5,16,12,2024,1,34.10498,-118.25788,10,2.4,1.60619
20682,Daniel Carter,5,16,12,2024,1,34.14722,-118.27497667,11,35.1,23.38804
79773,Christopher Heath,5,16,12,2024,1,33.85154,-118.34336333,4,2.9,1.94078
39169,Duane Harvey,5,16,12,2024,1,33.89378,-118.22368667,8,2.7,1.79744
32971,Ronald Vasquez,5,16,12,2024,1,33.95714,-118.56562,5,3.0,2.03123
22129,Darrell White,5,16,12,2024,1,33.97826,-118.30917,7,5.6,3.7554
18840,Michael Gilbert,5,16,12,2024,1,33.8093,-118.27497667,4,14.1,9.41881
54514,Marcus Martin,5,16,12,2024,1,34.10498,-118.25788,10,10.6,7.05216
93801,Jonathan Grant,5,16,12,2024,1,33.85154,-118.6682,2,6.8,4.51843
69325,Amy Thompson,5,16,12,2024,1,33.93602,-118.32626667,6,0.9,0.61945
69646,Joshua Matthews,5,16,12,2024,1,33.87266,-118.63400667,2,3.5,2.32499
92313,Amber Scott,5,16,12,2024,1,33.8093,-118.53142667,1,0.3,0.18015
93232,Amanda Wagner,5,16,12,2024,1,33.95714,-118.56562,5,0.8,0.53217
89143,Annette Cardenas,5,16,12,2024,1,33.87266,-118.59981333,2,3.1,2.05974
60182,Michele Peterson,5,16,12,2024,1,33.99938,-118.29207333,7,4.8,3.17632
48076,Mathew Nichols,5,16,12,2024,1,33.83042,-118.39465333,3,1.3,0.8395
67773,Tammy Williams,5,16,12,2024,1,33.78818,-118.44594333,1,1.5,0.98879
70557,Alexander Payne,5,16,12,2024,1,34.06274,-118.48013667,9,11.4,7.59049
44513,Eric Carter,5,16,12,2024,1,33.9149,-118.58271667,2,5.0,3.31865
16342,Christopher Morris,5,16,12,2024,1,34.0205,-118.34336333,6,2.1,1.39149
13840,Holly Conley,5,16,12,2024,1,33.85154,-118.46304,3,2.2,1.44387
16712,Christina Shaw,5,16,12,2024,1,34.06274,-118.30917,10,2.0,1.3051
96323,Angel Ayala,5,16,12,2024,1,33.93602,-118.42884667,6,0.8,0.52344
53172,Ethan Hill,5,16,12,2024,1,33.95714,-118.58271667,5,1.2,0.80765
10563,Matthew Yang,5,16,12,2024,1,33.76706,-118.59981333,2,1.1,0.75608
31843,Amy Leonard,5,16,12,2024,1,34.14722,-118.30917,11,8.1,5.38844
67956,Amber Lewis MD,5,16,12,2024,1,33.95714,-118.20659,8,11.8,7.87761
89925,Vincent Bautista,5,16,12,2024,1,33.8093,-118.51433,1,3.5,2.31898
92680,Shelley Contreras,5,16,12,2024,1,33.78818,-118.37755667,4,4.4,2.952
59977,Ashley Miller,5,16,12,2024,1,34.0205,-118.56562,5,4.7,3.11323
12183,Kristin Allen,5,16,12,2024,1,34.25282,-118.27497667,11,49.6,33.06072
53260,Emily Kim,5,16,12,2024,1,33.97826,-118.42884667,6,1.1,0.73209
53372,Samantha Martin,5,16,12,2024,1,34.08386,-118.32626667,10,2.3,1.55147
25435,Sara Salinas,5,16,12,2024,1,33.83042,-118.61691,2,1.0,0.66689
95510,Jonathan Gutierrez,5,16,12,2024,1,33.99938,-118.41175,6,1.3,0.88655
81940,Daniel Atkinson,5,16,12,2024,1,34.10498,-118.39465333,9,2.1,1.41915
24870,Michael Harmon,5,16,12,2024,1,34.1261,-118.30917,10,4.5,3.01943
81194,David Fitzpatrick,5,16,12,2024,1,33.97826,-118.44594333,6,0.9,0.59615
12537,Johnathan Whitaker,5,16,12,2024,1,33.85154,-118.42884667,3,1.7,1.1143
23271,Kayla Powers,5,16,12,2024,1,34.29506,-118.29207333,11,58.1,38.75153
76245,Edwin Gonzalez,5,16,12,2024,1,33.85154,-118.56562,2,1.0,0.65019
44015,Drew Reeves,5,16,12,2024,1,33.9149,-118.18949333,8,34.3,22.86103
14868,Michael Randall,5,16,12,2024,1,34.18946,-118.29207333,11,40.8,27.18437
19148,Sarah Hanson,5,16,12,2024,1,34.04162,-118.25788,10,3.4,2.26323
53903,Rose Sanford,5,16,12,2024,1,34.0205,-118.53142667,5,13.2,8.77072
35722,Margaret Green,5,16,12,2024,1,33.95714,-118.58271667,5,2.3,1.53114
30642,Jasmine Ross,5,16,12,2024,1,33.97826,-118.54852333,5,1.3,0.87289
44541,Lori Munoz,5,16,12,2024,1,34.06274,-118.25788,10,4.2,2.78973
11725,Carlos Mccoy,5,16,12,2024,1,33.97826,-118.29207333,7,0.5,0.36655
45357,Scott Ward,5,16,12,2024,1,33.9149,-118.22368667,8,3.3,2.17855
11692,James Williams,5,16,12,2024,1,33.87266,-118.46304,3,1.8,1.21128
33297,Angela White,5,16,12,2024,1,33.89378,-118.58271667,2,0.6,0.42433
76909,Matthew Higgins,5,16,12,2024,1,34.2317,-118.25788,11,41.8,27.83952
23422,Kendra Smith,5,16,12,2024,1,34.0205,-118.27497667,7,3.8,2.51503
83247,Ashley Gomez,5,16,12,2024,1,33.8093,-118.63400667,2,6.8,4.52265
19259,William Greene,5,16,12,2024,1,34.06274,-118.37755667,9,7.2,4.80349
40111,Melissa Donaldson,5,16,12,2024,1,33.8093,-118.56562,2,1.1,0.70537
64301,Sean Cameron,5,16,12,2024,1,33.76706,-118.46304,1,2.8,1.86562
54301,Tammy Ross,5,16,12,2024,1,33.76706,-118.42884667,1,2.1,1.38528
85754,Sheryl Kline,5,16,12,2024,1,34.2317,-118.24078333,11,41.5,27.64493
97256,Kevin Massey,5,16,12,2024,1,33.95714,-118.42884667,6,0.9,0.57276
82444,Michael Burgess,5,16,12,2024,1,33.85154,-118.41175,3,1.3,0.89978
20467,Mitchell Smith,5,16,12,2024,1,33.89378,-118.39465333,3,0.3,0.20984
65974,Yolanda Hawkins,5,16,12,2024,1,34.3373,-118.29207333,11,70.1,46.74001
35288,Jessica Brady,5,16,12,2024,1,34.06274,-118.24078333,10,14.1,9.42477
67822,Paul Diaz,5,16,12,2024,1,33.78818,-118.41175,1,2.6,1.73492
76661,Travis Thomas,5,16,12,2024,1,34.16834,-118.29207333,11,41.9,27.90412
19669,Timothy Blackwell,5,16,12,2024,1,34.0205,-118.53142667,5,5.5,3.65054
35443,Kristi Campbell,5,16,12,2024,1,34.0205,-118.44594333,6,2.1,1.36765
96803,Michael Tran,5,16,12,2024,1,34.10498,-118.22368667,10,11.4,7.62039
65070,Nicholas Henry,5,16,12,2024,1,34.04162,-118.46304,9,1.6,1.04056
23072,Scott Ewing,5,16,12,2024,1,33.99938,-118.27497667,7,2.9,1.94715
29769,Jennifer Adams,5,16,12,2024,1,33.76706,-118.56562,2,3.5,2.34321
47669,Joseph Taylor,5,16,12,2024,1,34.0205,-118.39465333,6,1.6,1.05496
57644,Amanda Jones,5,16,12,2024,1,34.10498,-118.41175,9,4.8,3.20782
71815,Veronica Dougherty,5,16,12,2024,1,33.7037,-118.49723333,1,3.9,2.62466
77525,Duane Anderson,5,16,12,2024,1,34.06274,-118.34336333,10,2.6,1.7168
96271,Sarah Peterson,5,16,12,2024,1,34.06274,-118.22368667,10,14.4,9.62017
14515,Brian Hill,5,16,12,2024,1,34.0205,-118.51433,5,12.3,8.23122
55595,Troy Roberts,5,16,12,2024,1,34.06274,-118.49723333,9,14.9,9.95436
32567,Catherine Burns,5,16,12,2024,1,33.85154,-118.41175,3,1.3,0.88007
38377,Daniel Bates,5,16,12,2024,1,33.8093,-118.37755667,4,1.7,1.10148
28957,Amy Ramsey,5,16,12,2024,1,34.06274,-118.41175,9,1.9,1.25664
80666,Dana Johnson,5,16,12,2024,1,33.9149,-118.42884667,3,1.3,0.83455
66545,Jesse Wright,5,16,12,2024,1,34.06274,-118.36046,10,4.3,2.8712
34353,Sandra Murphy,5,16,12,2024,1,34.10498,-118.41175,9,3.3,2.21755
35016,Kyle Estes,5,16,12,2024,1,33.95714,-118.18949333,8,22.9,15.25077
40506,Mark Anderson,5,16,12,2024,1,33.76706,-118.44594333,1,1.3,0.8751
85279,Joseph Jones MD,5,16,12,2024,1,33.87266,-118.37755667,4,0.6,0.39206
97403,Douglas Lamb,5,16,12,2024,1,33.9149,-118.30917,4,3.8,2.53383
83839,Patricia Wilson,5,16,12,2024,1,33.83042,-118.34336333,4,5.0,3.35321
67327,William Coleman,5,16,12,2024,1,33.87266,-118.48013667,3,0.5,0.30786
93911,Sarah Martin,5,16,12,2024,1,33.87266,-118.48013667,3,1.2,0.8258
59607,James Hernandez,5,16,12,2024,1,33.9149,-118.20659,8,6.6,4.37396
42528,Jonathan Ward,5,16,12,2024,1,34.18946,-118.27497667,11,40.9,27.26342
54364,Kristin Brandt,5,16,12,2024,1,33.85154,-118.61691,2,6.2,4.1266
25287,Carrie Stewart,5,16,12,2024,1,33.97826,-118.48013667,5,2.4,1.60161
44305,Aaron Ramsey,5,16,12,2024,1,34.14722,-118.29207333,11,4.7,3.1478
11802,David Collins,5,16,12,2024,1,33.95714,-118.53142667,5,1.2,0.79536
94609,Stephen Santiago,5,16,12,2024,1,33.93602,-118.32626667,6,3.9,2.6152
37195,Timothy Cervantes,5,16,12,2024,1,33.97826,-118.36046,6,0.6,0.39957
26246,Mr. Brian Allen,5,16,12,2024,1,34.1261,-118.25788,10,10.8,7.21382
37976,Nicole Gonzalez,5,16,12,2024,1,34.10498,-118.39465333,9,4.8,3.20518
58772,Ashley Torres,5,16,12,2024,1,33.95714,-118.24078333,7,2.1,1.4106
21463,Terry Murray,5,16,12,2024,1,33.99938,-118.53142667,5,1.7,1.1338
72401,Maureen Vaughn,5,16,12,2024,1,33.78818,-118.53142667,1,2.2,1.46058
12594,Kevin Collins,5,16,12,2024,1,33.74594,-118.58271667,2,2.2,1.47355
40977,Ashley Fox,5,16,12,2024,1,34.16834,-118.29207333,11,45.3,30.20764
13134,Jonathan Martinez,5,16,12,2024,1,33.76706,-118.63400667,2,5.2,3.497
82184,Daniel Clark,5,16,12,2024,1,33.97826,-118.39465333,6,1.5,1.02574
21003,Jeffrey Kennedy,5,16,12,2024,1,34.0205,-118.20659,8,13.4,8.92708
97697,Pamela Patrick,5,16,12,2024,1,33.87266,-118.51433,3,0.3,0.23221
70976,Elizabeth White,5,16,12,2024,1,34.10498,-118.27497667,10,8.6,5.74357
85464,Erika Lopez,5,16,12,2024,1,34.10498,-118.42884667,9,1.5,0.9744
55488,Matthew Roberts,5,16,12,2024,1,33.97826,-118.44594333,6,2.0,1.3317
81366,Jane Smith,5,16,12,2024,1,34.27394,-118.30917,11,58.1,38.74889
98227,Kelly Garcia,5,16,12,2024,1,33.97826,-118.56562,5,0.2,0.1526
34694,Ray Diaz,5,16,12,2024,1,33.97826,-118.37755667,6,1.1,0.73292
71588,Hannah Bernard,5,16,12,2024,1,33.89378,-118.44594333,3,0.8,0.50966
78014,Joe Fox,5,16,12,2024,1,33.87266,-118.29207333,4,0.6,0.37892
64643,Robin Ray,5,16,12,2024,1,33.83042,-118.51433,3,1.0,0.65382
81067,Shelly Jackson,5,16,12,2024,1,34.06274,-118.44594333,9,4.1,2.75317
23971,Kelly Calderon,5,16,12,2024,1,33.74594,-118.59981333,2,3.4,2.28977
42969,Sara Dawson,5,16,12,2024,1,33.78818,-118.59981333,2,2.3,1.54854
31325,John Ayala,5,16,12,2024,1,34.0205,-118.34336333,6,0.8,0.50116
47168,Teresa Jones,5,16,12,2024,1,33.93602,-118.30917,7,6.0,4.0283
39947,Teresa Nguyen,5,16,12,2024,1,33.87266,-118.30917,4,2.5,1.6972
50706,Aaron Henson,5,16,12,2024,1,33.8093,-118.46304,1,0.9,0.57617
43058,Jennifer Clark,5,16,12,2024,1,34.08386,-118.25788,10,12.6,8.39925
44848,Melissa Hubbard,5,16,12,2024,1,34.06274,-118.27497667,10,2.1,1.38871
10580,Teresa Bennett,5,16,12,2024,1,33.97826,-118.51433,5,1.8,1.22163
19270,Annette Oliver,5,16,12,2024,1,33.95714,-118.39465333,6,1.5,1.01246
89991,Brian Mcpherson,5,16,12,2024,1,33.9149,-118.54852333,2,1.0,0.63942
30590,Jeremy Moreno,5,16,12,2024,1,34.0205,-118.32626667,6,3.6,2.37876
61107,Joanna Rose,5,16,12,2024,1,33.99938,-118.36046,6,2.7,1.78315
53350,Jeremy Hernandez,5,16,12,2024,1,34.18946,-118.27497667,11,35.7,23.81792
11303,Christine Williams,5,16,12,2024,1,34.31618,-118.25788,11,59.8,39.87187
19922,Sean Mack,5,16,12,2024,1,33.76706,-118.37755667,4,7.3,4.86605
48718,William Wilson,5,16,12,2024,1,33.72482,-118.39465333,1,14.8,9.8722
17529,Paula Vasquez,5,16,12,2024,1,34.06274,-118.37755667,9,3.5,2.3235
82551,Kimberly Lewis,5,16,12,2024,1,33.89378,-118.36046,4,5.6,3.76336
79947,Francisco Sanchez,5,16,12,2024,1,33.99938,-118.37755667,6,1.4,0.95661
39055,Joshua Smith,5,16,12,2024,1,33.8093,-118.30917,4,5.1,3.42351
23148,George Weaver,5,16,12,2024,1,33.78818,-118.34336333,4,2.1,1.42462
31047,James Campbell,5,16,12,2024,1,34.04162,-118.51433,9,13.6,9.09827
38034,Caleb Yang,5,16,12,2024,1,34.0205,-118.37755667,6,1.2,0.76715
94460,Jason Bird,5,16,12,2024,1,33.83042,-118.53142667,3,2.0,1.30365
72175,Casey Day,5,16,12,2024,1,34.10498,-118.22368667,10,14.6,9.74283
54437,Kenneth Rivera,5,16,12,2024,1,33.87266,-118.61691,2,13.2,8.80093
67315,William Stokes,5,16,12,2024,1,33.83042,-118.56562,2,2.5,1.69344
39181,James Young,5,16,12,2024,1,33.95714,-118.34336333,6,1.9,1.23986
91428,Elizabeth Singh,5,16,12,2024,1,33.76706,-118.41175,1,4.9,3.28138
11133,David Rice,5,16,12,2024,1,33.9149,-118.36046,4,0.9,0.62321
52840,Brandi Thomas,5,16,12,2024,1,33.7037,-118.44594333,1,4.1,2.72353
45149,Elizabeth Stone,5,16,12,2024,1,34.04162,-118.36046,10,1.6,1.05625
43749,Mark Mason PhD,5,16,12,2024,1,34.08386,-118.29207333,10,1.4,0.92364
76382,Melissa Matthews,5,16,12,2024,1,33.9149,-118.34336333,4,0.5,0.36236
50126,John Gardner,5,16,12,2024,1,33.93602,-118.36046,6,1.5,1.01406
82608,Jason White,5,16,12,2024,1,33.74594,-118.51433,1,3.3,2.23011
57588,Michelle Rhodes,5,16,12,2024,1,33.78818,-118.32626667,4,5.1,3.41341
76365,Cody Williamson,5,16,12,2024,1,34.2317,-118.27497667,11,37.2,24.8082
52904,Isaac Washington,5,16,12,2024,1,34.18946,-118.30917,11,13.4,8.92895
82546,Jennifer Salazar,5,16,12,2024,1,33.8093,-118.65110333,2,6.9,4.59969
20285,William Pittman,5,16,12,2024,1,33.97826,-118.32626667,6,9.7,6.4718
82714,Kristin Malone,5,16,12,2024,1,34.0205,-118.27497667,7,5.1,3.37797
63023,Derrick Barber,5,16,12,2024,1,34.04162,-118.36046,10,2.2,1.43847
21842,Kimberly Crawford,5,16,12,2024,1,33.89378,-118.22368667,8,1.8,1.17737
93463,Mary Riggs,5,16,12,2024,1,33.78818,-118.59981333,2,2.3,1.53562
25186,Allison Goodman,5,16,12,2024,1,33.93602,-118.1553,8,24.4,16.26757
50080,David Johnson PhD,5,16,12,2024,1,33.99938,-118.54852333,5,6.4,4.27468
73810,Donna Davis,5,16,12,2024,1,34.06274,-118.34336333,10,0.3,0.17339
99396,Brandy Rodgers,5,16,12,2024,1,34.0205,-118.32626667,6,3.3,2.2126
63926,Rachel Huerta,5,16,12,2024,1,33.76706,-118.41175,1,5.9,3.94253
69546,Jason Bush,5,16,12,2024,1,33.9149,-118.54852333,2,0.4,0.28474
64030,Christina Sanchez,5,16,12,2024,1,33.99938,-118.41175,6,0.9,0.61495
18623,Stacey Wilson,5,16,12,2024,1,34.1261,-118.25788,10,14.1,9.42592
47117,Brandon Werner,5,16,12,2024,1,34.04162,-118.29207333,10,1.7,1.13728
34208,Jason Roberts,5,16,12,2024,1,33.87266,-118.32626667,4,4.3,2.86752
58748,Janice Gibbs,5,16,12,2024,1,33.99938,-118.42884667,6,1.6,1.08339
39584,Victoria Bishop,5,16,12,2024,1,34.25282,-118.25788,11,43.3,28.89564
62470,Brandon Jordan,5,16,12,2024,1,34.21058,-118.30917,11,12.8,8.56157
43900,James Edwards,5,16,12,2024,1,34.08386,-118.44594333,9,3.6,2.42136
70251,Robert Parker,5,16,12,2024,1,34.25282,-118.29207333,11,55.3,36.89243
33791,William Hall,5,16,12,2024,1,33.9149,-118.42884667,3,1.3,0.84108
88136,Kristen Craig,5,16,12,2024,1,34.0205,-118.54852333,5,2.2,1.45146
20826,Nicole Kline,5,16,12,2024,1,33.87266,-118.37755667,4,1.1,0.73856
53718,Vincent Cook,5,16,12,2024,1,33.95714,-118.32626667,6,8.0,5.34807
79593,Cheryl Rowland,5,16,12,2024,1,34.0205,-118.54852333,5,2.0,1.3273
32414,Julie Smith,5,16,12,2024,1,34.14722,-118.27497667,11,10.9,7.28148
59635,Debra Martinez,5,16,12,2024,1,34.08386,-118.44594333,9,0.5,0.30147
97281,Mr. Thomas Johnson,5,16,12,2024,1,34.08386,-118.46304,9,2.7,1.77012
13760,Robin Baker,5,16,12,2024,1,34.1261,-118.44594333,9,2.4,1.58555
33418,Christopher Mills,5,16,12,2024,1,34.10498,-118.42884667,9,3.5,2.35784
25925,Charles Kent,5,16,12,2024,1,33.93602,-118.51433,5,1.5,0.98264
36564,Jeffrey Knight,5,16,12,2024,1,33.93602,-118.58271667,5,4.0,2.68643
85221,Micheal Good,5,16,12,2024,1,33.93602,-118.17239667,8,27.7,18.45054
62348,James James,5,16,12,2024,1,34.14722,-118.25788,11,34.4,22.96186
96791,Jonathan Keller,5,16,12,2024,1,34.10498,-118.27497667,10,2.6,1.75309
44158,Jessica Jones,5,16,12,2024,1,34.1261,-118.27497667,10,13.6,9.08697
81472,Manuel Newman,5,16,12,2024,1,34.0205,-118.29207333,7,3.8,2.50876
66528,Kim Hayes DDS,5,16,12,2024,1,34.04162,-118.44594333,9,4.6,3.09665
25626,Richard Robinson,5,16,12,2024,1,33.8093,-118.61691,2,1.0,0.64261
81662,Dana Kirk,5,16,12,2024,1,33.95714,-118.25788,7,1.5,1.023
31123,Joshua Lopez,5,16,12,2024,1,33.99938,-118.27497667,7,4.6,3.07372
58388,Ashley Rodriguez,5,16,12,2024,1,33.8093,-118.42884667,1,1.1,0.75128
92225,Felicia Carrillo,5,16,12,2024,1,33.89378,-118.36046,4,6.3,4.23295
87201,Stephanie Ortiz,5,16,12,2024,1,33.95714,-118.56562,5,1.2,0.79997
87004,Jacqueline Garcia,5,16,12,2024,1,33.99938,-118.22368667,8,3.9,2.62664
83579,Shannon Suarez,5,16,12,2024,1,34.27394,-118.24078333,11,54.6,36.37671
45475,Justin Lee,5,16,12,2024,1,33.93602,-118.56562,5,0.6,0.38443
30507,Tina Garcia,5,16,12,2024,1,34.04162,-118.51433,9,6.9,4.63157
31015,Lawrence Ross,5,16,12,2024,1,34.31618,-118.29207333,11,69.9,46.59597
12219,Debra Mclaughlin,5,16,12,2024,1,33.97826,-118.17239667,8,13.2,8.76928
47536,Tyler Thomas,5,16,12,2024,1,34.0205,-118.53142667,5,1.9,1.28803
25711,Kristine Andrews,5,16,12,2024,1,33.83042,-118.59981333,2,1.3,0.87198
19938,Christopher Howell,5,16,12,2024,1,33.83042,-118.48013667,3,2.2,1.49654
54680,Darren Rush,5,16,12,2024,1,33.99938,-118.39465333,6,2.0,1.32059
64596,Toni Hill,5,16,12,2024,1,33.89378,-118.65110333,2,2.9,1.93571
68518,Kristen Novak,5,16,12,2024,1,34.04162,-118.39465333,9,1.7,1.14317
41722,Angela Schultz,5,16,12,2024,1,33.83042,-118.42884667,3,1.2,0.82055
44758,Crystal Harris,5,16,12,2024,1,34.0205,-118.42884667,6,2.4,1.5677
75720,William Potts,5,16,12,2024,1,33.89378,-118.18949333,8,0.2,0.1263
66047,Timothy Fields,5,16,12,2024,1,33.99938,-118.36046,6,2.3,1.56042
50913,Carlos Thompson,5,16,12,2024,1,33.78818,-118.44594333,1,0.7,0.44226
72242,Spencer Simon II,5,16,12,2024,1,34.0205,-118.24078333,7,2.2,1.4527
22590,Cathy Taylor,5,16,12,2024,1,33.8093,-118.48013667,1,2.8,1.85978
94956,Miss Jordan Powell,5,16,12,2024,1,33.8093,-118.51433,1,1.1,0.71337
97044,Debra Zamora,5,16,12,2024,1,34.0205,-118.46304,6,1.6,1.04411
24140,Calvin Weeks,5,16,12,2024,1,33.85154,-118.65110333,2,4.3,2.86071
22053,Eric Weaver,5,16,12,2024,1,33.74594,-118.46304,1,2.2,1.43564
88152,Robert Wilson,5,16,12,2024,1,33.87266,-118.46304,3,0.8,0.52631
88933,Nathaniel Obrien,5,16,12,2024,1,33.95714,-118.17239667,8,14.9,9.93614
92306,Annette Blevins,5,16,12,2024,1,33.93602,-118.17239667,8,31.6,21.03536
38399,Kayla Kelly,5,16,12,2024,1,33.76706,-118.42884667,1,4.0,2.6434
79792,David Contreras,5,16,12,2024,1,33.85154,-118.53142667,3,1.3,0.85302
93719,Allison Garner,5,16,12,2024,1,33.89378,-118.65110333,2,5.9,3.96459
33020,Patricia Robinson,5,16,12,2024,1,33.87266,-118.6682,2,10.4,6.92718
22594,Taylor Christian,5,16,12,2024,1,33.97826,-118.27497667,7,2.9,1.93145
90104,Daniel Turner,5,16,12,2024,1,34.04162,-118.27497667,10,2.6,1.72342
30035,Benjamin Stephens,5,16,12,2024,1,33.9149,-118.29207333,4,4.6,3.05469
93165,Shelby Fry,5,16,12,2024,1,33.72482,-118.46304,1,1.3,0.83571
94149,Hayden Smith,5,16,12,2024,1,34.06274,-118.48013667,9,14.3,9.53378
41565,Bobby Gomez,5,16,12,2024,1,33.76706,-118.63400667,2,2.2,1.47345
41527,Cassandra Mcbride,5,16,12,2024,1,33.89378,-118.51433,3,0.8,0.55236
72368,Tara Wright,5,16,12,2024,1,33.76706,-118.53142667,1,1.6,1.05017
39444,Jamie Gentry,5,16,12,2024,1,33.83042,-118.39465333,3,0.6,0.38049
48508,Mary Murphy,5,16,12,2024,1,33.8093,-118.29207333,4,5.0,3.34495
11897,Andrew Miller,5,16,12,2024,1,33.78818,-118.25788,4,11.3,7.53901
23689,Sheri Parks,5,16,12,2024,1,33.9149,-118.58271667,2,9.4,6.27208
17630,Marc White,5,16,12,2024,1,33.74594,-118.56562,2,1.1,0.72033
81714,Amanda Powell,5,16,12,2024,1,33.72482,-118.42884667,1,7.0,4.63753
88047,Lee Ball,5,16,12,2024,1,33.95714,-118.37755667,6,2.5,1.66179
81785,Grant Taylor,5,16,12,2024,1,33.8093,-118.58271667,2,4.7,3.1521
49017,Michael Lamb,5,16,12,2024,1,33.89378,-118.63400667,2,7.7,5.13059
88097,Matthew Williams,5,16,12,2024,1,33.87266,-118.41175,3,2.0,1.33278
28134,Daniel Rivas,5,16,12,2024,1,34.04162,-118.37755667,9,1.8,1.21225
50166,David Rodriguez,5,16,12,2024,1,34.10498,-118.30917,10,0.5,0.36409
99097,Ronald Schmidt,5,16,12,2024,1,34.0205,-118.39465333,6,0.8,0.53084
85666,Andrew Pena,5,16,12,2024,1,33.9149,-118.39465333,3,1.2,0.79505
79052,Alexis Gilbert,5,16,12,2024,1,33.85154,-118.51433,3,0.8,0.53567
90617,Jeff Garcia,5,16,12,2024,1,33.85154,-118.54852333,2,2.0,1.3506
83534,Christine Stanley,5,16,12,2024,1,33.99938,-118.48013667,5,0.9,0.57174
94484,Stephanie Alexander,5,16,12,2024,1,33.95714,-118.54852333,5,2.6,1.7322
19210,Christopher Gomez,5,16,12,2024,1,34.04162,-118.48013667,9,7.9,5.2674
38461,Anthony Nunez,5,16,12,2024,1,33.7037,-118.48013667,1,4.5,3.01525
83765,Samantha Evans,5,16,12,2024,1,33.83042,-118.51433,3,1.8,1.20927
17388,Jaime Kirby,5,16,12,2024,1,33.93602,-118.39465333,6,1.3,0.84421
87996,Danielle Franklin,5,16,12,2024,1,33.89378,-118.54852333,2,2.9,1.96313
34441,Ryan Cole,5,16,12,2024,1,33.72482,-118.48013667,1,2.9,1.95656
39817,Jennifer Montgomery,5,16,12,2024,1,33.85154,-118.58271667,2,1.7,1.10778
68767,Rebecca Smith,5,16,12,2024,1,34.0205,-118.18949333,8,13.6,9.04456
52766,Julia Miller,5,16,12,2024,1,34.06274,-118.32626667,10,1.7,1.10077
69955,Kaylee Jackson,5,16,12,2024,1,33.85154,-118.44594333,3,1.5,1.00969
21506,Paul Hughes,5,16,12,2024,1,33.87266,-118.58271667,2,0.4,0.28999
98237,Antonio Greene,5,16,12,2024,1,34.27394,-118.27497667,11,47.6,31.71393
62352,Sydney Wang,5,16,12,2024,1,33.83042,-118.41175,3,0.8,0.51591
98462,Robin Brown,5,16,12,2024,1,33.87266,-118.56562,2,1.2,0.77846
63206,Cynthia Lopez,5,16,12,2024,1,34.04162,-118.29207333,10,3.6,2.39844
40465,Martin Morrison,5,16,12,2024,1,34.0205,-118.24078333,7,4.1,2.73131
83943,Evan Silva,5,16,12,2024,1,33.95714,-118.22368667,8,1.3,0.8704
17917,Joshua Berry,5,16,12,2024,1,33.78818,-118.27497667,4,12.9,8.61771
41024,Mary Brown,5,16,12,2024,1,34.25282,-118.24078333,11,52.9,35.24842
32067,Olivia Myers,5,16,12,2024,1,33.93602,-118.27497667,7,0.9,0.60896
48109,Elizabeth Smith,5,16,12,2024,1,33.78818,-118.32626667,4,3.2,2.1645
16672,Katrina Smith,5,16,12,2024,1,33.78818,-118.39465333,1,0.7,0.44546
86655,Kathleen Moreno,5,16,12,2024,1,33.93602,-118.36046,6,1.5,0.9875
99743,Christina Cruz,5,16,12,2024,1,33.74594,-118.58271667,2,2.3,1.50068
19461,Brittney Torres,5,16,12,2024,1,34.08386,-118.25788,10,7.5,5.01099
56474,Michael Fisher,5,16,12,2024,1,34.16834,-118.30917,11,8.5,5.69494
84128,Michelle Jensen,5,16,12,2024,1,33.9149,-118.51433,3,2.3,1.53428
99660,Barbara Miller,5,16,12,2024,1,33.74594,-118.44594333,1,2.0,1.32369
84949,Jason Dickson,5,16,12,2024,1,33.99938,-118.30917,7,4.5,2.98662
95388,Theresa Harris,5,16,12,2024,1,33.99938,-118.46304,6,0.9,0.57476
65196,Benjamin Thomas,5,16,12,2024,1,33.89378,-118.61691,2,6.6,4.40851
83025,Diane Mitchell,5,16,12,2024,1,34.08386,-118.32626667,10,0.8,0.53681
13300,Lance Moore,5,16,12,2024,1,34.10498,-118.37755667,9,2.0,1.35956
92318,Raven Campbell,5,16,12,2024,1,33.95714,-118.48013667,5,1.6,1.07028
16449,Kevin Munoz,5,16,12,2024,1,33.78818,-118.36046,4,2.8,1.83765
66074,Brianna West,5,16,12,2024,1,33.93602,-118.46304,6,1.9,1.2546
10315,Thomas Hill,5,16,12,2024,1,33.9149,-118.25788,4,2.4,1.59389
19746,Katie Garza,5,16,12,2024,1,33.78818,-118.37755667,4,0.8,0.53429
85317,John Blackburn,5,16,12,2024,1,33.93602,-118.24078333,7,1.5,1.03061
64049,Michael Mitchell,5,16,12,2024,1,33.89378,-118.44594333,3,1.0,0.66482
83214,Kelly Gross,5,16,12,2024,1,33.78818,-118.58271667,2,1.8,1.20841
39324,Emma Cortez,5,16,12,2024,1,33.78818,-118.61691,2,4.2,2.80639
74941,Christine Rice,5,16,12,2024,1,34.27394,-118.25788,11,43.2,28.83033
27934,Gregory Wilson,5,16,12,2024,1,33.95714,-118.53142667,5,3.5,2.31496
31823,Jennifer Hill,5,16,12,2024,1,34.14722,-118.27497667,11,13.4,8.90177
26943,David Roberts,5,16,12,2024,1,33.83042,-118.36046,4,2.2,1.46825
27498,Matthew Elliott,5,16,12,2024,1,33.78818,-118.41175,1,1.2,0.82958
25870,Allison Dunn,5,16,12,2024,1,33.89378,-118.39465333,3,0.8,0.51245
86220,Amy Mann,5,16,12,2024,1,33.76706,-118.30917,4,13.2,8.76826
75386,Barry Brown,5,16,12,2024,1,33.78818,-118.54852333,1,0.7,0.46702
25555,Miranda Charles,5,16,12,2024,1,34.0205,-118.51433,5,5.1,3.4246
74732,Aaron Romero,5,16,12,2024,1,33.76706,-118.34336333,4,7.1,4.74979
88371,Sarah Bowers,5,16,12,2024,1,33.78818,-118.42884667,1,0.9,0.63293
31476,Dr. Angela Stewart,5,16,12,2024,1,33.87266,-118.32626667,4,0.6,0.42243
38474,Jerry Esparza,5,16,12,2024,1,33.97826,-118.27497667,7,1.8,1.23023
26603,Gary Burns,5,16,12,2024,1,33.76706,-118.32626667,4,5.9,3.92993
99355,Ryan Baker,5,16,12,2024,1,33.72482,-118.44594333,1,0.9,0.57929
71040,Pamela Fleming,5,16,12,2024,1,33.89378,-118.37755667,4,1.7,1.13454
60796,Robert Costa,5,16,12,2024,1,33.95714,-118.41175,6,0.3,0.19206
46328,Michael Rogers,5,16,12,2024,1,34.3373,-118.30917,11,66.0,43.99333
78620,Randy Lee,5,16,12,2024,1,33.9149,-118.41175,3,0.5,0.34701
79134,Kristopher Alvarez,5,16,12,2024,1,33.93602,-118.42884667,6,1.0,0.69962
81840,Jorge Williams,5,16,12,2024,1,34.06274,-118.39465333,9,1.3,0.83407
38625,Phillip Ramirez,5,16,12,2024,1,34.0205,-118.30917,7,3.0,2.0146
12079,Robert Solis,5,16,12,2024,1,33.89378,-118.56562,2,2.4,1.61473
74174,Elizabeth Brown,5,16,12,2024,1,34.06274,-118.27497667,10,10.3,6.84316
37737,Zachary Ryan,5,16,12,2024,1,33.89378,-118.54852333,2,0.5,0.32831
52440,Anthony Johnson,5,16,12,2024,1,33.95714,-118.1553,8,14.9,9.95893
42294,Lori Campbell,5,16,12,2024,1,33.76706,-118.39465333,1,4.1,2.71265
63620,Linda Rodriguez,5,16,12,2024,1,33.95714,-118.30917,7,2.9,1.95607
18877,Sarah Smith,5,16,12,2024,1,33.83042,-118.37755667,4,2.0,1.35024
20780,Casey Long,5,16,12,2024,1,34.06274,-118.29207333,10,0.7,0.45795
11974,Robert Daniel DDS,5,16,12,2024,1,33.85154,-118.49723333,3,1.3,0.88584
57373,Gina Phillips,5,16,12,2024,1,33.9149,-118.44594333,3,1.8,1.19878
82602,Jordan Martinez,5,16,12,2024,1,33.93602,-118.53142667,5,2.1,1.41253
38991,Heather Bryan,5,16,12,2024,1,33.72482,-118.46304,1,2.8,1.87379
56343,Tara Boyd,5,16,12,2024,1,34.04162,-118.32626667,10,1.7,1.10365
71128,Yvette Gonzalez,5,16,12,2024,1,33.89378,-118.34336333,4,3.6,2.42283
51028,William Neal,5,16,12,2024,1,34.0205,-118.36046,6,0.4,0.25539
35038,Ashley Mcguire,5,16,12,2024,1,33.93602,-118.48013667,5,1.3,0.87678
79806,Steven Perez,5,16,12,2024,1,33.78818,-118.30917,4,5.2,3.44734
93934,Daniel Collier,5,16,12,2024,1,33.83042,-118.44594333,3,2.9,1.91503
81635,Lindsey Davis,5,16,12,2024,1,33.74594,-118.53142667,1,1.5,0.98489
14561,Isabella Brown,5,16,12,2024,1,34.2317,-118.29207333,11,52.0,34.66097
38196,Michael Lee,5,16,12,2024,1,33.76706,-118.58271667,2,1.5,0.98102
90147,Jeremy Cannon,5,16,12,2024,1,33.87266,-118.34336333,4,2.3,1.55568
85796,Jennifer Smith MD,5,16,12,2024,1,34.18946,-118.30917,11,10.9,7.26642
25382,Katherine Daniels,5,16,12,2024,1,33.78818,-118.53142667,1,1.5,0.98016
11783,Theresa Medina,5,16,12,2024,1,33.76706,-118.51433,1,0.5,0.3028
56735,Sarah Thompson,5,16,12,2024,1,34.0205,-118.36046,6,0.9,0.56907
60416,Kathy Page,5,16,12,2024,1,34.0205,-118.54852333,5,3.3,2.17243
70523,Shelia Moore,5,16,12,2024,1,33.8093,-118.41175,1,1.5,1.0051
18499,Chad Rodriguez,5,16,12,2024,1,33.85154,-118.56562,2,0.5,0.30008
62285,Jennifer Harris,5,16,12,2024,1,33.76706,-118.49723333,1,1.4,0.90545
62310,Richard Jackson,5,16,12,2024,1,33.95714,-118.36046,6,2.6,1.72144
65832,Nathan Hall,5,16,12,2024,1,33.87266,-118.39465333,3,1.6,1.09563
11218,Cassie Cohen,5,16,12,2024,1,33.9149,-118.48013667,3,1.3,0.8679
47563,Nicole Moreno,5,16,12,2024,1,33.93602,-118.18949333,8,30.1,20.0943
66462,Benjamin Smith,5,16,12,2024,1,34.21058,-118.30917,11,13.3,8.84061
72710,Karen Thomas,5,16,12,2024,1,33.83042,-118.36046,4,6.3,4.22087
63182,Jennifer Fox,5,16,12,2024,1,34.29506,-118.24078333,11,54.5,36.35232
81148,Stephen Moody,5,16,12,2024,1,33.93602,-118.34336333,6,3.0,1.99562
81667,John Haney,5,16,12,2024,1,33.83042,-118.37755667,4,2.3,1.54297
18128,Michael Johnson DVM,5,16,12,2024,1,33.9149,-118.56562,2,5.2,3.46381
16771,Michael Holmes,5,16,12,2024,1,33.93602,-118.44594333,6,1.5,0.98111
78865,Holly Miller,5,16,12,2024,1,33.95714,-118.53142667,5,1.6,1.04156
65926,Ashley Clark,5,16,12,2024,1,33.89378,-118.53142667,3,0.8,0.52185
38678,Joseph Perry,5,16,12,2024,1,34.27394,-118.29207333,11,59.7,39.81115
66537,Sabrina Anderson,5,16,12,2024,1,34.0205,-118.48013667,5,1.2,0.83076
94661,Matthew Cox,5,16,12,2024,1,34.0205,-118.37755667,6,1.0,0.69752
29874,Dawn Waters,5,16,12,2024,1,33.99938,-118.32626667,6,2.4,1.57178
84445,Eric Keller,5,16,12,2024,1,34.0205,-118.30917,7,2.3,1.54134
36862,Douglas Campbell,5,16,12,2024,1,34.06274,-118.30917,10,1.0,0.66836
11073,Melanie Shields,5,16,12,2024,1,33.9149,-118.44594333,3,1.7,1.12969
58400,Elizabeth Sims,5,16,12,2024,1,33.93602,-118.56562,5,3.1,2.06278
44946,Sonya Burton,5,16,12,2024,1,33.93602,-118.49723333,5,2.3,1.50293
98893,John Nguyen,5,16,12,2024,1,33.97826,-118.29207333,7,0.1,0.05231
61969,Dana Roberts,5,16,12,2024,1,33.74594,-118.46304,1,1.5,0.9763
41042,Frank Moore,5,16,12,2024,1,33.87266,-118.36046,4,1.1,0.72576
74259,Debra Moreno DDS,5,16,12,2024,1,33.99938,-118.53142667,5,3.3,2.18476
14304,Oscar Moore,5,16,12,2024,1,33.85154,-118.54852333,2,1.2,0.82888
25391,James Jones,5,16,12,2024,1,33.7037,-118.46304,1,2.5,1.67075
43283,Michael Brown,5,16,12,2024,1,33.97826,-118.49723333,5,1.4,0.93992
56198,Sean Nelson MD,5,16,12,2024,1,34.08386,-118.37755667,9,4.3,2.84003
66861,Carol Forbes,5,16,12,2024,1,33.87266,-118.53142667,3,0.7,0.47931
33568,Amanda Jones,5,16,12,2024,1,33.93602,-118.22368667,8,0.7,0.45872
66083,Anthony Williamson,5,16,12,2024,1,33.85154,-118.36046,4,3.2,2.15684
30288,Mr. Travis Collins Jr.,5,16,12,2024,1,33.93602,-118.18949333,8,29.6,19.74795
88509,Heather Marshall,5,16,12,2024,1,34.04162,-118.32626667,10,2.9,1.95596
49727,Amanda Brown,5,16,12,2024,1,33.87266,-118.44594333,3,1.1,0.71068
54802,Veronica Morrow,5,16,12,2024,1,33.89378,-118.58271667,2,1.3,0.84092
77077,Shawn Fowler,5,16,12,2024,1,33.95714,-118.42884667,6,0.6,0.37451
93424,Aaron Moreno,5,16,12,2024,1,33.76706,-118.59981333,2,2.3,1.51115
50869,Paul Phillips,5,16,12,2024,1,33.89378,-118.46304,3,1.5,1.0156
17785,Vicki Anderson,5,16,12,2024,1,33.83042,-118.58271667,2,0.6,0.40117
10545,Diana Garcia,5,16,12,2024,1,34.31618,-118.27497667,11,61.1,40.73062
58750,Leslie Williams,5,16,12,2024,1,33.9149,-118.25788,4,2.6,1.76185
82951,Michele Lopez,5,16,12,2024,1,33.95714,-118.44594333,6,1.5,1.01734
76061,Daniel Castro,5,16,12,2024,1,34.21058,-118.29207333,11,37.9,25.23433
83168,Tammy Fowler,5,16,12,2024,1,33.76706,-118.53142667,1,0.7,0.4631
67754,Keith Hebert,5,16,12,2024,1,34.0205,-118.34336333,6,2.2,1.4937
28322,Dustin Lopez,5,16,12,2024,1,34.16834,-118.27497667,11,34.4,22.94124
23486,Erica Williams,5,16,12,2024,1,33.72482,-118.41175,1,12.0,7.97047
76662,Tina Velasquez,5,16,12,2024,1,33.76706,-118.46304,1,1.5,0.97781
15772,Jacob Long,5,16,12,2024,1,33.8093,-118.27497667,4,13.6,9.09021
18643,Jordan Patterson,5,16,12,2024,1,34.29506,-118.27497667,11,57.0,37.97588
50043,Michael Harper,5,16,12,2024,1,34.25282,-118.25788,11,47.5,31.66749
87757,Justin Austin,5,16,12,2024,1,34.10498,-118.29207333,10,2.0,1.35666
28275,Phillip Burke,5,16,12,2024,1,33.72482,-118.51433,1,5.5,3.63386
96454,Marie Carter,5,16,12,2024,1,33.89378,-118.41175,3,0.5,0.31511
24286,John Walter,5,16,12,2024,1,34.0205,-118.56562,5,2.9,1.90995
47156,Michael Keith,5,16,12,2024,1,33.8093,-118.44594333,1,1.0,0.69917
96828,Tara Willis,5,16,12,2024,1,33.9149,-118.18949333,8,34.4,22.90475
91364,Dawn Rowe,5,16,12,2024,1,33.99938,-118.24078333,7,1.5,0.99726
32202,Corey Woods,5,16,12,2024,1,33.95714,-118.51433,5,0.5,0.35414
20701,Elizabeth Johnson,5,16,12,2024,1,33.8093,-118.56562,2,2.1,1.36905
89290,Melissa Lawson,5,16,12,2024,1,33.85154,-118.48013667,3,1.1,0.75883
81864,Lonnie French,5,16,12,2024,1,33.99938,-118.34336333,6,1.4,0.94146
40428,Michael Greer,5,16,12,2024,1,34.10498,-118.48013667,9,5.9,3.90773
19403,Melissa Hernandez,5,16,12,2024,1,33.95714,-118.1553,8,25.1,16.74777
44430,Philip Eaton,5,16,12,2024,1,33.7037,-118.48013667,1,6.5,4.35302
72106,Ann Simpson,5,16,12,2024,1,34.08386,-118.27497667,10,7.9,5.29914
41907,Adam Heath,5,16,12,2024,1,33.78818,-118.49723333,1,2.7,1.80682
70388,Maria Turner,5,16,12,2024,1,34.04162,-118.41175,9,2.0,1.33556
64397,Robert Hernandez,5,16,12,2024,1,33.76706,-118.56562,2,1.4,0.94993
85160,Jennifer Howe,5,16,12,2024,1,33.93602,-118.1553,8,26.0,17.34865
83009,William Barnes,5,16,12,2024,1,33.97826,-118.34336333,6,3.0,2.03068
31671,Stephen Luna,5,16,12,2024,1,33.93602,-118.56562,5,6.0,3.9987
65578,Bruce Johnson,5,16,12,2024,1,33.93602,-118.27497667,7,0.3,0.19821
56934,Christine Zimmerman,5,16,12,2024,1,33.99938,-118.25788,7,1.8,1.1824
84141,Deanna Carter,5,16,12,2024,1,33.8093,-118.32626667,4,0.9,0.60281
45578,Javier Foster,5,16,12,2024,1,34.08386,-118.24078333,10,13.1,8.73513
90749,Christine Nelson,5,16,12,2024,1,33.9149,-118.17239667,8,35.6,23.72043
79526,Michael Cantrell,5,16,12,2024,1,33.7037,-118.44594333,1,4.6,3.05739
13133,Darryl Martinez,5,16,12,2024,1,33.97826,-118.30917,7,5.8,3.89552
66524,Michael Skinner,5,16,12,2024,1,34.10498,-118.25788,10,9.3,6.18241
97779,Brad Lawson,5,16,12,2024,1,34.04162,-118.22368667,10,3.1,2.07918
98845,Michael Berger,5,16,12,2024,1,33.93602,-118.51433,5,2.7,1.79571
77503,Michael Jackson,5,16,12,2024,1,34.1261,-118.27497667,10,13.6,9.06494
91255,Jeffrey Rodriguez,5,16,12,2024,1,34.25282,-118.27497667,11,54.9,36.58095
45735,Cody Lee,5,16,12,2024,1,34.0205,-118.42884667,6,1.2,0.7967
56832,Christina Warren,5,16,12,2024,1,34.08386,-118.24078333,10,1.3,0.84095
24644,Edward Love,5,16,12,2024,1,33.9149,-118.48013667,3,1.0,0.68645
71979,Jonathon Hays,5,16,12,2024,1,33.97826,-118.54852333,5,0.8,0.54893
23579,David Cox,5,16,12,2024,1,33.95714,-118.22368667,8,0.9,0.61992
33184,Gloria Perez,5,16,12,2024,1,33.95714,-118.46304,6,1.8,1.17695
98137,Leslie Suarez,5,16,12,2024,1,33.9149,-118.34336333,4,3.8,2.52476
39014,Robert Green,5,16,12,2024,1,33.85154,-118.59981333,2,3.0,2.02344
22933,Jacob Baker,5,16,12,2024,1,34.06274,-118.32626667,10,2.3,1.55447
28233,Jessica Obrien,5,16,12,2024,1,33.93602,-118.25788,7,0.6,0.37692
71957,Thomas Herring,5,16,12,2024,1,33.9149,-118.49723333,3,2.6,1.7542
39258,Paul Hartman,5,16,12,2024,1,33.9149,-118.49723333,3,1.6,1.09425
21357,Peter Hunter,5,16,12,2024,1,33.83042,-118.6682,2,3.3,2.16912
33130,Troy Olsen,5,16,12,2024,1,33.85154,-118.63400667,2,4.4,2.94994
99321,Justin Lam,5,16,12,2024,1,34.1261,-118.25788,10,13.7,9.12891
50369,Ronald Esparza,5,16,12,2024,1,33.78818,-118.48013667,1,1.5,0.97194
69698,Veronica Oneal,5,16,12,2024,1,33.76706,-118.44594333,1,1.6,1.05984
84849,Melissa Huang,5,16,12,2024,1,33.93602,-118.39465333,6,0.6,0.3922
29768,Rachel Benson,5,16,12,2024,1,34.04162,-118.42884667,9,3.2,2.1169
75912,Laura Sanchez,5,16,12,2024,1,33.93602,-118.20659,8,1.2,0.79304
15534,Vincent Walker,5,16,12,2024,1,34.27394,-118.25788,11,49.8,33.17936
68781,John Scott,5,16,12,2024,1,33.93602,-118.49723333,5,1.2,0.82518
60163,Erin Miller,5,16,12,2024,1,33.76706,-118.54852333,1,1.1,0.74851
72181,John Hale,5,16,12,2024,1,33.93602,-118.37755667,6,1.5,0.98417
76513,Faith George,5,16,12,2024,1,33.97826,-118.32626667,6,8.1,5.40821
17808,Kayla Andrade,5,16,12,2024,1,33.8093,-118.30917,4,1.0,0.63982
51172,Stephen West,5,16,12,2024,1,34.06274,-118.32626667,10,2.7,1.77686
94762,Tracey Spencer,5,16,12,2024,1,33.99938,-118.49723333,5,3.6,2.38974
94626,Samuel Vargas,5,16,12,2024,1,33.9149,-118.24078333,4,1.9,1.24146
30392,Jessica Moran,5,16,12,2024,1,34.04162,-118.30917,10,1.7,1.16393
45332,Johnny Hull,5,16,12,2024,1,33.97826,-118.32626667,6,2.2,1.48625
46147,Ellen Harris,5,16,12,2024,1,33.93602,-118.48013667,5,2.6,1.76613
74513,George Chapman,5,16,12,2024,1,33.83042,-118.34336333,4,3.7,2.49775
55555,Sara Jackson,5,16,12,2024,1,34.0205,-118.30917,7,0.8,0.53785
71903,Tiffany Smith,5,16,12,2024,1,33.9149,-118.51433,3,2.5,1.66656
65656,Marcus Burke,5,16,12,2024,1,34.10498,-118.30917,10,0.2,0.13891
43240,Brandy Lee,5,16,12,2024,1,33.99938,-118.24078333,7,1.1,0.74608
45173,Victoria Santiago,5,16,12,2024,1,33.83042,-118.54852333,2,0.8,0.50718
33140,Dalton Powell,5,16,12,2024,1,33.85154,-118.53142667,3,1.5,0.97254
63525,Garrett Graham,5,16,12,2024,1,33.97826,-118.36046,6,1.1,0.74286
67758,Crystal Smith,5,16,12,2024,1,33.9149,-118.46304,3,3.4,2.2676
47211,Jill Baxter,5,16,12,2024,1,33.89378,-118.42884667,3,1.5,0.99938
37422,Tony Hernandez,5,16,12,2024,1,33.99938,-118.48013667,5,1.2,0.76687
88026,Travis Murphy,5,16,12,2024,1,33.95714,-118.27497667,7,1.6,1.07658
32269,Jeffrey Livingston,5,16,12,2024,1,33.89378,-118.32626667,4,2.4,1.62211
30476,Rebecca Hoffman,5,16,12,2024,1,33.83042,-118.53142667,3,2.1,1.41961
47933,Ruben Colon,5,16,12,2024,1,33.83042,-118.41175,3,1.4,0.9223
79999,Mary Taylor,5,16,12,2024,1,34.29506,-118.24078333,11,53.7,35.78693
47385,Brandon Wood,5,16,12,2024,1,33.97826,-118.42884667,6,2.8,1.85313
60637,Joshua Johnson,5,16,12,2024,1,33.97826,-118.24078333,7,4.0,2.6446
11581,Kimberly Hester,5,16,12,2024,1,33.99938,-118.53142667,5,4.8,3.19371
93432,Henry Price,5,16,12,2024,1,34.06274,-118.29207333,10,0.9,0.60708
80394,Robert Horn,5,16,12,2024,1,33.76706,-118.48013667,1,0.6,0.42858
74144,Sara Foley,5,16,12,2024,1,33.85154,-118.58271667,2,2.6,1.7376
68774,Joseph Barton,5,16,12,2024,1,33.87266,-118.49723333,3,2.3,1.55559
59889,Shannon Buchanan,5,16,12,2024,1,33.89378,-118.41175,3,1.9,1.23809
73915,Christine King,5,16,12,2024,1,33.97826,-118.34336333,6,2.2,1.4565
18334,John Arroyo,5,16,12,2024,1,33.99938,-118.44594333,6,2.1,1.3981
52679,Richard Phillips,5,16,12,2024,1,33.87266,-118.36046,4,0.8,0.50476
93728,Suzanne Rodriguez,5,16,12,2024,1,34.08386,-118.27497667,10,4.2,2.8012
20077,Thomas Hopkins,5,16,12,2024,1,33.99938,-118.29207333,7,7.1,4.72074
98052,Richard Mason,5,16,12,2024,1,33.99938,-118.18949333,8,14.1,9.36797
49171,Jennifer Dickerson,5,16,12,2024,1,33.83042,-118.54852333,2,1.2,0.80312
97251,Martin Valencia,5,16,12,2024,1,34.04162,-118.34336333,10,2.4,1.58436
80894,Gene Reynolds DDS,5,16,12,2024,1,33.83042,-118.42884667,3,2.2,1.49578
69265,Anthony Davis,5,16,12,2024,1,33.97826,-118.54852333,5,1.7,1.11295
16234,Alyssa Williams,5,16,12,2024,1,33.74594,-118.53142667,1,1.4,0.92761
83992,Dr. Bruce Abbott MD,5,16,12,2024,1,34.06274,-118.42884667,9,1.9,1.29263
60070,Haley Greer,5,16,12,2024,1,33.99938,-118.30917,7,8.4,5.58931
14278,Ashley Jackson,5,16,12,2024,1,33.99938,-118.56562,5,3.1,2.07199
21505,Sara West,5,16,12,2024,1,34.06274,-118.30917,10,4.3,2.89128
78202,Miranda Martin,5,16,12,2024,1,34.25282,-118.30917,11,57.0,38.02837
29373,Gary Johnston,5,16,12,2024,1,33.8093,-118.34336333,4,3.3,2.20857
83945,Mark Douglas,5,16,12,2024,1,33.95714,-118.51433,5,1.2,0.80278
84356,Angela Stephens,5,16,12,2024,1,34.29506,-118.32626667,11,64.8,43.18311
95054,Holly Parker,5,16,12,2024,1,34.08386,-118.48013667,9,12.1,8.04352
51772,Natalie Taylor,5,16,12,2024,1,33.93602,-118.34336333,6,1.1,0.75664
35908,Troy Frey,5,16,12,2024,1,34.04162,-118.39465333,9,1.2,0.80915
35155,Sarah Anderson,5,16,12,2024,1,33.85154,-118.51433,3,1.4,0.95784
90739,Richard Scott,5,16,12,2024,1,34.0205,-118.29207333,7,0.6,0.40465
68249,Kenneth Stephenson,5,16,12,2024,1,33.99938,-118.32626667,6,2.4,1.57685
98444,Christopher Cruz,5,16,12,2024,1,33.76706,-118.48013667,1,3.3,2.22752
20909,Krystal Wagner,5,16,12,2024,1,33.93602,-118.30917,7,3.9,2.61101
39686,Sandra Hines,5,16,12,2024,1,33.89378,-118.27497667,4,1.7,1.14539
28642,Felicia Walter,5,16,12,2024,1,33.9149,-118.39465333,3,1.8,1.23068
75896,Jared Diaz,5,16,12,2024,1,33.78818,-118.27497667,4,11.9,7.95071
72725,Joshua Goodwin,5,16,12,2024,1,33.83042,-118.36046,4,3.1,2.08207
11057,Melody Mendez,5,16,12,2024,1,34.0205,-118.36046,6,0.4,0.27141
49903,Brian Serrano,5,16,12,2024,1,34.2317,-118.29207333,11,46.0,30.6522
87213,Mark Wyatt,5,16,12,2024,1,34.1261,-118.27497667,10,14.9,9.90526
18642,Julie Saunders,5,16,12,2024,1,34.06274,-118.36046,10,0.7,0.44356
55307,Nicholas Lawson,5,16,12,2024,1,33.93602,-118.25788,7,1.6,1.05922
16436,Perry Williams,5,16,12,2024,1,33.89378,-118.56562,2,2.3,1.50443
34180,Cindy Nelson,5,16,12,2024,1,33.99938,-118.46304,6,0.8,0.52221
63216,Kimberly Fletcher,5,16,12,2024,1,33.97826,-118.25788,7,0.2,0.14673
28043,Michelle Christensen,5,16,12,2024,1,33.89378,-118.42884667,3,1.6,1.09946
31028,Ashley Fisher,5,16,12,2024,1,33.87266,-118.58271667,2,0.6,0.42136
23555,James Davis,5,16,12,2024,1,33.89378,-118.42884667,3,1.7,1.102
12207,Joseph Perez,5,16,12,2024,1,33.97826,-118.56562,5,2.5,1.65052
92286,Daniel Wilson,5,16,12,2024,1,33.97826,-118.1553,8,13.8,9.19102
79984,Andrea Williams,5,16,12,2024,1,33.87266,-118.49723333,3,1.7,1.13224
88184,Brandi Richardson,5,16,12,2024,1,34.0205,-118.49723333,5,7.2,4.78933
93203,Miranda Walker,5,16,12,2024,1,33.89378,-118.48013667,3,0.9,0.6116
48671,Jennifer Avila,5,16,12,2024,1,33.9149,-118.53142667,3,1.6,1.07517
72731,Ashley Martinez,5,16,12,2024,1,33.78818,-118.46304,1,0.9,0.59821
40979,Taylor Ryan,5,16,12,2024,1,34.0205,-118.37755667,6,1.6,1.09002
68394,Alyssa Taylor,5,16,12,2024,1,34.0205,-118.20659,8,14.5,9.66073
43167,Megan Walker,5,16,12,2024,1,33.9149,-118.53142667,3,1.1,0.73842
65466,Cynthia Williams,5,16,12,2024,1,33.87266,-118.41175,3,1.1,0.74904
94305,Suzanne Nguyen,5,16,12,2024,1,34.10498,-118.30917,10,0.2,0.15016
11781,Kevin Wells,5,16,12,2024,1,33.7037,-118.41175,1,6.1,4.09918
18542,Gina Vance,5,16,12,2024,1,33.74594,-118.39465333,1,9.7,6.47257
21809,Virginia Jones,5,16,12,2024,1,33.72482,-118.42884667,1,5.3,3.55633
52155,Cynthia Lambert,5,16,12,2024,1,33.87266,-118.36046,4,1.2,0.7976
95111,William Stark,5,16,12,2024,1,34.08386,-118.39465333,9,3.2,2.14668
96976,Chelsea Alvarado,5,16,12,2024,1,34.04162,-118.42884667,9,3.1,2.0846
74203,Kendra Mills,5,16,12,2024,1,33.85154,-118.39465333,3,1.7,1.15146
89815,Bryan Johnson,5,16,12,2024,1,34.06274,-118.46304,9,5.7,3.81076
67193,Martin Thomas,5,16,12,2024,1,33.97826,-118.46304,6,2.5,1.67114
24521,Megan Salas,5,16,12,2024,1,33.97826,-118.48013667,5,1.4,0.93998
85590,Calvin Hopkins,5,16,12,2024,1,33.78818,-118.54852333,1,1.4,0.93253
15124,Corey Mahoney,5,16,12,2024,1,34.04162,-118.27497667,10,1.6,1.04421
45151,Angela Kirby,5,16,12,2024,1,33.99938,-118.51433,5,1.8,1.19774
58456,Pamela Taylor,5,16,12,2024,1,34.14722,-118.30917,11,8.1,5.42408
92197,John Bryant Jr.,5,16,12,2024,1,33.8093,-118.39465333,1,2.4,1.5907
58349,Cynthia Heath,5,16,12,2024,1,33.72482,-118.41175,1,5.4,3.568
40849,Aaron Jimenez,5,16,12,2024,1,34.08386,-118.30917,10,1.7,1.11471
39299,Michele Armstrong,5,16,12,2024,1,33.9149,-118.32626667,4,1.5,1.00956
48514,Jeffrey Merritt,5,16,12,2024,1,33.83042,-118.32626667,4,4.4,2.90753
48464,Anna Mccarty,5,16,12,2024,1,33.97826,-118.34336333,6,0.4,0.26749
24917,Allen Johnson,5,16,12,2024,1,33.8093,-118.49723333,1,2.2,1.46302
65804,Tina Thomas,5,16,12,2024,1,33.95714,-118.30917,7,2.6,1.75862
54705,Richard Rodriguez,5,16,12,2024,1,33.95714,-118.37755667,6,2.8,1.87338
48070,Bryan Dennis,5,16,12,2024,1,33.97826,-118.39465333,6,0.9,0.58142
51042,Shannon Woodward,5,16,12,2024,1,33.99938,-118.54852333,5,7.7,5.11289
44573,Duane Mcintosh,5,16,12,2024,1,34.1261,-118.42884667,9,1.9,1.2969
98173,Lindsey Salazar,5,16,12,2024,1,33.97826,-118.53142667,5,3.5,2.32117
41619,Felicia Alexander,5,16,12,2024,1,33.95714,-118.58271667,5,2.0,1.34193
76624,David Ford,5,16,12,2024,1,33.97826,-118.37755667,6,1.3,0.88338
70123,Thomas Finley,5,16,12,2024,1,33.85154,-118.53142667,3,0.7,0.46235
24796,William Dunn,5,16,12,2024,1,33.8093,-118.48013667,1,1.5,0.98217
96819,Ashley Jenkins,5,16,12,2024,1,33.97826,-118.46304,6,0.8,0.53622
72979,Mrs. Molly Odom,5,16,12,2024,1,34.1261,-118.30917,10,2.0,1.30015
12913,Elizabeth Lewis,5,16,12,2024,1,33.76706,-118.27497667,4,11.8,7.89312
34361,David Lucas,5,16,12,2024,1,33.76706,-118.61691,2,1.3,0.86545
14072,Danielle Barr,5,16,12,2024,1,33.78818,-118.56562,2,1.7,1.15297
91286,Hannah Hodges,5,16,12,2024,1,33.97826,-118.18949333,8,11.3,7.52409
60171,Rebecca Davis,5,16,12,2024,1,33.85154,-118.37755667,4,1.8,1.21405
48357,Kevin Howard,5,16,12,2024,1,34.16834,-118.27497667,11,37.9,25.27667
21119,Gregory Turner,5,16,12,2024,1,33.95714,-118.18949333,8,20.7,13.78797
67817,Richard Patterson,5,16,12,2024,1,34.0205,-118.41175,6,1.9,1.26216
72473,Patricia Garcia,5,16,12,2024,1,33.83042,-118.48013667,3,0.9,0.59808
74713,Scott Anderson,5,16,12,2024,1,33.8093,-118.58271667,2,3.5,2.33111
51384,Terri Klein,5,16,12,2024,1,33.8093,-118.39465333,1,1.1,0.73431
60631,Amy Rodriguez,5,16,12,2024,1,33.85154,-118.61691,2,7.9,5.29205
12872,Paul Jackson,5,16,12,2024,1,33.83042,-118.46304,3,0.7,0.45695
73237,Kyle Higgins,5,16,12,2024,1,33.95714,-118.51433,5,1.1,0.70129
58513,Dr. Marc Myers MD,5,16,12,2024,1,33.95714,-118.24078333,7,1.8,1.18672
88076,Michael Morgan,5,16,12,2024,1,34.29506,-118.25788,11,59.8,39.88581
65019,Angela Morton,5,16,12,2024,1,34.04162,-118.44594333,9,1.8,1.17484
85818,Vickie White,5,16,12,2024,1,33.97826,-118.24078333,7,10.9,7.27037
55176,Nicholas Walker,5,16,12,2024,1,33.87266,-118.29207333,4,2.5,1.63693
75890,Charles Carter,5,16,12,2024,1,34.06274,-118.44594333,9,3.3,2.17488
45842,Joel Leonard,5,16,12,2024,1,33.76706,-118.36046,4,7.0,4.64655
62696,Mrs. Audrey Buchanan,5,16,12,2024,1,33.74594,-118.49723333,1,5.8,3.86533
96130,Donald Rodriguez,5,16,12,2024,1,34.08386,-118.30917,10,1.2,0.83111
83899,Jodi Roberts,5,16,12,2024,1,33.97826,-118.53142667,5,2.6,1.73801
95377,Joseph Simon,5,16,12,2024,1,33.8093,-118.46304,1,1.0,0.63978
35355,Patricia Lara,5,16,12,2024,1,33.93602,-118.29207333,7,1.3,0.83695
45086,Stephen Singh,5,16,12,2024,1,33.99938,-118.29207333,7,6.6,4.41927
98527,Jonathan Mason,5,16,12,2024,1,33.83042,-118.32626667,4,3.0,2.00299
66539,Eric Davis,5,16,12,2024,1,33.9149,-118.58271667,2,3.8,2.56254
67245,Lisa Simmons,5,16,12,2024,1,33.85154,-118.49723333,3,1.0,0.68273
13552,Suzanne Allen,5,16,12,2024,1,34.25282,-118.30917,11,43.1,28.71022
15924,Lori Henderson,5,16,12,2024,1,33.85154,-118.46304,3,1.5,1.03092
78763,Nicholas Crawford,5,16,12,2024,1,33.8093,-118.42884667,1,0.8,0.55338
39610,Brianna Doyle,5,16,12,2024,1,33.97826,-118.53142667,5,4.7,3.11162
65887,Carlos Young,5,16,12,2024,1,33.89378,-118.61691,2,1.6,1.09809
26388,Allison Young,5,16,12,2024,1,34.27394,-118.24078333,11,47.5,31.64244
92921,Laura Garrison,5,16,12,2024,1,33.89378,-118.63400667,2,3.7,2.49483
30262,William Fields Jr.,5,16,12,2024,1,33.87266,-118.51433,3,0.5,0.3076
83250,Denise Anderson,5,16,12,2024,1,33.9149,-118.53142667,3,0.9,0.61938
47179,Tracy Smith,5,16,12,2024,1,33.74594,-118.41175,1,5.4,3.57127
89638,Matthew Vargas,5,16,12,2024,1,34.14722,-118.30917,11,7.9,5.24984
16783,James Taylor,5,16,12,2024,1,33.87266,-118.34336333,4,2.3,1.52644
32325,Robert Olson,5,16,12,2024,1,34.0205,-118.32626667,6,2.1,1.38461
79836,Barry Costa,5,16,12,2024,1,33.8093,-118.34336333,4,3.2,2.14516
77795,Heather Crawford,5,16,12,2024,1,33.89378,-118.29207333,4,3.2,2.10271
81996,Patricia Hale,5,16,12,2024,1,34.31618,-118.32626667,11,68.3,45.52795
60349,Lisa Rose,5,16,12,2024,1,33.99938,-118.22368667,8,4.8,3.20155
52110,Jessica Miller,5,16,12,2024,1,33.74594,-118.42884667,1,6.0,4.02911
74222,Larry Martinez,5,16,12,2024,1,34.0205,-118.27497667,7,1.7,1.15846
36117,Kimberly Robinson,5,16,12,2024,1,34.06274,-118.27497667,10,11.6,7.72501
93401,Donald Allen,5,16,12,2024,1,33.89378,-118.61691,2,6.9,4.62418
27627,Matthew Shaffer,5,16,12,2024,1,33.99938,-118.34336333,6,1.6,1.07671
98219,Andrew Andrews,5,16,12,2024,1,33.78818,-118.29207333,4,9.8,6.5064
87794,Sarah Reyes,5,16,12,2024,1,33.87266,-118.56562,2,1.9,1.26225
50680,Kayla Mclean,5,16,12,2024,1,33.99938,-118.51433,5,2.8,1.84087
70645,Briana Lee,5,16,12,2024,1,33.87266,-118.39465333,3,2.0,1.33841
33105,Breanna Carpenter,5,16,12,2024,1,33.9149,-118.56562,2,2.2,1.46664
73263,Isaac Eaton,5,16,12,2024,1,33.87266,-118.58271667,2,1.0,0.66919
62286,Diana Perez,5,16,12,2024,1,33.97826,-118.30917,7,5.1,3.40488
55164,Sheri Vazquez,5,16,12,2024,1,33.97826,-118.49723333,5,0.8,0.52916
94253,Janice Phillips,5,16,12,2024,1,33.9149,-118.22368667,8,2.4,1.6277
26299,Alex Wang,5,16,12,2024,1,33.7037,-118.42884667,1,3.2,2.12839
44117,Courtney Boyd,5,16,12,2024,1,33.72482,-118.48013667,1,3.8,2.51121
71838,Dwayne Davis,5,16,12,2024,1,33.97826,-118.41175,6,2.2,1.45698
45802,Jessica Bond,5,16,12,2024,1,33.97826,-118.20659,8,8.3,5.52883
64047,Steve Thomas,5,16,12,2024,1,33.95714,-118.32626667,6,5.6,3.7598
69650,Jack Myers,5,16,12,2024,1,33.99938,-118.37755667,6,1.2,0.78086
63424,Megan Holt,5,16,12,2024,1,33.99938,-118.51433,5,1.5,0.99451
68918,Michael Brown,5,16,12,2024,1,33.83042,-118.44594333,3,0.4,0.27347
39669,Amber Perry,5,16,12,2024,1,33.8093,-118.25788,4,13.6,9.06358
68154,Nancy Brown,5,16,12,2024,1,34.1261,-118.29207333,10,8.3,5.54572
72020,Katie Reese,5,16,12,2024,1,34.08386,-118.22368667,10,14.2,9.46533
78332,Kim Collins,5,16,12,2024,1,34.2317,-118.30917,11,14.3,9.56042
58108,Larry Berger,5,16,12,2024,1,34.10498,-118.41175,9,2.6,1.75747
41781,Brent Castillo,5,16,12,2024,1,33.85154,-118.36046,4,3.9,2.57384
91240,Antonio Graham,5,16,12,2024,1,34.1261,-118.42884667,9,3.6,2.37529
38204,John Hobbs,5,16,12,2024,1,34.10498,-118.24078333,10,14.0,9.35331
10457,Rebecca Harvey,5,16,12,2024,1,33.9149,-118.29207333,4,1.1,0.75885
54287,Wayne Hampton,5,16,12,2024,1,33.9149,-118.42884667,3,1.2,0.79284
32306,Justin Morgan,5,16,12,2024,1,33.8093,-118.36046,4,3.6,2.40175
10574,Jennifer Brown,5,16,12,2024,1,33.76706,-118.61691,2,1.5,1.02293
65759,Chad Carlson,5,16,12,2024,1,33.99938,-118.39465333,6,1.4,0.96096
43679,Sean Morse,5,16,12,2024,1,33.93602,-118.41175,6,1.9,1.25715
43800,Eric Sanders,5,16,12,2024,1,34.21058,-118.22368667,11,36.2,24.14766
11595,Mackenzie Brown,5,16,12,2024,1,34.21058,-118.22368667,11,38.8,25.84614
79465,Paul Campbell,5,16,12,2024,1,34.08386,-118.24078333,10,15.0,9.97389
79265,Brandon Wong,5,16,12,2024,1,34.04162,-118.37755667,9,0.9,0.59538
71843,Jacob Silva,5,16,12,2024,1,34.08386,-118.41175,9,1.7,1.12311
47405,Julie Torres,5,16,12,2024,1,33.85154,-118.36046,4,5.2,3.44675
88320,Megan Tucker,5,16,12,2024,1,33.85154,-118.37755667,4,1.0,0.68998
73733,Frank Ramsey,5,16,12,2024,1,34.0205,-118.49723333,5,7.0,4.68222
82239,John Fry,5,16,12,2024,1,34.04162,-118.32626667,10,3.1,2.09689
72126,Colleen Burns,5,16,12,2024,1,33.89378,-118.59981333,2,3.1,2.04301
28280,Joseph Aguilar,5,16,12,2024,1,33.93602,-118.54852333,5,4.7,3.11888
83038,Anthony Coleman,5,16,12,2024,1,33.9149,-118.54852333,2,1.5,1.00035
57595,Jeremy Norton,5,16,12,2024,1,34.27394,-118.29207333,11,44.5,29.67831
11030,Carol Lewis,5,16,12,2024,1,33.74594,-118.54852333,1,1.6,1.08659
38701,Frank Walton,5,16,12,2024,1,33.78818,-118.25788,4,12.7,8.47985
84301,Cynthia Wilkinson,5,16,12,2024,1,34.21058,-118.27497667,11,32.4,21.63162
34941,Michael Burns,5,16,12,2024,1,33.93602,-118.41175,6,1.0,0.69345
35250,Jason Brooks,5,16,12,2024,1,33.99938,-118.56562,5,1.5,0.96897
52447,Debra Williams,5,16,12,2024,1,33.87266,-118.59981333,2,4.9,3.29028
26896,Holly Bishop,5,16,12,2024,1,33.72482,-118.44594333,1,0.5,0.34976
24310,John Hunter,5,16,12,2024,1,34.21058,-118.22368667,11,40.4,26.92019
75672,Daniel Miranda,5,16,12,2024,1,33.93602,-118.39465333,6,1.4,0.95695
94399,Michael Shepard,5,16,12,2024,1,33.95714,-118.41175,6,1.7,1.15769
92615,Tara Gentry,5,16,12,2024,1,33.85154,-118.42884667,3,1.2,0.80699
16321,David Anderson,5,16,12,2024,1,33.95714,-118.34336333,6,1.1,0.73659
33812,Mark White,5,16,12,2024,1,34.06274,-118.25788,10,6.4,4.25764
90736,William Norton,5,16,12,2024,1,34.0205,-118.46304,6,3.0,1.98441
30272,Derek Castillo,5,16,12,2024,1,33.89378,-118.59981333,2,4.6,3.04874
42409,Randy Fletcher,5,16,12,2024,1,34.21058,-118.27497667,11,35.2,23.46626
82621,Kristin Richard,5,16,12,2024,1,33.8093,-118.36046,4,1.7,1.12154
82809,Charlotte Christensen,5,16,12,2024,1,33.89378,-118.49723333,3,2.5,1.67173
72563,Tyler Lynch,5,16,12,2024,1,33.93602,-118.34336333,6,1.5,1.00439
83514,Tiffany Rodriguez,5,16,12,2024,1,33.93602,-118.58271667,5,6.0,4.00507
18543,Cheryl Estes,5,16,12,2024,1,33.93602,-118.24078333,7,1.1,0.74759
60203,Mark Howard,5,16,12,2024,1,33.74594,-118.56562,2,2.8,1.83817
85616,Kelly Cunningham,5,16,12,2024,1,34.25282,-118.29207333,11,48.8,32.56017
22547,Katie Sawyer,5,16,12,2024,1,34.06274,-118.24078333,10,14.8,9.85914
86988,Denise Ingram,5,16,12,2024,1,33.95714,-118.29207333,7,3.5,2.32786
67206,John Patterson,5,16,12,2024,1,34.08386,-118.37755667,9,1.2,0.78277
54274,Betty Dyer,5,16,12,2024,1,33.89378,-118.34336333,4,0.6,0.37312
26668,Maria James,5,16,12,2024,1,34.29506,-118.25788,11,51.5,34.33051
76698,Abigail Grant,5,16,12,2024,1,34.06274,-118.34336333,10,0.9,0.60793
47417,Jennifer Williams,5,16,12,2024,1,33.76706,-118.49723333,1,1.2,0.82665
91104,Ryan Knox,5,16,12,2024,1,33.89378,-118.46304,3,1.1,0.76598
10188,Brian Peterson,5,16,12,2024,1,34.2317,-118.25788,11,52.0,34.63889
38436,Daniel Rowland,5,16,12,2024,1,33.76706,-118.29207333,4,12.7,8.4788
15805,Rachael Castro,5,16,12,2024,1,33.76706,-118.51433,1,2.9,1.90086
40933,Matthew Nguyen,5,16,12,2024,1,33.99938,-118.36046,6,2.5,1.6405
82106,Luis Robertson,5,16,12,2024,1,34.08386,-118.39465333,9,0.2,0.16209
70427,William Jimenez,5,16,12,2024,1,33.7037,-118.42884667,1,6.6,4.37687
43346,Deborah Jackson,5,16,12,2024,1,33.87266,-118.42884667,3,1.6,1.09669
64482,Tanya Walker,5,16,12,2024,1,34.3373,-118.24078333,11,59.9,39.90706
81791,Edwin Khan,5,16,12,2024,1,34.0205,-118.25788,7,1.5,1.00025
54133,Andrea Valdez,5,16,12,2024,1,33.99938,-118.42884667,6,1.6,1.08123
86183,Ethan Graham,5,16,12,2024,1,33.74594,-118.48013667,1,2.8,1.87295
84516,Clayton Hunter,5,16,12,2024,1,33.8093,-118.59981333,2,1.2,0.79971
68931,Tyler Collins,5,16,12,2024,1,33.76706,-118.58271667,2,0.4,0.28819
29062,Rhonda Perez,5,16,12,2024,1,33.93602,-118.29207333,7,3.1,2.07018
54385,Katrina Collins,5,16,12,2024,1,33.74594,-118.29207333,4,13.1,8.71242
92314,James Simmons,5,16,12,2024,1,33.93602,-118.37755667,6,2.2,1.46088
63718,Raymond Steele,5,16,12,2024,1,33.89378,-118.37755667,4,1.8,1.19853
69897,Nicole Robbins,5,16,12,2024,1,33.9149,-118.46304,3,2.5,1.68505
24178,Matthew Vargas,5,16,12,2024,1,33.87266,-118.65110333,2,2.4,1.61849
35556,James Dickson,5,16,12,2024,1,33.89378,-118.20659,8,1.2,0.79551
46727,Jessica Pacheco,5,16,12,2024,1,33.97826,-118.18949333,8,14.7,9.80288
45809,Jennifer Rose,5,16,12,2024,1,33.87266,-118.61691,2,12.0,8.02096
43160,Brandy Hall,5,16,12,2024,1,34.29506,-118.30917,11,54.1,36.05466
92090,Kimberly Snyder,5,16,12,2024,1,33.95714,-118.46304,6,1.3,0.88317
35715,Joseph Lewis,5,16,12,2024,1,34.08386,-118.29207333,10,1.7,1.1198
33292,Courtney Gamble,5,16,12,2024,1,34.2317,-118.27497667,11,50.7,33.81199
94041,Allison Potter,5,16,12,2024,1,33.99938,-118.32626667,6,0.2,0.1154
45210,Shane Murphy,5,16,12,2024,1,33.74594,-118.51433,1,2.1,1.4267
91860,Stephen Richard,5,16,12,2024,1,33.97826,-118.25788,7,1.4,0.93564
44480,Benjamin Kemp,5,16,12,2024,1,34.08386,-118.25788,10,6.8,4.53383
75308,Daniel Kennedy,5,16,12,2024,1,34.04162,-118.48013667,9,1.0,0.6865
96320,Nicholas Johnson,5,16,12,2024,1,33.87266,-118.6682,2,8.2,5.45408
75641,Dana Nelson,5,16,12,2024,1,33.87266,-118.42884667,3,1.1,0.71099
44462,Kimberly Gallegos,5,16,12,2024,1,33.72482,-118.49723333,1,3.6,2.40449
54156,Eric Cameron,5,16,12,2024,1,33.9149,-118.32626667,4,1.3,0.86552
69664,Christina Hughes,5,16,12,2024,1,34.04162,-118.24078333,10,7.7,5.12868
70531,Donald Reed,5,16,12,2024,1,33.74594,-118.44594333,1,2.8,1.85065
24073,Katelyn Brown,5,16,12,2024,1,33.74594,-118.48013667,1,2.2,1.44328
90051,Tanner Flynn,5,16,12,2024,1,33.93602,-118.53142667,5,0.9,0.63288
49520,David Clark,5,16,12,2024,1,33.87266,-118.51433,3,0.4,0.26811
91402,Holly Bentley,5,16,12,2024,1,33.95714,-118.29207333,7,5.0,3.31864
75501,Kimberly Jackson,5,16,12,2024,1,34.08386,-118.30917,10,0.9,0.6077
98220,Tiffany Leonard,5,16,12,2024,1,33.72482,-118.49723333,1,4.0,2.63358
10969,William Hawkins,5,16,12,2024,1,33.7037,-118.41175,1,6.6,4.41568
84028,Matthew Bennett,5,16,12,2024,1,34.04162,-118.34336333,10,1.0,0.64157
87536,Kimberly Graves,5,16,12,2024,1,33.8093,-118.53142667,1,1.1,0.73829
31363,Wendy Johnson,5,16,12,2024,1,33.99938,-118.56562,5,2.1,1.41739
78576,Curtis Garcia,5,16,12,2024,1,33.99938,-118.39465333,6,2.2,1.45813
86943,Eric Williams,5,16,12,2024,1,33.89378,-118.30917,4,6.8,4.50878
80591,Rebecca Terrell,5,16,12,2024,1,34.04162,-118.46304,9,2.0,1.32984
20157,Breanna Ortiz,5,16,12,2024,1,33.78818,-118.49723333,1,2.5,1.69585
41346,Jessica Fischer,5,16,12,2024,1,33.8093,-118.59981333,2,2.3,1.52757
62963,James Miller,5,16,12,2024,1,33.97826,-118.1553,8,14.4,9.58168
35096,Elizabeth Marshall,5,16,12,2024,1,33.8093,-118.61691,2,2.9,1.92076
73492,Andrea Thompson,5,16,12,2024,1,34.2317,-118.22368667,11,51.8,34.55504
71551,Teresa Fisher,5,16,12,2024,1,34.2317,-118.22368667,11,38.4,25.62733
18637,Anthony Willis,5,16,12,2024,1,34.06274,-118.25788,10,2.4,1.57876
43503,Derrick Horne,5,16,12,2024,1,33.89378,-118.32626667,4,4.5,2.96911
26578,Alicia Adams,5,16,12,2024,1,34.04162,-118.24078333,10,11.1,7.37553
91423,Andrew Arnold,5,16,12,2024,1,33.99938,-118.25788,7,1.1,0.70974
73453,Amy Carter,5,16,12,2024,1,33.89378,-118.53142667,3,1.1,0.70999
90190,Cheryl Jackson DDS,5,16,12,2024,1,33.97826,-118.56562,5,4.2,2.78705
98421,Taylor Gonzalez,5,16,12,2024,1,33.83042,-118.56562,2,3.1,2.04937
19969,Timothy Miller,5,16,12,2024,1,33.87266,-118.61691,2,3.0,1.99243
97290,Benjamin Wilson,5,16,12,2024,1,33.97826,-118.20659,8,9.8,6.50653
67863,Ashley Sawyer,5,16,12,2024,1,33.87266,-118.63400667,2,5.9,3.91597
70703,Erik Johnson,5,16,12,2024,1,34.14722,-118.29207333,11,9.1,6.07672
77407,Jessica Bond,5,16,12,2024,1,33.83042,-118.39465333,3,1.2,0.77007
34710,Dylan Spencer,5,16,12,2024,1,34.08386,-118.29207333,10,2.2,1.49576
38829,Jennifer Bailey,5,16,12,2024,1,33.99938,-118.54852333,5,3.5,2.30031
78297,Adriana Velazquez,5,16,12,2024,1,34.04162,-118.49723333,9,10.4,6.90023
97233,Jennifer Townsend,5,16,12,2024,1,34.06274,-118.22368667,10,14.2,9.47296
13850,Caleb Sullivan,5,16,12,2024,1,33.87266,-118.54852333,2,1.0,0.65748
98423,Phillip Lopez,5,16,12,2024,1,33.89378,-118.18949333,8,2.4,1.62069
27432,Timothy Bryant,5,16,12,2024,1,34.08386,-118.48013667,9,8.8,5.83368
72762,Amy Dixon,5,16,12,2024,1,33.87266,-118.65110333,2,3.1,2.0517
43796,Robert Horn,5,16,12,2024,1,33.9149,-118.30917,4,0.6,0.40908
49313,Daniel Andersen,5,16,12,2024,1,34.08386,-118.41175,9,0.4,0.29632
63864,Kimberly Norton,5,16,12,2024,1,34.10498,-118.42884667,9,6.2,4.15769
23669,Lori York,5,16,12,2024,1,33.99938,-118.30917,7,1.7,1.10669
40196,Juan Campbell,5,16,12,2024,1,34.0205,-118.44594333,6,1.8,1.19091
74892,Timothy Delgado,5,16,12,2024,1,33.89378,-118.27497667,4,4.0,2.65157
85057,Tim Torres,5,16,12,2024,1,33.89378,-118.58271667,2,0.9,0.58447
88530,Jason Flowers,5,16,12,2024,1,33.9149,-118.37755667,4,1.6,1.08369
29818,John Rice,5,16,12,2024,1,33.78818,-118.29207333,4,11.5,7.64055
97050,Danielle Henry,5,16,12,2024,1,34.27394,-118.27497667,11,43.2,28.79904
47576,Kathleen Johnson,5,16,12,2024,1,34.0205,-118.22368667,8,9.3,6.2165
23644,Brandi Wolfe,5,16,12,2024,1,33.89378,-118.51433,3,1.7,1.14445
21782,Martin Beck,5,16,12,2024,1,34.1261,-118.46304,9,6.0,4.00513
49206,Sheri Olson,5,16,12,2024,1,34.10498,-118.24078333,10,12.8,8.50226
52138,Rachel Brown,5,16,12,2024,1,34.08386,-118.49723333,9,11.4,7.5923
72541,Emily Werner,5,16,12,2024,1,33.97826,-118.17239667,8,14.4,9.63115
39515,Kim Morris,5,16,12,2024,1,34.3373,-118.25788,11,63.2,42.16274
97886,Lisa Rodriguez,5,16,12,2024,1,34.31618,-118.24078333,11,58.0,38.67874
67153,Juan Day,5,16,12,2024,1,33.83042,-118.61691,2,0.6,0.36777
40143,Linda Higgins,5,16,12,2024,1,33.87266,-118.37755667,4,1.5,0.9667
75352,Kevin Contreras,5,16,12,2024,1,33.99938,-118.37755667,6,1.2,0.82172
30817,Laura Bright,5,16,12,2024,1,33.89378,-118.63400667,2,3.9,2.5886
40560,Elizabeth Garza,5,16,12,2024,1,33.74594,-118.54852333,1,1.1,0.75437
17876,Justin Gay,5,16,12,2024,1,34.08386,-118.46304,9,7.7,5.13051
16831,Chelsea Lewis,5,16,12,2024,1,33.9149,-118.37755667,4,1.2,0.7826
86300,Aaron Lee,5,16,12,2024,1,34.06274,-118.49723333,9,14.5,9.67083
18556,Alexis Collins,5,16,12,2024,1,33.85154,-118.59981333,2,2.3,1.56362
34105,Sarah Montoya,5,16,12,2024,1,33.9149,-118.36046,4,2.1,1.428
94629,Kathryn Wright,5,16,12,2024,1,33.87266,-118.41175,3,2.0,1.3442
35477,Thomas Lopez,5,16,12,2024,1,33.99938,-118.18949333,8,4.7,3.14885
37562,Taylor Grant DDS,5,16,12,2024,1,33.97826,-118.51433,5,2.2,1.46069
37958,Amber Jimenez,5,16,12,2024,1,33.97826,-118.36046,6,1.5,0.97663
28959,Deborah Adams,5,16,12,2024,1,33.89378,-118.34336333,4,1.3,0.85356
65197,Susan Wilson,5,16,12,2024,1,33.9149,-118.27497667,4,0.1,0.09428
44422,Louis Moreno,5,16,12,2024,1,33.93602,-118.22368667,8,1.0,0.68564
51599,Brittany Miranda,5,16,12,2024,1,33.97826,-118.41175,6,1.4,0.90439
34633,Amber Mann,5,16,12,2024,1,33.8093,-118.29207333,4,5.0,3.3476
90511,Julie Brown,5,16,12,2024,1,33.83042,-118.65110333,2,6.3,4.20863
51805,Jacob Martin,5,16,12,2024,1,33.95714,-118.44594333,6,0.4,0.23724
58929,Sean Carter,5,16,12,2024,1,34.2317,-118.30917,11,50.5,33.66582
85476,Christopher Johnson,5,16,12,2024,1,34.0205,-118.48013667,5,1.5,0.99047
59720,Keith Mcguire,5,16,12,2024,1,33.87266,-118.54852333,2,1.8,1.19639
15203,Chelsea Stevens,5,16,12,2024,1,33.83042,-118.46304,3,1.1,0.71233
37484,Timothy Villanueva,5,16,12,2024,1,33.9149,-118.41175,3,1.9,1.23568
82776,Adam Robertson,5,16,12,2024,1,33.95714,-118.34336333,6,1.6,1.05306
29825,Alison Wallace,5,16,12,2024,1,34.06274,-118.51433,9,8.0,5.31348
61961,Joshua Herman,5,16,12,2024,1,33.97826,-118.37755667,6,1.3,0.89452
41177,James Young,5,16,12,2024,1,33.87266,-118.59981333,2,2.6,1.74725
49088,Aaron Martin,5,16,12,2024,1,33.99938,-118.20659,8,4.0,2.66371
77355,Larry Mendez,5,16,12,2024,1,33.95714,-118.25788,7,2.6,1.74615
23127,Teresa Torres,5,16,12,2024,1,33.76706,-118.54852333,1,4.0,2.64471
80549,April Gardner,5,16,12,2024,1,34.10498,-118.29207333,10,2.6,1.73963
17320,Jessica Lee,5,16,12,2024,1,34.0205,-118.51433,5,2.3,1.5136
48711,Juan Johnson,5,16,12,2024,1,33.93602,-118.58271667,5,0.3,0.23023
98654,Jason Jordan,5,16,12,2024,1,33.78818,-118.42884667,1,2.0,1.31885
82612,Pamela Jackson,5,16,12,2024,1,34.25282,-118.22368667,11,42.4,28.23362
33657,April Reed,5,16,12,2024,1,33.72482,-118.51433,1,1.8,1.18777
50972,Madison Young,5,16,12,2024,1,33.74594,-118.49723333,1,2.5,1.66017
42065,Paul Bowman,5,16,12,2024,1,34.1261,-118.29207333,10,1.8,1.17701
77841,Brittney West,5,16,12,2024,1,33.89378,-118.41175,3,0.9,0.58298
76042,Leslie Campbell,5,16,12,2024,1,33.93602,-118.20659,8,27.7,18.44454
47351,Michele Wall,5,16,12,2024,1,33.95714,-118.20659,8,0.9,0.6105
50437,Walter Bennett,5,16,12,2024,1,33.8093,-118.44594333,1,1.1,0.74978
92486,John Murphy,5,16,12,2024,1,33.76706,-118.37755667,4,6.6,4.38691
73420,Matthew Espinoza,5,16,12,2024,1,34.0205,-118.41175,6,2.4,1.63146
50662,Erin Ford,5,16,12,2024,1,34.04162,-118.36046,10,0.7,0.49308
20068,Tracey Welch,5,16,12,2024,1,34.3373,-118.27497667,11,67.1,44.74925
63458,Carla Steele,5,16,12,2024,1,33.83042,-118.63400667,2,4.1,2.74871
50842,Alexis Stewart,5,16,12,2024,1,34.14722,-118.25788,11,35.8,23.88076
11937,Paul Gates,5,16,12,2024,1,33.95714,-118.39465333,6,2.5,1.64037
16834,Clayton Carr,5,16,12,2024,1,33.95714,-118.42884667,6,0.4,0.24199
25003,Amanda Miller,5,16,12,2024,1,33.8093,-118.25788,4,12.5,8.32868
94166,Richard Collins,5,16,12,2024,1,34.14722,-118.25788,11,32.5,21.69693
84731,Benjamin Gray,5,16,12,2024,1,33.89378,-118.49723333,3,2.4,1.61596
27403,Olivia Mejia,5,16,12,2024,1,33.78818,-118.48013667,1,1.8,1.22279
84023,Brooke Bowman,5,16,12,2024,1,34.06274,-118.29207333,10,2.2,1.47438
18174,Miss Alexis Rodriguez,5,16,12,2024,1,34.10498,-118.44594333,9,2.1,1.42775
45661,Heidi Ross,5,16,12,2024,1,33.72482,-118.39465333,1,13.4,8.94653
47852,Steven Maynard DDS,5,16,12,2024,1,34.0205,-118.18949333,8,13.3,8.8669
42419,Tyrone Johnson,5,16,12,2024,1,33.97826,-118.29207333,7,6.4,4.2651
52549,David Bell,5,16,12,2024,1,34.1261,-118.30917,10,5.7,3.82287
41739,Katherine Miller,5,16,12,2024,1,33.83042,-118.49723333,3,0.8,0.50486
15244,Michael Sanders,5,16,12,2024,1,34.08386,-118.42884667,9,3.8,2.53809
21140,Sarah Wagner,5,16,12,2024,1,33.87266,-118.44594333,3,1.7,1.10491
20608,Richard Smith,5,16,12,2024,1,33.8093,-118.63400667,2,3.0,2.0007
59087,Melissa Aguirre,5,16,12,2024,1,33.93602,-118.36046,6,1.4,0.92237
46120,Ashley Bishop,5,16,12,2024,1,34.1261,-118.29207333,10,7.7,5.14204
47474,Kara Roberson,5,16,12,2024,1,33.85154,-118.44594333,3,0.7,0.45443
81453,Courtney Montoya,5,16,12,2024,1,33.8093,-118.37755667,4,2.2,1.48966
25603,Darren Cameron,5,16,12,2024,1,34.06274,-118.41175,9,0.7,0.47344
52320,Brittany Vega,5,16,12,2024,1,33.95714,-118.32626667,6,4.2,2.80119
71770,Brandi Allen,5,16,12,2024,1,33.8093,-118.41175,1,2.2,1.45019
80693,Haley Riddle,5,16,12,2024,1,33.9149,-118.20659,8,1.1,0.70076
96176,Robert Miller,5,16,12,2024,1,33.85154,-118.39465333,3,0.5,0.32645
86827,Amy James,5,16,12,2024,1,33.83042,-118.65110333,2,10.4,6.91046
29211,Susan Parks,5,16,12,2024,1,33.85154,-118.41175,3,0.5,0.30661
79680,Michelle Day,5,16,12,2024,1,34.10498,-118.49723333,9,12.6,8.42062
55838,Gregory Johnson,5,16,12,2024,1,33.99938,-118.41175,6,1.2,0.79997
16584,Robert Knapp,5,16,12,2024,1,33.95714,-118.36046,6,1.5,0.98309
95666,Amber Williams,5,16,12,2024,1,34.06274,-118.36046,10,2.3,1.51409
41686,Wendy Young,5,16,12,2024,1,34.04162,-118.41175,9,4.1,2.72575
90498,Mark Morse,5,16,12,2024,1,33.87266,-118.53142667,3,1.1,0.75871
31465,Brenda Hansen,5,16,12,2024,1,34.1261,-118.44594333,9,3.3,2.19451
78954,Jessica Lamb,5,16,12,2024,1,33.95714,-118.54852333,5,1.7,1.1337
69392,Rachel Lopez,5,16,12,2024,1,33.89378,-118.30917,4,1.8,1.21547
56288,Heather Wright,5,16,12,2024,1,34.08386,-118.22368667,10,13.7,9.13939
11511,Laurie Norris,5,16,12,2024,1,33.97826,-118.51433,5,2.4,1.58625
30320,Jason Davis,5,16,12,2024,1,33.83042,-118.49723333,3,2.5,1.69187
69220,Tina Kerr,5,16,12,2024,1,33.85154,-118.56562,2,1.3,0.85392
42418,Maria Cooper MD,5,16,12,2024,1,33.93602,-118.44594333,6,0.8,0.50484
63059,Derrick Hall,5,16,12,2024,1,33.87266,-118.54852333,2,0.8,0.56622
27024,Jillian Underwood,5,16,12,2024,1,33.7037,-118.46304,1,0.6,0.41675
33309,Charles Wang,5,16,12,2024,1,34.0205,-118.39465333,6,0.9,0.60665
54674,Rhonda Cowan,5,16,12,2024,1,34.08386,-118.32626667,10,2.2,1.45428
17032,Angela Patton,5,16,12,2024,1,33.97826,-118.22368667,8,11.2,7.4762
85499,Tina Hoffman,5,16,12,2024,1,34.0205,-118.22368667,8,4.3,2.85565
45427,Elizabeth Burnett,5,16,12,2024,1,33.8093,-118.54852333,1,0.5,0.32509
72246,Cynthia Murray,5,16,12,2024,1,33.74594,-118.41175,1,9.0,6.01781
48333,Lisa Rios,5,16,12,2024,1,34.0205,-118.25788,7,1.5,1.00299
49518,Christopher King,5,16,12,2024,1,33.9149,-118.34336333,4,1.9,1.29167
14377,Darlene Hudson,5,16,12,2024,1,33.78818,-118.39465333,1,0.9,0.57603
90752,Catherine Martinez,6,16,12,2024,2,33.99938,-118.44594333,6,0.9,0.56757
94620,Tina Wiley,6,16,12,2024,2,33.97826,-118.41175,6,0.7,0.45323
14416,Lindsey Bennett,6,16,12,2024,2,34.27394,-118.30917,11,27.5,18.35791
77843,Veronica Conner,6,16,12,2024,2,33.89378,-118.59981333,2,3.1,2.07781
88245,Caleb Molina,6,16,12,2024,2,34.08386,-118.24078333,10,7.1,4.74701
93148,Danny Lee,6,16,12,2024,2,33.95714,-118.37755667,6,1.1,0.7611
53466,Marie Garcia,6,16,12,2024,2,33.97826,-118.39465333,6,1.2,0.78781
84017,Stacey Cantu,6,16,12,2024,2,33.78818,-118.59981333,2,1.9,1.27641
69508,Dr. Amy Ramirez,6,16,12,2024,2,34.0205,-118.34336333,6,0.9,0.6184
62527,Jerry Frey,6,16,12,2024,2,33.97826,-118.44594333,6,2.1,1.38888
30830,Stephen Scott,6,16,12,2024,2,34.0205,-118.56562,5,2.1,1.3748
72729,Tyler Blake,6,16,12,2024,2,34.1261,-118.27497667,10,7.2,4.79479
60188,Kathryn Morales,6,16,12,2024,2,33.74594,-118.56562,2,1.6,1.05456
45097,Lindsay Gordon,6,16,12,2024,2,33.89378,-118.46304,3,1.4,0.90094
44164,Angela Torres,6,16,12,2024,2,33.87266,-118.53142667,3,0.8,0.52131
41165,Maureen Perez,6,16,12,2024,2,33.76706,-118.37755667,4,6.7,4.47981
92723,Lauren Peterson,6,16,12,2024,2,33.99938,-118.48013667,5,1.0,0.69523
54145,George Smith,6,16,12,2024,2,33.74594,-118.59981333,2,2.6,1.71671
56773,Alexandra Robinson,6,16,12,2024,2,34.29506,-118.25788,11,58.9,39.25762
64731,Manuel Butler,6,16,12,2024,2,33.87266,-118.37755667,4,0.4,0.27256
44395,Melissa Walsh,6,16,12,2024,2,33.83042,-118.46304,3,1.0,0.67511
38025,Bryan Pearson,6,16,12,2024,2,33.76706,-118.46304,1,2.3,1.51981
88871,Mrs. Christina Keller,6,16,12,2024,2,33.76706,-118.34336333,4,9.7,6.47481
83895,Michael Lewis,6,16,12,2024,2,33.93602,-118.37755667,6,1.2,0.79136
13098,Jennifer Whitehead,6,16,12,2024,2,33.93602,-118.37755667,6,1.7,1.15594
41482,Debbie Chapman,6,16,12,2024,2,33.93602,-118.25788,7,1.8,1.21865
46887,Julie Chang,6,16,12,2024,2,34.06274,-118.24078333,10,7.8,5.22154
95845,Rebecca Dean,6,16,12,2024,2,33.97826,-118.30917,7,1.8,1.1791
85048,Walter Campbell Jr.,6,16,12,2024,2,33.78818,-118.41175,1,3.8,2.5464
84955,Renee Hayes,6,16,12,2024,2,33.8093,-118.42884667,1,1.1,0.71237
10015,Andrew Terry,6,16,12,2024,2,34.10498,-118.30917,10,5.7,3.77746
45739,Kelly Walker,6,16,12,2024,2,33.76706,-118.51433,1,1.6,1.03893
47101,Cheryl Harris,6,16,12,2024,2,33.89378,-118.49723333,3,2.8,1.89018
76605,Heather Mcdonald,6,16,12,2024,2,33.89378,-118.61691,2,4.7,3.1532
35244,Robert Whitney,6,16,12,2024,2,33.93602,-118.41175,6,2.1,1.39595
60147,Kimberly Johnson MD,6,16,12,2024,2,33.95714,-118.17239667,8,14.7,9.79426
64213,Steven Stewart,6,16,12,2024,2,33.85154,-118.48013667,3,2.0,1.32469
58385,Bonnie King,6,16,12,2024,2,34.06274,-118.29207333,10,3.5,2.31269
29878,Jeffrey Joyce,6,16,12,2024,2,33.8093,-118.36046,4,0.6,0.40086
68231,Lisa Barton,6,16,12,2024,2,33.95714,-118.44594333,6,1.0,0.64595
96315,Rita Kim,6,16,12,2024,2,33.83042,-118.56562,2,1.3,0.8633
84707,Stephen Galvan,6,16,12,2024,2,33.99938,-118.22368667,8,6.4,4.29233
30870,Carmen Castro DVM,6,16,12,2024,2,33.83042,-118.36046,4,2.5,1.69065
43011,Kevin Davis,6,16,12,2024,2,33.87266,-118.42884667,3,1.4,0.90169
11070,Dawn Miranda,6,16,12,2024,2,33.97826,-118.51433,5,1.9,1.26169
68822,Jacob Smith,6,16,12,2024,2,33.93602,-118.22368667,8,0.6,0.3878
71788,Jennifer Young,6,16,12,2024,2,33.78818,-118.49723333,1,1.3,0.86442
42796,Gavin Smith,6,16,12,2024,2,34.18946,-118.30917,11,14.6,9.72279
92685,Jessica Davila,6,16,12,2024,2,33.78818,-118.37755667,4,0.8,0.53236
26491,Morgan Lowe,6,16,12,2024,2,33.85154,-118.34336333,4,4.3,2.83521
19699,Melissa Taylor,6,16,12,2024,2,33.95714,-118.39465333,6,2.2,1.44658
14359,Matthew Sanchez,6,16,12,2024,2,33.93602,-118.27497667,7,2.1,1.4128
25430,Carrie Levy,6,16,12,2024,2,33.74594,-118.46304,1,3.2,2.16161
82228,Kevin Mccarty,6,16,12,2024,2,33.9149,-118.58271667,2,1.6,1.09738
54923,Timothy Rasmussen,6,16,12,2024,2,33.93602,-118.39465333,6,1.3,0.84485
36600,Mr. Patrick Wright Jr.,6,16,12,2024,2,34.06274,-118.46304,9,2.0,1.36163
65138,William Evans,6,16,12,2024,2,34.31618,-118.24078333,11,58.5,38.98917
33986,Stephanie Hicks,6,16,12,2024,2,34.25282,-118.22368667,11,50.2,33.45873
83760,Allison Werner,6,16,12,2024,2,33.89378,-118.34336333,4,2.7,1.78637
64475,Alec Nelson MD,6,16,12,2024,2,34.1261,-118.29207333,10,6.9,4.60993
45499,Rachel Romero,6,16,12,2024,2,34.27394,-118.24078333,11,48.4,32.24362
35386,Jessica Jordan,6,16,12,2024,2,33.93602,-118.36046,6,0.8,0.50823
18598,Virginia Elliott,6,16,12,2024,2,34.10498,-118.22368667,10,10.2,6.76933
41255,Daniel Walker,6,16,12,2024,2,33.99938,-118.39465333,6,0.8,0.55301
26049,Jamie Jones,6,16,12,2024,2,34.0205,-118.24078333,7,0.8,0.54573
97775,Matthew Williams,6,16,12,2024,2,33.74594,-118.41175,1,6.3,4.20957
12817,Kristin Mueller,6,16,12,2024,2,33.85154,-118.41175,3,0.1,0.06097
90798,Janet Smith,6,16,12,2024,2,33.99938,-118.56562,5,0.5,0.31766
16289,Austin Bradley,6,16,12,2024,2,34.2317,-118.27497667,11,54.8,36.51751
17867,Noah Rios,6,16,12,2024,2,33.99938,-118.49723333,5,2.8,1.89738
79051,Keith Spence,6,16,12,2024,2,33.78818,-118.30917,4,12.7,8.47324
17120,Timothy Adams,6,16,12,2024,2,33.99938,-118.32626667,6,1.9,1.24084
27274,Thomas Bell,6,16,12,2024,2,33.95714,-118.41175,6,1.4,0.90189
92521,Lee Watkins,6,16,12,2024,2,33.97826,-118.20659,8,9.1,6.08664
83021,Lawrence Johnston,6,16,12,2024,2,33.72482,-118.39465333,1,14.4,9.57217
20478,Lindsey Murray,6,16,12,2024,2,33.85154,-118.37755667,4,2.4,1.57237
39614,Francisco Grant,6,16,12,2024,2,34.27394,-118.25788,11,46.9,31.28565
50464,Greg Wilson,6,16,12,2024,2,34.3373,-118.30917,11,69.8,46.50442
59923,Nicole Love,6,16,12,2024,2,34.27394,-118.24078333,11,58.1,38.74666
47621,George Ryan,6,16,12,2024,2,33.97826,-118.22368667,8,5.4,3.57213
55301,Charles Sherman,6,16,12,2024,2,34.04162,-118.51433,9,3.2,2.16009
37942,William Rodriguez,6,16,12,2024,2,33.8093,-118.42884667,1,2.9,1.93867
57437,Susan Mullins,6,16,12,2024,2,33.78818,-118.53142667,1,1.4,0.91745
91561,Karen Hatfield,6,16,12,2024,2,33.87266,-118.63400667,2,3.6,2.43236
92279,Jay Warren,6,16,12,2024,2,34.08386,-118.41175,9,1.7,1.13159
72366,Jessica Butler,6,16,12,2024,2,33.89378,-118.49723333,3,1.0,0.63715
49880,Olivia Whitaker,6,16,12,2024,2,33.8093,-118.46304,1,0.5,0.32107
22475,Aaron Morgan,6,16,12,2024,2,34.1261,-118.42884667,9,1.6,1.07332
13933,Devin Lewis,6,16,12,2024,2,33.95714,-118.18949333,8,2.7,1.78127
84606,Benjamin Chang,6,16,12,2024,2,34.0205,-118.37755667,6,0.4,0.24354
82024,Omar Tucker,6,16,12,2024,2,33.83042,-118.53142667,3,1.3,0.8808
16875,William Nelson,6,16,12,2024,2,34.06274,-118.27497667,10,0.4,0.26848
12700,Jessica Morton,6,16,12,2024,2,33.89378,-118.51433,3,0.4,0.26977
55534,Amber Whitehead,6,16,12,2024,2,33.93602,-118.46304,6,1.9,1.26905
59786,Reginald White,6,16,12,2024,2,33.99938,-118.41175,6,0.7,0.44586
44315,Tamara Phillips,6,16,12,2024,2,33.76706,-118.48013667,1,1.3,0.89542
49033,Brittany Huber,6,16,12,2024,2,34.18946,-118.29207333,11,14.3,9.54375
29959,Patrick Garcia,6,16,12,2024,2,33.95714,-118.39465333,6,1.4,0.90725
42331,Jack Carroll,6,16,12,2024,2,33.76706,-118.30917,4,4.7,3.10036
96676,Scott Tran,6,16,12,2024,2,33.8093,-118.59981333,2,0.4,0.26702
10434,Christina Barajas,6,16,12,2024,2,34.04162,-118.29207333,10,6.0,3.98458
28419,Jeffrey Velez,6,16,12,2024,2,34.14722,-118.30917,11,4.8,3.22908
12964,Kimberly Bryant,6,16,12,2024,2,33.97826,-118.56562,5,1.4,0.96262
32569,Tammy Rose,6,16,12,2024,2,33.85154,-118.39465333,3,2.7,1.7874
12832,Kerry King,6,16,12,2024,2,33.74594,-118.54852333,1,3.4,2.25034
97602,Nathan Austin,6,16,12,2024,2,33.95714,-118.36046,6,1.8,1.21166
76849,Jessica Erickson,6,16,12,2024,2,33.78818,-118.27497667,4,11.0,7.35195
28069,Valerie Moreno,6,16,12,2024,2,33.97826,-118.42884667,6,1.2,0.78482
46764,Miranda Lucero,6,16,12,2024,2,34.0205,-118.54852333,5,1.6,1.04512
92830,Ms. Christine Gilbert,6,16,12,2024,2,33.76706,-118.41175,1,4.4,2.9632
52565,Whitney Rose,6,16,12,2024,2,33.97826,-118.29207333,7,0.6,0.37243
91023,Kenneth Brown,6,16,12,2024,2,33.83042,-118.54852333,2,2.7,1.83333
58848,Derek Cantrell,6,16,12,2024,2,33.76706,-118.42884667,1,5.3,3.50806
35655,Dr. Brittany Clarke MD,6,16,12,2024,2,34.06274,-118.36046,10,0.4,0.26704
54288,Alan Turner,6,16,12,2024,2,34.10498,-118.44594333,9,2.5,1.67936
29227,David Chavez,6,16,12,2024,2,33.9149,-118.27497667,4,2.8,1.87347
27201,Steve Nixon,6,16,12,2024,2,33.95714,-118.54852333,5,3.7,2.44209
81228,Amanda Camacho,6,16,12,2024,2,34.0205,-118.34336333,6,1.8,1.17516
56187,Lauren Davis,6,16,12,2024,2,33.97826,-118.29207333,7,2.5,1.65162
29785,Jim Smith,6,16,12,2024,2,34.04162,-118.34336333,10,2.0,1.33606
79655,Rachel Smith,6,16,12,2024,2,33.93602,-118.46304,6,2.0,1.34038
80258,Mark Logan,6,16,12,2024,2,33.99938,-118.49723333,5,2.5,1.66178
31555,Ralph Cole,6,16,12,2024,2,33.74594,-118.49723333,1,1.9,1.29803
73774,Jason Garrett,6,16,12,2024,2,33.93602,-118.48013667,5,1.2,0.82133
33001,Jacob Stewart,6,16,12,2024,2,33.72482,-118.48013667,1,0.7,0.46266
44014,Darlene Thompson,6,16,12,2024,2,34.06274,-118.42884667,9,1.2,0.7904
58810,Richard Joseph,6,16,12,2024,2,33.93602,-118.49723333,5,1.3,0.87767
47305,Cindy Frye,6,16,12,2024,2,33.85154,-118.44594333,3,1.4,0.90558
30144,Karen Miller,6,16,12,2024,2,33.74594,-118.48013667,1,1.8,1.19785
41071,Brian Villanueva,6,16,12,2024,2,33.99938,-118.34336333,6,0.2,0.13546
53917,Raymond Kim,6,16,12,2024,2,33.9149,-118.44594333,3,1.7,1.10878
71315,Peter Lang,6,16,12,2024,2,33.97826,-118.56562,5,4.9,3.29614
72995,Sara Orozco,6,16,12,2024,2,33.9149,-118.54852333,2,1.4,0.95362
27749,Terry Moore,6,16,12,2024,2,33.95714,-118.1553,8,15.0,9.99086
33354,Robert Wells,6,16,12,2024,2,33.78818,-118.32626667,4,3.2,2.10772
42797,Olivia Rivera,6,16,12,2024,2,33.95714,-118.22368667,8,1.0,0.68199
63000,Kevin Cardenas,6,16,12,2024,2,33.89378,-118.37755667,4,3.2,2.11642
64714,Daniel Miles,6,16,12,2024,2,34.2317,-118.22368667,11,39.0,25.97915
70987,Lacey Wilson,6,16,12,2024,2,33.95714,-118.37755667,6,2.3,1.53622
78091,Jermaine Wheeler,6,16,12,2024,2,34.08386,-118.49723333,9,7.3,4.83477
35461,Jonathan Mathews,6,16,12,2024,2,33.7037,-118.41175,1,6.8,4.54359
18811,Robert Powell,6,16,12,2024,2,33.9149,-118.51433,3,0.7,0.4349
49577,Christopher Walsh,6,16,12,2024,2,34.08386,-118.39465333,9,0.7,0.48704
34505,Wendy Carter,6,16,12,2024,2,34.18946,-118.29207333,11,13.1,8.73074
46042,Jacob Rivas,6,16,12,2024,2,34.14722,-118.29207333,11,11.7,7.83139
61757,Michael Lewis,6,16,12,2024,2,34.0205,-118.48013667,5,1.4,0.90517
23983,Dr. Mark Hardin,6,16,12,2024,2,34.08386,-118.46304,9,2.4,1.57115
99717,David Riley,6,16,12,2024,2,34.2317,-118.30917,11,18.8,12.50859
84915,Jennifer Scott,6,16,12,2024,2,33.78818,-118.48013667,1,1.8,1.19267
75393,Tabitha Taylor,6,16,12,2024,2,33.76706,-118.41175,1,2.0,1.3497
29595,Kathryn Mason,6,16,12,2024,2,33.99938,-118.29207333,7,0.8,0.50683
57378,Nicholas Kemp,6,16,12,2024,2,33.85154,-118.51433,3,2.7,1.78665
90619,Brett Gibson,6,16,12,2024,2,34.06274,-118.49723333,9,15.0,9.9723
27481,Dr. Krista Kelly,6,16,12,2024,2,33.9149,-118.41175,3,1.2,0.77909
94431,Christopher West,6,16,12,2024,2,33.7037,-118.46304,1,11.7,7.78022
27832,Cody King,6,16,12,2024,2,33.99938,-118.56562,5,8.3,5.53338
78415,Jose Fleming,6,16,12,2024,2,33.99938,-118.41175,6,1.5,1.02538
19338,Erica Roth,6,16,12,2024,2,33.87266,-118.39465333,3,1.3,0.85964
32189,Peter Bailey,6,16,12,2024,2,33.9149,-118.51433,3,1.8,1.21698
96272,Nichole Cox,6,16,12,2024,2,33.87266,-118.49723333,3,1.3,0.89461
58141,Kelsey Fletcher,6,16,12,2024,2,33.93602,-118.30917,7,0.5,0.35549
46142,Shane Malone,6,16,12,2024,2,33.87266,-118.44594333,3,1.8,1.21396
67140,Joshua Nelson,6,16,12,2024,2,33.8093,-118.49723333,1,0.6,0.38736
49675,Shannon Cameron,6,16,12,2024,2,33.99938,-118.18949333,8,13.2,8.82685
99754,James Stevens,6,16,12,2024,2,33.99938,-118.53142667,5,0.6,0.42087
72521,Christopher Bennett,6,16,12,2024,2,33.78818,-118.34336333,4,1.1,0.76137
18202,Amy Martin,6,16,12,2024,2,33.87266,-118.59981333,2,0.3,0.21962
10138,Luis Taylor,6,16,12,2024,2,34.10498,-118.48013667,9,3.9,2.61103
93311,Jennifer Guzman,6,16,12,2024,2,33.89378,-118.63400667,2,2.9,1.93007
86504,Warren Cervantes,6,16,12,2024,2,34.2317,-118.27497667,11,47.9,31.91834
34332,Daryl Perez,6,16,12,2024,2,33.76706,-118.63400667,2,8.5,5.68541
55509,Erin Adams,6,16,12,2024,2,33.9149,-118.24078333,4,2.4,1.62952
54515,Annette Randall,6,16,12,2024,2,33.8093,-118.49723333,1,0.8,0.52519
73907,Stephen Garcia,6,16,12,2024,2,34.04162,-118.42884667,9,0.9,0.6301
18283,Phillip Price,6,16,12,2024,2,33.99938,-118.25788,7,1.3,0.84492
78167,Monique Brown,6,16,12,2024,2,33.83042,-118.61691,2,1.3,0.87117
64577,Randall Smith,6,16,12,2024,2,33.89378,-118.63400667,2,5.8,3.85139
43099,Rachel Collier,6,16,12,2024,2,34.04162,-118.46304,9,1.4,0.96068
90343,John Lopez,6,16,12,2024,2,33.78818,-118.46304,1,1.4,0.96081
18451,Maurice Mcgrath,6,16,12,2024,2,33.89378,-118.54852333,2,1.1,0.72817
58378,Vanessa Moore,6,16,12,2024,2,33.85154,-118.63400667,2,3.1,2.04727
85792,Jill Bradshaw,6,16,12,2024,2,33.89378,-118.65110333,2,7.0,4.69207
87209,Jeremy Brown,6,16,12,2024,2,33.93602,-118.1553,8,9.1,6.04907
15403,Karen Martin,6,16,12,2024,2,34.0205,-118.53142667,5,1.9,1.28424
17914,David Davis,6,16,12,2024,2,34.25282,-118.30917,11,21.1,14.07845
94951,Scott Price,6,16,12,2024,2,33.95714,-118.24078333,7,1.7,1.15155
69475,Margaret Bennett,6,16,12,2024,2,33.8093,-118.25788,4,9.5,6.35489
25828,Christopher Schmidt,6,16,12,2024,2,34.25282,-118.25788,11,55.0,36.65266
68018,Roy Rodriguez,6,16,12,2024,2,33.7037,-118.44594333,1,3.0,1.97291
13108,Mary Wood,6,16,12,2024,2,33.8093,-118.32626667,4,9.4,6.2897
26041,Christopher Dunlap,6,16,12,2024,2,33.93602,-118.41175,6,0.8,0.5493
50189,Mark Grant,6,16,12,2024,2,33.78818,-118.39465333,1,1.7,1.13146
93534,Shari Mcguire,6,16,12,2024,2,34.08386,-118.30917,10,1.5,0.99324
46719,Shannon Nguyen,6,16,12,2024,2,34.10498,-118.22368667,10,9.6,6.37684
88023,Michael Sandoval,6,16,12,2024,2,33.89378,-118.54852333,2,2.6,1.70453
23458,Mark Reeves MD,6,16,12,2024,2,33.89378,-118.58271667,2,7.5,5.0268
12746,Amy Sloan,6,16,12,2024,2,33.78818,-118.36046,4,6.3,4.18562
97538,Matthew Norris,6,16,12,2024,2,33.87266,-118.65110333,2,3.5,2.32729
53014,Christine Gilbert,6,16,12,2024,2,34.04162,-118.36046,10,1.8,1.17615
51968,Matthew Harris,6,16,12,2024,2,33.78818,-118.44594333,1,3.0,2.00738
50071,Edwin Johnson,6,16,12,2024,2,33.85154,-118.48013667,3,0.9,0.61104
28727,Victoria Lynch,6,16,12,2024,2,34.06274,-118.22368667,10,11.4,7.60113
21130,Courtney Garcia,6,16,12,2024,2,34.2317,-118.30917,11,19.0,12.69231
67689,Melinda Strickland,6,16,12,2024,2,33.93602,-118.54852333,5,2.4,1.61269
54943,Carrie Miller,6,16,12,2024,2,34.0205,-118.41175,6,3.6,2.41623
78349,Elizabeth Lopez,6,16,12,2024,2,33.87266,-118.37755667,4,1.6,1.05953
52985,Nancy Frye,6,16,12,2024,2,34.04162,-118.22368667,10,3.9,2.58223
10468,Ashley Campbell,6,16,12,2024,2,33.8093,-118.51433,1,0.8,0.53362
70929,Alexander Ramos PhD,6,16,12,2024,2,33.78818,-118.37755667,4,3.1,2.03364
86404,Daniel Garza,6,16,12,2024,2,33.76706,-118.46304,1,5.2,3.45066
73208,Michael Collier,6,16,12,2024,2,33.9149,-118.37755667,4,2.0,1.35906
25682,Shawn Aguilar,6,16,12,2024,2,33.78818,-118.54852333,1,1.0,0.69689
63198,Daniel Flynn MD,6,16,12,2024,2,33.97826,-118.32626667,6,0.7,0.43372
37544,Brandi Lee,6,16,12,2024,2,33.87266,-118.30917,4,1.6,1.06725
74035,David Petersen,6,16,12,2024,2,33.97826,-118.41175,6,2.4,1.63073
65335,Devin Dean,6,16,12,2024,2,33.74594,-118.56562,2,1.4,0.92547
77108,Gregory Dawson,6,16,12,2024,2,33.9149,-118.42884667,3,1.0,0.63494
37223,Steven Waller,6,16,12,2024,2,34.1261,-118.46304,9,3.7,2.43589
33689,Carrie Mcgrath,6,16,12,2024,2,33.9149,-118.48013667,3,1.7,1.10536
92141,Douglas Morales,6,16,12,2024,2,34.21058,-118.27497667,11,45.4,30.25756
26124,Jamie White,6,16,12,2024,2,34.04162,-118.39465333,9,2.2,1.4653
72942,Terry Stafford,6,16,12,2024,2,33.95714,-118.1553,8,12.0,8.01251
12823,Alexandra Gutierrez,6,16,12,2024,2,33.9149,-118.44594333,3,1.6,1.07116
27618,Joseph Miller,6,16,12,2024,2,34.04162,-118.22368667,10,3.2,2.11558
95583,Ethan Scott,6,16,12,2024,2,33.97826,-118.54852333,5,1.0,0.66279
14598,Michael Hendrix,6,16,12,2024,2,33.93602,-118.53142667,5,1.4,0.90033
33772,Bethany Rodriguez,6,16,12,2024,2,33.85154,-118.65110333,2,0.1,0.08597
92419,Marco Benton,6,16,12,2024,2,33.83042,-118.65110333,2,4.0,2.66393
21128,Ashley Foster,6,16,12,2024,2,33.93602,-118.36046,6,1.1,0.70324
47068,Tammy Allen,6,16,12,2024,2,33.8093,-118.54852333,1,2.5,1.69126
18466,Krystal Lee,6,16,12,2024,2,33.8093,-118.61691,2,1.5,1.00868
49050,Jason Sweeney,6,16,12,2024,2,33.72482,-118.48013667,1,1.0,0.64527
57358,Rachel Jones,6,16,12,2024,2,33.76706,-118.61691,2,2.0,1.32476
38048,Kayla Smith,6,16,12,2024,2,34.21058,-118.30917,11,14.7,9.80488
41791,Sara Carroll,6,16,12,2024,2,34.31618,-118.29207333,11,64.8,43.22158
77219,Andrew Wright,6,16,12,2024,2,34.06274,-118.51433,9,5.5,3.68004
93422,Jennifer Acosta,6,16,12,2024,2,33.93602,-118.22368667,8,0.3,0.21011
39534,Thomas Drake,6,16,12,2024,2,33.95714,-118.22368667,8,2.7,1.8205
63845,Tammy King,6,16,12,2024,2,34.04162,-118.27497667,10,2.4,1.57733
14239,Victoria Pena,6,16,12,2024,2,33.97826,-118.54852333,5,1.2,0.80275
85432,Kyle Hamilton,6,16,12,2024,2,33.87266,-118.61691,2,0.1,0.06043
51931,Laurie Robbins,6,16,12,2024,2,33.93602,-118.32626667,6,3.1,2.05046
42615,Edward Powers,6,16,12,2024,2,34.08386,-118.48013667,9,5.0,3.34676
54666,Rachel Meyer,6,16,12,2024,2,34.25282,-118.29207333,11,54.0,35.97186
29693,Roger Rodriguez,6,16,12,2024,2,34.10498,-118.46304,9,2.5,1.63822
62125,Meghan Smith,6,16,12,2024,2,33.99938,-118.29207333,7,1.4,0.90822
64926,Benjamin Pacheco,6,16,12,2024,2,33.95714,-118.54852333,5,1.0,0.65448
25949,Anthony Dominguez,6,16,12,2024,2,33.9149,-118.34336333,4,0.9,0.59518
22252,Melissa Spencer,6,16,12,2024,2,33.85154,-118.51433,3,3.2,2.15018
20008,Mrs. Kathleen Elliott,6,16,12,2024,2,33.89378,-118.34336333,4,1.2,0.78256
36583,Mr. Shawn Keller,6,16,12,2024,2,34.0205,-118.48013667,5,1.5,1.02611
89787,Angela Fernandez,6,16,12,2024,2,33.8093,-118.53142667,1,1.2,0.81748
85324,Allison Barnes,6,16,12,2024,2,33.85154,-118.53142667,3,1.2,0.80827
37537,Stephanie Lopez,6,16,12,2024,2,34.27394,-118.25788,11,57.9,38.57803
48597,Angela Keller,6,16,12,2024,2,33.99938,-118.27497667,7,1.5,1.00055
55022,Matthew Oliver,6,16,12,2024,2,33.78818,-118.42884667,1,3.8,2.53726
32321,Madison Andersen,6,16,12,2024,2,34.08386,-118.24078333,10,5.1,3.39952
67285,Lindsey Pena,6,16,12,2024,2,33.89378,-118.36046,4,1.0,0.69867
18098,Dr. Megan Frey PhD,6,16,12,2024,2,33.8093,-118.48013667,1,2.0,1.36275
22892,Stanley Moore,6,16,12,2024,2,34.08386,-118.32626667,10,3.5,2.3514
13914,Laura Harris,6,16,12,2024,2,34.10498,-118.39465333,9,0.3,0.22287
41932,Curtis Simmons,6,16,12,2024,2,33.89378,-118.29207333,4,2.0,1.33051
21033,Kimberly Patel,6,16,12,2024,2,33.83042,-118.36046,4,1.8,1.20843
60144,Daryl Nichols,6,16,12,2024,2,33.9149,-118.34336333,4,0.8,0.55418
96349,Jean Knapp,6,16,12,2024,2,33.9149,-118.39465333,3,1.6,1.05165
73979,Paul Wilson,6,16,12,2024,2,33.99938,-118.54852333,5,4.7,3.10082
14595,Cody Welch,6,16,12,2024,2,34.06274,-118.39465333,9,1.4,0.94575
26975,Rebecca Davis,6,16,12,2024,2,33.8093,-118.39465333,1,0.8,0.54104
83752,Mary Roberts,6,16,12,2024,2,33.93602,-118.51433,5,0.5,0.32236
34174,Karen Woods,6,16,12,2024,2,34.2317,-118.24078333,11,53.5,35.68481
55953,Samantha Hawkins,6,16,12,2024,2,34.10498,-118.37755667,9,3.5,2.36227
90095,Katherine Black,6,16,12,2024,2,33.76706,-118.53142667,1,0.5,0.31656
61920,Joseph Cook,6,16,12,2024,2,33.95714,-118.53142667,5,0.5,0.36459
60375,Angela Porter,6,16,12,2024,2,34.04162,-118.51433,9,13.3,8.84191
60451,Richard Poole,6,16,12,2024,2,34.10498,-118.29207333,10,3.5,2.30597
19223,Austin Wilson,6,16,12,2024,2,33.87266,-118.36046,4,0.5,0.32819
96096,James Cruz,6,16,12,2024,2,34.27394,-118.29207333,11,60.6,40.40147
67004,Russell Nelson,6,16,12,2024,2,33.76706,-118.29207333,4,13.5,9.02575
10177,Julie Conrad,6,16,12,2024,2,33.89378,-118.53142667,3,0.2,0.14168
45730,Wendy Spears,6,16,12,2024,2,33.9149,-118.56562,2,3.0,2.03057
35282,Joseph Andrade,6,16,12,2024,2,34.1261,-118.42884667,9,2.3,1.51672
66349,James Martin,6,16,12,2024,2,33.99938,-118.39465333,6,0.6,0.40009
37607,Erica Houston,6,16,12,2024,2,33.95714,-118.20659,8,1.2,0.77173
63337,Thomas Walters,6,16,12,2024,2,33.85154,-118.36046,4,4.1,2.70297
67372,Lorraine Li,6,16,12,2024,2,34.0205,-118.22368667,8,1.7,1.16262
86762,Courtney Morgan,6,16,12,2024,2,33.74594,-118.53142667,1,0.5,0.35445
86145,Jennifer Bass,6,16,12,2024,2,34.08386,-118.22368667,10,14.5,9.67017
71747,Debra Marquez MD,6,16,12,2024,2,33.89378,-118.18949333,8,2.6,1.70205
13382,William Shaw,6,16,12,2024,2,33.9149,-118.29207333,4,0.8,0.55484
50581,Alexander Martinez,6,16,12,2024,2,33.74594,-118.53142667,1,0.3,0.18136
19710,Robert Rush,6,16,12,2024,2,33.89378,-118.41175,3,1.2,0.77834
39377,Christian Hanson,6,16,12,2024,2,33.97826,-118.36046,6,1.5,0.99635
95009,Steven Butler,6,16,12,2024,2,33.87266,-118.6682,2,2.1,1.42069
88413,John Martin,6,16,12,2024,2,33.93602,-118.44594333,6,1.0,0.67518
38257,Joseph Thomas,6,16,12,2024,2,33.76706,-118.37755667,4,7.7,5.12048
73672,Sarah Simon,6,16,12,2024,2,33.89378,-118.27497667,4,4.2,2.83086
46052,Kristin Miller,6,16,12,2024,2,34.29506,-118.24078333,11,52.4,34.94545
23600,Kathryn Lester,6,16,12,2024,2,33.95714,-118.49723333,5,1.9,1.29335
91596,Heather Solomon,6,16,12,2024,2,34.21058,-118.29207333,11,14.8,9.85128
11996,Joshua Harrington,6,16,12,2024,2,33.74594,-118.39465333,1,7.4,4.92964
72841,Jessica Moore,6,16,12,2024,2,33.83042,-118.49723333,3,2.0,1.35845
72957,Catherine Thompson,6,16,12,2024,2,33.78818,-118.54852333,1,1.3,0.8996
71694,Justin Edwards,6,16,12,2024,2,34.04162,-118.42884667,9,0.8,0.56466
98864,Mark Johnson,6,16,12,2024,2,33.99938,-118.30917,7,1.7,1.10694
58288,Mr. Gregory Thomas,6,16,12,2024,2,34.0205,-118.25788,7,3.7,2.43427
22618,John Keller,6,16,12,2024,2,33.89378,-118.58271667,2,6.0,4.01639
87282,Lee Lucas,6,16,12,2024,2,34.25282,-118.25788,11,48.8,32.56403
52613,Heather Lambert,6,16,12,2024,2,33.8093,-118.49723333,1,0.9,0.62821
35150,Valerie Bell,6,16,12,2024,2,33.89378,-118.44594333,3,2.6,1.7436
29940,Ronald Smith,6,16,12,2024,2,33.83042,-118.39465333,3,0.6,0.40025
62692,Belinda Graham,6,16,12,2024,2,34.04162,-118.27497667,10,3.3,2.19519
36433,Steven Castro,6,16,12,2024,2,34.0205,-118.41175,6,1.5,0.99549
69166,Melinda Holt,6,16,12,2024,2,33.85154,-118.44594333,3,0.5,0.33541
81822,Ashley Oneal,6,16,12,2024,2,33.78818,-118.58271667,2,1.1,0.75058
74496,Devin Fernandez,6,16,12,2024,2,33.83042,-118.34336333,4,0.8,0.50851
82415,Tracy Hogan,6,16,12,2024,2,33.97826,-118.30917,7,0.3,0.20243
84122,Noah Elliott,6,16,12,2024,2,33.97826,-118.51433,5,1.5,1.01505
20644,Shannon Taylor,6,16,12,2024,2,34.04162,-118.41175,9,1.7,1.14769
99626,Rebecca Howard,6,16,12,2024,2,33.9149,-118.18949333,8,2.0,1.32878
31275,Tracy Foster,6,16,12,2024,2,33.97826,-118.27497667,7,1.0,0.69971
94158,Kimberly Ferguson,6,16,12,2024,2,34.18946,-118.27497667,11,15.0,9.97533
15365,James Anderson,6,16,12,2024,2,33.89378,-118.48013667,3,2.6,1.70984
98765,Samantha Espinoza,6,16,12,2024,2,33.83042,-118.37755667,4,2.5,1.63825
78647,Ashley Mahoney,6,16,12,2024,2,33.87266,-118.56562,2,1.3,0.86352
65320,Martin Cooper,6,16,12,2024,2,33.9149,-118.25788,4,3.4,2.2608
21210,James Carr,6,16,12,2024,2,33.85154,-118.61691,2,2.7,1.81455
59390,Mason Blevins,6,16,12,2024,2,33.99938,-118.42884667,6,0.9,0.5919
85965,Cheryl Young,6,16,12,2024,2,33.89378,-118.59981333,2,3.5,2.32204
58760,Timothy Hall,6,16,12,2024,2,33.8093,-118.29207333,4,5.8,3.87324
23159,Shaun Escobar,6,16,12,2024,2,33.72482,-118.42884667,1,1.4,0.93516
92240,Gary Ferguson,6,16,12,2024,2,33.99938,-118.51433,5,0.9,0.62605
58448,Frank Sanchez,6,16,12,2024,2,33.9149,-118.36046,4,2.0,1.31379
84266,Katherine Lewis,6,16,12,2024,2,33.89378,-118.65110333,2,3.2,2.14889
83602,Julie Miller,6,16,12,2024,2,33.95714,-118.48013667,5,1.6,1.09726
11866,Kyle Lee,6,16,12,2024,2,33.99938,-118.44594333,6,2.1,1.37539
60106,Melissa Reed,6,16,12,2024,2,33.97826,-118.37755667,6,0.4,0.26148
44651,Meredith Krause,6,16,12,2024,2,33.89378,-118.36046,4,1.2,0.76921
92043,Melissa Downs,6,16,12,2024,2,33.9149,-118.42884667,3,0.9,0.61209
68954,Hannah Young,6,16,12,2024,2,33.8093,-118.53142667,1,0.3,0.205
95532,Maria Rosario,6,16,12,2024,2,34.0205,-118.34336333,6,0.8,0.54334
67551,Julie Gonzalez,6,16,12,2024,2,34.04162,-118.32626667,10,2.7,1.78662
78847,Karen Thompson,6,16,12,2024,2,33.85154,-118.56562,2,3.1,2.09556
85713,Amber Murphy,6,16,12,2024,2,34.08386,-118.25788,10,2.1,1.38703
69602,Lindsey Johnson,6,16,12,2024,2,33.9149,-118.17239667,8,5.3,3.50596
94425,Larry Perez,6,16,12,2024,2,33.8093,-118.44594333,1,0.5,0.36519
58904,Gregory Reeves,6,16,12,2024,2,34.10498,-118.37755667,9,2.4,1.57543
38553,Eric Curry,6,16,12,2024,2,33.89378,-118.56562,2,1.9,1.23906
66053,Gary Coleman,6,16,12,2024,2,33.99938,-118.37755667,6,0.4,0.26776
78823,Daniel Myers,6,16,12,2024,2,33.99938,-118.48013667,5,3.0,2.0115
29576,Robert Morrow,6,16,12,2024,2,33.89378,-118.46304,3,1.8,1.19644
70484,Crystal Wheeler,6,16,12,2024,2,33.85154,-118.59981333,2,0.7,0.48423
19478,Stephanie Rowe,6,16,12,2024,2,33.97826,-118.36046,6,1.8,1.21032
95654,Corey Holmes,6,16,12,2024,2,34.21058,-118.30917,11,14.1,9.39232
40267,Cindy Mcgee,6,16,12,2024,2,33.9149,-118.20659,8,1.9,1.24413
73923,Ralph Horton,6,16,12,2024,2,34.0205,-118.44594333,6,1.1,0.75462
96475,Kevin Walker,6,16,12,2024,2,33.99938,-118.18949333,8,13.4,8.94771
43799,Jeremiah Smith,6,16,12,2024,2,33.97826,-118.18949333,8,14.3,9.55913
36024,Mr. Eric Walls MD,6,16,12,2024,2,34.06274,-118.36046,10,1.0,0.66051
12806,Jasmine Dyer,6,16,12,2024,2,33.83042,-118.48013667,3,1.6,1.0699
64633,Wayne Bishop,6,16,12,2024,2,33.76706,-118.49723333,1,2.3,1.51088
42826,Megan Chen,6,16,12,2024,2,34.18946,-118.27497667,11,13.3,8.84054
95688,Emily Rodgers,6,16,12,2024,2,33.93602,-118.44594333,6,0.9,0.61945
98384,Beth Contreras,6,16,12,2024,2,33.93602,-118.37755667,6,1.7,1.11978
38247,Jamie Sweeney,6,16,12,2024,2,33.97826,-118.53142667,5,4.6,3.09682
87792,Eugene Chandler,6,16,12,2024,2,33.93602,-118.56562,5,5.3,3.54097
31027,Cassandra Ferguson PhD,6,16,12,2024,2,34.04162,-118.24078333,10,4.3,2.87595
60022,Kenneth Mitchell,6,16,12,2024,2,33.95714,-118.56562,5,7.8,5.20278
63889,Nichole Reynolds,6,16,12,2024,2,34.0205,-118.32626667,6,1.1,0.74752
57283,Rachel Allen,6,16,12,2024,2,34.16834,-118.29207333,11,12.7,8.44789
91528,Jennifer Mann,6,16,12,2024,2,33.89378,-118.56562,2,0.6,0.41788
20333,Carla Maldonado,6,16,12,2024,2,33.78818,-118.25788,4,11.9,7.95643
76231,John Castillo,6,16,12,2024,2,34.06274,-118.44594333,9,3.4,2.25952
92183,Carrie Perkins,6,16,12,2024,2,33.8093,-118.37755667,4,0.9,0.60263
69230,Jimmy Fowler,6,16,12,2024,2,33.76706,-118.44594333,1,4.9,3.29765
33183,Aaron Lindsey,6,16,12,2024,2,33.87266,-118.63400667,2,5.1,3.41559
64833,William Chavez,6,16,12,2024,2,33.93602,-118.18949333,8,3.1,2.06408
82405,Bradley Warren,6,16,12,2024,2,34.2317,-118.24078333,11,39.3,26.17833
60311,Curtis Nguyen,6,16,12,2024,2,34.27394,-118.27497667,11,49.5,32.97275
47398,James Higgins,6,16,12,2024,2,34.25282,-118.22368667,11,46.6,31.05099
54510,Tyler Bryant,6,16,12,2024,2,33.9149,-118.17239667,8,4.2,2.80294
84570,Martin Greer,6,16,12,2024,2,34.31618,-118.27497667,11,66.6,44.38225
20739,Heather Andrews,6,16,12,2024,2,33.89378,-118.39465333,3,1.0,0.64938
62568,Garrett Evans,6,16,12,2024,2,33.85154,-118.59981333,2,0.8,0.50996
40625,Wesley Weaver,6,16,12,2024,2,34.21058,-118.22368667,11,31.3,20.84001
36270,Mr. Joel Smith,6,16,12,2024,2,34.06274,-118.37755667,9,0.9,0.62004
50193,John Conway,6,16,12,2024,2,33.74594,-118.53142667,1,0.5,0.32338
15617,Billy Marshall,6,16,12,2024,2,33.99938,-118.30917,7,0.7,0.43441
28433,Kaitlin Stewart,6,16,12,2024,2,33.83042,-118.56562,2,0.4,0.27011
48517,Elizabeth Davis DDS,6,16,12,2024,2,33.85154,-118.37755667,4,1.7,1.15008
51034,Charlene Boyd,6,16,12,2024,2,33.8093,-118.39465333,1,2.1,1.37439
82552,Jack Miller,6,16,12,2024,2,34.10498,-118.39465333,9,2.6,1.76344
86032,Alison Reed,6,16,12,2024,2,33.83042,-118.65110333,2,7.2,4.8214
28052,Sean Lewis,6,16,12,2024,2,33.97826,-118.39465333,6,0.6,0.36861
12123,Andrew Johnson,6,16,12,2024,2,33.78818,-118.53142667,1,0.7,0.44287
47114,Kristina Clark,6,16,12,2024,2,33.74594,-118.44594333,1,5.7,3.82693
51081,Brittany Hudson,6,16,12,2024,2,33.85154,-118.39465333,3,2.2,1.495
70983,Christopher Martinez MD,6,16,12,2024,2,33.89378,-118.32626667,4,0.6,0.41252
42504,Rachel Ward MD,6,16,12,2024,2,33.95714,-118.29207333,7,0.7,0.43546
77161,Jessica Vasquez,6,16,12,2024,2,33.78818,-118.61691,2,3.2,2.16419
27966,Maria Barrett,6,16,12,2024,2,34.2317,-118.25788,11,35.2,23.44928
99851,Robert Harper,6,16,12,2024,2,33.87266,-118.53142667,3,0.8,0.51622
48390,Krystal Herman,6,16,12,2024,2,34.0205,-118.36046,6,2.3,1.55839
78539,Rachel Chase,6,16,12,2024,2,33.97826,-118.46304,6,1.8,1.17977
85408,Kenneth Perkins,6,16,12,2024,2,33.99938,-118.39465333,6,1.4,0.9123
37498,Donald Villarreal,6,16,12,2024,2,33.74594,-118.58271667,2,0.7,0.4654
13155,Greg English MD,6,16,12,2024,2,33.78818,-118.56562,2,0.5,0.36302
64155,Brett Herrera,6,16,12,2024,2,33.78818,-118.51433,1,1.9,1.23714
79657,Cynthia Davenport,6,16,12,2024,2,33.89378,-118.29207333,4,4.5,3.03213
85640,Erin Dunn,6,16,12,2024,2,33.83042,-118.58271667,2,1.9,1.29098
99285,Adriana Wilson,6,16,12,2024,2,33.95714,-118.27497667,7,0.7,0.45904
61304,Joseph Johnson,6,16,12,2024,2,33.83042,-118.44594333,3,0.6,0.40817
13791,Stephanie Dennis,6,16,12,2024,2,33.78818,-118.29207333,4,13.4,8.93134
58136,Roberto Grimes,6,16,12,2024,2,33.87266,-118.51433,3,0.8,0.54358
47314,Bailey Kim,6,16,12,2024,2,34.1261,-118.30917,10,5.4,3.57815
77440,Brandon Stewart,6,16,12,2024,2,33.93602,-118.18949333,8,4.3,2.87051
56926,Melvin Wolfe,6,16,12,2024,2,33.85154,-118.53142667,3,0.9,0.63115
13781,Rebecca Jones,6,16,12,2024,2,33.9149,-118.54852333,2,3.4,2.2726
26897,Brandy Rodriguez,6,16,12,2024,2,33.76706,-118.59981333,2,3.1,2.06012
42373,Tanner Jordan,6,16,12,2024,2,33.99938,-118.20659,8,5.5,3.67683
34708,Steve Mcmahon,6,16,12,2024,2,34.0205,-118.53142667,5,5.8,3.89596
91910,Christopher Henry,6,16,12,2024,2,33.9149,-118.22368667,8,1.3,0.8809
20215,Thomas Williams,6,16,12,2024,2,33.74594,-118.41175,1,8.0,5.33215
72928,William Miller MD,6,16,12,2024,2,34.0205,-118.49723333,5,8.2,5.47866
80182,Ashley Quinn,6,16,12,2024,2,33.95714,-118.36046,6,0.4,0.25713
74133,Michael Oneill,6,16,12,2024,2,33.78818,-118.61691,2,1.7,1.1431
49926,Tamara Romero,6,16,12,2024,2,33.87266,-118.42884667,3,1.1,0.76392
53994,Madison Silva,6,16,12,2024,2,33.76706,-118.54852333,1,1.1,0.72824
58485,Dustin Gutierrez,6,16,12,2024,2,34.0205,-118.27497667,7,2.6,1.76397
11240,Mary Grant,6,16,12,2024,2,34.25282,-118.24078333,11,55.4,36.92577
12528,William Cole,6,16,12,2024,2,34.06274,-118.32626667,10,2.3,1.54997
78951,Kristin Vazquez,6,16,12,2024,2,33.85154,-118.56562,2,3.8,2.52092
34171,Craig Powell,6,16,12,2024,2,34.0205,-118.20659,8,1.2,0.82965
10697,Bryce Allison,6,16,12,2024,2,33.74594,-118.58271667,2,0.2,0.13577
61338,Zachary Webb,6,16,12,2024,2,33.97826,-118.17239667,8,12.2,8.15556
59718,Kenneth Maldonado,6,16,12,2024,2,33.99938,-118.54852333,5,2.0,1.34176
57200,Erin Bradford,6,16,12,2024,2,33.93602,-118.25788,7,2.7,1.81429
15322,Michael Mccoy,6,16,12,2024,2,33.89378,-118.58271667,2,2.0,1.36322
19682,Lauren Phillips,6,16,12,2024,2,33.85154,-118.36046,4,2.1,1.37294
32181,Nathan Carson,6,16,12,2024,2,34.10498,-118.25788,10,14.1,9.36836
95632,Trevor Singleton,6,16,12,2024,2,33.89378,-118.30917,4,0.4,0.26577
74005,Matthew Hill,6,16,12,2024,2,34.0205,-118.54852333,5,2.1,1.43321
43004,Thomas Lamb,6,16,12,2024,2,34.04162,-118.32626667,10,2.8,1.87159
33866,Matthew King,6,16,12,2024,2,34.0205,-118.39465333,6,1.8,1.1753
91563,Ashley Reyes,6,16,12,2024,2,34.04162,-118.34336333,10,1.2,0.80708
12713,Lisa Hernandez,6,16,12,2024,2,33.8093,-118.58271667,2,0.6,0.42593
91708,Matthew Small,6,16,12,2024,2,33.8093,-118.30917,4,7.6,5.09796
37499,Nicole Villa,6,16,12,2024,2,33.87266,-118.44594333,3,1.1,0.75488
69118,Jacob Little,6,16,12,2024,2,33.83042,-118.58271667,2,1.8,1.18146
46330,Kristopher Mitchell,6,16,12,2024,2,33.89378,-118.18949333,8,0.4,0.23847
46777,Jamie Moran,6,16,12,2024,2,33.95714,-118.20659,8,0.8,0.5621
45202,Danny Charles,6,16,12,2024,2,33.93602,-118.34336333,6,0.9,0.59312
64829,Marissa Ramirez,6,16,12,2024,2,33.83042,-118.39465333,3,1.3,0.87879
95085,Ann Holloway,6,16,12,2024,2,33.85154,-118.46304,3,0.9,0.58779
16126,Michelle Travis,6,16,12,2024,2,34.08386,-118.44594333,9,1.5,1.02373
64458,Tiffany Davis,6,16,12,2024,2,34.04162,-118.44594333,9,2.1,1.41246
97834,Michael Hopkins,6,16,12,2024,2,33.74594,-118.42884667,1,3.5,2.36211
76633,Allison Garcia,6,16,12,2024,2,33.97826,-118.20659,8,8.2,5.45345
30657,Angela Murray,6,16,12,2024,2,34.06274,-118.44594333,9,2.0,1.3077
79316,Leonard Byrd,6,16,12,2024,2,33.95714,-118.53142667,5,0.8,0.55246
49792,Mrs. Samantha Frye MD,6,16,12,2024,2,33.85154,-118.34336333,4,2.4,1.60629
38046,Sandra Johnson,6,16,12,2024,2,33.8093,-118.41175,1,0.2,0.10127
35769,Timothy Stevens,6,16,12,2024,2,33.87266,-118.54852333,2,1.4,0.94396
85253,Andrew Walker,6,16,12,2024,2,34.25282,-118.29207333,11,52.0,34.68998
67993,Trevor Edwards,6,16,12,2024,2,33.99938,-118.46304,6,0.4,0.23586
89701,Dana Jackson,6,16,12,2024,2,33.9149,-118.30917,4,2.4,1.61281
29044,Wendy Walker,6,16,12,2024,2,34.06274,-118.22368667,10,11.9,7.94161
65919,David Maldonado,6,16,12,2024,2,33.97826,-118.1553,8,13.2,8.82467
59291,Carly Cannon,6,16,12,2024,2,33.78818,-118.39465333,1,3.9,2.61119
92188,Vanessa Baker,6,16,12,2024,2,33.76706,-118.51433,1,1.6,1.09186
88966,Shannon Lawrence,6,16,12,2024,2,33.95714,-118.46304,6,1.6,1.04566
59255,Chelsey Moore,6,16,12,2024,2,34.2317,-118.29207333,11,50.4,33.60001
26632,David Garcia,6,16,12,2024,2,33.97826,-118.25788,7,1.4,0.90182
11875,Kathleen Chapman,6,16,12,2024,2,33.7037,-118.49723333,1,4.4,2.95152
90928,Scott Baker,6,16,12,2024,2,33.76706,-118.58271667,2,3.3,2.20822
10274,Jasmine Wood,6,16,12,2024,2,34.31618,-118.32626667,11,29.4,19.6085
82274,Jennifer Lopez,6,16,12,2024,2,34.04162,-118.30917,10,1.1,0.7623
15045,Jonathan Wilcox,6,16,12,2024,2,33.8093,-118.44594333,1,0.6,0.39396
15692,Sean Coffey,6,16,12,2024,2,33.95714,-118.44594333,6,0.7,0.44655
59263,Nicole Conway,6,16,12,2024,2,33.93602,-118.29207333,7,1.3,0.83653
71215,Susan Sharp,6,16,12,2024,2,33.87266,-118.6682,2,5.5,3.67444
61396,Barry Mercado,6,16,12,2024,2,34.10498,-118.37755667,9,2.4,1.57778
87785,Kendra Chandler,6,16,12,2024,2,33.93602,-118.34336333,6,1.6,1.09074
82137,Stacy Cooper,6,16,12,2024,2,33.7037,-118.44594333,1,6.6,4.37282
31248,Brandi Boone,6,16,12,2024,2,34.1261,-118.44594333,9,1.5,1.01376
68778,Timothy Gutierrez,6,16,12,2024,2,33.95714,-118.17239667,8,12.8,8.51455
42280,Melissa Obrien DVM,6,16,12,2024,2,34.0205,-118.27497667,7,1.7,1.12296
97502,Danielle Horton,6,16,12,2024,2,34.06274,-118.41175,9,1.4,0.92436
78685,Sabrina Davis,6,16,12,2024,2,33.97826,-118.37755667,6,1.9,1.27298
93089,Cory Gilbert,6,16,12,2024,2,33.87266,-118.34336333,4,0.4,0.24173
32038,Brian Hunter,6,16,12,2024,2,33.95714,-118.29207333,7,1.0,0.68632
32824,Adam Weaver,6,16,12,2024,2,33.95714,-118.27497667,7,0.6,0.40688
82271,Herbert Delacruz,6,16,12,2024,2,34.29506,-118.30917,11,65.7,43.83321
39060,Melissa Jacobson,6,16,12,2024,2,34.06274,-118.48013667,9,7.5,5.01186
74573,Michelle Collier,6,16,12,2024,2,33.93602,-118.49723333,5,1.8,1.19578
90045,Monica Edwards,6,16,12,2024,2,33.87266,-118.36046,4,0.9,0.61988
83336,Manuel Harris,6,16,12,2024,2,33.99938,-118.51433,5,4.3,2.88361
17220,Richard Baldwin,6,16,12,2024,2,33.95714,-118.56562,5,4.3,2.89571
36445,Sean Perez,6,16,12,2024,2,33.7037,-118.42884667,1,9.7,6.49712
29184,Kristen Odonnell,6,16,12,2024,2,34.04162,-118.25788,10,4.3,2.89193
11697,Jessica Fox,6,16,12,2024,2,33.87266,-118.29207333,4,2.6,1.76325
34696,Mrs. Jacqueline Campbell,6,16,12,2024,2,34.0205,-118.56562,5,5.4,3.57576
14756,Laura Snyder,6,16,12,2024,2,34.06274,-118.51433,9,4.0,2.68188
16427,Jillian Combs,6,16,12,2024,2,33.76706,-118.56562,2,1.6,1.06378
70295,Eric Harrison,6,16,12,2024,2,33.99938,-118.32626667,6,3.1,2.0737
74897,Christopher Anderson,6,16,12,2024,2,33.83042,-118.37755667,4,2.2,1.48812
76311,Katherine Brown,6,16,12,2024,2,34.06274,-118.27497667,10,2.5,1.6837
59075,Jennifer Phillips,6,16,12,2024,2,33.93602,-118.49723333,5,0.8,0.54321
85922,Anthony Watson,6,16,12,2024,2,33.89378,-118.39465333,3,1.5,0.97585
12211,Kenneth Johnson,6,16,12,2024,2,33.95714,-118.58271667,5,0.8,0.55129
27707,Antonio Owens,6,16,12,2024,2,33.83042,-118.41175,3,1.5,1.01944
19690,Justin Johnson,6,16,12,2024,2,33.95714,-118.25788,7,2.5,1.68883
67264,Justin Romero,6,16,12,2024,2,33.95714,-118.32626667,6,0.9,0.61724
75550,Elizabeth Campbell,6,16,12,2024,2,34.14722,-118.27497667,11,12.7,8.48894
98334,Michael Alexander,6,16,12,2024,2,33.89378,-118.39465333,3,1.7,1.10057
67421,Christine Myers,6,16,12,2024,2,33.95714,-118.37755667,6,1.2,0.81716
53473,Gregory Henderson,6,16,12,2024,2,34.1261,-118.48013667,9,7.5,5.03282
91413,Jose Short,6,16,12,2024,2,33.9149,-118.36046,4,0.2,0.14833
58693,Katrina Gray,6,16,12,2024,2,34.0205,-118.51433,5,7.9,5.26577
22164,Leon Boyd,6,16,12,2024,2,33.93602,-118.42884667,6,1.9,1.28885
63225,James Rasmussen,6,16,12,2024,2,34.08386,-118.27497667,10,1.3,0.83407
40020,Daniel Andrews PhD,6,16,12,2024,2,33.9149,-118.53142667,3,3.3,2.19146
57251,Jacqueline Duran,6,16,12,2024,2,33.72482,-118.49723333,1,5.2,3.43343
60657,Kimberly Perez,6,16,12,2024,2,33.95714,-118.34336333,6,1.6,1.09752
86631,Paul Hawkins,6,16,12,2024,2,34.06274,-118.29207333,10,0.6,0.42616
77556,Kayla Jones,6,16,12,2024,2,33.8093,-118.30917,4,5.1,3.40614
71150,William Torres,6,16,12,2024,2,34.0205,-118.30917,7,1.9,1.27479
61899,Eric Hall,6,16,12,2024,2,33.89378,-118.37755667,4,1.3,0.85419
21545,Julie Martin,6,16,12,2024,2,34.04162,-118.48013667,9,1.6,1.06738
25807,Megan Rivera,6,16,12,2024,2,33.97826,-118.39465333,6,1.0,0.68017
47525,Christina Terrell,6,16,12,2024,2,33.83042,-118.36046,4,2.0,1.33309
28217,Megan Lee,6,16,12,2024,2,33.83042,-118.32626667,4,2.2,1.4766
40168,Andrew Davis,6,16,12,2024,2,33.99938,-118.30917,7,1.9,1.28002
66246,Crystal Fields,6,16,12,2024,2,33.9149,-118.56562,2,6.4,4.24717
99773,Lisa Sosa,6,16,12,2024,2,33.97826,-118.46304,6,1.2,0.78674
62362,Paul Lambert,6,16,12,2024,2,33.72482,-118.39465333,1,10.0,6.66394
24129,Natalie Farley,6,16,12,2024,2,33.8093,-118.58271667,2,0.8,0.50254
70037,Christina Johnson,6,16,12,2024,2,33.9149,-118.37755667,4,2.2,1.46823
21151,Matthew Newman,6,16,12,2024,2,33.89378,-118.53142667,3,2.1,1.4233
53877,Benjamin Padilla,6,16,12,2024,2,34.14722,-118.29207333,11,6.7,4.44304
54284,John Kelly,6,16,12,2024,2,33.9149,-118.29207333,4,4.3,2.84256
19418,Caroline House,6,16,12,2024,2,34.04162,-118.24078333,10,1.1,0.71064
24211,Haley Walker,6,16,12,2024,2,33.78818,-118.29207333,4,12.6,8.37237
55251,Samuel Powell,6,16,12,2024,2,33.83042,-118.34336333,4,1.0,0.65133
68311,Martha Martin,6,16,12,2024,2,33.93602,-118.20659,8,2.4,1.61606
79351,Taylor Hale,6,16,12,2024,2,33.8093,-118.61691,2,1.1,0.70439
92619,Michelle Thompson,6,16,12,2024,2,33.93602,-118.32626667,6,2.0,1.35978
45059,Miss Nicole Mcknight,6,16,12,2024,2,33.9149,-118.58271667,2,2.2,1.46314
55419,Anna Bridges,6,16,12,2024,2,34.06274,-118.42884667,9,1.2,0.80323
30659,Samantha Meyers,6,16,12,2024,2,33.85154,-118.37755667,4,2.2,1.44146
93072,Justin Malone,6,16,12,2024,2,33.78818,-118.49723333,1,0.8,0.52206
94234,Kevin Wright,6,16,12,2024,2,34.16834,-118.27497667,11,14.9,9.91567
49504,Breanna Lambert,6,16,12,2024,2,33.95714,-118.36046,6,1.1,0.71898
87579,Lindsey Larson,6,16,12,2024,2,34.10498,-118.25788,10,3.3,2.20305
67187,Molly Chen,6,16,12,2024,2,33.95714,-118.41175,6,1.7,1.12892
52672,Suzanne Bell,6,16,12,2024,2,33.97826,-118.53142667,5,0.0,0.01551
87925,Colleen Manning,6,16,12,2024,2,33.87266,-118.48013667,3,1.3,0.85561
98644,Eric Anderson,6,16,12,2024,2,33.97826,-118.49723333,5,1.2,0.82999
16711,Chase Hill,6,16,12,2024,2,34.18946,-118.30917,11,14.2,9.4822
52167,Patricia Humphrey MD,6,16,12,2024,2,33.78818,-118.46304,1,1.6,1.06843
48375,Todd Bullock,6,16,12,2024,2,33.8093,-118.65110333,2,7.8,5.18902
89039,Jennifer Moore,6,16,12,2024,2,34.27394,-118.29207333,11,56.4,37.62623
26089,John Hanson,6,16,12,2024,2,33.9149,-118.20659,8,2.1,1.38768
39385,Christopher Phelps,6,16,12,2024,2,33.83042,-118.32626667,4,3.4,2.26479
83424,Nicole Guzman,6,16,12,2024,2,33.99938,-118.37755667,6,1.3,0.86214
72471,Cassandra Woods,6,16,12,2024,2,33.89378,-118.61691,2,3.8,2.50422
58188,Kimberly White,6,16,12,2024,2,33.93602,-118.39465333,6,2.1,1.37601
63917,Tim Callahan,6,16,12,2024,2,33.72482,-118.42884667,1,4.6,3.09536
34225,Dakota Castro,6,16,12,2024,2,34.04162,-118.37755667,9,0.3,0.2247
38700,Karina Lara,6,16,12,2024,2,33.97826,-118.49723333,5,0.8,0.5118
26808,Brian Stephens,6,16,12,2024,2,33.76706,-118.48013667,1,3.5,2.35008
83865,Alison Waters,6,16,12,2024,2,33.7037,-118.46304,1,4.0,2.64941
93686,Jennifer Acevedo,6,16,12,2024,2,33.74594,-118.48013667,1,2.8,1.89516
99352,Gregory Lowe,6,16,12,2024,2,33.7037,-118.48013667,1,9.6,6.37805
60747,Brandon Robertson,6,16,12,2024,2,33.87266,-118.46304,3,0.3,0.21223
96227,Maria Hunter,6,16,12,2024,2,33.83042,-118.49723333,3,1.3,0.89859
60814,Kari Smith,6,16,12,2024,2,33.83042,-118.46304,3,1.1,0.71195
26052,Jessica Fletcher,6,16,12,2024,2,33.87266,-118.61691,2,2.9,1.92429
86899,Christopher Potts,6,16,12,2024,2,34.04162,-118.44594333,9,1.2,0.82871
94976,Antonio Jones,6,16,12,2024,2,33.85154,-118.41175,3,0.2,0.14974
45096,Ashley Massey,6,16,12,2024,2,33.87266,-118.34336333,4,1.3,0.84799
67475,James Aguirre,6,16,12,2024,2,33.93602,-118.53142667,5,0.9,0.62723
24062,Sarah Mcgee,6,16,12,2024,2,33.89378,-118.42884667,3,1.8,1.22747
53895,Angela Holmes,6,16,12,2024,2,33.93602,-118.1553,8,12.0,8.00168
70650,Daniel Hunter,6,16,12,2024,2,33.93602,-118.17239667,8,4.5,2.97829
34950,Katherine Hernandez,6,16,12,2024,2,33.99938,-118.41175,6,0.8,0.53198
14711,Edward Mccullough,6,16,12,2024,2,33.93602,-118.27497667,7,1.2,0.78749
67221,Richard Clark,6,16,12,2024,2,34.25282,-118.24078333,11,37.7,25.16165
18220,Daniel Wilson,6,16,12,2024,2,33.99938,-118.34336333,6,1.2,0.78463
42938,Alan Johnson,6,16,12,2024,2,34.10498,-118.27497667,10,3.5,2.30246
92655,Danielle Mcdaniel,6,16,12,2024,2,33.74594,-118.58271667,2,1.2,0.80858
68665,Lance Johnson,6,16,12,2024,2,33.95714,-118.30917,7,1.4,0.96193
46585,Trevor Decker,6,16,12,2024,2,33.87266,-118.42884667,3,1.5,0.99223
43192,Tina Rose,6,16,12,2024,2,33.87266,-118.48013667,3,0.4,0.27069
97517,Randall Sanchez,6,16,12,2024,2,34.21058,-118.22368667,11,45.5,30.35033
23708,Juan Wu,6,16,12,2024,2,33.74594,-118.49723333,1,2.2,1.47616
50173,Peter Hall,6,16,12,2024,2,34.2317,-118.29207333,11,47.3,31.56131
45623,Brittany Peterson,6,16,12,2024,2,33.89378,-118.48013667,3,0.7,0.45099
73864,Dustin Curtis,6,16,12,2024,2,33.97826,-118.17239667,8,12.8,8.51026
15077,Tricia Webb,6,16,12,2024,2,33.93602,-118.17239667,8,3.8,2.52488
90508,Stephanie Grimes,6,16,12,2024,2,33.93602,-118.32626667,6,0.6,0.43309
55510,Jacqueline Morris,6,16,12,2024,2,34.0205,-118.29207333,7,1.3,0.89193
77227,Roger Whitaker,6,16,12,2024,2,34.0205,-118.51433,5,7.0,4.67913
29632,Tiffany Foley,6,16,12,2024,2,33.95714,-118.32626667,6,1.0,0.67957
61659,Charles Henderson,6,16,12,2024,2,33.9149,-118.46304,3,1.7,1.15391
68786,Tracy Schwartz,6,16,12,2024,2,34.10498,-118.39465333,9,1.8,1.21019
86366,Danielle Thompson,6,16,12,2024,2,33.87266,-118.65110333,2,0.7,0.49513
86528,Danielle Waller,6,16,12,2024,2,33.83042,-118.49723333,3,1.7,1.11259
58373,Tiffany Ramsey,6,16,12,2024,2,33.89378,-118.42884667,3,1.5,0.99846
23987,Dennis Mcgee,6,16,12,2024,2,34.04162,-118.36046,10,0.8,0.5022
51158,Cheryl Jacobs,6,16,12,2024,2,33.9149,-118.58271667,2,3.2,2.10743
68731,Anna Rodriguez,6,16,12,2024,2,33.99938,-118.53142667,5,3.4,2.24267
21243,Michael Stewart,6,16,12,2024,2,33.95714,-118.49723333,5,1.0,0.65108
48967,Tina Luna,6,16,12,2024,2,33.8093,-118.25788,4,8.1,5.37735
42957,Karina Baker,6,16,12,2024,2,34.08386,-118.27497667,10,0.2,0.11481
40145,Katie Ramos,6,16,12,2024,2,33.89378,-118.20659,8,1.8,1.23251
32455,Jennifer Goodman,6,16,12,2024,2,34.06274,-118.25788,10,11.7,7.82994
27264,Melissa Jacobs,6,16,12,2024,2,33.97826,-118.49723333,5,0.5,0.35945
55855,Anita Collins,6,16,12,2024,2,34.0205,-118.27497667,7,1.1,0.70706
66092,Kristen Rich,6,16,12,2024,2,33.93602,-118.48013667,5,0.9,0.57497
11328,Edward Reyes,6,16,12,2024,2,33.83042,-118.63400667,2,2.1,1.38443
88690,Jennifer Smith,6,16,12,2024,2,33.83042,-118.61691,2,0.8,0.50263
57526,Jessica Flores,6,16,12,2024,2,33.95714,-118.53142667,5,1.1,0.71959
22780,Linda Reynolds DDS,6,16,12,2024,2,33.8093,-118.32626667,4,2.5,1.63997
45708,Teresa Pierce,6,16,12,2024,2,34.04162,-118.37755667,9,1.9,1.29091
12026,Joanne Barrett,6,16,12,2024,2,34.27394,-118.27497667,11,56.7,37.81321
97993,Lisa Gutierrez,6,16,12,2024,2,33.95714,-118.25788,7,1.0,0.66395
57837,Jennifer Miller,6,16,12,2024,2,33.87266,-118.48013667,3,1.0,0.65332
81245,Christopher Schwartz,6,16,12,2024,2,34.14722,-118.25788,11,11.7,7.77172
31724,Vicki Freeman,6,16,12,2024,2,33.97826,-118.32626667,6,2.3,1.51317
27077,Christopher Schneider,6,16,12,2024,2,34.08386,-118.44594333,9,2.7,1.82153
74094,Jonathan Cooper,6,16,12,2024,2,33.9149,-118.32626667,4,0.6,0.41494
20876,Kimberly Spence,6,16,12,2024,2,33.72482,-118.46304,1,3.2,2.13106
87738,Kimberly Mills,6,16,12,2024,2,34.04162,-118.51433,9,8.0,5.32243
88069,Mariah Davis,6,16,12,2024,2,34.14722,-118.25788,11,11.8,7.8521
62529,Richard Todd,6,16,12,2024,2,34.31618,-118.24078333,11,57.2,38.14815
32032,Jonathan Harrison,6,16,12,2024,2,34.14722,-118.27497667,11,12.9,8.60384
65652,Tyler Miller,6,16,12,2024,2,33.72482,-118.41175,1,4.2,2.77533
33165,Rachel Murray,6,16,12,2024,2,33.76706,-118.61691,2,1.6,1.04077
10122,Noah Osborne,6,16,12,2024,2,33.95714,-118.48013667,5,1.5,0.96818
15498,Steve Calderon,6,16,12,2024,2,33.89378,-118.37755667,4,0.8,0.55679
78487,Kurt Garcia,6,16,12,2024,2,33.76706,-118.44594333,1,4.6,3.0364
33074,Edward Perez,6,16,12,2024,2,33.9149,-118.36046,4,1.7,1.13832
95889,Fernando Hall,6,16,12,2024,2,33.99938,-118.20659,8,9.0,6.01455
14314,Christine Crane,6,16,12,2024,2,33.97826,-118.25788,7,1.7,1.13922
18347,Dr. Courtney Burns,6,16,12,2024,2,33.95714,-118.18949333,8,7.5,5.01736
48669,Lori Vaughan,6,16,12,2024,2,34.0205,-118.30917,7,1.8,1.17805
33991,Veronica Turner,6,16,12,2024,2,34.10498,-118.24078333,10,13.9,9.29104
92070,Justin Black,6,16,12,2024,2,33.76706,-118.42884667,1,4.3,2.87831
42759,Barbara Jones,6,16,12,2024,2,34.06274,-118.49723333,9,10.7,7.15623
65643,Larry Clark,6,16,12,2024,2,33.8093,-118.34336333,4,0.7,0.47648
45203,Megan Williams,6,16,12,2024,2,33.9149,-118.25788,4,2.8,1.88875
43731,David Romero,6,16,12,2024,2,33.89378,-118.32626667,4,3.8,2.56068
72219,Bobby Logan,6,16,12,2024,2,33.83042,-118.54852333,2,2.5,1.69685
39910,Ashley Becker,6,16,12,2024,2,33.97826,-118.54852333,5,0.8,0.52444
18205,Joshua Romero,6,16,12,2024,2,33.8093,-118.58271667,2,0.5,0.36242
16826,Patricia Juarez DVM,6,16,12,2024,2,33.97826,-118.30917,7,2.0,1.35124
95201,Kevin Ford,6,16,12,2024,2,33.87266,-118.36046,4,0.8,0.51754
45592,Isaiah Warren,6,16,12,2024,2,33.93602,-118.44594333,6,1.1,0.75115
12678,Scott Harmon,6,16,12,2024,2,34.08386,-118.32626667,10,3.7,2.43951
51306,Chelsea Serrano,6,16,12,2024,2,33.97826,-118.24078333,7,2.6,1.73809
51884,Robert Livingston,6,16,12,2024,2,33.72482,-118.51433,1,1.1,0.70498
98847,Kylie Lee,6,16,12,2024,2,33.99938,-118.36046,6,2.5,1.68008
72313,Travis Ashley,6,16,12,2024,2,33.95714,-118.34336333,6,4.2,2.78055
15527,Wanda Wilson,6,16,12,2024,2,33.87266,-118.41175,3,2.5,1.66389
53516,Alexander Torres,6,16,12,2024,2,33.93602,-118.58271667,5,2.5,1.63367
68230,Michael Harris,6,16,12,2024,2,34.0205,-118.29207333,7,2.7,1.82316
69459,Sean Mcdaniel,6,16,12,2024,2,33.99938,-118.46304,6,1.8,1.22543
61518,Terrence Johnson,6,16,12,2024,2,34.04162,-118.48013667,9,2.5,1.6455
23189,Stephen Craig,6,16,12,2024,2,33.87266,-118.34336333,4,2.1,1.39698
73298,Tina Rodriguez,6,16,12,2024,2,34.06274,-118.24078333,10,0.7,0.46945
10530,Kelly Ford,6,16,12,2024,2,34.06274,-118.25788,10,11.7,7.81393
89964,Mitchell Wood,6,16,12,2024,2,34.08386,-118.41175,9,2.2,1.4772
67494,John Pratt,6,16,12,2024,2,33.72482,-118.51433,1,1.4,0.94054
40895,Kevin Ross,6,16,12,2024,2,33.97826,-118.32626667,6,3.3,2.18282
77061,Cindy Griffith,6,16,12,2024,2,33.8093,-118.29207333,4,6.4,4.2806
68990,Jo Walker,6,16,12,2024,2,33.78818,-118.51433,1,0.5,0.31349
66774,Jane Johnson,6,16,12,2024,2,34.04162,-118.39465333,9,2.1,1.37535
32105,Katie Wilson,6,16,12,2024,2,33.85154,-118.65110333,2,1.4,0.95999
94407,Kenneth Aguilar,6,16,12,2024,2,33.95714,-118.32626667,6,1.1,0.7014
20579,Michael Doyle,6,16,12,2024,2,33.97826,-118.36046,6,1.1,0.70325
64648,William Rojas DVM,6,16,12,2024,2,33.87266,-118.65110333,2,3.5,2.31922
53496,Emma Bender,6,16,12,2024,2,33.8093,-118.59981333,2,1.0,0.66399
21994,Michael Thompson,6,16,12,2024,2,34.10498,-118.42884667,9,2.5,1.66272
92700,Christian Smith,6,16,12,2024,2,34.21058,-118.27497667,11,39.5,26.30396
96531,William Potter,6,16,12,2024,2,33.89378,-118.63400667,2,3.3,2.17114
98933,Victoria Lewis,6,16,12,2024,2,33.93602,-118.42884667,6,2.1,1.37502
54981,Michelle Krause,6,16,12,2024,2,34.08386,-118.25788,10,6.2,4.1498
23113,Kevin Tyler,6,16,12,2024,2,34.29506,-118.29207333,11,46.5,31.01637
11442,Kellie Adams,6,16,12,2024,2,34.0205,-118.29207333,7,1.5,1.02411
51523,Nancy Sanchez,6,16,12,2024,2,33.76706,-118.32626667,4,4.7,3.12845
42879,Holly Bradley,6,16,12,2024,2,33.83042,-118.53142667,3,1.0,0.6737
22481,Ronald Smith,6,16,12,2024,2,33.87266,-118.51433,3,1.3,0.85609
15756,Tyler Gordon,6,16,12,2024,2,33.89378,-118.42884667,3,1.4,0.95339
96434,James Stone Jr.,6,16,12,2024,2,33.87266,-118.41175,3,2.5,1.64456
82699,Regina Horn,6,16,12,2024,2,34.06274,-118.41175,9,1.1,0.72754
59996,Michael Scott,6,16,12,2024,2,34.0205,-118.46304,6,2.1,1.39579
28059,Robert Dickerson,6,16,12,2024,2,33.7037,-118.42884667,1,9.8,6.5181
96430,Lynn Garza,6,16,12,2024,2,33.99938,-118.27497667,7,0.2,0.1656
32237,Sydney Pacheco,6,16,12,2024,2,33.83042,-118.51433,3,1.6,1.09102
44318,James Ortiz,6,16,12,2024,2,34.10498,-118.49723333,9,12.9,8.57057
64052,Sara Wilson,6,16,12,2024,2,34.0205,-118.30917,7,1.3,0.85884
37785,Melody Reynolds,6,16,12,2024,2,33.97826,-118.48013667,5,2.3,1.55254
19401,Shawn Young,6,16,12,2024,2,33.83042,-118.37755667,4,1.1,0.75977
89604,Charles Hood,6,16,12,2024,2,34.04162,-118.27497667,10,0.9,0.59292
19539,Corey Baker,6,16,12,2024,2,33.99938,-118.53142667,5,5.7,3.77797
15115,Alison Jordan,6,16,12,2024,2,34.06274,-118.48013667,9,10.4,6.92647
24133,Justin Fitzpatrick,6,16,12,2024,2,34.08386,-118.37755667,9,3.6,2.43003
85714,Shane Schultz,6,16,12,2024,2,33.76706,-118.53142667,1,2.3,1.50314
92211,Denise Keller,6,16,12,2024,2,33.89378,-118.44594333,3,1.4,0.90389
77023,Latasha Henderson,6,16,12,2024,2,33.85154,-118.61691,2,2.1,1.42519
87629,Laura Wallace,6,16,12,2024,2,33.93602,-118.20659,8,1.3,0.88124
96875,Karen Miranda,6,16,12,2024,2,33.89378,-118.41175,3,0.5,0.33601
81943,Brandon Rich,6,16,12,2024,2,33.95714,-118.44594333,6,0.9,0.56705
47217,Tracey Barber,6,16,12,2024,2,34.04162,-118.49723333,9,9.5,6.32128
64456,Brian Hancock,6,16,12,2024,2,33.99938,-118.42884667,6,1.1,0.74953
99059,Monica Burton,6,16,12,2024,2,33.95714,-118.42884667,6,2.3,1.56015
98888,Craig Walker,6,16,12,2024,2,34.06274,-118.30917,10,1.9,1.27337
75217,Mark Brown,6,16,12,2024,2,34.0205,-118.20659,8,2.3,1.50054
57183,Steven Yang,6,16,12,2024,2,33.74594,-118.39465333,1,14.0,9.33198
38277,Norman Parker,6,16,12,2024,2,33.95714,-118.30917,7,0.8,0.52827
21724,Eduardo Holland,6,16,12,2024,2,33.93602,-118.48013667,5,1.7,1.15643
38057,Christopher Austin,6,16,12,2024,2,33.78818,-118.53142667,1,1.0,0.65638
48692,Norman King,6,16,12,2024,2,34.0205,-118.37755667,6,0.6,0.388
37709,Thomas Moore,6,16,12,2024,2,33.85154,-118.48013667,3,1.2,0.78118
58339,Crystal Bass,6,16,12,2024,2,33.76706,-118.39465333,1,5.5,3.66378
13141,Eric Forbes,6,16,12,2024,2,34.21058,-118.29207333,11,43.8,29.1939
93026,Stacey Lynch,6,16,12,2024,2,33.78818,-118.54852333,1,1.8,1.183
29889,Jessica Rivera,6,16,12,2024,2,33.99938,-118.25788,7,0.7,0.48162
14969,Robert Holden,6,16,12,2024,2,34.3373,-118.24078333,11,62.2,41.46566
80574,Katie Mcclure,6,16,12,2024,2,33.8093,-118.48013667,1,0.7,0.47556
94205,Steven Thomas,6,16,12,2024,2,34.08386,-118.30917,10,1.5,0.99101
84411,Gail Taylor,6,16,12,2024,2,34.1261,-118.29207333,10,2.9,1.94495
38781,Shannon Crosby,6,16,12,2024,2,34.3373,-118.29207333,11,62.1,41.36753
88841,Jeff Hunt,6,16,12,2024,2,33.9149,-118.18949333,8,1.1,0.71741
38008,Sarah Estes,6,16,12,2024,2,34.16834,-118.30917,11,13.3,8.84924
40048,Casey Anderson,6,16,12,2024,2,33.89378,-118.30917,4,3.1,2.09002
19526,Emily Brown,6,16,12,2024,2,33.9149,-118.49723333,3,2.3,1.56142
35810,Jennifer Kim,6,16,12,2024,2,33.76706,-118.63400667,2,5.0,3.32024
64296,Todd Ortiz,6,16,12,2024,2,33.9149,-118.39465333,3,1.2,0.77892
36907,Jessica Rhodes,6,16,12,2024,2,33.9149,-118.27497667,4,4.7,3.10773
57143,Nicole Chan,6,16,12,2024,2,33.7037,-118.49723333,1,4.4,2.91565
13806,Katherine Walker,6,16,12,2024,2,33.93602,-118.36046,6,1.1,0.73782
87912,Daniel Walker,6,16,12,2024,2,33.9149,-118.53142667,3,3.0,1.98477
23446,Kimberly Burnett,6,16,12,2024,2,33.85154,-118.42884667,3,0.6,0.40254
41711,Tara Stephens,6,16,12,2024,2,33.76706,-118.56562,2,2.0,1.31875
41715,Caitlin Rivera,6,16,12,2024,2,33.8093,-118.65110333,2,5.7,3.77359
56533,Martin Hall,6,16,12,2024,2,33.95714,-118.56562,5,1.8,1.20929
88616,Ernest Young,6,16,12,2024,2,33.74594,-118.54852333,1,1.9,1.23727
13690,Timothy Baker,6,16,12,2024,2,34.25282,-118.27497667,11,52.7,35.12121
94497,Sherry Pitts,6,16,12,2024,2,33.93602,-118.51433,5,0.6,0.3856
43945,Veronica Green,6,16,12,2024,2,34.0205,-118.32626667,6,1.1,0.74142
12918,Ethan Warren,6,16,12,2024,2,34.29506,-118.27497667,11,65.7,43.79356
71886,Tabitha Cunningham,6,16,12,2024,2,33.74594,-118.51433,1,1.4,0.95759
39662,Kathy Lee,6,16,12,2024,2,33.97826,-118.27497667,7,0.7,0.49913
90931,Terry Brown,6,16,12,2024,2,34.06274,-118.36046,10,0.3,0.22619
19534,Danielle Schaefer,6,16,12,2024,2,33.85154,-118.58271667,2,0.5,0.32062
35816,Carlos Avery,6,16,12,2024,2,33.76706,-118.49723333,1,1.1,0.73178
71767,Robert Holt,6,16,12,2024,2,34.06274,-118.46304,9,3.9,2.60216
74894,Jimmy Wheeler,6,16,12,2024,2,34.0205,-118.36046,6,2.6,1.75091
20405,Allen Diaz,6,16,12,2024,2,33.97826,-118.48013667,5,1.9,1.27237
34804,Ricky Simmons,6,16,12,2024,2,34.04162,-118.25788,10,0.3,0.19562
36148,Jason Miller,6,16,12,2024,2,33.83042,-118.48013667,3,1.4,0.93092
42556,John Hill,6,16,12,2024,2,33.97826,-118.46304,6,1.2,0.81963
11708,Christopher Williams,6,16,12,2024,2,33.8093,-118.27497667,4,10.5,7.02219
14075,Brian Taylor,6,16,12,2024,2,33.9149,-118.22368667,8,3.0,2.0225
67922,Michael Mcclure,6,16,12,2024,2,33.85154,-118.36046,4,0.6,0.41994
48848,Jacob Marshall,6,16,12,2024,2,33.76706,-118.59981333,2,0.9,0.57107
14688,Kelly Davis,6,16,12,2024,2,33.9149,-118.39465333,3,2.1,1.42893
61548,Billy Jones,6,16,12,2024,2,33.8093,-118.34336333,4,1.8,1.19764
87917,Kathleen Schmidt,6,16,12,2024,2,33.93602,-118.39465333,6,2.3,1.55142
97181,Sarah Kim,6,16,12,2024,2,33.74594,-118.44594333,1,2.8,1.89534
67690,Evelyn Wright,6,16,12,2024,2,33.74594,-118.54852333,1,1.9,1.27779
64366,James Clark,6,16,12,2024,2,33.78818,-118.42884667,1,1.3,0.8895
15370,Ernest Frazier,6,16,12,2024,2,33.97826,-118.34336333,6,1.3,0.84756
87026,Jonathan Nelson,6,16,12,2024,2,33.83042,-118.51433,3,0.6,0.38752
15935,Donald Perez,6,16,12,2024,2,33.99938,-118.22368667,8,1.1,0.73817
66324,Craig Stewart,6,16,12,2024,2,34.10498,-118.41175,9,1.0,0.65749
52574,Lee Glover,6,16,12,2024,2,34.31618,-118.25788,11,55.7,37.16225
62947,Kimberly Gilbert,6,16,12,2024,2,33.8093,-118.37755667,4,2.1,1.40956
69426,Michael Roberson,6,16,12,2024,2,34.16834,-118.30917,11,10.3,6.8816
61988,Heather Walter,6,16,12,2024,2,33.8093,-118.63400667,2,4.8,3.23167
76186,Linda Sutton,6,16,12,2024,2,34.08386,-118.48013667,9,8.2,5.49137
25856,Amanda Medina,6,16,12,2024,2,33.87266,-118.37755667,4,1.6,1.0698
11553,Heather Welch,6,16,12,2024,2,33.97826,-118.34336333,6,4.2,2.78062
72548,Anthony Davies,6,16,12,2024,2,33.72482,-118.44594333,1,1.1,0.74761
26362,Rhonda Sanders,6,16,12,2024,2,33.93602,-118.56562,5,9.0,5.97599
88726,Amy Hunter,6,16,12,2024,2,33.93602,-118.58271667,5,4.5,3.03085
22050,Mrs. Katelyn Pena,6,16,12,2024,2,33.8093,-118.54852333,1,2.1,1.36844
77804,Donna Costa,6,16,12,2024,2,33.9149,-118.49723333,3,2.2,1.49026
34454,Ronald Griffin,6,16,12,2024,2,33.87266,-118.54852333,2,1.9,1.2389
82242,William Scott,6,16,12,2024,2,33.89378,-118.22368667,8,3.5,2.35549
43518,Lydia Stein,6,16,12,2024,2,34.06274,-118.37755667,9,1.5,0.99019
91382,Brian Medina,6,16,12,2024,2,34.29506,-118.32626667,11,27.2,18.11686
64388,Kayla Sheppard,6,16,12,2024,2,34.0205,-118.42884667,6,1.2,0.80894
64390,Christopher Brown,6,16,12,2024,2,33.85154,-118.54852333,2,1.1,0.7352
96486,Anna Green,6,16,12,2024,2,33.74594,-118.51433,1,0.9,0.60629
59729,Ashley Doyle,6,16,12,2024,2,33.8093,-118.27497667,4,10.9,7.2474
43633,Linda Allen,6,16,12,2024,2,33.9149,-118.34336333,4,1.9,1.26157
85171,Robert Johnson Jr.,6,16,12,2024,2,33.83042,-118.63400667,2,5.7,3.83077
98441,Audrey Morse,6,16,12,2024,2,34.14722,-118.30917,11,10.2,6.81776
45951,Paul Diaz,6,16,12,2024,2,33.95714,-118.30917,7,1.6,1.08007
15541,Joshua Campbell,6,16,12,2024,2,34.06274,-118.34336333,10,0.8,0.50971
84983,David Ford,6,16,12,2024,2,33.76706,-118.54852333,1,0.8,0.56031
33732,Andre Lozano,6,16,12,2024,2,33.87266,-118.61691,2,1.3,0.89422
38507,Cynthia Cline,6,16,12,2024,2,34.08386,-118.46304,9,1.7,1.14284
75714,Emily Lamb,6,16,12,2024,2,34.10498,-118.30917,10,3.8,2.51455
69260,Donna Massey,6,16,12,2024,2,34.10498,-118.27497667,10,4.6,3.08569
57067,Christina Sherman,6,16,12,2024,2,33.76706,-118.27497667,4,14.8,9.8889
22728,Daniel Cooke,6,16,12,2024,2,33.85154,-118.46304,3,0.3,0.21273
55407,Patrick Chang,6,16,12,2024,2,33.83042,-118.44594333,3,2.4,1.5779
72029,Barbara Pruitt,6,16,12,2024,2,34.1261,-118.25788,10,9.0,6.02247
29254,Teresa Mckee,6,16,12,2024,2,34.10498,-118.41175,9,3.9,2.57633
92404,Ryan Williamson,6,16,12,2024,2,33.95714,-118.49723333,5,1.5,0.97781
31473,Luis James,6,16,12,2024,2,34.0205,-118.42884667,6,1.0,0.64379
69690,Travis Hunter,6,16,12,2024,2,33.9149,-118.41175,3,1.1,0.76325
97749,Samantha Gardner,6,16,12,2024,2,33.87266,-118.44594333,3,1.7,1.11886
58992,Steven Miller,6,16,12,2024,2,33.95714,-118.24078333,7,2.0,1.34315
39516,Danny Smith,6,16,12,2024,2,33.8093,-118.56562,2,2.7,1.79224
14912,Brianna Drake,6,16,12,2024,2,33.95714,-118.34336333,6,1.7,1.12843
30065,Patrick Murray,6,16,12,2024,2,34.06274,-118.34336333,10,1.5,1.00243
32490,Alfred Hudson,6,16,12,2024,2,34.0205,-118.22368667,8,2.1,1.40119
93363,Leslie Smith,6,16,12,2024,2,33.8093,-118.41175,1,0.5,0.34248
34635,Angel Duran,6,16,12,2024,2,33.87266,-118.32626667,4,0.8,0.53018
87904,Anthony Delgado,6,16,12,2024,2,33.76706,-118.58271667,2,2.3,1.51876
58599,Lance Kelly,6,16,12,2024,2,33.78818,-118.44594333,1,2.5,1.68313
83842,Jeffrey Murray,6,16,12,2024,2,34.04162,-118.36046,10,1.5,1.00487
19087,Sandra Chavez,6,16,12,2024,2,33.95714,-118.46304,6,1.6,1.04686
97395,Heather Reed,6,16,12,2024,2,33.8093,-118.36046,4,1.4,0.95702
60797,Karla Wells,6,16,12,2024,2,33.95714,-118.54852333,5,0.5,0.36427
78652,Mary Brady,6,16,12,2024,2,33.99938,-118.54852333,5,1.9,1.29886
87720,Jessica Williams,6,16,12,2024,2,33.78818,-118.25788,4,13.4,8.965
52150,Dawn Ramirez,6,16,12,2024,2,33.85154,-118.58271667,2,1.5,0.9807
19654,Cameron Guzman,6,16,12,2024,2,33.9149,-118.48013667,3,1.8,1.22274
17850,Joshua Gordon,6,16,12,2024,2,33.99938,-118.56562,5,8.7,5.79349
44489,Brett Dixon,6,16,12,2024,2,34.04162,-118.41175,9,2.6,1.71126
15336,Catherine Smith,6,16,12,2024,2,33.83042,-118.41175,3,2.3,1.53062
89229,Mariah Fletcher,6,16,12,2024,2,33.83042,-118.42884667,3,1.8,1.20098
72152,Bryan Robles,6,16,12,2024,2,34.25282,-118.30917,11,21.5,14.3419
35243,Dillon Li,6,16,12,2024,2,33.89378,-118.59981333,2,3.0,2.00801
47592,Rebekah Lee,6,16,12,2024,2,33.9149,-118.30917,4,2.5,1.66589
78475,Bradley Smith,6,16,12,2024,2,34.06274,-118.39465333,9,0.6,0.4165
27189,Amanda Swanson,6,16,12,2024,2,33.85154,-118.46304,3,0.6,0.37849
65958,Tina Robles,6,16,12,2024,2,34.04162,-118.49723333,9,8.3,5.50133
35448,Kimberly Cole,6,16,12,2024,2,33.97826,-118.41175,6,1.4,0.92199
23505,Brenda Castro,6,16,12,2024,2,33.87266,-118.39465333,3,1.5,1.01037
69918,Beth Russo,6,16,12,2024,2,33.99938,-118.37755667,6,0.9,0.63084
50784,Sharon Davis,6,16,12,2024,2,33.76706,-118.39465333,1,3.2,2.10807
14601,Jeremy Bradley,6,16,12,2024,2,33.72482,-118.44594333,1,0.5,0.3496
74175,Kristen Adams,6,16,12,2024,2,33.83042,-118.6682,2,5.3,3.50688
40125,Melissa Douglas,6,16,12,2024,2,33.83042,-118.41175,3,1.5,1.00482
12387,Mr. Mark Parks,6,16,12,2024,2,33.74594,-118.42884667,1,10.7,7.15157
18254,Carla Gibbs,6,16,12,2024,2,33.72482,-118.49723333,1,1.9,1.26179
32762,Tanya Gregory,6,16,12,2024,2,33.78818,-118.56562,2,1.1,0.72866
28023,Carolyn Rodriguez,6,16,12,2024,2,33.99938,-118.42884667,6,1.2,0.78198
61177,Debra Gregory,6,16,12,2024,2,33.95714,-118.58271667,5,2.0,1.31207
71413,Daniel Mcintyre,6,16,12,2024,2,33.76706,-118.36046,4,8.3,5.53631
57602,Colin Martin,6,16,12,2024,2,34.06274,-118.30917,10,2.1,1.40466
86499,Cristina Shields,6,16,12,2024,2,33.83042,-118.59981333,2,1.6,1.09749
25730,Anthony Davis,6,16,12,2024,2,33.99938,-118.27497667,7,0.4,0.29123
15416,Jessica Rodriguez,6,16,12,2024,2,34.0205,-118.32626667,6,0.5,0.3273
10794,David Paul,6,16,12,2024,2,34.0205,-118.25788,7,2.3,1.51624
25116,Darlene Beck,6,16,12,2024,2,33.95714,-118.48013667,5,1.8,1.1947
35377,Abigail Lopez,6,16,12,2024,2,33.8093,-118.51433,1,0.8,0.52087
45967,Aaron Good,6,16,12,2024,2,33.74594,-118.29207333,4,13.7,9.12881
16132,Christopher Choi,6,16,12,2024,2,34.08386,-118.37755667,9,2.1,1.41956
91054,Stephanie Singh,6,16,12,2024,2,33.97826,-118.42884667,6,1.3,0.83806
40365,Amanda Davis,6,16,12,2024,2,34.10498,-118.42884667,9,1.6,1.07819
58577,Dennis Oliver,6,16,12,2024,2,34.08386,-118.29207333,10,2.0,1.36064
39151,Matthew Gomez,6,16,12,2024,2,34.31618,-118.30917,11,64.0,42.68677
98010,Melanie Wood,6,16,12,2024,2,33.97826,-118.1553,8,14.1,9.37835
36185,David Oconnor,6,16,12,2024,2,33.87266,-118.46304,3,0.6,0.37067
45638,Casey Giles,6,16,12,2024,2,33.93602,-118.41175,6,1.6,1.0367
94421,Jared Bell,6,16,12,2024,2,34.06274,-118.32626667,10,1.1,0.71553
71623,Angie Galvan,6,16,12,2024,2,33.83042,-118.42884667,3,2.0,1.33734
45655,Spencer Jacobs,6,16,12,2024,2,33.9149,-118.37755667,4,0.7,0.47123
23509,Nicholas Allison,6,16,12,2024,2,34.06274,-118.24078333,10,3.3,2.21485
63642,Peter Morris,6,16,12,2024,2,33.93602,-118.29207333,7,1.1,0.75948
73138,Cindy Lane,6,16,12,2024,2,34.29506,-118.25788,11,55.0,36.63972
26729,Dennis White,6,16,12,2024,2,33.87266,-118.41175,3,1.3,0.85302
56944,Megan Rodriguez,6,16,12,2024,2,33.87266,-118.63400667,2,0.8,0.55143
26706,Anthony Reyes,6,16,12,2024,2,33.9149,-118.32626667,4,1.5,0.97897
73995,Micheal Woodward,6,16,12,2024,2,33.99938,-118.29207333,7,2.1,1.39297
55295,Aaron Williams,6,16,12,2024,2,33.83042,-118.39465333,3,1.2,0.81747
90359,Frank Oneill,6,16,12,2024,2,33.93602,-118.34336333,6,0.9,0.61692
42014,Sherri Jones,6,16,12,2024,2,33.72482,-118.41175,1,13.7,9.15232
76945,Melanie Arroyo,6,16,12,2024,2,33.89378,-118.34336333,4,1.0,0.68013
28630,Andrea Collins,6,16,12,2024,2,34.2317,-118.22368667,11,32.9,21.95638
97451,Tanya King,6,16,12,2024,2,33.72482,-118.46304,1,1.7,1.14993
66874,Kristen Lutz,6,16,12,2024,2,33.95714,-118.51433,5,3.0,1.96776
65763,Mark Benson,6,16,12,2024,2,33.89378,-118.41175,3,0.8,0.50342
69725,Cassandra Lopez,6,16,12,2024,2,33.87266,-118.49723333,3,1.7,1.11702
48834,Dr. Molly Riley,6,16,12,2024,2,33.97826,-118.56562,5,3.3,2.16768
34826,Colleen Simmons,6,16,12,2024,2,34.06274,-118.25788,10,1.3,0.8715
25960,Kristina Myers,6,16,12,2024,2,33.99938,-118.34336333,6,2.8,1.89984
72413,David Moore,6,16,12,2024,2,33.89378,-118.27497667,4,4.8,3.22511
26045,Carl James,6,16,12,2024,2,34.0205,-118.44594333,6,0.7,0.48636
75196,Adriana Morrow,6,16,12,2024,2,34.10498,-118.24078333,10,6.1,4.09164
16736,Brittney Gomez,6,16,12,2024,2,34.06274,-118.37755667,9,1.9,1.28824
59595,Clifford Hudson,6,16,12,2024,2,34.29506,-118.24078333,11,50.7,33.78992
51180,Teresa Harrison,6,16,12,2024,2,33.8093,-118.46304,1,2.1,1.37229
70361,Michael Marks,6,16,12,2024,2,33.78818,-118.59981333,2,0.3,0.18458
46128,Sharon Martinez,6,16,12,2024,2,33.87266,-118.30917,4,1.4,0.91956
26469,Gloria Vaughn MD,6,16,12,2024,2,33.85154,-118.44594333,3,1.1,0.75339
58329,Daniel Eaton,6,16,12,2024,2,33.93602,-118.42884667,6,1.0,0.6575
42444,Alyssa Valdez,6,16,12,2024,2,34.10498,-118.22368667,10,14.4,9.57537
48971,Jennifer Smith,6,16,12,2024,2,33.85154,-118.49723333,3,1.0,0.64136
40599,Todd Frederick,6,16,12,2024,2,33.8093,-118.48013667,1,1.9,1.25577
45503,Eduardo Mckenzie,6,16,12,2024,2,33.87266,-118.56562,2,0.5,0.32401
17663,Patricia Yu,6,16,12,2024,2,34.1261,-118.27497667,10,9.5,6.3632
43337,Scott Wang,6,16,12,2024,2,33.85154,-118.54852333,2,1.0,0.67035
32826,Patricia Jones,6,16,12,2024,2,33.87266,-118.32626667,4,3.4,2.26849
13617,Lori Blake,6,16,12,2024,2,33.78818,-118.41175,1,3.9,2.58849
60597,Catherine Woods,6,16,12,2024,2,34.0205,-118.54852333,5,4.3,2.85589
47879,Melvin Jordan,6,16,12,2024,2,34.1261,-118.25788,10,9.0,5.96837
46776,Jennifer Roberts,6,16,12,2024,2,33.99938,-118.32626667,6,0.5,0.3418
66197,Lori Henry,6,16,12,2024,2,33.8093,-118.56562,2,1.8,1.19012
91966,Philip Gentry,6,16,12,2024,2,33.9149,-118.46304,3,2.2,1.48842
95612,Thomas Mills,6,16,12,2024,2,34.0205,-118.18949333,8,14.7,9.82286
76642,John Boyd,6,16,12,2024,2,33.9149,-118.56562,2,3.5,2.30287
87122,Heather Johnson,6,16,12,2024,2,34.29506,-118.27497667,11,64.5,42.9932
63343,Suzanne Krueger,6,16,12,2024,2,34.0205,-118.53142667,5,8.1,5.37962
76988,Kathleen Kramer,6,16,12,2024,2,33.74594,-118.59981333,2,0.6,0.37279
38905,John Warner,6,16,12,2024,2,34.08386,-118.24078333,10,1.3,0.89245
30969,Donna Walls,6,16,12,2024,2,33.95714,-118.58271667,5,0.9,0.58206
44231,Cheryl Day,6,16,12,2024,2,33.87266,-118.58271667,2,1.4,0.90912
46050,Crystal Barnes,6,16,12,2024,2,33.97826,-118.37755667,6,0.6,0.39291
78506,Taylor Nelson,6,16,12,2024,2,33.74594,-118.46304,1,5.1,3.39687
50227,Michael Kennedy,6,16,12,2024,2,33.93602,-118.56562,5,1.4,0.92391
48975,Whitney Walker,6,16,12,2024,2,34.0205,-118.39465333,6,2.8,1.83777
17092,Isabel Ayers,6,16,12,2024,2,33.89378,-118.20659,8,1.9,1.27334
40670,Jaime Perez,6,16,12,2024,2,33.9149,-118.42884667,3,0.5,0.31086
93404,Jeffrey Dixon,6,16,12,2024,2,33.9149,-118.32626667,4,2.7,1.78019
20056,Erika Waters,6,16,12,2024,2,34.08386,-118.22368667,10,13.5,8.98192
37113,Lisa Williams,6,16,12,2024,2,33.85154,-118.41175,3,1.8,1.17433
70907,Katrina Harrington,6,16,12,2024,2,33.85154,-118.39465333,3,2.6,1.7099
97227,Heather Miller,6,16,12,2024,2,34.04162,-118.25788,10,0.4,0.26351
90117,Ivan Reynolds,6,16,12,2024,2,33.93602,-118.24078333,7,1.8,1.17
31584,Richard Allison,6,16,12,2024,2,33.87266,-118.58271667,2,1.1,0.72907
74549,Joel Williams,6,16,12,2024,2,33.87266,-118.29207333,4,1.0,0.64779
89137,Ryan Young,6,16,12,2024,2,34.16834,-118.27497667,11,14.9,9.90615
86456,Brittany Thomas,6,16,12,2024,2,33.78818,-118.58271667,2,1.1,0.7451
23399,Zachary Chen,6,16,12,2024,2,33.95714,-118.42884667,6,1.7,1.14485
46275,Erin Matthews,6,16,12,2024,2,33.9149,-118.24078333,4,2.9,1.92392
83243,Nicole Allen,6,16,12,2024,2,33.95714,-118.51433,5,2.7,1.81873
67792,John Branch,6,16,12,2024,2,33.97826,-118.29207333,7,0.3,0.22479
84273,Alex Andrews,6,16,12,2024,2,34.10498,-118.41175,9,0.8,0.51201
94665,Vanessa Davis,6,16,12,2024,2,33.7037,-118.41175,1,8.4,5.60789
94766,Jean Gomez,6,16,12,2024,2,33.97826,-118.24078333,7,2.4,1.59358
60100,Jacob Medina,6,16,12,2024,2,34.04162,-118.30917,10,0.6,0.39722
66658,Rebecca Conley,6,16,12,2024,2,33.99938,-118.24078333,7,0.4,0.2421
11856,Ashley Houston,6,16,12,2024,2,34.3373,-118.25788,11,58.0,38.66585
57391,Christine Sosa,6,16,12,2024,2,33.9149,-118.41175,3,1.9,1.24438
35058,Daniel Smith,6,16,12,2024,2,33.99938,-118.36046,6,3.7,2.47076
85824,Brent Roberts,6,16,12,2024,2,34.31618,-118.25788,11,58.7,39.14558
90199,Christina Nielsen,6,16,12,2024,2,33.97826,-118.42884667,6,2.7,1.77609
67064,Gabrielle Figueroa,6,16,12,2024,2,34.0205,-118.24078333,7,1.1,0.73664
15445,Nicole Frye,6,16,12,2024,2,33.93602,-118.54852333,5,2.0,1.35398
98084,Michelle Curtis,6,16,12,2024,2,33.99938,-118.24078333,7,0.6,0.37965
84976,Sean Douglas,6,16,12,2024,2,33.89378,-118.36046,4,3.0,2.02468
67739,Meagan Johnson,6,16,12,2024,2,33.97826,-118.44594333,6,1.9,1.26867
80884,Logan Smith,6,16,12,2024,2,34.04162,-118.46304,9,2.8,1.88534
90029,Christine Miller,6,16,12,2024,2,33.85154,-118.49723333,3,1.0,0.68123
20951,Adam Williams,6,16,12,2024,2,33.76706,-118.54852333,1,0.3,0.22037
88709,Linda Davis,6,16,12,2024,2,34.0205,-118.49723333,5,7.0,4.64625
80842,Cameron Thompson,6,16,12,2024,2,33.83042,-118.59981333,2,1.5,0.97744
66521,Jean Harris,6,16,12,2024,2,33.87266,-118.49723333,3,1.8,1.18329
66871,Megan Stevenson,6,16,12,2024,2,33.97826,-118.34336333,6,2.9,1.90331
10742,Amber Barnett,6,16,12,2024,2,34.3373,-118.27497667,11,63.4,42.2796
21153,Maria Moore,6,16,12,2024,2,33.89378,-118.61691,2,4.4,2.93776
26910,Chad Mcconnell,6,16,12,2024,2,33.93602,-118.30917,7,0.1,0.08357
99351,Anna Daniels,6,16,12,2024,2,33.7037,-118.48013667,1,2.5,1.63385
24925,Janice Carroll,6,16,12,2024,2,34.08386,-118.42884667,9,1.3,0.83519
25108,Karen Pearson,6,16,12,2024,2,33.97826,-118.18949333,8,11.9,7.95918
81510,Joseph Carpenter,6,16,12,2024,2,33.89378,-118.51433,3,1.2,0.76948
32062,Joshua Delgado,6,16,12,2024,2,34.08386,-118.39465333,9,1.6,1.06346
79799,Amanda Hernandez,6,16,12,2024,2,34.08386,-118.42884667,9,3.5,2.33245
11279,Garrett Atkinson,6,16,12,2024,2,34.16834,-118.29207333,11,12.7,8.45813
25977,Amanda Santana,6,16,12,2024,2,34.0205,-118.18949333,8,14.4,9.59552
13020,Brenda Mosley MD,6,16,12,2024,2,33.97826,-118.22368667,8,4.5,2.98713
45652,Allison Tanner,6,16,12,2024,2,33.8093,-118.63400667,2,2.7,1.82671
21075,Daniel Williams,6,16,12,2024,2,34.25282,-118.27497667,11,48.8,32.50377
62984,Alexis Combs,6,16,12,2024,2,33.95714,-118.39465333,6,0.8,0.55327
87861,Rachel Francis,6,16,12,2024,2,34.08386,-118.29207333,10,2.6,1.73171
15662,Robert Hardy,6,16,12,2024,2,34.10498,-118.29207333,10,2.2,1.49346
99299,James Cook,6,16,12,2024,2,34.2317,-118.25788,11,53.2,35.45647
99822,Brittany Burke DDS,6,16,12,2024,2,33.85154,-118.42884667,3,2.0,1.34951
24155,Tracey Adams,6,16,12,2024,2,33.87266,-118.59981333,2,1.5,1.01701
15429,Dillon Hale,6,16,12,2024,2,34.04162,-118.29207333,10,1.0,0.66688
54916,William Cross,6,16,12,2024,2,34.10498,-118.44594333,9,1.1,0.71956
61558,Brian Sutton,6,16,12,2024,2,34.1261,-118.30917,10,5.4,3.62242
38864,Daniel Williams,6,16,12,2024,2,34.0205,-118.46304,6,2.9,1.96325
35864,Kevin Robinson,6,16,12,2024,2,33.97826,-118.53142667,5,3.3,2.21908
77532,Daniel Barry,6,16,12,2024,2,33.85154,-118.6682,2,0.5,0.36011
98884,Raymond Rogers,6,16,12,2024,2,33.89378,-118.22368667,8,0.8,0.52291
44886,Lisa Frey,6,16,12,2024,2,33.93602,-118.24078333,7,2.0,1.33303
35801,Jennifer Clay,6,16,12,2024,2,33.85154,-118.63400667,2,0.3,0.18294
13182,James Moore,6,16,12,2024,2,33.78818,-118.27497667,4,12.7,8.4552
94437,Angel Doyle,6,16,12,2024,2,33.87266,-118.39465333,3,0.4,0.26149
14277,Derek Johnson,6,16,12,2024,2,33.93602,-118.58271667,5,3.4,2.26596
51969,Lisa Roberts,6,16,12,2024,2,33.78818,-118.48013667,1,2.2,1.47154
49501,Michelle Delgado,7,16,12,2024,3,33.9149,-118.37755667,4,3.2,2.10805
89748,Keith Schwartz,7,16,12,2024,3,34.0205,-118.32626667,6,5.0,3.30735
13853,Nathan Reilly,7,16,12,2024,3,34.31618,-118.25788,11,59.5,39.6528
85578,Adam Williams,7,16,12,2024,3,33.83042,-118.56562,2,1.7,1.16486
49346,Barbara Alvarez,7,16,12,2024,3,34.04162,-118.51433,9,5.5,3.67651
18168,Mr. Benjamin Hall,7,16,12,2024,3,34.04162,-118.39465333,9,1.1,0.73774
10113,Derek Jacobs,7,16,12,2024,3,33.8093,-118.41175,1,0.9,0.58247
59613,Laura Ford,7,16,12,2024,3,33.89378,-118.53142667,3,1.2,0.81729
43161,David Murphy,7,16,12,2024,3,33.87266,-118.65110333,2,8.4,5.60166
99938,Todd Todd,7,16,12,2024,3,34.04162,-118.42884667,9,4.9,3.29065
85296,Chad Hernandez,7,16,12,2024,3,34.04162,-118.44594333,9,1.7,1.12547
54855,Sarah Bennett,7,16,12,2024,3,34.04162,-118.46304,9,1.9,1.29004
10671,Kayla Zuniga,7,16,12,2024,3,33.9149,-118.30917,4,2.0,1.35623
75958,Jessica Gonzalez,7,16,12,2024,3,34.04162,-118.51433,9,9.5,6.32094
99077,Joseph Vincent,7,16,12,2024,3,33.89378,-118.63400667,2,4.7,3.11301
47940,Michael Morales,7,16,12,2024,3,33.9149,-118.54852333,2,1.6,1.05192
37065,Tracy Gates,7,16,12,2024,3,33.8093,-118.56562,2,1.7,1.13525
77563,Lori Rocha,7,16,12,2024,3,33.97826,-118.24078333,7,2.5,1.63634
85723,Vicki Crawford,7,16,12,2024,3,33.9149,-118.58271667,2,2.1,1.42951
19391,Courtney Schmidt,7,16,12,2024,3,33.95714,-118.54852333,5,1.6,1.07907
38045,Tracy Holt,7,16,12,2024,3,33.72482,-118.44594333,1,4.6,3.05776
94809,Donald Williams,7,16,12,2024,3,33.78818,-118.29207333,4,14.2,9.47089
81744,James Wilkerson,7,16,12,2024,3,34.04162,-118.37755667,9,1.1,0.73574
46169,Matthew Watson,7,16,12,2024,3,33.95714,-118.42884667,6,1.7,1.13362
97928,Melanie Haynes,7,16,12,2024,3,33.87266,-118.59981333,2,3.3,2.23201
63219,David Jackson,7,16,12,2024,3,33.8093,-118.37755667,4,2.1,1.42303
98927,April Salinas,7,16,12,2024,3,33.87266,-118.49723333,3,0.9,0.61033
19666,Allison Sharp,7,16,12,2024,3,34.04162,-118.29207333,10,1.3,0.84649
40792,Cynthia Johnson,7,16,12,2024,3,33.99938,-118.51433,5,3.7,2.44744
18538,Laurie Jones,7,16,12,2024,3,33.97826,-118.53142667,5,1.4,0.95108
19572,Marissa Estrada,7,16,12,2024,3,33.8093,-118.63400667,2,5.7,3.79365
26735,Lisa Morton,7,16,12,2024,3,33.95714,-118.29207333,7,1.8,1.20984
81187,Robert Chase,7,16,12,2024,3,33.99938,-118.34336333,6,0.3,0.22522
82108,Diane Park MD,7,16,12,2024,3,34.16834,-118.29207333,11,10.8,7.20892
20966,Vincent West,7,16,12,2024,3,33.95714,-118.32626667,6,2.8,1.85751
86878,Maria Collins,7,16,12,2024,3,33.85154,-118.51433,3,2.7,1.8209
40280,Alex Castro,7,16,12,2024,3,33.85154,-118.61691,2,1.9,1.24868
37318,Tyler Smith,7,16,12,2024,3,33.97826,-118.56562,5,2.2,1.49887
95826,Collin Valdez,7,16,12,2024,3,34.04162,-118.32626667,10,1.2,0.81924
80847,Angela Farmer,7,16,12,2024,3,33.89378,-118.53142667,3,1.8,1.22466
16403,Vanessa Romero DDS,7,16,12,2024,3,33.85154,-118.54852333,2,0.3,0.20673
36874,Elizabeth Fuller,7,16,12,2024,3,33.93602,-118.41175,6,0.2,0.12977
18420,Cody Hancock,7,16,12,2024,3,34.0205,-118.41175,6,2.1,1.42329
24681,Kathryn Clark,7,16,12,2024,3,33.97826,-118.41175,6,1.8,1.23146
83517,Nicholas Ruiz,7,16,12,2024,3,33.83042,-118.65110333,2,2.7,1.79803
61349,Bryan Holmes,7,16,12,2024,3,33.89378,-118.51433,3,1.9,1.23523
94219,Carol Davis,7,16,12,2024,3,33.8093,-118.34336333,4,6.7,4.4924
20891,Nicholas Foster,7,16,12,2024,3,33.85154,-118.58271667,2,0.5,0.31549
53422,Jessica Harmon,7,16,12,2024,3,33.72482,-118.42884667,1,2.8,1.85128
76896,Jamie Obrien,7,16,12,2024,3,34.04162,-118.24078333,10,0.7,0.4982
32802,Christopher Dunlap,7,16,12,2024,3,33.83042,-118.37755667,4,2.7,1.78288
58314,Kevin Nichols,7,16,12,2024,3,34.25282,-118.29207333,11,39.8,26.50856
73996,Marcia Ramirez,7,16,12,2024,3,33.83042,-118.59981333,2,1.0,0.65308
36865,Matthew Barnes,7,16,12,2024,3,33.9149,-118.30917,4,4.7,3.11535
69411,Steven Bowers,7,16,12,2024,3,34.10498,-118.42884667,9,7.5,5.02668
91887,Larry House,7,16,12,2024,3,34.08386,-118.30917,10,2.1,1.3903
81429,Valerie Gonzalez,7,16,12,2024,3,33.85154,-118.56562,2,1.5,1.00774
60347,Cody Nolan,7,16,12,2024,3,34.10498,-118.30917,10,0.9,0.62432
60783,Jennifer Chambers,7,16,12,2024,3,33.97826,-118.22368667,8,11.6,7.7543
74756,Elizabeth Obrien,7,16,12,2024,3,34.29506,-118.24078333,11,52.9,35.24643
73395,Autumn Wilson,7,16,12,2024,3,34.10498,-118.22368667,10,11.5,7.66523
12742,Deborah Gibson,7,16,12,2024,3,33.85154,-118.44594333,3,1.2,0.7873
85924,Marc Smith,7,16,12,2024,3,34.06274,-118.46304,9,4.6,3.08723
31563,Mariah Johnson,7,16,12,2024,3,33.83042,-118.42884667,3,1.2,0.79212
98464,Donna Willis,7,16,12,2024,3,33.87266,-118.54852333,2,0.9,0.58085
57383,Cody Singh,7,16,12,2024,3,33.83042,-118.37755667,4,3.9,2.60908
98508,Mike Nguyen,7,16,12,2024,3,33.93602,-118.44594333,6,1.5,1.03113
76922,Eddie Simmons,7,16,12,2024,3,33.97826,-118.39465333,6,5.5,3.66518
51131,Shelly Larson,7,16,12,2024,3,33.85154,-118.48013667,3,1.5,0.98931
35647,Brandon Berger,7,16,12,2024,3,33.99938,-118.29207333,7,1.6,1.04897
30249,Nancy Miller,7,16,12,2024,3,34.0205,-118.24078333,7,4.7,3.10719
74339,Crystal Miller,7,16,12,2024,3,33.85154,-118.56562,2,0.4,0.23419
62384,Ronnie Petersen,7,16,12,2024,3,34.2317,-118.25788,11,48.5,32.34533
34302,Steven Park,7,16,12,2024,3,34.06274,-118.34336333,10,5.0,3.31245
76564,Melanie Merritt,7,16,12,2024,3,33.97826,-118.49723333,5,1.4,0.90594
85830,Daniel Wilson,7,16,12,2024,3,33.8093,-118.54852333,1,0.5,0.35206
60413,Alexander Stephens,7,16,12,2024,3,34.27394,-118.27497667,11,59.7,39.76764
86056,Emily Perez,7,16,12,2024,3,33.93602,-118.54852333,5,1.4,0.93699
76363,Marissa Butler,7,16,12,2024,3,33.93602,-118.49723333,5,0.8,0.54328
64610,Jeffrey Patrick,7,16,12,2024,3,33.72482,-118.49723333,1,5.7,3.77576
37335,Jason Smith,7,16,12,2024,3,33.85154,-118.49723333,3,1.3,0.84973
71154,Russell Jordan,7,16,12,2024,3,33.85154,-118.44594333,3,0.7,0.43984
73490,Elizabeth Johnson,7,16,12,2024,3,33.8093,-118.51433,1,1.7,1.1586
77884,Benjamin Hubbard,7,16,12,2024,3,33.97826,-118.56562,5,2.2,1.46724
71026,Tracy Keller MD,7,16,12,2024,3,33.95714,-118.18949333,8,21.2,14.10107
25360,Kenneth Coleman,7,16,12,2024,3,33.83042,-118.53142667,3,1.7,1.10662
54466,Greg Rivera,7,16,12,2024,3,33.97826,-118.34336333,6,4.0,2.65995
39916,Linda Martin,7,16,12,2024,3,33.78818,-118.39465333,1,6.9,4.58782
67858,Donald Hernandez,7,16,12,2024,3,33.78818,-118.56562,2,3.0,2.02725
49146,Tiffany Wilson,7,16,12,2024,3,34.14722,-118.25788,11,37.6,25.0666
46478,Michael Everett,7,16,12,2024,3,33.87266,-118.29207333,4,1.4,0.93106
47142,Austin Kaufman,7,16,12,2024,3,33.99938,-118.46304,6,1.5,0.97002
61071,Donna Harmon,7,16,12,2024,3,33.85154,-118.34336333,4,6.3,4.17412
73846,Jesse Mcmahon,7,16,12,2024,3,33.93602,-118.39465333,6,1.2,0.81826
40120,Amanda Howard,7,16,12,2024,3,34.25282,-118.27497667,11,57.7,38.46939
35192,Julie Schwartz,7,16,12,2024,3,34.1261,-118.44594333,9,6.1,4.06763
66557,Nancy Howell,7,16,12,2024,3,33.83042,-118.56562,2,1.7,1.12092
67194,Crystal Figueroa,7,16,12,2024,3,33.87266,-118.59981333,2,3.1,2.03714
58484,Mrs. Pamela Smith DDS,7,16,12,2024,3,33.93602,-118.53142667,5,2.3,1.53687
51961,Sarah Payne,7,16,12,2024,3,33.87266,-118.51433,3,1.3,0.8976
32743,Stefanie Cunningham,7,16,12,2024,3,33.99938,-118.34336333,6,1.0,0.63725
94734,Mary Gray,7,16,12,2024,3,33.97826,-118.27497667,7,4.5,3.02716
58915,William Cunningham,7,16,12,2024,3,34.0205,-118.34336333,6,0.7,0.4522
33616,Jessica Schultz,7,16,12,2024,3,34.10498,-118.25788,10,13.7,9.12368
49213,Jennifer Newman,7,16,12,2024,3,33.93602,-118.29207333,7,2.6,1.71492
89282,Dylan Hayes,7,16,12,2024,3,33.74594,-118.56562,2,1.3,0.87892
33230,Margaret Burns,7,16,12,2024,3,34.06274,-118.42884667,9,1.6,1.06316
25547,Gabriel Jones,7,16,12,2024,3,33.89378,-118.30917,4,1.0,0.64097
38366,Mark Howard,7,16,12,2024,3,33.78818,-118.30917,4,14.0,9.30551
39083,Brad James DDS,7,16,12,2024,3,34.16834,-118.27497667,11,45.9,30.58267
80508,Steven Winters,7,16,12,2024,3,34.1261,-118.42884667,9,5.2,3.44654
12398,Jose Bryant,7,16,12,2024,3,34.27394,-118.24078333,11,50.7,33.81019
15127,Dawn Brown,7,16,12,2024,3,33.83042,-118.41175,3,2.3,1.54519
65312,Jordan West,7,16,12,2024,3,33.9149,-118.24078333,4,0.7,0.48081
57553,Jill Bullock,7,16,12,2024,3,34.06274,-118.25788,10,12.8,8.50632
10203,James Huang,7,16,12,2024,3,33.9149,-118.36046,4,4.1,2.70475
52681,Sarah Lane,7,16,12,2024,3,33.99938,-118.32626667,6,0.7,0.49206
27431,Stephen Schneider,7,16,12,2024,3,33.76706,-118.34336333,4,14.5,9.68184
65527,Mary Garner,7,16,12,2024,3,33.95714,-118.30917,7,5.9,3.96449
23950,Lindsey Castro,7,16,12,2024,3,33.95714,-118.37755667,6,0.5,0.34504
25300,James Morris,7,16,12,2024,3,33.95714,-118.25788,7,0.6,0.41821
56129,Michael Davis,7,16,12,2024,3,34.2317,-118.24078333,11,48.8,32.53578
96695,Michael Arnold,7,16,12,2024,3,33.95714,-118.56562,5,0.6,0.38833
45865,Stephanie Rivera,7,16,12,2024,3,34.10498,-118.39465333,9,6.1,4.0964
51515,Elizabeth Franco,7,16,12,2024,3,34.1261,-118.25788,10,8.9,5.90099
92040,John Reed,7,16,12,2024,3,33.95714,-118.37755667,6,2.0,1.36562
32155,Cesar Carroll,7,16,12,2024,3,34.29506,-118.27497667,11,50.4,33.60132
22378,Jennifer Montoya,7,16,12,2024,3,34.0205,-118.37755667,6,0.7,0.47912
30078,Ms. Teresa Cervantes,7,16,12,2024,3,33.78818,-118.54852333,1,0.9,0.59038
61377,Jesus Duncan,7,16,12,2024,3,33.8093,-118.63400667,2,2.0,1.35205
91451,Sheila Ford,7,16,12,2024,3,33.76706,-118.39465333,1,8.7,5.79434
34363,Monique Chapman,7,16,12,2024,3,34.10498,-118.30917,10,0.8,0.52158
20019,Elizabeth Hughes,7,16,12,2024,3,33.89378,-118.37755667,4,3.2,2.15416
68770,Sydney Wilson,7,16,12,2024,3,33.97826,-118.30917,7,6.0,3.97285
84699,Darlene Hickman,7,16,12,2024,3,34.04162,-118.48013667,9,11.8,7.8756
83228,Joshua Edwards,7,16,12,2024,3,34.3373,-118.25788,11,62.3,41.53629
54880,Todd Wheeler,7,16,12,2024,3,34.14722,-118.25788,11,40.9,27.28936
97688,Phillip Potter,7,16,12,2024,3,33.99938,-118.37755667,6,0.7,0.4721
37848,Brandy Montoya,7,16,12,2024,3,33.7037,-118.42884667,1,5.2,3.48115
74516,Kelly Vincent,7,16,12,2024,3,33.9149,-118.24078333,4,1.2,0.7843
92640,Amy Perkins,7,16,12,2024,3,34.2317,-118.24078333,11,51.4,34.29899
43987,Andrea Castro,7,16,12,2024,3,34.0205,-118.42884667,6,1.9,1.28945
73792,Angelica Fernandez,7,16,12,2024,3,34.16834,-118.29207333,11,39.1,26.0479
33868,Robert Wong,7,16,12,2024,3,34.10498,-118.24078333,10,14.9,9.95095
25244,Kristin Sexton,7,16,12,2024,3,33.85154,-118.53142667,3,1.8,1.20906
77460,Kirsten Powell,7,16,12,2024,3,33.99938,-118.53142667,5,0.7,0.46764
61095,Bryan Simmons DDS,7,16,12,2024,3,33.85154,-118.42884667,3,2.2,1.49623
11543,Joseph Martin,7,16,12,2024,3,33.74594,-118.51433,1,5.4,3.58427
23338,Dr. Melvin Wallace DVM,7,16,12,2024,3,33.83042,-118.61691,2,1.7,1.12845
97709,Jeffrey Baker,7,16,12,2024,3,34.04162,-118.25788,10,0.6,0.41403
95059,Martin Hurley,7,16,12,2024,3,33.74594,-118.42884667,1,2.8,1.86821
65949,Alexander Wells,7,16,12,2024,3,33.95714,-118.53142667,5,4.4,2.93141
61061,Robert Reese,7,16,12,2024,3,33.93602,-118.34336333,6,3.5,2.33576
13614,Ryan Hughes,7,16,12,2024,3,33.74594,-118.42884667,1,3.4,2.23975
18782,Donna Mcknight,7,16,12,2024,3,34.31618,-118.29207333,11,64.8,43.20934
55331,Eric Price,7,16,12,2024,3,33.78818,-118.25788,4,12.1,8.06844
12510,William Johnson,7,16,12,2024,3,33.97826,-118.17239667,8,14.0,9.32895
48687,Jennifer Alvarado,7,16,12,2024,3,33.89378,-118.22368667,8,2.2,1.45378
45112,Elizabeth Calhoun,7,16,12,2024,3,33.87266,-118.58271667,2,1.2,0.81528
15725,Christopher Rivera,7,16,12,2024,3,33.9149,-118.51433,3,1.7,1.15809
61256,Shawn Brown,7,16,12,2024,3,33.95714,-118.32626667,6,5.3,3.56312
38773,Emily Grimes,7,16,12,2024,3,34.10498,-118.39465333,9,3.2,2.12628
39846,Brian Phillips,7,16,12,2024,3,33.9149,-118.36046,4,1.7,1.16182
37273,Beverly Chang,7,16,12,2024,3,34.06274,-118.30917,10,2.7,1.77405
98242,Chelsea Moon,7,16,12,2024,3,34.08386,-118.22368667,10,14.7,9.79025
94003,Karen Boyd,7,16,12,2024,3,33.97826,-118.39465333,6,1.1,0.7249
67104,Stephanie King,7,16,12,2024,3,33.7037,-118.49723333,1,2.7,1.77804
27685,Sydney Thomas,7,16,12,2024,3,34.10498,-118.37755667,9,4.5,3.00413
79672,Wendy Shaw,7,16,12,2024,3,34.10498,-118.48013667,9,6.8,4.5237
66419,Thomas Hernandez,7,16,12,2024,3,34.0205,-118.51433,5,12.7,8.45824
71610,Brian Larson,7,16,12,2024,3,33.99938,-118.29207333,7,1.3,0.89878
31342,Alicia Tran,7,16,12,2024,3,33.78818,-118.44594333,1,1.1,0.76353
67311,Bethany Jackson,7,16,12,2024,3,33.78818,-118.46304,1,2.1,1.41692
71824,Regina Goodman,7,16,12,2024,3,34.10498,-118.49723333,9,10.6,7.07437
53616,Jeffrey Boone,7,16,12,2024,3,33.76706,-118.58271667,2,2.4,1.60742
15085,Chelsea Alvarez,7,16,12,2024,3,33.85154,-118.6682,2,4.5,2.99373
69885,Shelby Mcdonald,7,16,12,2024,3,33.95714,-118.20659,8,3.0,2.01208
22132,Alicia Harris,7,16,12,2024,3,34.04162,-118.34336333,10,0.7,0.44209
91716,Patricia Munoz,7,16,12,2024,3,33.78818,-118.29207333,4,12.4,8.25774
50534,Melissa Christian,7,16,12,2024,3,34.04162,-118.36046,10,1.7,1.13725
53815,Nancy Gonzalez,7,16,12,2024,3,33.87266,-118.37755667,4,8.3,5.50251
59009,Patricia Rodriguez,7,16,12,2024,3,33.8093,-118.39465333,1,1.1,0.72869
51758,Laura Williams,7,16,12,2024,3,33.95714,-118.53142667,5,3.1,2.0856
84131,Stephen Bailey,7,16,12,2024,3,34.04162,-118.36046,10,0.8,0.54787
10223,John Adams,7,16,12,2024,3,33.87266,-118.58271667,2,0.5,0.32584
43297,Jessica Wood,7,16,12,2024,3,34.06274,-118.29207333,10,3.0,2.01249
83607,Emily Hogan,7,16,12,2024,3,34.10498,-118.30917,10,1.0,0.69241
11809,Angela Ramirez,7,16,12,2024,3,34.1261,-118.44594333,9,3.2,2.12689
88315,Mark Peterson,7,16,12,2024,3,33.99938,-118.51433,5,1.3,0.88305
40453,Monica Barton,7,16,12,2024,3,34.04162,-118.41175,9,2.4,1.57661
47067,Erica Bates,7,16,12,2024,3,33.83042,-118.44594333,3,1.4,0.96238
72547,Joshua Soto,7,16,12,2024,3,33.97826,-118.42884667,6,2.3,1.52568
41206,Stephanie Pierce,7,16,12,2024,3,33.85154,-118.36046,4,0.2,0.14057
38010,John Haynes,7,16,12,2024,3,33.89378,-118.18949333,8,0.2,0.11559
75460,Brandon Price,7,16,12,2024,3,34.06274,-118.24078333,10,7.4,4.94438
53829,Thomas Hall,7,16,12,2024,3,34.04162,-118.34336333,10,1.2,0.79646
36532,Robert Sanders,7,16,12,2024,3,34.29506,-118.25788,11,60.6,40.37339
28880,Annette Lara,7,16,12,2024,3,34.27394,-118.24078333,11,49.3,32.88729
44688,Austin Garcia,7,16,12,2024,3,33.76706,-118.44594333,1,0.5,0.30048
33859,Donna Sutton,7,16,12,2024,3,34.06274,-118.32626667,10,8.3,5.5025
28650,Michael Phelps,7,16,12,2024,3,33.74594,-118.51433,1,0.4,0.27065
49624,Kyle Coleman,7,16,12,2024,3,33.85154,-118.37755667,4,2.1,1.42251
80970,Randy Wallace,7,16,12,2024,3,33.95714,-118.44594333,6,1.7,1.10175
36961,Donald Valenzuela,7,16,12,2024,3,33.97826,-118.46304,6,1.5,0.98224
53584,Ashley Logan,7,16,12,2024,3,33.93602,-118.48013667,5,1.8,1.18015
15114,John Goodwin,7,16,12,2024,3,33.7037,-118.49723333,1,1.2,0.82651
23310,Paula Hernandez,7,16,12,2024,3,33.95714,-118.48013667,5,2.1,1.3781
39999,Kyle Hall,7,16,12,2024,3,34.08386,-118.25788,10,14.0,9.33988
56923,Kathleen Rivera,7,16,12,2024,3,33.78818,-118.42884667,1,1.9,1.29334
24718,Timothy Proctor,7,16,12,2024,3,34.08386,-118.32626667,10,0.9,0.60536
99196,Lisa Eaton,7,16,12,2024,3,33.9149,-118.34336333,4,5.1,3.4171
26379,Kathy Berg,7,16,12,2024,3,34.29506,-118.32626667,11,53.4,35.57979
83942,Jillian Anderson,7,16,12,2024,3,33.83042,-118.56562,2,1.4,0.94098
14189,Robin Patel,7,16,12,2024,3,33.85154,-118.61691,2,2.5,1.66254
90151,Michael Bowman,7,16,12,2024,3,34.06274,-118.37755667,9,1.8,1.21086
68294,Cody Brewer,7,16,12,2024,3,34.31618,-118.32626667,11,67.9,45.2693
75275,Daniel Moss,7,16,12,2024,3,33.9149,-118.39465333,3,1.0,0.67532
21657,Andrew Ingram,7,16,12,2024,3,33.8093,-118.42884667,1,0.6,0.42091
49895,Mrs. Lindsey Martin MD,7,16,12,2024,3,33.99938,-118.53142667,5,2.1,1.37181
66517,Matthew Walker,7,16,12,2024,3,34.14722,-118.30917,11,6.7,4.49434
16259,Matthew Walker,7,16,12,2024,3,34.1261,-118.42884667,9,3.7,2.46692
62843,Michael Phillips,7,16,12,2024,3,33.8093,-118.42884667,1,3.5,2.31749
90341,Sarah Novak,7,16,12,2024,3,33.93602,-118.54852333,5,0.3,0.21527
10953,Joy Rowe,7,16,12,2024,3,33.95714,-118.46304,6,1.7,1.1199
58249,James Clark,7,16,12,2024,3,33.95714,-118.20659,8,1.2,0.77952
29861,Joshua Sawyer,7,16,12,2024,3,33.78818,-118.44594333,1,0.8,0.55746
66406,Jason Roberts,7,16,12,2024,3,34.08386,-118.41175,9,3.0,1.9712
81992,Erin Lee,7,16,12,2024,3,33.85154,-118.63400667,2,12.9,8.61698
10307,Diana Warner,7,16,12,2024,3,33.9149,-118.18949333,8,0.9,0.56879
82358,Laura Chavez,7,16,12,2024,3,33.89378,-118.59981333,2,3.5,2.31477
51552,Tamara Meyer,7,16,12,2024,3,33.89378,-118.27497667,4,3.0,2.0015
60292,Michelle Wright,7,16,12,2024,3,33.8093,-118.46304,1,3.0,2.03175
27522,Rebecca Mckee,7,16,12,2024,3,34.1261,-118.29207333,10,2.4,1.59462
85423,Nicholas Rivera,7,16,12,2024,3,33.7037,-118.48013667,1,1.2,0.81847
58082,Angel Caldwell PhD,7,16,12,2024,3,33.9149,-118.18949333,8,0.8,0.50699
26158,Shelby Malone,7,16,12,2024,3,33.93602,-118.1553,8,28.1,18.7185
83829,Erica Miller,7,16,12,2024,3,33.76706,-118.39465333,1,11.3,7.55102
75425,Billy Hickman,7,16,12,2024,3,33.99938,-118.22368667,8,3.9,2.6245
89576,Darrell Hawkins,7,16,12,2024,3,33.95714,-118.1553,8,22.7,15.10184
86055,Taylor Rodriguez,7,16,12,2024,3,33.95714,-118.36046,6,1.4,0.90341
94747,Travis Bailey,7,16,12,2024,3,33.97826,-118.20659,8,9.9,6.5956
97784,Gregory Estrada,7,16,12,2024,3,34.08386,-118.39465333,9,1.9,1.25699
44689,Stephanie Yu,7,16,12,2024,3,33.95714,-118.34336333,6,4.2,2.82682
61208,Kelly Jensen,7,16,12,2024,3,33.87266,-118.48013667,3,1.2,0.79013
15049,Tyler Williams,7,16,12,2024,3,33.99938,-118.36046,6,1.0,0.67514
52975,Joshua Wang,7,16,12,2024,3,33.74594,-118.54852333,1,1.2,0.77488
12322,Jessica Bean,7,16,12,2024,3,33.72482,-118.39465333,1,13.3,8.87648
89556,Derrick Brown,7,16,12,2024,3,33.83042,-118.48013667,3,2.0,1.3063
40080,Anthony Medina,7,16,12,2024,3,33.93602,-118.54852333,5,0.7,0.43474
10835,Andre Alexander,7,16,12,2024,3,34.04162,-118.22368667,10,13.8,9.21731
20429,Joanna Odonnell,7,16,12,2024,3,34.10498,-118.46304,9,2.9,1.91214
92526,Mary Adams,7,16,12,2024,3,34.04162,-118.25788,10,1.4,0.95003
58213,Meghan Austin,7,16,12,2024,3,34.31618,-118.27497667,11,61.7,41.11739
72531,Danielle Carter,7,16,12,2024,3,33.8093,-118.49723333,1,0.9,0.61429
19386,Karen Edwards,7,16,12,2024,3,34.04162,-118.44594333,9,1.6,1.08477
74404,Michael Evans,7,16,12,2024,3,34.08386,-118.42884667,9,3.3,2.17682
41474,Laurie Watts,7,16,12,2024,3,34.08386,-118.25788,10,15.0,9.98683
65268,Curtis Maldonado,7,16,12,2024,3,33.74594,-118.39465333,1,14.7,9.79093
81687,Jessica Hale,7,16,12,2024,3,33.9149,-118.54852333,2,1.0,0.6493
35079,Melissa Jones,7,16,12,2024,3,33.8093,-118.56562,2,0.7,0.46658
13403,Renee Hayes,7,16,12,2024,3,34.0205,-118.54852333,5,6.6,4.38609
58540,Randall Stevens,7,16,12,2024,3,33.93602,-118.17239667,8,25.5,16.99081
59733,Mrs. Amy Horton,7,16,12,2024,3,33.93602,-118.22368667,8,1.1,0.72732
64016,Jonathan Lewis,7,16,12,2024,3,33.78818,-118.53142667,1,2.0,1.3602
12078,Eugene Bond,7,16,12,2024,3,33.9149,-118.58271667,2,2.3,1.54717
86424,Julie Arnold,7,16,12,2024,3,33.99938,-118.53142667,5,1.8,1.18123
50753,Robert Marshall,7,16,12,2024,3,34.1261,-118.30917,10,3.5,2.32082
43481,Thomas Norman,7,16,12,2024,3,34.0205,-118.39465333,6,1.1,0.71158
99172,Melissa Hoffman,7,16,12,2024,3,33.85154,-118.42884667,3,1.4,0.95083
51697,Matthew Hughes,7,16,12,2024,3,33.78818,-118.54852333,1,1.3,0.88364
39462,Anna Castro,7,16,12,2024,3,34.0205,-118.18949333,8,14.6,9.71841
26458,Charles Williams,7,16,12,2024,3,34.04162,-118.37755667,9,1.5,1.03238
71107,Peter Bell,7,16,12,2024,3,33.95714,-118.39465333,6,0.5,0.35832
62813,James Parker,7,16,12,2024,3,34.10498,-118.41175,9,0.2,0.1236
64132,Tina Perez,7,16,12,2024,3,33.74594,-118.48013667,1,0.2,0.15872
14926,David Keller,7,16,12,2024,3,34.16834,-118.30917,11,7.9,5.26256
99506,Lawrence Anderson,7,16,12,2024,3,33.76706,-118.27497667,4,14.6,9.74936
21023,Caitlin Anderson,7,16,12,2024,3,33.85154,-118.58271667,2,1.6,1.0375
73504,Angela Tucker,7,16,12,2024,3,33.9149,-118.25788,4,2.6,1.7068
85680,Angela Thompson,7,16,12,2024,3,33.78818,-118.41175,1,1.3,0.85605
86458,Edward Alexander,7,16,12,2024,3,33.89378,-118.37755667,4,0.6,0.4245
42896,Patrick English,7,16,12,2024,3,33.99938,-118.24078333,7,7.6,5.09024
99975,Michelle Weaver MD,7,16,12,2024,3,34.29506,-118.30917,11,65.6,43.73103
92935,Tammy Payne PhD,7,16,12,2024,3,33.89378,-118.22368667,8,1.3,0.88831
10282,Barbara Richards MD,7,16,12,2024,3,33.83042,-118.63400667,2,3.5,2.34825
54160,Rebecca Schwartz,7,16,12,2024,3,33.8093,-118.41175,1,2.7,1.82595
56565,Emily Williams,7,16,12,2024,3,33.7037,-118.46304,1,1.4,0.95476
91916,James Jensen,7,16,12,2024,3,33.72482,-118.49723333,1,7.3,4.84043
18380,Sarah Johnson,7,16,12,2024,3,33.72482,-118.51433,1,4.0,2.65781
47298,Clayton Pierce,7,16,12,2024,3,33.9149,-118.42884667,3,0.9,0.61125
45105,Tracey Rodriguez,7,16,12,2024,3,33.8093,-118.51433,1,1.7,1.14741
95447,Andrew Garza,7,16,12,2024,3,34.0205,-118.48013667,5,0.5,0.35524
73921,Chad Hawkins,7,16,12,2024,3,33.9149,-118.48013667,3,2.7,1.8096
72383,Shannon Sanchez,7,16,12,2024,3,34.06274,-118.48013667,9,8.3,5.54698
58713,James Watson,7,16,12,2024,3,33.9149,-118.34336333,4,2.4,1.62618
19013,Michelle Patterson,7,16,12,2024,3,33.95714,-118.42884667,6,1.7,1.10228
42387,Shawn Green,7,16,12,2024,3,33.93602,-118.37755667,6,5.6,3.70872
70990,Aaron Brown,7,16,12,2024,3,34.25282,-118.30917,11,49.6,33.04847
33382,Jordan Faulkner,7,16,12,2024,3,34.06274,-118.51433,9,2.9,1.92053
98941,Anna Choi,7,16,12,2024,3,34.29506,-118.29207333,11,61.9,41.24673
21524,Natalie Davis,7,16,12,2024,3,33.83042,-118.6682,2,4.0,2.69521
31403,Gail Curry,7,16,12,2024,3,33.87266,-118.34336333,4,2.1,1.40798
11021,Daniel Kennedy,7,16,12,2024,3,33.83042,-118.49723333,3,1.9,1.29341
33142,Benjamin Morgan,7,16,12,2024,3,33.74594,-118.49723333,1,4.1,2.7337
93216,Michael Johnson,7,16,12,2024,3,33.93602,-118.53142667,5,2.3,1.50935
19035,Nathaniel Hunt,7,16,12,2024,3,33.93602,-118.1553,8,28.5,19.02305
47041,Deborah Glover,7,16,12,2024,3,33.95714,-118.54852333,5,0.1,0.0666
13578,Amanda Tanner,7,16,12,2024,3,33.89378,-118.29207333,4,2.8,1.84998
77346,Tina Mcintyre,7,16,12,2024,3,33.97826,-118.54852333,5,4.1,2.70217
94139,Eugene Anderson,7,16,12,2024,3,33.93602,-118.58271667,5,7.0,4.69077
85521,Edgar Conway,7,16,12,2024,3,33.9149,-118.49723333,3,1.1,0.7337
44221,Robert Mccarty,7,16,12,2024,3,33.72482,-118.46304,1,3.6,2.40225
11415,Derek Blair,7,16,12,2024,3,34.10498,-118.41175,9,1.6,1.04895
33779,James Brown,7,16,12,2024,3,34.10498,-118.42884667,9,1.8,1.22628
57293,Judith Banks,7,16,12,2024,3,33.95714,-118.25788,7,5.1,3.43178
30682,Brenda Ramsey,7,16,12,2024,3,33.85154,-118.46304,3,0.5,0.31939
31267,Suzanne Harris,7,16,12,2024,3,34.31618,-118.24078333,11,58.2,38.76927
71055,Scott Cisneros,7,16,12,2024,3,34.04162,-118.27497667,10,4.9,3.24264
99818,Allison Day,7,16,12,2024,3,34.2317,-118.30917,11,45.8,30.52156
63621,Caitlyn Wise,7,16,12,2024,3,33.9149,-118.41175,3,0.9,0.60941
58824,Matthew Taylor,7,16,12,2024,3,34.06274,-118.39465333,9,0.9,0.6102
77904,Jean Haley,7,16,12,2024,3,33.87266,-118.36046,4,3.1,2.07945
76329,Sherri Black,7,16,12,2024,3,34.0205,-118.29207333,7,0.6,0.42267
48156,Robert Gray,7,16,12,2024,3,34.10498,-118.24078333,10,13.3,8.88329
82638,Donna Davis,7,16,12,2024,3,33.93602,-118.36046,6,3.7,2.48248
41882,Sandra Tucker,7,16,12,2024,3,33.95714,-118.30917,7,10.2,6.80007
72477,Joshua Wood,7,16,12,2024,3,33.99938,-118.30917,7,2.2,1.44233
60612,Kelly Escobar,7,16,12,2024,3,33.97826,-118.49723333,5,2.4,1.56864
33605,Angel Massey,7,16,12,2024,3,33.8093,-118.53142667,1,0.7,0.44749
83768,Thomas Sharp,7,16,12,2024,3,33.76706,-118.32626667,4,13.0,8.66937
84592,Becky Moore,7,16,12,2024,3,33.87266,-118.61691,2,3.7,2.4694
28432,Mario Crosby,7,16,12,2024,3,33.74594,-118.41175,1,10.8,7.17631
80952,Crystal Strong,7,16,12,2024,3,33.9149,-118.39465333,3,7.0,4.66495
57713,Deborah Mahoney,7,16,12,2024,3,33.97826,-118.32626667,6,0.8,0.54488
18218,Brittany Ramirez,7,16,12,2024,3,33.95714,-118.49723333,5,1.7,1.13161
89186,Jordan Dawson,7,16,12,2024,3,33.83042,-118.58271667,2,1.5,1.01542
70783,Sharon James,7,16,12,2024,3,33.72482,-118.44594333,1,4.4,2.92298
97596,Lisa Rosario,7,16,12,2024,3,33.9149,-118.34336333,4,2.9,1.91189
52161,Benjamin Myers,7,16,12,2024,3,33.93602,-118.49723333,5,2.2,1.49032
89040,James Baker,7,16,12,2024,3,34.21058,-118.22368667,11,46.6,31.05226
94623,Mr. Joel Walters,7,16,12,2024,3,33.83042,-118.46304,3,3.0,1.97829
32349,Eugene Schultz,7,16,12,2024,3,33.7037,-118.41175,1,8.7,5.80818
12198,Rita Collins,7,16,12,2024,3,34.08386,-118.27497667,10,4.2,2.80424
79307,Michael Johnston,7,16,12,2024,3,34.21058,-118.27497667,11,44.1,29.42381
54969,Meredith Brown,7,16,12,2024,3,34.0205,-118.32626667,6,4.1,2.73471
28355,Francis Perkins,7,16,12,2024,3,33.97826,-118.54852333,5,2.0,1.31754
76773,Tamara Oliver,7,16,12,2024,3,34.3373,-118.24078333,11,60.1,40.07772
71712,Mr. Larry Wright Jr.,7,16,12,2024,3,33.99938,-118.44594333,6,0.6,0.38413
98575,Emily Jackson,7,16,12,2024,3,33.83042,-118.63400667,2,1.3,0.83436
11560,Briana Chung,7,16,12,2024,3,34.08386,-118.48013667,9,5.7,3.7671
11152,Rebekah Jackson,7,16,12,2024,3,33.93602,-118.20659,8,1.1,0.71308
30576,Alyssa Smith,7,16,12,2024,3,33.95714,-118.44594333,6,2.0,1.32977
23170,Christopher Davis,7,16,12,2024,3,33.87266,-118.53142667,3,2.8,1.86193
24098,Susan Greene,7,16,12,2024,3,33.9149,-118.41175,3,1.4,0.95328
83011,Kurt Lopez,7,16,12,2024,3,33.93602,-118.36046,6,6.5,4.32694
68021,Regina Sampson,7,16,12,2024,3,33.93602,-118.30917,7,8.2,5.49692
63086,Jonathan Conley,7,16,12,2024,3,33.74594,-118.39465333,1,13.8,9.19587
11103,Anthony Tucker,7,16,12,2024,3,33.89378,-118.46304,3,0.4,0.26354
92104,Kimberly Cowan,7,16,12,2024,3,34.06274,-118.30917,10,3.4,2.27128
27012,Grant Harris,7,16,12,2024,3,33.83042,-118.51433,3,3.3,2.19399
40615,Heather Stephens,7,16,12,2024,3,33.99938,-118.48013667,5,0.4,0.24598
25835,Sue Bowman,7,16,12,2024,3,33.9149,-118.51433,3,1.2,0.81294
16766,Jack Esparza,7,16,12,2024,3,33.78818,-118.41175,1,0.2,0.11326
21521,Craig Ross,7,16,12,2024,3,33.83042,-118.41175,3,1.8,1.18828
22901,Catherine Sullivan,7,16,12,2024,3,33.87266,-118.32626667,4,1.9,1.25896
51978,Ronald Barry,7,16,12,2024,3,34.27394,-118.27497667,11,54.3,36.17219
73965,Steven Mccarthy,7,16,12,2024,3,33.85154,-118.36046,4,3.1,2.0945
16980,Tony Morgan,7,16,12,2024,3,33.93602,-118.24078333,7,1.9,1.29027
33506,Robin Williams,7,16,12,2024,3,34.2317,-118.25788,11,42.0,27.98256
72556,Latoya Gutierrez,7,16,12,2024,3,33.74594,-118.59981333,2,1.6,1.08757
90276,Jessica Gonzalez,7,16,12,2024,3,34.06274,-118.27497667,10,4.0,2.65085
90355,Larry Hernandez,7,16,12,2024,3,33.97826,-118.29207333,7,2.7,1.80536
30594,Natalie Lopez,7,16,12,2024,3,33.8093,-118.53142667,1,1.1,0.75849
44458,Melanie Evans,7,16,12,2024,3,34.08386,-118.24078333,10,12.8,8.54852
71004,Allison Benson,7,16,12,2024,3,33.97826,-118.32626667,6,1.1,0.70088
31051,Sarah Green,7,16,12,2024,3,34.06274,-118.41175,9,1.1,0.72067
21938,Maria Rose,7,16,12,2024,3,34.10498,-118.24078333,10,13.7,9.10912
27202,Nathan Rivas,7,16,12,2024,3,33.99938,-118.39465333,6,3.1,2.0524
76313,Matthew Evans,7,16,12,2024,3,34.0205,-118.24078333,7,5.6,3.72925
99072,Emily Durham,7,16,12,2024,3,33.97826,-118.25788,7,0.2,0.13268
90593,Dr. Michaela Ruiz,7,16,12,2024,3,34.1261,-118.46304,9,2.4,1.60419
64311,Caitlin Garcia,7,16,12,2024,3,33.93602,-118.36046,6,1.8,1.2143
41780,Elizabeth Hayes,7,16,12,2024,3,33.93602,-118.58271667,5,6.8,4.5139
21228,William Hill,7,16,12,2024,3,33.89378,-118.59981333,2,9.0,5.96824
36153,Kristina Mckenzie,7,16,12,2024,3,34.14722,-118.27497667,11,35.9,23.91261
41547,Jamie Russell,7,16,12,2024,3,33.87266,-118.44594333,3,0.7,0.48621
76631,Omar Campbell,7,16,12,2024,3,33.99938,-118.30917,7,1.8,1.17414
20844,Johnathan Gibson,7,16,12,2024,3,34.04162,-118.34336333,10,1.3,0.88235
65389,Martha Fisher,7,16,12,2024,3,33.89378,-118.46304,3,2.0,1.34518
26716,Nancy Berger,7,16,12,2024,3,33.99938,-118.20659,8,6.3,4.21346
61232,Whitney Martinez,7,16,12,2024,3,33.85154,-118.56562,2,1.7,1.10636
25669,Haley Fields,7,16,12,2024,3,34.06274,-118.39465333,9,1.2,0.82189
30874,Mark Paul,7,16,12,2024,3,34.06274,-118.46304,9,3.6,2.42861
25331,Christopher Proctor,7,16,12,2024,3,33.97826,-118.51433,5,1.4,0.94111
53095,Sarah Robinson,7,16,12,2024,3,33.85154,-118.41175,3,2.6,1.75226
93642,Matthew Carter,7,16,12,2024,3,33.89378,-118.30917,4,1.2,0.79098
62913,Bradley Wright,7,16,12,2024,3,33.87266,-118.49723333,3,0.7,0.44061
57093,Sandra Santos,7,16,12,2024,3,33.95714,-118.17239667,8,18.9,12.59393
15755,Andrew Mason,7,16,12,2024,3,33.76706,-118.30917,4,14.6,9.71558
38113,Tammy Ramsey,7,16,12,2024,3,34.04162,-118.27497667,10,3.0,2.03191
62116,Ms. Yvonne Mathis MD,7,16,12,2024,3,33.97826,-118.32626667,6,1.3,0.88086
79108,Terry Moore,7,16,12,2024,3,33.9149,-118.22368667,8,1.7,1.10617
53757,Mary Castro,7,16,12,2024,3,33.89378,-118.32626667,4,3.0,2.00717
29365,Robert Jensen,7,16,12,2024,3,34.06274,-118.49723333,9,12.0,8.02445
46277,Zoe Greene,7,16,12,2024,3,33.93602,-118.30917,7,3.8,2.51916
31805,Audrey Phillips,7,16,12,2024,3,34.0205,-118.29207333,7,5.0,3.34608
42201,Paul Marquez,7,16,12,2024,3,33.93602,-118.25788,7,1.6,1.05614
93830,Calvin Brown,7,16,12,2024,3,33.97826,-118.37755667,6,4.1,2.73485
52657,Jordan Lopez,7,16,12,2024,3,33.89378,-118.39465333,3,4.4,2.96128
76506,Lisa Parrish,7,16,12,2024,3,33.76706,-118.51433,1,1.1,0.71893
33237,Bethany Davis,7,16,12,2024,3,33.83042,-118.32626667,4,1.8,1.23135
98258,Brian Strickland,7,16,12,2024,3,33.93602,-118.22368667,8,1.3,0.86596
10161,Jessica Steele,7,16,12,2024,3,33.85154,-118.41175,3,1.1,0.71001
50225,Taylor Banks,7,16,12,2024,3,33.74594,-118.44594333,1,3.7,2.48252
72096,Ryan Roberts,7,16,12,2024,3,33.76706,-118.37755667,4,14.7,9.7868
61065,Mary Newman,7,16,12,2024,3,33.99938,-118.42884667,6,1.4,0.95015
44782,Donna Stephens,7,16,12,2024,3,33.8093,-118.25788,4,13.3,8.86687
99032,Shari Graham,7,16,12,2024,3,34.06274,-118.41175,9,2.6,1.70355
98487,Mary Baker,7,16,12,2024,3,33.74594,-118.41175,1,10.7,7.14099
54226,Nicole Larson,7,16,12,2024,3,34.0205,-118.20659,8,3.4,2.26371
83748,Brian Robles,7,16,12,2024,3,33.93602,-118.41175,6,1.4,0.96135
59831,Daniel Marsh,7,16,12,2024,3,34.16834,-118.27497667,11,38.0,25.31748
43426,Kimberly Taylor MD,7,16,12,2024,3,34.0205,-118.49723333,5,11.9,7.9395
67763,Debra Brandt DDS,7,16,12,2024,3,34.2317,-118.29207333,11,36.8,24.5554
51714,Donald Martinez,7,16,12,2024,3,33.99938,-118.34336333,6,0.9,0.63132
30935,Terrance Washington,7,16,12,2024,3,34.10498,-118.44594333,9,2.0,1.321
76413,Michael Weber MD,7,16,12,2024,3,34.08386,-118.30917,10,2.3,1.53484
94371,Carol Shah,7,16,12,2024,3,33.74594,-118.53142667,1,3.7,2.44085
59805,Mr. Tyler Snyder DDS,7,16,12,2024,3,34.10498,-118.22368667,10,13.3,8.8842
33715,Shelly Ortega,7,16,12,2024,3,33.93602,-118.58271667,5,1.9,1.28196
29090,Kayla Alvarez,7,16,12,2024,3,33.99938,-118.27497667,7,3.7,2.45181
50116,Ethan Nichols,7,16,12,2024,3,33.99938,-118.30917,7,1.1,0.70505
40593,David Kelley,7,16,12,2024,3,34.04162,-118.32626667,10,1.9,1.26071
65436,Gabriel Kirby,7,16,12,2024,3,33.99938,-118.37755667,6,1.3,0.87113
61791,Alexandria Swanson,7,16,12,2024,3,34.06274,-118.27497667,10,1.3,0.88371
20064,Elizabeth Mclaughlin,7,16,12,2024,3,33.76706,-118.46304,1,2.1,1.39008
12656,Samantha Lopez,7,16,12,2024,3,33.99938,-118.54852333,5,0.9,0.57866
53800,Christopher Dominguez,7,16,12,2024,3,33.78818,-118.46304,1,0.9,0.59242
58370,Daniel Spencer,7,16,12,2024,3,33.97826,-118.24078333,7,4.2,2.77302
29916,Samantha Cochran,7,16,12,2024,3,34.08386,-118.49723333,9,7.2,4.80243
26711,Kristie Key,7,16,12,2024,3,33.85154,-118.65110333,2,6.4,4.27945
41094,Jodi Jimenez,7,16,12,2024,3,33.95714,-118.29207333,7,1.4,0.91678
51516,Joseph Porter,7,16,12,2024,3,33.85154,-118.54852333,2,2.9,1.93403
30728,Reginald Brown,7,16,12,2024,3,33.95714,-118.41175,6,2.0,1.35472
84025,Alan Peterson,7,16,12,2024,3,33.95714,-118.34336333,6,2.6,1.71227
62777,Jamie Williams,7,16,12,2024,3,33.78818,-118.61691,2,2.4,1.59918
52486,Brian Lin,7,16,12,2024,3,34.0205,-118.46304,6,2.3,1.53759
24928,Jacob Osborn,7,16,12,2024,3,33.83042,-118.65110333,2,2.1,1.38476
19794,Luke Pittman,7,16,12,2024,3,33.87266,-118.49723333,3,0.9,0.58028
17040,William Martinez,7,16,12,2024,3,33.8093,-118.29207333,4,12.6,8.4319
94447,Brian Ross,7,16,12,2024,3,34.18946,-118.29207333,11,37.2,24.76997
63003,Timothy Russell,7,16,12,2024,3,33.89378,-118.32626667,4,3.3,2.17999
14514,Stephanie Johnson,7,16,12,2024,3,33.78818,-118.58271667,2,1.2,0.82289
90435,Andrea Mack,7,16,12,2024,3,34.25282,-118.24078333,11,53.7,35.82594
64077,Antonio Graham,7,16,12,2024,3,34.0205,-118.22368667,8,4.8,3.16987
89090,Margaret Shields,7,16,12,2024,3,33.89378,-118.20659,8,1.0,0.66227
65791,Travis Gomez,7,16,12,2024,3,33.76706,-118.54852333,1,0.3,0.17612
26694,Diane Cooley,7,16,12,2024,3,33.87266,-118.42884667,3,1.2,0.76697
17730,Kyle Turner,7,16,12,2024,3,33.78818,-118.48013667,1,1.1,0.71662
29302,Laura Crane,7,16,12,2024,3,33.8093,-118.32626667,4,11.7,7.81889
92111,Alicia Warren,7,16,12,2024,3,33.89378,-118.39465333,3,3.7,2.44275
39235,John Walker,7,16,12,2024,3,33.87266,-118.54852333,2,0.6,0.3924
15898,Daniel Gonzales,7,16,12,2024,3,33.8093,-118.34336333,4,12.7,8.44821
70519,Deborah Rodgers DVM,7,16,12,2024,3,33.87266,-118.39465333,3,2.3,1.56012
50311,Melanie Frank,7,16,12,2024,3,33.74594,-118.46304,1,0.8,0.55792
71986,Bobby Franklin,7,16,12,2024,3,33.74594,-118.58271667,2,0.5,0.36385
79844,Michelle Vasquez,7,16,12,2024,3,34.08386,-118.29207333,10,0.3,0.21395
63868,Thomas Rush,7,16,12,2024,3,33.78818,-118.51433,1,0.9,0.59465
55896,Eileen Watson,7,16,12,2024,3,33.83042,-118.34336333,4,3.1,2.04169
53375,Timothy Foster,7,16,12,2024,3,33.99938,-118.41175,6,1.7,1.15486
56571,Catherine Bailey,7,16,12,2024,3,34.08386,-118.44594333,9,4.2,2.7968
57017,Kelly Lee,7,16,12,2024,3,34.0205,-118.54852333,5,4.1,2.74818
40675,Stephanie Rogers,7,16,12,2024,3,33.89378,-118.39465333,3,1.2,0.81122
19384,Ms. Erin Shannon DDS,7,16,12,2024,3,33.85154,-118.37755667,4,5.5,3.68824
41607,Stephen Rangel,7,16,12,2024,3,33.76706,-118.49723333,1,2.9,1.92084
78138,Melinda Cain,7,16,12,2024,3,33.78818,-118.59981333,2,2.8,1.83689
84958,Mark Flores,7,16,12,2024,3,34.0205,-118.37755667,6,0.8,0.52786
26107,Stacie Cruz,7,16,12,2024,3,33.99938,-118.36046,6,0.7,0.44051
77924,Ryan Allen,7,16,12,2024,3,33.78818,-118.58271667,2,2.1,1.41667
70860,Tiffany Ramos,7,16,12,2024,3,33.97826,-118.46304,6,1.4,0.903
96800,Nicholas Crosby,7,16,12,2024,3,34.06274,-118.32626667,10,2.2,1.49045
39606,Levi Hicks,7,16,12,2024,3,33.93602,-118.39465333,6,1.5,1.00505
39379,Nathan Perez,7,16,12,2024,3,34.2317,-118.27497667,11,35.0,23.32799
34889,Ian Weiss,7,16,12,2024,3,33.85154,-118.39465333,3,1.3,0.86891
64185,Sara Vega,7,16,12,2024,3,34.08386,-118.48013667,9,5.2,3.46626
19174,Shawn Morgan,7,16,12,2024,3,34.04162,-118.51433,9,12.2,8.12523
60696,Richard Vincent,7,16,12,2024,3,33.89378,-118.63400667,2,4.9,3.27537
92495,Marisa Cameron,7,16,12,2024,3,33.95714,-118.48013667,5,2.5,1.65689
40243,Jonathan James,7,16,12,2024,3,34.04162,-118.46304,9,1.9,1.29312
60830,Aaron Kelley,7,16,12,2024,3,33.95714,-118.53142667,5,2.8,1.88544
18475,Mary Robinson,7,16,12,2024,3,33.93602,-118.44594333,6,1.8,1.17614
22556,Christopher Gonzalez,7,16,12,2024,3,33.97826,-118.34336333,6,1.1,0.76079
13948,Susan Mcdaniel,7,16,12,2024,3,34.0205,-118.56562,5,2.9,1.93342
30533,Susan Porter,7,16,12,2024,3,33.83042,-118.53142667,3,0.9,0.62381
48594,Richard White,7,16,12,2024,3,33.85154,-118.36046,4,1.0,0.69564
26630,Raven Day,7,16,12,2024,3,33.95714,-118.39465333,6,1.6,1.07499
52837,Evelyn Wilson,7,16,12,2024,3,34.04162,-118.27497667,10,4.3,2.89488
98850,Stephanie Orr MD,7,16,12,2024,3,33.8093,-118.58271667,2,1.0,0.6753
77005,Christine Valencia,7,16,12,2024,3,34.06274,-118.22368667,10,13.7,9.16021
70902,Daniel Stewart PhD,7,16,12,2024,3,34.1261,-118.25788,10,14.9,9.95546
25743,Kyle Small,7,16,12,2024,3,33.78818,-118.25788,4,14.0,9.32117
32426,Amanda Alexander,7,16,12,2024,3,34.08386,-118.39465333,9,0.9,0.60457
55650,Alexandra James,7,16,12,2024,3,33.9149,-118.56562,2,2.0,1.3118
19953,Jasmine Moreno,7,16,12,2024,3,33.95714,-118.41175,6,0.4,0.23454
19032,Christopher Davis,7,16,12,2024,3,33.89378,-118.63400667,2,1.9,1.29862
26968,Michael Page,7,16,12,2024,3,33.95714,-118.30917,7,3.0,1.98469
40037,Joseph Thompson,7,16,12,2024,3,33.93602,-118.18949333,8,3.4,2.23335
75274,David Hill,7,16,12,2024,3,33.99938,-118.32626667,6,1.5,0.99996
49537,Sandra Mccoy,7,16,12,2024,3,33.83042,-118.36046,4,5.6,3.71078
14136,Chris Fisher,7,16,12,2024,3,33.76706,-118.46304,1,0.7,0.45634
65324,Christopher Bautista,7,16,12,2024,3,33.97826,-118.48013667,5,1.0,0.67715
50551,Nathan Hartman,7,16,12,2024,3,33.8093,-118.39465333,1,1.4,0.9113
99824,Bradley Pierce,7,16,12,2024,3,33.78818,-118.42884667,1,1.7,1.15784
44734,Amy Marshall,7,16,12,2024,3,33.72482,-118.42884667,1,4.1,2.7097
37931,James Cooper,7,16,12,2024,3,34.04162,-118.49723333,9,11.0,7.31298
64004,Robert Thomas,7,16,12,2024,3,34.08386,-118.24078333,10,13.6,9.06236
90655,Richard Swanson,7,16,12,2024,3,33.85154,-118.51433,3,1.1,0.71296
92245,Haley Gibbs,7,16,12,2024,3,34.06274,-118.39465333,9,0.5,0.36364
50778,Julie Hunter,7,16,12,2024,3,33.76706,-118.29207333,4,13.4,8.93938
79237,Emily Cannon,7,16,12,2024,3,33.78818,-118.49723333,1,1.3,0.87687
54123,Marilyn Glass,7,16,12,2024,3,33.95714,-118.18949333,8,22.3,14.87471
91335,Mark Davidson,7,16,12,2024,3,34.0205,-118.30917,7,4.6,3.07895
41469,Natasha Schaefer,7,16,12,2024,3,34.06274,-118.30917,10,9.4,6.29621
22581,Leah Smith,7,16,12,2024,3,33.99938,-118.25788,7,1.6,1.0902
13109,Clayton Smith,7,16,12,2024,3,33.87266,-118.32626667,4,1.0,0.66744
25833,Daniel Jackson,7,16,12,2024,3,34.10498,-118.41175,9,2.2,1.49415
65983,Catherine Soto,7,16,12,2024,3,33.78818,-118.59981333,2,0.2,0.14727
42684,Geoffrey Brown,7,16,12,2024,3,33.76706,-118.51433,1,1.3,0.89319
28791,Dustin Ewing,7,16,12,2024,3,34.08386,-118.24078333,10,12.7,8.44696
55818,Edward Hale,7,16,12,2024,3,33.89378,-118.61691,2,5.9,3.96456
32691,Vanessa Turner MD,7,16,12,2024,3,33.83042,-118.54852333,2,1.5,1.02752
60785,Steven Frank,7,16,12,2024,3,33.9149,-118.37755667,4,6.2,4.14753
13366,Sandra Yang,7,16,12,2024,3,33.97826,-118.1553,8,14.5,9.6397
57985,Matthew Hart,7,16,12,2024,3,33.9149,-118.29207333,4,7.9,5.28682
36189,Jodi Marshall,7,16,12,2024,3,34.08386,-118.37755667,9,2.4,1.58359
22331,Jason Riley,7,16,12,2024,3,34.14722,-118.27497667,11,33.9,22.58791
51701,Brandon Hodge,7,16,12,2024,3,34.0205,-118.39465333,6,1.2,0.80431
18281,Alexander James,7,16,12,2024,3,33.78818,-118.48013667,1,1.9,1.28032
39862,David Jackson,7,16,12,2024,3,33.93602,-118.46304,6,1.7,1.15901
93605,Dr. Brian Williams,7,16,12,2024,3,34.06274,-118.36046,10,1.2,0.81242
18701,Jesse Thomas,7,16,12,2024,3,33.99938,-118.46304,6,1.9,1.23808
92828,Adrian Walsh,7,16,12,2024,3,33.89378,-118.34336333,4,2.3,1.51839
38901,April Jimenez,7,16,12,2024,3,34.16834,-118.30917,11,8.3,5.5205
53424,Michelle Gonzales,7,16,12,2024,3,33.89378,-118.54852333,2,0.6,0.41875
19062,Kelly Esparza,7,16,12,2024,3,33.99938,-118.48013667,5,3.2,2.13612
76025,James Simpson,7,16,12,2024,3,33.8093,-118.61691,2,2.3,1.56442
81087,Stephanie Moore,7,16,12,2024,3,33.7037,-118.42884667,1,4.9,3.26783
26137,Lynn Chaney,7,16,12,2024,3,34.1261,-118.29207333,10,13.8,9.19761
98061,Dana Lewis,7,16,12,2024,3,33.95714,-118.46304,6,1.3,0.83708
81621,Tony Smith MD,7,16,12,2024,3,33.83042,-118.39465333,3,1.2,0.78851
75245,Robert Davis,7,16,12,2024,3,34.0205,-118.53142667,5,1.5,0.99021
95114,Joshua Schmidt,7,16,12,2024,3,33.89378,-118.49723333,3,1.2,0.80276
61733,Joseph Shaffer,7,16,12,2024,3,33.74594,-118.54852333,1,1.9,1.2768
96487,Shannon Taylor,7,16,12,2024,3,34.0205,-118.51433,5,6.4,4.27066
53509,Pamela Welch,7,16,12,2024,3,33.89378,-118.44594333,3,3.2,2.13007
74137,Joshua Jacobs,7,16,12,2024,3,33.89378,-118.36046,4,4.0,2.65104
50894,Mary Clark,7,16,12,2024,3,34.21058,-118.29207333,11,46.1,30.73031
46988,Christina Hutchinson,7,16,12,2024,3,33.9149,-118.44594333,3,1.9,1.28013
22715,Bryan Williams,7,16,12,2024,3,34.06274,-118.49723333,9,6.1,4.06352
89367,Julia Roach,7,16,12,2024,3,33.93602,-118.42884667,6,1.1,0.72918
48248,Anna Brewer,7,16,12,2024,3,33.87266,-118.6682,2,2.0,1.34716
14635,Randy Powell,7,16,12,2024,3,33.9149,-118.42884667,3,1.4,0.95643
90756,Melinda Shaw,7,16,12,2024,3,34.06274,-118.22368667,10,14.4,9.60278
53336,Kimberly Aguilar,7,16,12,2024,3,34.10498,-118.25788,10,13.8,9.18933
39311,Kevin Kelley,7,16,12,2024,3,34.06274,-118.44594333,9,7.3,4.85577
74636,Michelle Fuller,7,16,12,2024,3,33.8093,-118.59981333,2,3.6,2.37687
10674,Karen Kennedy,7,16,12,2024,3,33.9149,-118.29207333,4,6.7,4.45686
47527,Mark Wright,7,16,12,2024,3,33.87266,-118.6682,2,4.1,2.76355
20219,Crystal Griffith,7,16,12,2024,3,33.83042,-118.54852333,2,0.3,0.23157
35771,Kaitlyn Jackson,7,16,12,2024,3,33.8093,-118.48013667,1,2.0,1.36091
43609,Michael Newton,7,16,12,2024,3,33.78818,-118.49723333,1,1.0,0.67827
77692,Jeffrey Stevens,7,16,12,2024,3,33.97826,-118.17239667,8,11.8,7.837
27094,Daniel Brown,7,16,12,2024,3,34.0205,-118.18949333,8,12.9,8.58895
86629,Drew Velasquez,7,16,12,2024,3,33.83042,-118.39465333,3,1.3,0.89463
94993,Ashlee Townsend,7,16,12,2024,3,33.8093,-118.58271667,2,1.4,0.91904
18734,Sylvia Carter,7,16,12,2024,3,33.97826,-118.51433,5,2.1,1.41258
34274,Roberto Klein,7,16,12,2024,3,33.99938,-118.25788,7,1.6,1.08592
17742,Anne Navarro,7,16,12,2024,3,34.0205,-118.30917,7,2.7,1.80417
84705,Suzanne Moran,7,16,12,2024,3,33.83042,-118.49723333,3,1.1,0.76038
25535,Michelle Melendez,7,16,12,2024,3,33.95714,-118.24078333,7,1.5,0.99447
78897,James Cooke,7,16,12,2024,3,34.08386,-118.22368667,10,14.6,9.76202
58755,Joshua Murphy,7,16,12,2024,3,33.95714,-118.17239667,8,21.0,13.99027
31449,James Parsons,7,16,12,2024,3,33.78818,-118.61691,2,1.6,1.07576
17312,Justin Reese,7,16,12,2024,3,34.04162,-118.30917,10,7.7,5.14733
18555,James Watts,7,16,12,2024,3,34.06274,-118.27497667,10,7.8,5.19473
21559,Andre Norris,7,16,12,2024,3,33.87266,-118.53142667,3,0.7,0.46431
63338,Kelli Clark,7,16,12,2024,3,33.72482,-118.39465333,1,12.5,8.31286
35738,Patricia Smith,7,16,12,2024,3,34.0205,-118.25788,7,3.7,2.44851
87697,Rebecca Thompson,7,16,12,2024,3,33.97826,-118.34336333,6,2.9,1.95508
91184,Alex Marquez,7,16,12,2024,3,33.8093,-118.30917,4,13.7,9.1438
58040,Christine Jones,7,16,12,2024,3,34.08386,-118.32626667,10,1.5,1.03146
67667,Elizabeth Robinson,7,16,12,2024,3,33.97826,-118.29207333,7,5.1,3.3867
82585,Marilyn Haynes,7,16,12,2024,3,33.78818,-118.34336333,4,12.5,8.31266
53147,Victor Sharp,7,16,12,2024,3,33.8093,-118.37755667,4,4.0,2.68218
50687,Lisa Hines,7,16,12,2024,3,33.83042,-118.58271667,2,1.0,0.66944
97750,Derek Walker,7,16,12,2024,3,34.0205,-118.32626667,6,0.8,0.54163
61246,Katelyn Wells,7,16,12,2024,3,34.06274,-118.51433,9,8.6,5.74541
33320,Sarah Mccarthy,7,16,12,2024,3,34.18946,-118.27497667,11,33.2,22.11741
82880,Penny Lewis,7,16,12,2024,3,34.08386,-118.32626667,10,2.4,1.60931
79343,David Taylor,7,16,12,2024,3,34.1261,-118.27497667,10,11.8,7.83424
85232,Patricia Sanchez,7,16,12,2024,3,34.2317,-118.22368667,11,50.5,33.6749
92972,Rebecca Dominguez,7,16,12,2024,3,33.87266,-118.41175,3,1.5,1.00666
67323,Robert Fox,7,16,12,2024,3,33.74594,-118.49723333,1,1.1,0.71335
38958,William Jimenez,7,16,12,2024,3,33.99938,-118.49723333,5,1.9,1.28208
47209,George Oneill,7,16,12,2024,3,34.04162,-118.49723333,9,8.3,5.55576
52169,Wesley Rogers,7,16,12,2024,3,33.76706,-118.61691,2,8.1,5.42674
22758,George Joyce,7,16,12,2024,3,33.8093,-118.27497667,4,11.4,7.61975
23250,Donna Lee,7,16,12,2024,3,33.89378,-118.27497667,4,1.4,0.92503
87979,Maurice Johnson,7,16,12,2024,3,34.10498,-118.39465333,9,0.7,0.47998
78518,Sharon Jones,7,16,12,2024,3,34.04162,-118.25788,10,8.3,5.5424
20537,Jordan Flores,7,16,12,2024,3,33.9149,-118.53142667,3,0.9,0.57354
16444,Ashley Sloan,7,16,12,2024,3,34.10498,-118.22368667,10,14.2,9.49333
16306,Brandon Jenkins,7,16,12,2024,3,34.27394,-118.30917,11,55.3,36.88225
38136,Sarah Thomas,7,16,12,2024,3,34.0205,-118.53142667,5,0.7,0.46165
94156,Greg Long,7,16,12,2024,3,33.97826,-118.20659,8,9.1,6.0394
38074,James Fields,7,16,12,2024,3,33.99938,-118.24078333,7,1.2,0.77454
25319,Brian Williams,7,16,12,2024,3,34.21058,-118.29207333,11,50.9,33.92704
58536,Nicholas Norton,7,16,12,2024,3,33.8093,-118.29207333,4,14.4,9.62715
89080,Allison Barnett,7,16,12,2024,3,33.87266,-118.42884667,3,1.5,1.00513
38559,Eric Bush,7,16,12,2024,3,33.9149,-118.49723333,3,1.5,1.0244
41468,Nicole Robinson,7,16,12,2024,3,33.78818,-118.37755667,4,9.5,6.34281
47833,Jennifer Garcia,7,16,12,2024,3,33.9149,-118.56562,2,2.1,1.40219
76606,Tara Foley,7,16,12,2024,3,34.10498,-118.29207333,10,7.8,5.23162
65002,Jennifer Wallace,7,16,12,2024,3,34.04162,-118.41175,9,1.8,1.18577
79215,Anna Oneill,7,16,12,2024,3,33.76706,-118.53142667,1,0.2,0.15013
91399,Darrell Medina,7,16,12,2024,3,33.85154,-118.53142667,3,0.5,0.34244
42742,Mary Martinez,7,16,12,2024,3,33.97826,-118.51433,5,1.9,1.26287
72511,Keith Morgan,7,16,12,2024,3,34.18946,-118.30917,11,11.9,7.9034
27203,Pamela Hernandez,7,16,12,2024,3,33.89378,-118.56562,2,2.3,1.56586
97307,Virginia Pena,7,16,12,2024,3,33.83042,-118.36046,4,5.8,3.85705
75333,Ryan Williams,7,16,12,2024,3,33.76706,-118.36046,4,8.5,5.63395
87128,Lisa Morales,7,16,12,2024,3,34.04162,-118.29207333,10,7.0,4.64817
72216,Paula Wilson,7,16,12,2024,3,34.0205,-118.54852333,5,8.9,5.95071
28450,Tonya Garcia,7,16,12,2024,3,34.04162,-118.36046,10,1.3,0.85071
51010,James Garcia,7,16,12,2024,3,33.89378,-118.58271667,2,2.9,1.92311
56512,Jenna Rivera,7,16,12,2024,3,33.87266,-118.61691,2,2.8,1.84943
13996,Sarah Washington,7,16,12,2024,3,33.8093,-118.61691,2,0.5,0.36414
81580,Jennifer Mitchell,7,16,12,2024,3,33.99938,-118.44594333,6,0.7,0.4705
46606,Miranda Lambert,7,16,12,2024,3,33.78818,-118.53142667,1,3.4,2.23708
11903,Emily Foster,7,16,12,2024,3,33.95714,-118.54852333,5,2.3,1.51394
60064,Edward Cochran,7,16,12,2024,3,33.74594,-118.29207333,4,8.6,5.71004
66523,Hector Meadows,7,16,12,2024,3,33.85154,-118.54852333,2,2.6,1.75746
69941,Terry Miller Jr.,7,16,12,2024,3,33.89378,-118.42884667,3,0.6,0.43296
96753,Adriana Acosta,7,16,12,2024,3,33.93602,-118.56562,5,1.7,1.13684
99179,Jennifer Davis,7,16,12,2024,3,34.25282,-118.27497667,11,53.2,35.4772
25758,Maurice Martin,7,16,12,2024,3,34.29506,-118.27497667,11,60.3,40.20871
71868,David Bentley,7,16,12,2024,3,33.9149,-118.25788,4,3.4,2.28149
16540,James Meyer,7,16,12,2024,3,33.93602,-118.37755667,6,0.8,0.5054
35630,Erica Jackson,7,16,12,2024,3,33.83042,-118.44594333,3,1.0,0.66245
33696,Joseph Jackson,7,16,12,2024,3,34.04162,-118.22368667,10,13.7,9.16152
45875,Jenna Frank,7,16,12,2024,3,33.93602,-118.32626667,6,4.6,3.03506
25854,Jay Cole,7,16,12,2024,3,33.93602,-118.32626667,6,5.5,3.64835
54134,Gregory Simmons,7,16,12,2024,3,34.1261,-118.25788,10,29.6,19.75588
93780,Robert Horne,7,16,12,2024,3,33.95714,-118.56562,5,1.0,0.65073
31988,Mary Webb,7,16,12,2024,3,33.93602,-118.24078333,7,2.6,1.70578
81279,Jessica Greer,7,16,12,2024,3,33.97826,-118.53142667,5,2.5,1.66212
56154,Christina Watson,7,16,12,2024,3,33.9149,-118.20659,8,0.8,0.55729
25127,David Campbell,7,16,12,2024,3,33.8093,-118.30917,4,12.7,8.49467
48285,Kevin Thomas,7,16,12,2024,3,34.27394,-118.29207333,11,51.0,34.00064
61398,William Stewart,7,16,12,2024,3,34.10498,-118.27497667,10,14.6,9.75517
18937,George Moore,7,16,12,2024,3,34.06274,-118.25788,10,11.5,7.69606
53887,Adam Burke,7,16,12,2024,3,33.93602,-118.51433,5,0.9,0.58341
47076,Caroline Thompson,7,16,12,2024,3,33.97826,-118.1553,8,13.5,8.9686
59029,Mary Jones,7,16,12,2024,3,33.97826,-118.36046,6,2.7,1.79565
80841,Cindy Mann,7,16,12,2024,3,34.1261,-118.48013667,9,3.6,2.42769
41767,Karen Peck,7,16,12,2024,3,33.9149,-118.56562,2,1.6,1.06641
68205,Francisco Meyers,7,16,12,2024,3,33.87266,-118.37755667,4,4.5,3.02907
42060,Christine Gilbert DDS,7,16,12,2024,3,33.85154,-118.48013667,3,2.6,1.76638
22449,Paula Sawyer,7,16,12,2024,3,33.89378,-118.58271667,2,0.6,0.38671
71412,Shannon Martinez,7,16,12,2024,3,33.95714,-118.22368667,8,2.7,1.79471
36617,Breanna Cooper,7,16,12,2024,3,33.87266,-118.63400667,2,9.2,6.11695
99377,Luis Gardner,7,16,12,2024,3,33.95714,-118.51433,5,1.2,0.80135
15652,Jessica Bell,7,16,12,2024,3,33.7037,-118.41175,1,5.1,3.37046
78812,Mary Everett,7,16,12,2024,3,33.87266,-118.39465333,3,1.0,0.6364
11630,Melissa Brown,7,16,12,2024,3,34.0205,-118.27497667,7,5.0,3.3012
38664,William Cooper,7,16,12,2024,3,33.9149,-118.22368667,8,1.8,1.19168
49972,Katherine Rodriguez,7,16,12,2024,3,34.10498,-118.37755667,9,1.6,1.09595
41987,Zachary Garcia,7,16,12,2024,3,33.76706,-118.42884667,1,6.0,4.01763
24201,Ashley Nichols,7,16,12,2024,3,33.93602,-118.42884667,6,1.6,1.04626
18714,Keith Brady,7,16,12,2024,3,33.83042,-118.59981333,2,1.9,1.29654
26177,Paul Ball,7,16,12,2024,3,33.9149,-118.54852333,2,1.7,1.11741
74276,Jose Hull,7,16,12,2024,3,33.87266,-118.61691,2,0.4,0.26894
10708,Darryl Hayes,7,16,12,2024,3,34.0205,-118.34336333,6,1.4,0.95444
67616,Linda Wright,7,16,12,2024,3,33.78818,-118.30917,4,12.2,8.16337
63857,Erik Yu,7,16,12,2024,3,33.87266,-118.56562,2,2.3,1.53913
31758,Kevin Stone,7,16,12,2024,3,33.85154,-118.63400667,2,1.3,0.88746
17951,Sean Owen,7,16,12,2024,3,33.97826,-118.29207333,7,2.4,1.58554
50415,John Love,7,16,12,2024,3,33.74594,-118.53142667,1,0.9,0.60487
91006,Steven Butler,7,16,12,2024,3,33.95714,-118.51433,5,2.4,1.62633
96318,Dr. Margaret Todd MD,7,16,12,2024,3,34.04162,-118.29207333,10,3.4,2.29332
25334,Danielle Clark,7,16,12,2024,3,34.21058,-118.30917,11,14.0,9.30431
68149,James Trevino,7,16,12,2024,3,33.99938,-118.39465333,6,2.4,1.60902
74055,Matthew Hall,7,16,12,2024,3,33.89378,-118.44594333,3,1.2,0.79798
80880,Erin Ellis,7,16,12,2024,3,34.0205,-118.39465333,6,1.6,1.04629
23058,Keith Jones,7,16,12,2024,3,33.9149,-118.46304,3,0.9,0.59198
44317,Mary Flynn,7,16,12,2024,3,34.25282,-118.30917,11,40.9,27.23609
14942,Bryan Elliott,7,16,12,2024,3,33.89378,-118.48013667,3,1.2,0.76853
41091,Mark Harrison,7,16,12,2024,3,33.8093,-118.58271667,2,0.2,0.10402
31026,Jared Jordan,7,16,12,2024,3,33.76706,-118.63400667,2,5.1,3.37634
98946,Angela Pratt,7,16,12,2024,3,33.93602,-118.34336333,6,3.6,2.41125
74891,Joshua Sawyer,7,16,12,2024,3,33.83042,-118.54852333,2,1.1,0.73061
89408,Linda Cohen,7,16,12,2024,3,33.99938,-118.20659,8,6.5,4.32632
10295,Judith Oneal,7,16,12,2024,3,33.8093,-118.48013667,1,1.6,1.08759
43812,Travis Rodriguez,7,16,12,2024,3,33.85154,-118.58271667,2,0.9,0.57446
16438,Amy Larson,7,16,12,2024,3,33.87266,-118.39465333,3,1.7,1.10659
48169,Jose Chase,7,16,12,2024,3,34.3373,-118.27497667,11,63.1,42.08571
91337,Christopher Woods,7,16,12,2024,3,34.0205,-118.36046,6,2.3,1.56336
42786,Michael Campbell,7,16,12,2024,3,33.78818,-118.51433,1,3.5,2.33916
91103,Cindy Morse,7,16,12,2024,3,34.10498,-118.29207333,10,2.2,1.48113
20956,Allison Hanson,7,16,12,2024,3,33.83042,-118.48013667,3,2.2,1.48908
50755,Jacob Mason,7,16,12,2024,3,33.78818,-118.27497667,4,14.9,9.95875
52677,Paul Ortiz,7,16,12,2024,3,33.9149,-118.37755667,4,1.3,0.84467
96536,Nicholas Lopez,7,16,12,2024,3,33.99938,-118.56562,5,4.3,2.89203
70753,Jennifer Turner,7,16,12,2024,3,33.8093,-118.59981333,2,3.1,2.07196
27003,Anthony Jones,7,16,12,2024,3,33.7037,-118.46304,1,3.4,2.29309
12253,Christopher Bailey,7,16,12,2024,3,34.04162,-118.30917,10,1.1,0.729
64901,James Johnson,7,16,12,2024,3,33.78818,-118.56562,2,1.6,1.04428
45550,Valerie Marshall,7,16,12,2024,3,34.08386,-118.46304,9,2.5,1.67211
75801,Amanda Joseph,7,16,12,2024,3,34.06274,-118.37755667,9,1.0,0.64955
78966,Joe Tucker,7,16,12,2024,3,33.76706,-118.42884667,1,3.0,1.98212
19142,Jonathan Long,7,16,12,2024,3,33.89378,-118.65110333,2,6.9,4.6131
98100,Brenda Lane,7,16,12,2024,3,33.87266,-118.59981333,2,1.3,0.8947
50315,Luis Campbell,7,16,12,2024,3,33.72482,-118.41175,1,5.3,3.50075
76614,Sherry Ewing,7,16,12,2024,3,33.9149,-118.53142667,3,1.0,0.6561
69045,Danielle Reynolds,7,16,12,2024,3,33.95714,-118.58271667,5,2.0,1.34576
68339,Kenneth Hill,7,16,12,2024,3,33.8093,-118.49723333,1,2.2,1.45461
67081,Melissa Lozano,7,16,12,2024,3,33.7037,-118.44594333,1,2.8,1.88894
72049,Scott Washington,7,16,12,2024,3,33.95714,-118.32626667,6,1.2,0.80868
63743,Teresa Medina,7,16,12,2024,3,33.83042,-118.34336333,4,2.4,1.6121
25490,Jessica Rogers,7,16,12,2024,3,33.85154,-118.65110333,2,9.8,6.51012
73809,Evan Cooper,7,16,12,2024,3,34.2317,-118.27497667,11,47.7,31.80287
10806,Matthew Long,7,16,12,2024,3,33.76706,-118.58271667,2,0.7,0.47872
17126,Alexis Marshall,7,16,12,2024,3,33.99938,-118.29207333,7,2.0,1.36202
59937,Mary Rivera,7,16,12,2024,3,33.99938,-118.18949333,8,14.9,9.95159
72228,David Roberts,7,16,12,2024,3,33.76706,-118.53142667,1,1.0,0.64644
12625,Sarah Huerta,7,16,12,2024,3,33.83042,-118.61691,2,1.6,1.03477
82027,Alexander Whitney,7,16,12,2024,3,33.93602,-118.29207333,7,5.9,3.95119
45727,James Gonzalez,7,16,12,2024,3,33.89378,-118.34336333,4,4.5,3.01541
63987,Charles Conner,7,16,12,2024,3,33.78818,-118.27497667,4,14.0,9.30443
37812,Sarah Campos,7,16,12,2024,3,33.8093,-118.54852333,1,2.1,1.41867
55729,Katherine Miller,7,16,12,2024,3,33.95714,-118.49723333,5,1.6,1.05801
86420,Austin Blevins,7,16,12,2024,3,33.72482,-118.46304,1,0.6,0.38993
73096,Jacqueline Johnson,7,16,12,2024,3,33.97826,-118.54852333,5,0.9,0.57965
27810,Rebecca Rodriguez,7,16,12,2024,3,33.93602,-118.25788,7,0.9,0.60318
51130,Daniel Kelley,7,16,12,2024,3,33.89378,-118.59981333,2,6.9,4.56967
99657,John Jackson,7,16,12,2024,3,33.83042,-118.37755667,4,3.5,2.35095
18435,Teresa Schwartz MD,7,16,12,2024,3,33.9149,-118.32626667,4,4.5,2.97443
12677,Amy Figueroa,7,16,12,2024,3,33.93602,-118.27497667,7,4.1,2.71717
94369,Terrence Moore,7,16,12,2024,3,33.87266,-118.46304,3,1.1,0.70422
44160,Mr. Jonathan Hughes,7,16,12,2024,3,33.8093,-118.65110333,2,6.3,4.18491
54591,Hannah Sims,7,16,12,2024,3,34.0205,-118.41175,6,1.3,0.87989
61840,Michael Sanders,7,16,12,2024,3,33.99938,-118.51433,5,0.8,0.5281
83370,Eric Johnson,7,16,12,2024,3,34.08386,-118.30917,10,2.0,1.36014
84321,Michael Mullen,7,16,12,2024,3,33.89378,-118.65110333,2,4.9,3.29919
66647,Victor Young,7,16,12,2024,3,33.95714,-118.22368667,8,0.9,0.56755
75916,Maria Moran,7,16,12,2024,3,33.89378,-118.49723333,3,2.0,1.3165
41830,Cynthia Murphy,7,16,12,2024,3,33.95714,-118.36046,6,3.7,2.47201
29598,Michael Stephens,7,16,12,2024,3,33.95714,-118.58271667,5,6.1,4.07149
46325,Laura Harrison,7,16,12,2024,3,33.76706,-118.41175,1,3.0,1.98157
28451,Joy Hansen,7,16,12,2024,3,34.0205,-118.46304,6,1.1,0.71397
99708,Brandi Cross,7,16,12,2024,3,33.83042,-118.36046,4,0.1,0.08687
33645,Laurie Thornton,7,16,12,2024,3,33.89378,-118.61691,2,1.5,1.02741
13337,Amanda Phillips,7,16,12,2024,3,33.99938,-118.54852333,5,2.8,1.89573
33278,Larry David,7,16,12,2024,3,33.87266,-118.58271667,2,1.3,0.8708
61456,Jeremy Pierce,7,16,12,2024,3,34.06274,-118.48013667,9,11.2,7.46422
27560,Mrs. Jillian Patel,7,16,12,2024,3,33.83042,-118.51433,3,2.2,1.45516
70912,Julian Lawrence,7,16,12,2024,3,33.97826,-118.25788,7,0.9,0.57283
52598,Eric Banks,7,16,12,2024,3,33.99938,-118.56562,5,2.7,1.82584
40519,Kathryn Gardner,7,16,12,2024,3,34.04162,-118.42884667,9,5.2,3.45189
85215,Edward Jenkins,7,16,12,2024,3,33.93602,-118.48013667,5,0.9,0.63301
67223,Andrea Mcbride,7,16,12,2024,3,34.1261,-118.30917,10,2.9,1.92815
29807,Antonio Moody,7,16,12,2024,3,34.21058,-118.27497667,11,40.4,26.90787
16272,Devin Harrington,7,16,12,2024,3,33.87266,-118.63400667,2,5.7,3.81293
44945,Michael Ward,7,16,12,2024,3,33.89378,-118.36046,4,4.4,2.94767
61655,Angela Mckay,7,16,12,2024,3,33.93602,-118.56562,5,2.7,1.77814
39997,Zachary Martinez,7,16,12,2024,3,33.74594,-118.56562,2,1.5,1.00846
76214,Keith Lewis,7,16,12,2024,3,33.83042,-118.32626667,4,7.8,5.18083
50956,Courtney Hart,7,16,12,2024,3,33.76706,-118.48013667,1,0.8,0.55593
52867,Andrew Molina,7,16,12,2024,3,34.0205,-118.27497667,7,5.6,3.73313
21710,Jennifer Osborne,7,16,12,2024,3,33.99938,-118.37755667,6,1.7,1.12229
48893,Raymond Evans,7,16,12,2024,3,33.8093,-118.46304,1,0.8,0.5082
99288,Michael Liu,7,16,12,2024,3,33.72482,-118.51433,1,3.4,2.29897
41556,Stephen Thompson,7,16,12,2024,3,33.99938,-118.32626667,6,1.0,0.65539
97066,Cassandra Johnson,7,16,12,2024,3,33.83042,-118.59981333,2,1.0,0.68423
20595,Shaun Lambert,7,16,12,2024,3,34.08386,-118.29207333,10,1.3,0.85563
77152,Kristen Anderson,7,16,12,2024,3,33.87266,-118.44594333,3,0.9,0.61907
79908,Tammy Ramirez,7,16,12,2024,3,33.9149,-118.17239667,8,4.4,2.90978
64224,Kevin Glass,7,16,12,2024,3,34.08386,-118.42884667,9,3.8,2.51809
24960,Jessica Wells,7,16,12,2024,3,34.18946,-118.30917,11,12.2,8.12959
78514,Jesse Marks,7,16,12,2024,3,33.89378,-118.51433,3,1.2,0.81917
16555,James Lozano,7,16,12,2024,3,33.89378,-118.54852333,2,1.5,0.98405
72821,Kathleen Gutierrez,7,16,12,2024,3,33.87266,-118.65110333,2,6.5,4.32746
74820,Timothy Williams,7,16,12,2024,3,33.74594,-118.59981333,2,3.4,2.27796
24529,Corey Barnes,7,16,12,2024,3,33.87266,-118.46304,3,2.0,1.34505
98392,Melissa Diaz,7,16,12,2024,3,33.7037,-118.44594333,1,3.9,2.61723
27392,Dr. Jessica Carr,7,16,12,2024,3,33.9149,-118.27497667,4,1.3,0.85796
81462,Michael Davis,7,16,12,2024,3,33.93602,-118.18949333,8,3.1,2.0808
15757,Charlotte Johnson,7,16,12,2024,3,33.99938,-118.42884667,6,1.3,0.84819
14141,Robin Smith,7,16,12,2024,3,34.27394,-118.29207333,11,57.1,38.05292
85605,Rodney Jacobs,7,16,12,2024,3,34.18946,-118.27497667,11,29.3,19.55166
94638,William Clark,7,16,12,2024,3,33.9149,-118.46304,3,4.4,2.91435
82217,James Curtis,7,16,12,2024,3,34.27394,-118.25788,11,58.1,38.75571
31255,Richard Warner,7,16,12,2024,3,33.97826,-118.18949333,8,13.8,9.16787
67116,Diana Long,7,16,12,2024,3,33.72482,-118.48013667,1,4.4,2.95213
81338,Amanda Williams,7,16,12,2024,3,34.10498,-118.37755667,9,4.0,2.65072
54600,Lance Gonzalez,7,16,12,2024,3,33.8093,-118.56562,2,0.8,0.56224
72914,Julie Thompson,7,16,12,2024,3,33.9149,-118.36046,4,4.6,3.05337
36453,Austin Johnson,7,16,12,2024,3,34.06274,-118.24078333,10,12.0,8.01187
70584,Thomas Collins,7,16,12,2024,3,33.97826,-118.48013667,5,0.4,0.29474
87397,Diana Hall,7,16,12,2024,3,33.76706,-118.54852333,1,1.2,0.77069
24520,Derek Valencia,7,16,12,2024,3,33.99938,-118.22368667,8,6.2,4.10098
76586,Jasmine Campbell,7,16,12,2024,3,34.08386,-118.46304,9,2.7,1.81997
43888,Jessica Gamble,7,16,12,2024,3,34.0205,-118.20659,8,14.1,9.38821
77499,Angela Lloyd,7,16,12,2024,3,34.10498,-118.25788,10,15.0,9.96796
79755,Jamie Adkins,7,16,12,2024,3,34.14722,-118.29207333,11,8.6,5.7042
25874,Jeanne Haney,7,16,12,2024,3,33.97826,-118.53142667,5,1.3,0.85774
31377,Brandy Bailey,7,16,12,2024,3,33.89378,-118.58271667,2,0.5,0.34446
56443,John Shaw,7,16,12,2024,3,33.85154,-118.59981333,2,1.3,0.84427
87316,James Cole,7,16,12,2024,3,33.78818,-118.32626667,4,14.3,9.52293
22506,Kathleen Shaffer,7,16,12,2024,3,34.04162,-118.39465333,9,0.9,0.621
62860,Carmen Jordan,7,16,12,2024,3,34.0205,-118.27497667,7,7.0,4.64827
47818,Alexandra Brown,7,16,12,2024,3,34.10498,-118.29207333,10,6.4,4.27486
86409,Gabriel Mills,7,16,12,2024,3,33.97826,-118.27497667,7,0.8,0.56263
26481,Taylor Lowe,7,16,12,2024,3,34.31618,-118.30917,11,59.6,39.7532
61755,Nicholas Browning,7,16,12,2024,3,33.99938,-118.54852333,5,0.8,0.56382
67534,Nancy Diaz,7,16,12,2024,3,33.87266,-118.48013667,3,0.4,0.27841
43362,Mrs. Amanda Harris,7,16,12,2024,3,33.76706,-118.37755667,4,13.8,9.21992
77010,Jeffery Smith,7,16,12,2024,3,33.74594,-118.44594333,1,1.7,1.15435
35782,Sherri Russell,7,16,12,2024,3,34.08386,-118.27497667,10,6.0,3.96932
20389,Teresa Robinson,7,16,12,2024,3,33.76706,-118.56562,2,0.3,0.18918
70191,William Simmons,7,16,12,2024,3,33.7037,-118.48013667,1,2.3,1.56377
82459,Michael Glass,7,16,12,2024,3,34.0205,-118.25788,7,5.0,3.36474
10748,Sierra Kerr,7,16,12,2024,3,34.0205,-118.44594333,6,1.6,1.06052
19946,Brenda Oliver,7,16,12,2024,3,33.8093,-118.36046,4,6.9,4.62006
61997,Wayne Woods,7,16,12,2024,3,33.89378,-118.61691,2,2.7,1.81588
33729,Dr. Mary Thomas DDS,7,16,12,2024,3,34.1261,-118.30917,10,5.8,3.89147
61519,Anthony Davenport,7,16,12,2024,3,33.89378,-118.56562,2,2.1,1.39825
17034,Jason Campbell,7,16,12,2024,3,33.93602,-118.56562,5,2.5,1.67536
93998,Donald Garza,7,16,12,2024,3,33.95714,-118.27497667,7,4.6,3.04048
47603,Toni Chung,7,16,12,2024,3,33.9149,-118.48013667,3,2.2,1.44592
10573,Jose Sellers,7,16,12,2024,3,33.93602,-118.51433,5,2.1,1.42203
43189,Kristin Arnold,7,16,12,2024,3,33.76706,-118.41175,1,1.8,1.18386
91473,Zachary Kim,7,16,12,2024,3,33.9149,-118.44594333,3,0.9,0.63157
13586,Todd Gregory,7,16,12,2024,3,34.06274,-118.36046,10,1.9,1.25131
42934,Bobby Gray,7,16,12,2024,3,34.27394,-118.25788,11,50.6,33.70526
65180,Katie Grimes,7,16,12,2024,3,33.93602,-118.27497667,7,4.6,3.04914
44562,Leon Villanueva,7,16,12,2024,3,33.93602,-118.20659,8,0.5,0.34571
42570,Bradley Collins,7,16,12,2024,3,33.89378,-118.36046,4,2.3,1.51492
75072,Emily Smith,7,16,12,2024,3,33.83042,-118.46304,3,0.6,0.40733
14613,Sara Miller,7,16,12,2024,3,34.0205,-118.48013667,5,9.1,6.06649
34608,Randy Jackson,7,16,12,2024,3,34.06274,-118.37755667,9,1.9,1.28308
78422,Elizabeth Kennedy,7,16,12,2024,3,33.97826,-118.41175,6,2.7,1.80436
42513,Adrian Dennis,7,16,12,2024,3,34.06274,-118.24078333,10,12.9,8.58161
14330,Autumn Walter,7,16,12,2024,3,33.87266,-118.30917,4,2.1,1.38715
28938,Andrew Sanchez,7,16,12,2024,3,33.8093,-118.32626667,4,14.1,9.36951
60194,Amanda Torres,7,16,12,2024,3,33.85154,-118.59981333,2,3.1,2.04279
43531,Kyle Wright,7,16,12,2024,3,33.97826,-118.56562,5,2.5,1.66494
30738,Bradley Cummings,7,16,12,2024,3,33.97826,-118.18949333,8,11.2,7.46754
79212,Miguel Watson,7,16,12,2024,3,34.06274,-118.42884667,9,3.2,2.13313
91106,Cassandra Fry,7,16,12,2024,3,33.89378,-118.37755667,4,3.8,2.53008
30940,David Krueger,7,16,12,2024,3,33.78818,-118.32626667,4,15.0,9.9693
58855,Michael Lin,7,16,12,2024,3,34.04162,-118.48013667,9,8.4,5.56677
69518,Corey Anderson,7,16,12,2024,3,33.99938,-118.41175,6,1.6,1.07728
58561,Ricardo Fernandez PhD,7,16,12,2024,3,33.99938,-118.49723333,5,1.6,1.0763
63764,Erin Crawford,7,16,12,2024,3,34.06274,-118.29207333,10,1.3,0.89344
74427,Paul Horn,7,16,12,2024,3,34.08386,-118.44594333,9,3.2,2.13031
99802,Joshua Wilson,7,16,12,2024,3,34.21058,-118.22368667,11,44.1,29.39975
20895,Jasmine Salazar,7,16,12,2024,3,34.06274,-118.25788,10,1.8,1.20412
19896,William Adams,7,16,12,2024,3,33.85154,-118.34336333,4,5.2,3.49337
76856,Brian Morris,7,16,12,2024,3,34.06274,-118.44594333,9,3.0,2.0123
89415,Haley Hall,7,16,12,2024,3,33.78818,-118.36046,4,10.0,6.67036
18188,Marissa Ayala,7,16,12,2024,3,33.76706,-118.44594333,1,0.5,0.36096
60176,Stephen Wood,7,16,12,2024,3,33.99938,-118.27497667,7,2.2,1.47078
46621,Dawn Nelson,7,16,12,2024,3,34.14722,-118.25788,11,34.1,22.72639
81825,Paul Acosta,7,16,12,2024,3,33.74594,-118.58271667,2,0.9,0.58815
22181,Christopher Lawrence,7,16,12,2024,3,33.97826,-118.30917,7,7.1,4.7518
71070,Sherry Stewart,7,16,12,2024,3,33.83042,-118.42884667,3,1.2,0.80749
13549,Sheena Phillips,7,16,12,2024,3,33.78818,-118.37755667,4,4.8,3.18288
90231,Isabella Nunez,7,16,12,2024,3,34.0205,-118.49723333,5,8.0,5.35681
48741,Ryan Harrison,7,16,12,2024,3,33.83042,-118.58271667,2,0.7,0.45357
57637,Janet Morris,7,16,12,2024,3,33.87266,-118.36046,4,6.0,3.97941
89744,Miguel Robinson,7,16,12,2024,3,33.97826,-118.42884667,6,0.8,0.54808
11956,Dwayne Bryan,7,16,12,2024,3,34.0205,-118.37755667,6,0.8,0.5621
96090,Jacob Williams,7,16,12,2024,3,34.08386,-118.39465333,9,1.0,0.67559
61376,Eric Chavez,7,16,12,2024,3,34.10498,-118.44594333,9,2.4,1.58681
48890,Daniel Evans,7,16,12,2024,3,33.95714,-118.27497667,7,7.1,4.73694
60362,Cameron Bell,7,16,12,2024,3,33.87266,-118.29207333,4,0.8,0.52298
24089,Laurie Washington,7,16,12,2024,3,34.08386,-118.25788,10,12.0,7.97423
70064,Matthew Barnes,7,16,12,2024,3,34.04162,-118.32626667,10,2.2,1.47756
31708,Sean Porter,7,16,12,2024,3,33.95714,-118.34336333,6,1.7,1.14437
44885,Kelli Jefferson,7,16,12,2024,3,33.72482,-118.41175,1,6.8,4.5453
88107,Phillip Jones,7,16,12,2024,3,34.2317,-118.30917,11,46.5,30.98812
35310,Erik Reid,7,16,12,2024,3,33.76706,-118.61691,2,1.2,0.79994
19660,David Austin,7,16,12,2024,3,33.95714,-118.58271667,5,4.3,2.88035
99601,James Vaughn,7,16,12,2024,3,33.78818,-118.39465333,1,4.8,3.17988
70366,Amy Knight,7,16,12,2024,3,33.89378,-118.41175,3,4.2,2.81377
44368,Brandon Flores,7,16,12,2024,3,33.76706,-118.59981333,2,1.0,0.66512
52423,Mrs. Lindsey Conner,7,16,12,2024,3,33.85154,-118.59981333,2,1.4,0.9529
97009,Anthony Schmidt,7,16,12,2024,3,33.87266,-118.34336333,4,3.7,2.47756
42266,Bradley Banks,7,16,12,2024,3,33.8093,-118.44594333,1,5.0,3.34547
91522,Alice Hansen,7,16,12,2024,3,34.1261,-118.27497667,10,13.0,8.64346
45356,David Soto,7,16,12,2024,3,33.89378,-118.34336333,4,4.8,3.21581
48574,Marilyn Davis,7,16,12,2024,3,33.85154,-118.37755667,4,1.0,0.6801
33571,Karen Pena,7,16,12,2024,3,33.97826,-118.37755667,6,3.1,2.05898
33294,Danny Morgan,7,16,12,2024,3,34.3373,-118.29207333,11,61.6,41.06539
43763,Donald Reese,7,16,12,2024,3,34.0205,-118.22368667,8,4.3,2.88945
85570,Emily Austin,7,16,12,2024,3,33.97826,-118.30917,7,2.1,1.36801
22473,Stephanie Sloan,7,16,12,2024,3,34.14722,-118.30917,11,6.1,4.05015
28874,Elizabeth Welch,7,16,12,2024,3,33.95714,-118.24078333,7,2.7,1.8208
77542,Ryan Gomez,7,16,12,2024,3,34.0205,-118.42884667,6,2.2,1.49107
81389,Nicholas Banks,7,16,12,2024,3,34.0205,-118.44594333,6,3.5,2.34482
58656,Bobby Rowe,7,16,12,2024,3,34.08386,-118.41175,9,1.1,0.74123
92502,Thomas Owens,7,16,12,2024,3,33.89378,-118.56562,2,1.8,1.20705
10006,Terry Smith,7,16,12,2024,3,33.89378,-118.20659,8,1.4,0.95543
27648,Michael Blackwell,7,16,12,2024,3,33.76706,-118.48013667,1,3.1,2.06869
18478,Angela Nguyen MD,7,16,12,2024,3,33.74594,-118.46304,1,2.0,1.33422
19907,Bethany Webb,7,16,12,2024,3,33.93602,-118.32626667,6,2.7,1.79099
82680,Kimberly Wagner,7,16,12,2024,3,33.9149,-118.53142667,3,0.9,0.6199
65677,Sarah Gordon,7,16,12,2024,3,33.89378,-118.41175,3,2.9,1.9283
10432,Kristina Jackson,7,16,12,2024,3,34.29506,-118.24078333,11,56.4,37.61153
53579,Grace Valenzuela,7,16,12,2024,3,34.14722,-118.29207333,11,14.8,9.84685
37214,Christine Hansen,7,16,12,2024,3,34.0205,-118.56562,5,5.8,3.86163
25321,Cindy Fletcher,7,16,12,2024,3,34.2317,-118.22368667,11,47.1,31.37442
90854,Shannon Fields,7,16,12,2024,3,33.89378,-118.54852333,2,1.4,0.91306
67710,Mary Moore,7,16,12,2024,3,33.87266,-118.54852333,2,1.1,0.7115
28476,Joe Wheeler,7,16,12,2024,3,34.18946,-118.29207333,11,41.0,27.36402
99209,Shannon Marshall,7,16,12,2024,3,33.9149,-118.32626667,4,2.5,1.68996
21211,Derrick Woodward,7,16,12,2024,3,34.08386,-118.27497667,10,14.9,9.92354
45299,John Stewart PhD,7,16,12,2024,3,34.04162,-118.30917,10,5.5,3.6967
14382,Joan Jones,7,16,12,2024,3,33.95714,-118.56562,5,0.6,0.39904
33255,Timothy Johnson DDS,7,16,12,2024,3,34.0205,-118.36046,6,1.3,0.88033
52988,Heather Heath,7,16,12,2024,3,34.2317,-118.29207333,11,48.2,32.14987
87633,Nathan Carrillo,7,16,12,2024,3,33.85154,-118.46304,3,1.6,1.03848
19419,Mr. Derek Shaw,7,16,12,2024,3,33.85154,-118.49723333,3,0.9,0.59172
39531,Anna Brewer,7,16,12,2024,3,33.87266,-118.56562,2,0.3,0.17304
60091,Michael Mcclure,7,16,12,2024,3,33.76706,-118.63400667,2,4.5,2.98323
24953,Michael Navarro,7,16,12,2024,3,34.29506,-118.25788,11,53.0,35.36417
17439,Bruce Garcia,7,16,12,2024,3,34.3373,-118.30917,11,66.2,44.11955
90748,Shelby Jimenez,7,16,12,2024,3,34.1261,-118.27497667,10,11.4,7.61835
76337,Helen Bailey,7,16,12,2024,3,33.89378,-118.29207333,4,2.4,1.60487
46067,Cory Simon,7,16,12,2024,3,33.76706,-118.49723333,1,2.2,1.48196
69199,Michael Watson,7,16,12,2024,3,34.10498,-118.27497667,10,8.2,5.45231
76403,William Miller,7,16,12,2024,3,33.74594,-118.48013667,1,4.0,2.64685
41039,Amy Thomas,7,16,12,2024,3,33.76706,-118.56562,2,1.9,1.28121
44102,Krystal Sellers,7,16,12,2024,3,33.93602,-118.46304,6,0.9,0.56837
27886,Melissa Price,7,16,12,2024,3,34.25282,-118.22368667,11,45.8,30.52784
25453,John Martinez,7,16,12,2024,3,34.06274,-118.34336333,10,2.6,1.72782
46659,Michael Ruiz,7,16,12,2024,3,33.9149,-118.20659,8,0.8,0.56041
23252,Jeremy Simon,7,16,12,2024,3,34.08386,-118.29207333,10,0.6,0.39937
56162,Travis Warren,7,16,12,2024,3,34.25282,-118.25788,11,49.4,32.92268
48388,Sharon Spencer,7,16,12,2024,3,33.9149,-118.27497667,4,2.2,1.44349
49797,Laura Smith,7,16,12,2024,3,33.85154,-118.39465333,3,0.7,0.49638
81153,Becky Wilson,7,16,12,2024,3,33.76706,-118.59981333,2,1.4,0.92167
62457,Sherry Conley,7,16,12,2024,3,33.87266,-118.37755667,4,5.3,3.51044
77494,David Mcclure,7,16,12,2024,3,34.0205,-118.30917,7,1.4,0.93348
93949,Grant Williams,7,16,12,2024,3,34.25282,-118.25788,11,55.2,36.80816
94009,John Jenkins,7,16,12,2024,3,33.89378,-118.42884667,3,1.2,0.77229
17659,Lisa Allen,7,16,12,2024,3,33.97826,-118.44594333,6,1.2,0.8173
53732,Cynthia Boyd,7,16,12,2024,3,33.85154,-118.39465333,3,1.9,1.24817
37568,Christopher Williams,7,16,12,2024,3,34.0205,-118.34336333,6,1.5,1.02652
81869,Oscar Atkins,7,16,12,2024,3,33.93602,-118.17239667,8,31.2,20.77312
39099,Thomas Walker,7,16,12,2024,3,34.08386,-118.41175,9,2.0,1.31167
89015,Megan Gould,7,16,12,2024,3,33.99938,-118.56562,5,3.4,2.29515
40171,Vicki Harrison,7,16,12,2024,3,34.21058,-118.30917,11,14.3,9.55622
56077,Matthew Taylor,7,16,12,2024,3,34.25282,-118.22368667,11,50.4,33.56968
50804,Jacqueline Hawkins,7,16,12,2024,3,33.87266,-118.56562,2,2.4,1.61673
31240,Lisa Dennis,7,16,12,2024,3,34.25282,-118.29207333,11,42.5,28.34092
89581,Michael Lucas,7,16,12,2024,3,33.87266,-118.30917,4,1.7,1.12639
34551,Candice Harrell,7,16,12,2024,3,33.93602,-118.34336333,6,1.7,1.13071
97983,Jaclyn Harding,7,16,12,2024,3,33.8093,-118.25788,4,14.8,9.85499
66245,Christopher Orozco,7,16,12,2024,3,33.97826,-118.44594333,6,2.1,1.37392
91490,Melissa Green,7,16,12,2024,3,34.08386,-118.37755667,9,1.8,1.18138
78172,Tara Thomas,7,16,12,2024,3,34.0205,-118.29207333,7,1.7,1.16505
67001,Stephen Hess,7,16,12,2024,3,34.04162,-118.37755667,9,0.9,0.56908
61453,Carol Santos MD,7,16,12,2024,3,34.08386,-118.37755667,9,5.6,3.70822
82615,Holly Bowers,7,16,12,2024,3,33.72482,-118.48013667,1,7.9,5.24887
68798,Juan Schmidt,7,16,12,2024,3,33.9149,-118.58271667,2,8.2,5.47039
60169,Paige Jacobs,7,16,12,2024,3,33.97826,-118.36046,6,1.7,1.10834
10244,Mary Barrera,7,16,12,2024,3,33.87266,-118.63400667,2,8.3,5.50084
55126,Jeffrey King,7,16,12,2024,3,33.87266,-118.51433,3,0.5,0.31986
46693,Susan Murray,7,16,12,2024,3,34.10498,-118.27497667,10,13.2,8.81942
24758,Laura Gardner,7,16,12,2024,3,33.89378,-118.48013667,3,2.7,1.81517
53605,Sandra Espinoza,7,16,12,2024,3,34.10498,-118.42884667,9,6.6,4.4149
48201,Steven Mora,7,16,12,2024,3,33.95714,-118.1553,8,21.6,14.41676
70560,Kayla Hatfield,7,16,12,2024,3,33.9149,-118.17239667,8,3.8,2.5539
49935,Selena Valencia,7,16,12,2024,3,34.06274,-118.29207333,10,2.5,1.68709
82348,Jose Fisher,7,16,12,2024,3,34.0205,-118.53142667,5,1.7,1.15851
53220,Erin Wright,7,16,12,2024,3,33.8093,-118.27497667,4,10.3,6.89923
76962,Miguel Kaufman,7,16,12,2024,3,33.89378,-118.18949333,8,0.5,0.33143
17562,Andrew Wade,7,16,12,2024,3,33.87266,-118.36046,4,2.7,1.79877
27742,John Ruiz,7,16,12,2024,3,34.04162,-118.24078333,10,4.4,2.93324
33311,Brittany Burgess,7,16,12,2024,3,33.87266,-118.41175,3,1.9,1.2781
73592,Patricia Buckley,7,16,12,2024,3,33.97826,-118.22368667,8,2.9,1.94256
59534,Chad Peterson,7,16,12,2024,3,33.99938,-118.36046,6,0.8,0.54959
39543,Daniel Carrillo,7,16,12,2024,3,33.97826,-118.36046,6,1.6,1.05382
21779,Cameron Henderson,7,16,12,2024,3,33.8093,-118.44594333,1,3.9,2.60157
17449,Jeffrey Francis,7,16,12,2024,3,33.8093,-118.54852333,1,2.0,1.35535
93454,Christopher Scott,7,16,12,2024,3,34.25282,-118.24078333,11,58.1,38.72167
83977,Isabel Thomas,7,16,12,2024,3,33.99938,-118.18949333,8,12.9,8.58865
19466,Becky Valentine,7,16,12,2024,3,33.8093,-118.65110333,2,7.2,4.77903
93616,John Blake,8,16,12,2024,0,33.78818,-118.61691,2,1.5,0.98126
66051,Joe Jefferson,8,16,12,2024,0,33.89378,-118.51433,3,2.4,1.62603
36173,John Miller,8,16,12,2024,0,33.83042,-118.58271667,2,3.3,2.18653
88856,Debra Cain,8,16,12,2024,0,33.87266,-118.56562,2,1.8,1.21877
39185,Robert Daniel,8,16,12,2024,0,34.0205,-118.42884667,6,0.7,0.48514
13939,Kyle Robinson,8,16,12,2024,0,34.0205,-118.49723333,5,4.0,2.65066
39475,Melissa Turner,8,16,12,2024,0,33.87266,-118.37755667,4,1.0,0.67411
21985,Tamara Hernandez,8,16,12,2024,0,34.10498,-118.27497667,10,3.3,2.20383
28107,James Hobbs,8,16,12,2024,0,33.74594,-118.49723333,1,1.2,0.82945
68711,Joseph Jenkins,8,16,12,2024,0,33.76706,-118.54852333,1,5.0,3.30645
90031,Scott Vincent,8,16,12,2024,0,33.99938,-118.41175,6,0.6,0.40797
99116,Robert Park,8,16,12,2024,0,33.85154,-118.46304,3,0.9,0.5728
46141,Zoe Young PhD,8,16,12,2024,0,34.10498,-118.25788,10,12.9,8.56849
14981,Amy Henry,8,16,12,2024,0,33.85154,-118.34336333,4,1.9,1.29187
13362,Derek Hudson,8,16,12,2024,0,33.99938,-118.34336333,6,0.7,0.47118
90939,Anthony Murphy,8,16,12,2024,0,34.14722,-118.25788,11,12.8,8.50053
53580,Ernest Brown,8,16,12,2024,0,34.27394,-118.30917,11,45.1,30.03354
17045,Frank Williams,8,16,12,2024,0,33.78818,-118.51433,1,0.3,0.233
71948,Teresa Taylor,8,16,12,2024,0,33.85154,-118.53142667,3,1.3,0.84657
61618,Sara Barr,8,16,12,2024,0,33.8093,-118.65110333,2,4.9,3.25894
77631,Gregory Jones,8,16,12,2024,0,33.78818,-118.27497667,4,13.7,9.12647
86463,Dawn Ramos,8,16,12,2024,0,33.83042,-118.65110333,2,3.2,2.16295
99922,Joshua Costa,8,16,12,2024,0,34.16834,-118.30917,11,8.8,5.84527
65231,Thomas Ortiz,8,16,12,2024,0,33.9149,-118.54852333,2,1.6,1.0503
10367,Sherry Rhodes,8,16,12,2024,0,33.89378,-118.32626667,4,2.9,1.96516
49437,Alejandro Garcia,8,16,12,2024,0,34.04162,-118.25788,10,8.9,5.94466
10828,Jeremy Vaughn,8,16,12,2024,0,33.87266,-118.48013667,3,1.9,1.23916
44340,Jason Cummings,8,16,12,2024,0,34.06274,-118.22368667,10,11.4,7.6283
58492,Willie Schmitt,8,16,12,2024,0,34.29506,-118.29207333,11,47.4,31.57912
45412,Joe Guerrero,8,16,12,2024,0,33.9149,-118.36046,4,0.2,0.16437
37628,Timothy Hicks,8,16,12,2024,0,33.7037,-118.42884667,1,3.8,2.51479
51871,William Wright,8,16,12,2024,0,34.16834,-118.27497667,11,14.7,9.82346
24890,Kimberly Hubbard,8,16,12,2024,0,33.9149,-118.53142667,3,1.3,0.88888
26220,Kevin Green,8,16,12,2024,0,33.83042,-118.65110333,2,6.9,4.61884
27312,Mark Erickson,8,16,12,2024,0,33.87266,-118.56562,2,2.3,1.50283
27410,Mark Brooks,8,16,12,2024,0,33.85154,-118.54852333,2,1.3,0.89575
82100,Glenn Townsend,8,16,12,2024,0,34.21058,-118.30917,11,14.4,9.59768
94784,Todd Robinson,8,16,12,2024,0,33.99938,-118.49723333,5,0.9,0.61929
24625,John Fox,8,16,12,2024,0,33.78818,-118.49723333,1,1.9,1.27184
21284,Alexandra Hamilton PhD,8,16,12,2024,0,34.04162,-118.39465333,9,1.9,1.24248
18424,William Clark,8,16,12,2024,0,33.85154,-118.51433,3,0.3,0.21148
70249,Alexis Smith,8,16,12,2024,0,34.3373,-118.30917,11,66.0,43.97949
74292,Kenneth Zimmerman,8,16,12,2024,0,33.93602,-118.18949333,8,26.7,17.7833
18660,Jacqueline Johnson,8,16,12,2024,0,33.83042,-118.51433,3,1.7,1.10945
88456,Adam Martin,8,16,12,2024,0,34.04162,-118.32626667,10,0.8,0.54088
64176,Kimberly Kennedy,8,16,12,2024,0,33.76706,-118.63400667,2,4.1,2.7209
27623,William Knight,8,16,12,2024,0,33.95714,-118.56562,5,2.0,1.344
70595,Ryan Williams,8,16,12,2024,0,33.89378,-118.20659,8,0.7,0.43455
70830,Alexander Barron,8,16,12,2024,0,33.89378,-118.65110333,2,5.8,3.83651
25851,Scott Davis,8,16,12,2024,0,33.99938,-118.42884667,6,0.3,0.16885
27955,Gail Sparks,8,16,12,2024,0,33.93602,-118.56562,5,2.4,1.62113
55805,Michelle Murphy,8,16,12,2024,0,34.21058,-118.30917,11,13.4,8.90796
70493,Lisa Rodriguez,8,16,12,2024,0,33.9149,-118.53142667,3,1.5,0.98517
36321,Stephen Thomas,8,16,12,2024,0,33.99938,-118.32626667,6,1.1,0.76527
76840,Sara Flores DDS,8,16,12,2024,0,33.78818,-118.56562,2,2.7,1.80955
65073,Kristin Rodriguez,8,16,12,2024,0,33.99938,-118.41175,6,1.6,1.07391
42881,Matthew Turner,8,16,12,2024,0,33.78818,-118.39465333,1,3.4,2.29655
64069,Adam Smith DVM,8,16,12,2024,0,33.89378,-118.44594333,3,1.0,0.69065
13507,Jacqueline Frank,8,16,12,2024,0,34.04162,-118.24078333,10,4.4,2.95553
13245,Samantha Parker,8,16,12,2024,0,33.85154,-118.41175,3,0.8,0.53228
28541,Paul Smith,8,16,12,2024,0,34.29506,-118.27497667,11,49.0,32.66847
66651,Eric Phillips,8,16,12,2024,0,34.06274,-118.34336333,10,1.8,1.2074
11754,Madison Patel,8,16,12,2024,0,33.97826,-118.1553,8,11.6,7.76075
23265,Andrew Mcdonald,8,16,12,2024,0,34.08386,-118.29207333,10,0.4,0.29073
61156,Regina Herring,8,16,12,2024,0,33.95714,-118.29207333,7,4.4,2.92547
29533,James Gutierrez,8,16,12,2024,0,33.9149,-118.37755667,4,1.8,1.20344
95414,Kathleen Bryan,8,16,12,2024,0,33.93602,-118.39465333,6,0.2,0.13613
80937,Travis Stanley,8,16,12,2024,0,33.97826,-118.46304,6,2.4,1.57126
20646,Kathleen Ryan,8,16,12,2024,0,34.04162,-118.41175,9,5.1,3.39645
52370,Mario Hayes,8,16,12,2024,0,33.72482,-118.44594333,1,6.5,4.3514
34394,Ryan Pittman,8,16,12,2024,0,33.93602,-118.34336333,6,1.8,1.16677
74383,April Miller,8,16,12,2024,0,33.93602,-118.41175,6,1.5,1.02696
60348,Shane Jones,8,16,12,2024,0,34.0205,-118.29207333,7,0.2,0.15662
51924,Jonathan Johnson,8,16,12,2024,0,34.10498,-118.49723333,9,13.6,9.04477
77183,Lisa Castillo,8,16,12,2024,0,33.99938,-118.30917,7,1.5,1.01242
28672,Michelle Raymond,8,16,12,2024,0,34.10498,-118.39465333,9,0.4,0.2748
37427,Brenda Zimmerman,8,16,12,2024,0,33.89378,-118.61691,2,2.6,1.72175
46185,Sydney Garcia,8,16,12,2024,0,33.87266,-118.30917,4,2.3,1.56475
38652,David Cervantes,8,16,12,2024,0,33.78818,-118.41175,1,2.2,1.46711
42607,Daniel Harris,8,16,12,2024,0,33.8093,-118.58271667,2,1.2,0.80337
16071,Sean Collins,8,16,12,2024,0,33.89378,-118.37755667,4,1.0,0.69932
23585,Christina Howell,8,16,12,2024,0,33.93602,-118.58271667,5,4.1,2.74682
45039,Emily Moore,8,16,12,2024,0,33.89378,-118.46304,3,2.3,1.51478
50735,Jason Wang,8,16,12,2024,0,34.27394,-118.27497667,11,57.0,38.02599
66200,Lisa Frazier,8,16,12,2024,0,33.8093,-118.39465333,1,3.7,2.43422
44408,William Holt,8,16,12,2024,0,33.8093,-118.61691,2,1.9,1.24809
69830,Manuel Hernandez,8,16,12,2024,0,33.76706,-118.49723333,1,1.2,0.76977
12109,Adam Smith,8,16,12,2024,0,34.0205,-118.25788,7,1.7,1.14868
64065,Christopher Rollins,8,16,12,2024,0,33.93602,-118.49723333,5,0.9,0.61525
84304,John Tanner,8,16,12,2024,0,33.85154,-118.46304,3,0.8,0.5265
24734,Michelle Davis,8,16,12,2024,0,33.87266,-118.48013667,3,2.5,1.67051
36592,Nancy Lee,8,16,12,2024,0,33.72482,-118.48013667,1,2.2,1.4676
30361,Beth Smith,8,16,12,2024,0,33.87266,-118.61691,2,2.0,1.34547
25693,William Cook,8,16,12,2024,0,33.8093,-118.49723333,1,0.9,0.60046
35508,Allison Hughes,8,16,12,2024,0,33.99938,-118.48013667,5,0.3,0.21003
42116,Donald Duncan,8,16,12,2024,0,33.87266,-118.41175,3,0.8,0.51523
25619,Krystal Bryant,8,16,12,2024,0,34.06274,-118.36046,10,1.9,1.28097
22021,Kristy Garcia,8,16,12,2024,0,33.85154,-118.44594333,3,0.2,0.13813
44374,Sarah Bentley,8,16,12,2024,0,34.08386,-118.48013667,9,11.7,7.80783
42472,Paul Herrera,8,16,12,2024,0,33.83042,-118.37755667,4,1.5,0.99282
43025,Margaret Carter,8,16,12,2024,0,33.87266,-118.63400667,2,1.4,0.91668
82660,Jeffrey Shepherd,8,16,12,2024,0,33.87266,-118.36046,4,0.6,0.40849
81841,Alejandro Peck,8,16,12,2024,0,34.06274,-118.25788,10,2.0,1.36458
59316,Susan Smith,8,16,12,2024,0,33.93602,-118.53142667,5,2.5,1.65857
25975,Scott Barrera,8,16,12,2024,0,33.99938,-118.56562,5,2.8,1.8381
28120,Kim Lane,8,16,12,2024,0,34.08386,-118.42884667,9,4.1,2.71836
37015,John Phillips DVM,8,16,12,2024,0,33.89378,-118.41175,3,2.2,1.45724
27371,Travis Mcdaniel,8,16,12,2024,0,33.95714,-118.36046,6,1.5,0.99786
99529,Justin Martinez,8,16,12,2024,0,34.0205,-118.41175,6,2.2,1.4569
21327,Alejandro Holmes MD,8,16,12,2024,0,33.7037,-118.41175,1,13.4,8.92274
81402,Jeffrey Smith,8,16,12,2024,0,33.83042,-118.6682,2,6.8,4.51489
64328,Jordan Harrell,8,16,12,2024,0,34.08386,-118.37755667,9,0.8,0.54901
42423,Whitney Cabrera,8,16,12,2024,0,33.78818,-118.39465333,1,0.2,0.13767
98375,Terri Weiss,8,16,12,2024,0,33.95714,-118.54852333,5,1.7,1.13939
98809,Martin Diaz,8,16,12,2024,0,34.2317,-118.29207333,11,44.4,29.61606
47064,Teresa Robinson,8,16,12,2024,0,34.1261,-118.48013667,9,12.3,8.23235
72667,Justin Hodges,8,16,12,2024,0,34.08386,-118.30917,10,2.5,1.66531
90899,Aaron Parker,8,16,12,2024,0,33.83042,-118.63400667,2,4.1,2.75953
87313,Ms. Kristi Cabrera,8,16,12,2024,0,33.97826,-118.53142667,5,3.0,1.97313
71527,Barbara Flynn,8,16,12,2024,0,33.87266,-118.37755667,4,2.4,1.60657
25647,Sean Yoder,8,16,12,2024,0,33.99938,-118.37755667,6,0.5,0.36011
89795,Brittany Smith,8,16,12,2024,0,33.78818,-118.56562,2,1.2,0.82677
42474,Emma Houston,8,16,12,2024,0,33.93602,-118.32626667,6,3.2,2.10807
64178,Hannah Johnson,8,16,12,2024,0,33.8093,-118.51433,1,1.4,0.93822
30523,Eric Holmes,8,16,12,2024,0,33.87266,-118.34336333,4,3.6,2.37747
15896,Richard Reed,8,16,12,2024,0,33.87266,-118.46304,3,1.3,0.88163
11260,Pamela Reeves,8,16,12,2024,0,33.83042,-118.42884667,3,0.7,0.46682
79915,Jason Ortiz,8,16,12,2024,0,33.8093,-118.56562,2,5.7,3.78349
70479,Luke Hoffman,8,16,12,2024,0,33.95714,-118.18949333,8,14.6,9.76594
52160,Lauren Howard,8,16,12,2024,0,33.87266,-118.65110333,2,3.6,2.41454
93491,Michelle Richardson,8,16,12,2024,0,33.97826,-118.49723333,5,0.8,0.55795
58087,Robin Thomas,8,16,12,2024,0,34.04162,-118.42884667,9,2.3,1.50111
84609,Maria Mills,8,16,12,2024,0,33.85154,-118.39465333,3,1.2,0.7874
73427,Brian Burke,8,16,12,2024,0,33.89378,-118.56562,2,1.2,0.79243
88295,Seth Coleman,8,16,12,2024,0,34.06274,-118.24078333,10,13.4,8.93348
99916,Courtney Sampson,8,16,12,2024,0,33.95714,-118.42884667,6,1.6,1.06334
51236,Jeffrey Spencer,8,16,12,2024,0,33.74594,-118.44594333,1,6.3,4.1926
61693,Bryce Moody,8,16,12,2024,0,33.76706,-118.48013667,1,1.0,0.66558
25999,Megan Patterson,8,16,12,2024,0,33.78818,-118.42884667,1,2.2,1.49945
72455,Allison Lozano,8,16,12,2024,0,33.85154,-118.65110333,2,1.1,0.71367
38646,Larry Payne,8,16,12,2024,0,34.10498,-118.48013667,9,3.2,2.14237
41314,Stephanie Boyer,8,16,12,2024,0,33.74594,-118.49723333,1,1.1,0.70701
12907,Mrs. Christine Horn,8,16,12,2024,0,33.89378,-118.20659,8,1.1,0.74379
74700,Natalie Duncan,8,16,12,2024,0,33.9149,-118.32626667,4,3.5,2.3445
70238,Tracy Small,8,16,12,2024,0,33.95714,-118.30917,7,1.4,0.9463
50761,Kelly Rose,8,16,12,2024,0,34.10498,-118.30917,10,1.7,1.1585
20824,Bernard Payne,8,16,12,2024,0,33.95714,-118.53142667,5,0.6,0.43292
54775,Matthew Smith,8,16,12,2024,0,33.76706,-118.27497667,4,12.5,8.30941
97727,Erin Huerta,8,16,12,2024,0,33.93602,-118.1553,8,24.4,16.28214
52894,Belinda Vega,8,16,12,2024,0,34.31618,-118.25788,11,52.4,34.926
76393,Candice Perez,8,16,12,2024,0,33.89378,-118.37755667,4,0.4,0.25816
57636,Kenneth Mcgee,8,16,12,2024,0,34.27394,-118.29207333,11,51.8,34.52246
75820,Eddie Gonzalez,8,16,12,2024,0,33.95714,-118.53142667,5,2.7,1.79993
84085,Katherine Ramos,8,16,12,2024,0,33.9149,-118.20659,8,0.6,0.42429
56779,Melanie Rodriguez,8,16,12,2024,0,34.08386,-118.24078333,10,8.5,5.67384
45462,Stephanie Herrera,8,16,12,2024,0,33.9149,-118.49723333,3,0.3,0.18431
94406,William Perry,8,16,12,2024,0,33.93602,-118.39465333,6,1.6,1.09597
15433,Douglas Rollins,8,16,12,2024,0,33.89378,-118.18949333,8,1.9,1.24087
45985,George Howard,8,16,12,2024,0,34.3373,-118.27497667,11,66.9,44.63113
76972,Amber Washington,8,16,12,2024,0,33.76706,-118.42884667,1,2.5,1.67775
94013,Daniel Davis DDS,8,16,12,2024,0,34.10498,-118.22368667,10,15.0,9.99302
25514,Daniel Taylor,8,16,12,2024,0,33.9149,-118.18949333,8,2.6,1.75432
38947,Andrea Bowman,8,16,12,2024,0,33.78818,-118.54852333,1,4.0,2.66978
97584,James White,8,16,12,2024,0,34.25282,-118.27497667,11,44.4,29.62416
28095,Russell Miller,8,16,12,2024,0,33.99938,-118.44594333,6,3.4,2.29432
47784,Jeremy Trujillo,8,16,12,2024,0,33.9149,-118.34336333,4,5.0,3.3294
76828,Randall Bond,8,16,12,2024,0,33.8093,-118.36046,4,3.6,2.38234
19877,Barbara White,8,16,12,2024,0,34.04162,-118.24078333,10,11.7,7.81776
50255,Angela Hill,8,16,12,2024,0,34.10498,-118.24078333,10,13.9,9.2535
99546,John Valencia,8,16,12,2024,0,33.72482,-118.41175,1,9.7,6.47674
95750,Victoria Edwards,8,16,12,2024,0,33.95714,-118.34336333,6,2.6,1.71244
75744,Keith Moody,8,16,12,2024,0,33.99938,-118.46304,6,0.2,0.15006
22711,Laura Bradley,8,16,12,2024,0,33.78818,-118.53142667,1,2.0,1.3539
45681,Austin Andrews,8,16,12,2024,0,33.89378,-118.59981333,2,2.7,1.784
23901,Heidi Fitzgerald,8,16,12,2024,0,34.04162,-118.34336333,10,2.6,1.76061
52930,Kathleen Clark,8,16,12,2024,0,34.04162,-118.41175,9,1.1,0.76497
29622,Mariah Jackson,8,16,12,2024,0,33.87266,-118.39465333,3,2.3,1.55436
35784,Ronald Andrews,8,16,12,2024,0,33.8093,-118.37755667,4,4.6,3.08125
18343,Abigail White,8,16,12,2024,0,33.78818,-118.48013667,1,2.0,1.35099
20495,Michelle Dawson,8,16,12,2024,0,33.89378,-118.22368667,8,3.7,2.47214
17276,Randy Williams,8,16,12,2024,0,33.78818,-118.29207333,4,9.7,6.46499
83727,Christopher King,8,16,12,2024,0,33.97826,-118.32626667,6,0.8,0.54271
23763,Jeanette Barrett,8,16,12,2024,0,33.89378,-118.22368667,8,0.3,0.2182
98566,Michael Wilson,8,16,12,2024,0,34.04162,-118.27497667,10,0.5,0.33894
20014,Nathan Morris,8,16,12,2024,0,33.76706,-118.53142667,1,2.1,1.37012
26350,Jesus Williams,8,16,12,2024,0,33.95714,-118.17239667,8,13.7,9.10167
56131,Brenda Fisher,8,16,12,2024,0,33.74594,-118.56562,2,4.3,2.83352
39880,John Mcbride,8,16,12,2024,0,33.99938,-118.30917,7,0.8,0.50151
66113,Donna Rodriguez,8,16,12,2024,0,34.10498,-118.41175,9,1.6,1.0856
37012,James Mccoy,8,16,12,2024,0,33.93602,-118.29207333,7,1.6,1.06521
21836,Andrea Aguilar,8,16,12,2024,0,33.87266,-118.56562,2,1.9,1.28401
68626,David Leach,8,16,12,2024,0,34.0205,-118.53142667,5,1.2,0.80502
51319,Aaron Moore,8,16,12,2024,0,33.85154,-118.42884667,3,0.9,0.56967
90551,Susan Banks,8,16,12,2024,0,34.0205,-118.34336333,6,1.7,1.16155
14476,Melissa Martinez,8,16,12,2024,0,33.78818,-118.36046,4,5.3,3.56508
57465,Brian White,8,16,12,2024,0,33.87266,-118.36046,4,2.7,1.83121
33070,Cameron Davenport,8,16,12,2024,0,33.87266,-118.6682,2,7.8,5.20372
73655,Teresa Stephens,8,16,12,2024,0,33.74594,-118.44594333,1,2.7,1.77273
59409,Jennifer Kline,8,16,12,2024,0,33.97826,-118.29207333,7,1.2,0.78945
48265,Joseph Hanson,8,16,12,2024,0,33.87266,-118.41175,3,2.8,1.8626
47512,Zachary Hatfield Jr.,8,16,12,2024,0,33.99938,-118.56562,5,4.1,2.73739
78733,John Bernard,8,16,12,2024,0,33.8093,-118.37755667,4,0.7,0.46501
64918,Janet Flores,8,16,12,2024,0,34.08386,-118.24078333,10,8.2,5.45559
39447,Daniel Arnold,8,16,12,2024,0,34.08386,-118.32626667,10,1.7,1.15994
42478,Tiffany Davis,8,16,12,2024,0,33.97826,-118.54852333,5,1.5,0.97777
91114,Todd Davis,8,16,12,2024,0,33.74594,-118.41175,1,8.0,5.32033
68541,Michelle Booth,8,16,12,2024,0,33.97826,-118.32626667,6,1.2,0.81711
25452,Jennifer White,8,16,12,2024,0,33.97826,-118.42884667,6,1.3,0.86521
39770,Benjamin Jenkins,8,16,12,2024,0,33.99938,-118.20659,8,8.8,5.88587
67399,Mary Moore,8,16,12,2024,0,33.99938,-118.25788,7,1.2,0.77593
39204,Karen Williams,8,16,12,2024,0,33.9149,-118.44594333,3,0.7,0.4915
93598,Mary Mccarty,8,16,12,2024,0,33.72482,-118.48013667,1,3.6,2.39674
10722,Amy Kent,8,16,12,2024,0,33.83042,-118.37755667,4,4.5,2.9671
82224,Mrs. Jaclyn Ware,8,16,12,2024,0,34.2317,-118.22368667,11,41.9,27.92578
42016,Terry Ayala,8,16,12,2024,0,34.08386,-118.41175,9,5.1,3.37177
28975,James Rodriguez DDS,8,16,12,2024,0,34.21058,-118.29207333,11,45.7,30.4742
61698,Anthony Vega,8,16,12,2024,0,33.99938,-118.54852333,5,4.5,2.96851
58932,Garrett Arnold,8,16,12,2024,0,33.76706,-118.29207333,4,12.8,8.50703
82461,Peter Johnson,8,16,12,2024,0,34.04162,-118.27497667,10,2.7,1.80762
44163,Haley Jenkins,8,16,12,2024,0,34.25282,-118.22368667,11,49.1,32.73368
60872,Michael Fisher,8,16,12,2024,0,33.87266,-118.34336333,4,1.8,1.21848
30072,Michael Martin,8,16,12,2024,0,33.7037,-118.48013667,1,6.4,4.26779
89470,Mandy Soto,8,16,12,2024,0,34.08386,-118.44594333,9,0.8,0.51514
81450,Amanda Ramirez,8,16,12,2024,0,33.9149,-118.24078333,4,0.1,0.09406
75382,Benjamin Davidson,8,16,12,2024,0,33.8093,-118.53142667,1,2.0,1.32282
93959,Bryan Escobar,8,16,12,2024,0,34.0205,-118.49723333,5,3.7,2.43913
49770,Michael Owens,8,16,12,2024,0,33.74594,-118.58271667,2,1.4,0.91977
51457,Louis Richard,8,16,12,2024,0,33.76706,-118.56562,2,2.9,1.94204
11715,Kellie Bonilla,8,16,12,2024,0,33.9149,-118.41175,3,2.0,1.3044
65211,Lisa Diaz,8,16,12,2024,0,34.06274,-118.48013667,9,13.7,9.10792
59001,Christine Thompson,8,16,12,2024,0,33.89378,-118.56562,2,0.7,0.49976
93743,Rebecca Bass,8,16,12,2024,0,34.31618,-118.24078333,11,61.8,41.23063
25254,Sara Bell,8,16,12,2024,0,34.14722,-118.27497667,11,14.6,9.76552
87500,Angela James,8,16,12,2024,0,34.10498,-118.46304,9,5.4,3.57572
73713,Valerie Hurley,8,16,12,2024,0,34.31618,-118.25788,11,55.7,37.13985
23210,Jack Martinez,8,16,12,2024,0,34.25282,-118.24078333,11,45.2,30.11084
39705,Timothy Davis,8,16,12,2024,0,33.85154,-118.48013667,3,0.8,0.50687
14887,Lynn Freeman,8,16,12,2024,0,33.97826,-118.39465333,6,0.9,0.59422
23393,Larry Reed,8,16,12,2024,0,33.89378,-118.58271667,2,0.7,0.49165
62284,Michael Thomas,8,16,12,2024,0,33.97826,-118.20659,8,11.6,7.72624
60470,Erin Wood,8,16,12,2024,0,33.87266,-118.58271667,2,2.7,1.77924
46016,Gail Robertson,8,16,12,2024,0,33.93602,-118.29207333,7,4.9,3.28783
66793,Timothy Green,8,16,12,2024,0,33.78818,-118.58271667,2,2.2,1.48419
54512,Edwin Hoffman,8,16,12,2024,0,33.93602,-118.48013667,5,1.3,0.86771
14469,Brett Morales,8,16,12,2024,0,34.10498,-118.49723333,9,12.2,8.10339
50433,Ashley Brown,8,16,12,2024,0,33.97826,-118.36046,6,0.4,0.27241
17624,Adam Adams,8,16,12,2024,0,33.85154,-118.34336333,4,1.4,0.93942
55682,Juan Lopez,8,16,12,2024,0,33.74594,-118.58271667,2,0.8,0.52013
77881,William Sanders,8,16,12,2024,0,33.85154,-118.6682,2,7.1,4.70828
13856,Michael Carlson,8,16,12,2024,0,33.78818,-118.46304,1,0.5,0.31747
56781,Shane Jackson,8,16,12,2024,0,34.10498,-118.25788,10,5.3,3.54436
29616,Keith Johnson,8,16,12,2024,0,33.97826,-118.49723333,5,2.5,1.64654
56971,Sara Turner,8,16,12,2024,0,33.9149,-118.29207333,4,1.9,1.28386
83303,Amanda Jackson DDS,8,16,12,2024,0,33.95714,-118.51433,5,1.1,0.71161
92867,Jessica Cain,8,16,12,2024,0,34.04162,-118.24078333,10,8.8,5.86651
75108,Richard Jones,8,16,12,2024,0,33.78818,-118.30917,4,2.0,1.33481
44276,Michael Brown,8,16,12,2024,0,33.83042,-118.58271667,2,1.8,1.19897
45714,Amy West,8,16,12,2024,0,33.93602,-118.56562,5,7.1,4.7227
92843,Benjamin Mills,8,16,12,2024,0,33.89378,-118.34336333,4,5.0,3.31091
53001,Tasha Porter,8,16,12,2024,0,33.7037,-118.44594333,1,3.4,2.24088
77789,Kelly Patterson,8,16,12,2024,0,34.18946,-118.27497667,11,36.2,24.15617
82643,Christopher Huerta,8,16,12,2024,0,34.14722,-118.30917,11,5.2,3.45819
20280,Brittany Lyons,8,16,12,2024,0,33.76706,-118.58271667,2,2.2,1.47057
60197,Kimberly Webb,8,16,12,2024,0,34.08386,-118.25788,10,2.4,1.60636
18026,Douglas Bates,8,16,12,2024,0,34.06274,-118.34336333,10,1.2,0.79619
82287,Amanda Frank,8,16,12,2024,0,33.78818,-118.29207333,4,14.2,9.47199
13482,Mrs. Laura Hill,8,16,12,2024,0,33.8093,-118.44594333,1,2.0,1.31623
32624,Thomas Lopez,8,16,12,2024,0,33.78818,-118.36046,4,6.5,4.31131
43057,Billy Bowen,8,16,12,2024,0,33.76706,-118.46304,1,5.1,3.42664
28889,Dennis Stephenson,8,16,12,2024,0,34.04162,-118.30917,10,2.4,1.60267
10640,Aaron Young,8,16,12,2024,0,34.1261,-118.44594333,9,5.2,3.4888
90909,Ashley Nelson,8,16,12,2024,0,33.95714,-118.54852333,5,6.2,4.10652
94709,Elizabeth Oconnell,8,16,12,2024,0,33.74594,-118.29207333,4,8.1,5.43237
72487,Sarah Moore,8,16,12,2024,0,34.08386,-118.30917,10,1.9,1.27422
78314,Nicole Stanley,8,16,12,2024,0,33.83042,-118.59981333,2,2.7,1.81335
59693,Kimberly Warner,8,16,12,2024,0,33.93602,-118.17239667,8,25.3,16.87539
15818,Sean Tucker,8,16,12,2024,0,33.95714,-118.30917,7,0.4,0.27947
16300,Melinda Stephens,8,16,12,2024,0,34.08386,-118.27497667,10,3.0,2.01274
59099,Michelle Pierce,8,16,12,2024,0,34.21058,-118.29207333,11,44.0,29.32014
76757,Robyn Taylor,8,16,12,2024,0,34.31618,-118.27497667,11,56.8,37.86982
56553,Shawn Cochran,8,16,12,2024,0,33.74594,-118.39465333,1,10.8,7.18112
25827,James Higgins,8,16,12,2024,0,33.83042,-118.46304,3,1.1,0.70685
12184,Carolyn Freeman,8,16,12,2024,0,34.06274,-118.37755667,9,0.5,0.3154
79734,Angela Sutton,8,16,12,2024,0,33.87266,-118.53142667,3,1.1,0.74813
74053,John Luna,8,16,12,2024,0,33.78818,-118.51433,1,1.2,0.81578
62138,Phyllis Perry,8,16,12,2024,0,34.08386,-118.44594333,9,2.3,1.51271
85944,Kristen Russell,8,16,12,2024,0,33.83042,-118.34336333,4,0.2,0.13014
57868,Gabriel Mejia,8,16,12,2024,0,33.85154,-118.36046,4,0.7,0.45171
72934,Nina Walker,8,16,12,2024,0,33.95714,-118.32626667,6,0.6,0.42605
66760,Mikayla Garcia,8,16,12,2024,0,33.93602,-118.27497667,7,2.2,1.46552
65794,Stephanie Livingston,8,16,12,2024,0,33.99938,-118.54852333,5,0.6,0.40906
18238,Cindy Armstrong,8,16,12,2024,0,34.04162,-118.49723333,9,10.6,7.06336
68459,Jennifer Mccarty,8,16,12,2024,0,33.89378,-118.42884667,3,0.7,0.46127
24203,Melinda Brown,8,16,12,2024,0,34.31618,-118.29207333,11,65.5,43.65091
23823,Richard Graham,8,16,12,2024,0,33.8093,-118.30917,4,3.2,2.14406
73265,Michael Cox,8,16,12,2024,0,33.93602,-118.46304,6,0.5,0.34092
30224,Jackson Meadows,8,16,12,2024,0,34.08386,-118.39465333,9,3.4,2.29125
34657,Anthony Duran,8,16,12,2024,0,34.0205,-118.30917,7,1.5,1.01626
58791,Zachary York,8,16,12,2024,0,33.87266,-118.65110333,2,4.9,3.24697
89087,Elizabeth Lane,8,16,12,2024,0,34.25282,-118.30917,11,50.0,33.3099
84931,David Hardy PhD,8,16,12,2024,0,33.8093,-118.36046,4,2.4,1.63167
94720,Tina Thompson,8,16,12,2024,0,33.72482,-118.49723333,1,3.0,1.96694
22367,Jeffrey May,8,16,12,2024,0,33.9149,-118.27497667,4,3.3,2.21279
10474,Sharon Foster MD,8,16,12,2024,0,34.1261,-118.27497667,10,10.2,6.80033
59917,Anthony David,8,16,12,2024,0,34.0205,-118.37755667,6,2.0,1.30421
49442,William Smith,8,16,12,2024,0,33.89378,-118.29207333,4,4.7,3.12032
75836,Anne Pineda,8,16,12,2024,0,33.97826,-118.36046,6,1.7,1.1145
41463,Mark Clarke,8,16,12,2024,0,33.93602,-118.37755667,6,0.6,0.41358
20794,Justin Vance,8,16,12,2024,0,33.76706,-118.37755667,4,8.6,5.71873
75833,Jaime Hill,8,16,12,2024,0,33.8093,-118.58271667,2,2.8,1.88937
50121,Jeremy Lee,8,16,12,2024,0,33.99938,-118.46304,6,1.2,0.81662
20065,Theresa Jacobs,8,16,12,2024,0,33.74594,-118.53142667,1,1.9,1.25097
24474,Teresa Flores,8,16,12,2024,0,33.8093,-118.42884667,1,2.5,1.69027
34637,Katie Smith,8,16,12,2024,0,33.95714,-118.46304,6,0.4,0.26571
97868,Jose Castillo,8,16,12,2024,0,33.89378,-118.63400667,2,6.1,4.04945
71295,Bradley Davis,8,16,12,2024,0,33.8093,-118.48013667,1,2.1,1.37207
23932,Cameron Smith,8,16,12,2024,0,33.99938,-118.37755667,6,1.7,1.12959
42406,Jennifer Waters PhD,8,16,12,2024,0,33.99938,-118.34336333,6,0.7,0.43563
91417,Rachel Bell,8,16,12,2024,0,33.78818,-118.25788,4,12.9,8.58778
29896,Robert Chapman,8,16,12,2024,0,33.85154,-118.41175,3,1.8,1.18857
50748,Julie Dunn,8,16,12,2024,0,33.8093,-118.25788,4,8.6,5.7564
11892,Dennis Thomas,8,16,12,2024,0,33.97826,-118.56562,5,1.1,0.71765
96705,Miguel Carrillo,8,16,12,2024,0,33.9149,-118.41175,3,1.5,0.97706
69890,Melissa Mitchell,8,16,12,2024,0,34.21058,-118.22368667,11,33.3,22.22972
20612,Erin Kelley,8,16,12,2024,0,33.85154,-118.59981333,2,1.7,1.11677
32898,Lisa King,8,16,12,2024,0,33.95714,-118.48013667,5,2.1,1.38371
78492,Emily Lewis,8,16,12,2024,0,33.95714,-118.22368667,8,0.6,0.38495
75236,Ethan Buchanan,8,16,12,2024,0,33.85154,-118.49723333,3,2.1,1.37737
19190,Scott Lowe,8,16,12,2024,0,33.95714,-118.44594333,6,1.6,1.03786
18707,Christopher Holmes,8,16,12,2024,0,34.27394,-118.24078333,11,50.0,33.32648
49406,John Duncan,8,16,12,2024,0,33.7037,-118.49723333,1,2.8,1.86072
97508,Gabriel Underwood,8,16,12,2024,0,34.06274,-118.37755667,9,0.6,0.37258
64212,Jennifer Campbell,8,16,12,2024,0,33.87266,-118.32626667,4,2.1,1.3856
26447,Brian Williams,8,16,12,2024,0,34.10498,-118.41175,9,1.1,0.73405
13391,Kristin Hartman,8,16,12,2024,0,33.97826,-118.51433,5,0.4,0.28662
70193,Terri Morrow MD,8,16,12,2024,0,34.08386,-118.46304,9,6.4,4.27654
53212,Jordan Turner,8,16,12,2024,0,33.95714,-118.22368667,8,1.1,0.72428
57535,Tina Alexander,8,16,12,2024,0,33.95714,-118.29207333,7,1.2,0.79595
37142,Jamie Mitchell,8,16,12,2024,0,33.78818,-118.37755667,4,2.5,1.63867
82378,Rebecca Walker,8,16,12,2024,0,33.87266,-118.29207333,4,3.1,2.06179
93403,Andre Davis,8,16,12,2024,0,34.06274,-118.36046,10,3.2,2.11214
11507,Cassandra Schmidt,8,16,12,2024,0,34.0205,-118.22368667,8,1.1,0.70087
31879,Kimberly Brown,8,16,12,2024,0,33.89378,-118.30917,4,7.6,5.06428
68563,Stephanie Valenzuela,8,16,12,2024,0,33.83042,-118.48013667,3,1.3,0.87919
16058,Mary Robinson,8,16,12,2024,0,33.95714,-118.29207333,7,1.5,1.00235
21638,Jerome Holder,8,16,12,2024,0,33.72482,-118.39465333,1,14.7,9.76889
94946,Melinda Butler,8,16,12,2024,0,33.72482,-118.46304,1,5.6,3.76451
30965,Elizabeth Silva,8,16,12,2024,0,33.83042,-118.49723333,3,1.4,0.92324
86249,John Smith,8,16,12,2024,0,33.95714,-118.58271667,5,1.1,0.75602
38887,Tracy Fitzgerald,8,16,12,2024,0,34.27394,-118.29207333,11,45.2,30.10201
81145,Donald Edwards,8,16,12,2024,0,34.29506,-118.30917,11,54.5,36.31716
55861,Justin Bell,8,16,12,2024,0,33.85154,-118.37755667,4,1.5,0.9802
59581,David Casey,8,16,12,2024,0,33.9149,-118.42884667,3,0.3,0.21751
25597,Erika Perry,8,16,12,2024,0,34.1261,-118.46304,9,6.7,4.43882
79483,Wanda Hubbard,8,16,12,2024,0,33.9149,-118.25788,4,3.3,2.22771
31866,Kelly Johnson,8,16,12,2024,0,33.9149,-118.22368667,8,1.6,1.04866
60308,Steven Brown,8,16,12,2024,0,33.83042,-118.54852333,2,1.9,1.28784
97712,Jason Trujillo,8,16,12,2024,0,33.97826,-118.34336333,6,1.3,0.88289
85133,Amy Davis,8,16,12,2024,0,33.93602,-118.58271667,5,3.0,1.99726
89462,Shelby Burns,8,16,12,2024,0,33.93602,-118.54852333,5,1.8,1.18027
61965,Taylor Murphy,8,16,12,2024,0,33.89378,-118.54852333,2,1.5,0.9902
13127,Taylor Morgan,8,16,12,2024,0,33.85154,-118.54852333,2,1.7,1.10061
99265,Jonathan Maxwell,8,16,12,2024,0,33.89378,-118.59981333,2,2.4,1.57878
57265,Jennifer Maxwell,8,16,12,2024,0,33.97826,-118.34336333,6,1.2,0.81419
40733,Greg Martin,8,16,12,2024,0,34.04162,-118.51433,9,3.5,2.35006
39069,George Carter,8,16,12,2024,0,34.0205,-118.56562,5,0.3,0.17307
70542,Lucas Salazar,8,16,12,2024,0,34.1261,-118.30917,10,4.9,3.27823
92274,Timothy Baker,8,16,12,2024,0,33.9149,-118.25788,4,1.2,0.83153
73062,Mrs. Rebecca Morton,8,16,12,2024,0,33.97826,-118.51433,5,0.4,0.26233
65617,Stephen Ortiz,8,16,12,2024,0,33.89378,-118.54852333,2,1.1,0.72545
49665,Robert Oneal,8,16,12,2024,0,33.85154,-118.56562,2,1.4,0.93721
39681,Mrs. Nicole Jimenez DDS,8,16,12,2024,0,33.9149,-118.56562,2,6.1,4.06018
10602,Larry Love,8,16,12,2024,0,33.89378,-118.63400667,2,2.0,1.34026
11736,Michael Mcclure,8,16,12,2024,0,33.93602,-118.46304,6,1.8,1.1692
68226,Kim Patrick,8,16,12,2024,0,33.78818,-118.53142667,1,2.0,1.31576
16699,Keith Brown,8,16,12,2024,0,34.31618,-118.24078333,11,52.8,35.21338
17355,Tyler Matthews,8,16,12,2024,0,34.31618,-118.30917,11,69.0,46.00511
76137,Megan Christian,8,16,12,2024,0,34.1261,-118.29207333,10,6.6,4.38577
27837,Tracy Alvarez,8,16,12,2024,0,34.0205,-118.44594333,6,2.1,1.40579
21957,Joseph Lopez,8,16,12,2024,0,34.06274,-118.22368667,10,13.6,9.0832
96798,Denise Woods,8,16,12,2024,0,33.93602,-118.30917,7,10.5,6.97582
93873,Kurt Meyers,8,16,12,2024,0,33.85154,-118.51433,3,0.3,0.21
18523,Christina Castillo,8,16,12,2024,0,33.8093,-118.27497667,4,10.2,6.82109
31053,Dylan Thompson,8,16,12,2024,0,33.78818,-118.49723333,1,2.3,1.56593
88041,Felicia Carter,8,16,12,2024,0,33.97826,-118.44594333,6,0.8,0.52614
97448,Alexander Keller,8,16,12,2024,0,34.25282,-118.22368667,11,43.0,28.65829
42484,Jennifer Murphy,8,16,12,2024,0,34.31618,-118.29207333,11,69.6,46.40479
88949,Rebecca Pierce,8,16,12,2024,0,33.95714,-118.44594333,6,0.8,0.55164
77293,Brandon Hoffman,8,16,12,2024,0,33.93602,-118.18949333,8,3.7,2.44053
51945,Samantha Ball,8,16,12,2024,0,33.76706,-118.48013667,1,1.9,1.24086
82489,Michael Parker,8,16,12,2024,0,33.85154,-118.56562,2,1.0,0.64192
74901,Diana Jackson,8,16,12,2024,0,33.97826,-118.41175,6,2.4,1.59425
59226,Thomas Turner,8,16,12,2024,0,33.74594,-118.59981333,2,0.7,0.44311
10625,Jacqueline Dixon,8,16,12,2024,0,34.0205,-118.54852333,5,2.9,1.92456
68783,George Lambert,8,16,12,2024,0,34.21058,-118.22368667,11,43.5,28.98286
84840,Wanda Martinez,8,16,12,2024,0,33.87266,-118.36046,4,1.7,1.14672
16254,Cassidy Wells,8,16,12,2024,0,33.89378,-118.48013667,3,0.7,0.48705
48835,Jacqueline House,8,16,12,2024,0,33.76706,-118.58271667,2,1.6,1.06525
27719,Erica Garcia,8,16,12,2024,0,34.10498,-118.48013667,9,5.3,3.52852
19714,Laurie Shaffer,8,16,12,2024,0,33.9149,-118.24078333,4,1.6,1.06511
31969,Nicholas Williams,8,16,12,2024,0,33.97826,-118.42884667,6,0.9,0.56737
73820,Mary Mcintyre,8,16,12,2024,0,34.06274,-118.41175,9,3.0,2.00974
32472,Heather Pratt MD,8,16,12,2024,0,34.04162,-118.37755667,9,0.5,0.31629
93136,Sean Garcia,8,16,12,2024,0,33.93602,-118.25788,7,5.9,3.91808
27654,Amanda Flores,8,16,12,2024,0,33.95714,-118.49723333,5,2.5,1.66437
52122,Anita Khan,8,16,12,2024,0,33.8093,-118.32626667,4,4.4,2.90885
26891,Mario Sloan,8,16,12,2024,0,33.97826,-118.46304,6,1.1,0.74193
61166,Rebecca Freeman,8,16,12,2024,0,33.85154,-118.39465333,3,1.0,0.67586
54593,Peter Black,8,16,12,2024,0,33.87266,-118.30917,4,4.3,2.85502
13250,Eric Benitez,8,16,12,2024,0,33.99938,-118.51433,5,3.2,2.1464
20691,Sarah Hudson,8,16,12,2024,0,33.74594,-118.42884667,1,5.8,3.89077
40744,Richard Cunningham,8,16,12,2024,0,33.76706,-118.54852333,1,2.8,1.83371
31144,David Porter,8,16,12,2024,0,34.10498,-118.22368667,10,14.0,9.32874
98856,Michael Marsh,8,16,12,2024,0,33.87266,-118.39465333,3,0.1,0.08165
22103,Nicole Gross,8,16,12,2024,0,33.93602,-118.22368667,8,0.7,0.4555
49106,Samantha Hernandez,8,16,12,2024,0,33.87266,-118.29207333,4,2.9,1.9629
39977,Cassandra Newton,8,16,12,2024,0,34.29506,-118.25788,11,59.5,39.64736
72358,Nicole Black,8,16,12,2024,0,33.87266,-118.6682,2,5.0,3.33775
28331,Erin Meyer,8,16,12,2024,0,34.0205,-118.18949333,8,11.0,7.3528
51229,Jessica Soto,8,16,12,2024,0,34.3373,-118.24078333,11,62.0,41.30259
29912,Stephanie Johnson,8,16,12,2024,0,33.83042,-118.61691,2,1.5,1.00892
70247,Matthew Pierce,8,16,12,2024,0,33.87266,-118.34336333,4,5.5,3.68315
87396,Mark Williams,8,16,12,2024,0,34.10498,-118.44594333,9,6.1,4.03754
39457,Daniel Myers,8,16,12,2024,0,33.99938,-118.39465333,6,0.9,0.57733
57704,David Thompson,8,16,12,2024,0,34.08386,-118.24078333,10,2.7,1.78143
57069,Luke Alexander,8,16,12,2024,0,33.8093,-118.29207333,4,7.5,5.00919
98525,Gina Williams,8,16,12,2024,0,34.0205,-118.34336333,6,2.4,1.60376
24818,Edgar Chang,8,16,12,2024,0,33.95714,-118.32626667,6,2.7,1.81107
90407,Dr. Natalie Benton,8,16,12,2024,0,33.8093,-118.53142667,1,2.5,1.68594
74039,Diana Li,8,16,12,2024,0,33.78818,-118.34336333,4,8.3,5.51804
28931,Brittany Guzman,8,16,12,2024,0,33.99938,-118.36046,6,2.8,1.86729
30279,Sarah Anthony,8,16,12,2024,0,33.93602,-118.54852333,5,1.6,1.09651
93150,Elizabeth Horton,8,16,12,2024,0,34.2317,-118.29207333,11,37.0,24.6591
62462,David Lloyd,8,16,12,2024,0,33.93602,-118.22368667,8,1.0,0.6689
66351,Jonathan Bentley,8,16,12,2024,0,33.93602,-118.41175,6,1.5,0.97865
84237,Dr. Traci Gonzalez DDS,8,16,12,2024,0,34.0205,-118.36046,6,1.3,0.87612
27753,Jesse Stewart,8,16,12,2024,0,33.95714,-118.56562,5,2.6,1.74476
46786,Allen Fritz,8,16,12,2024,0,33.83042,-118.36046,4,2.3,1.5459
15660,Sandra Cook,8,16,12,2024,0,34.1261,-118.42884667,9,4.0,2.69666
41084,Nicholas Mullins,8,16,12,2024,0,33.8093,-118.54852333,1,2.4,1.57988
57855,Stephanie Sanchez,8,16,12,2024,0,34.2317,-118.30917,11,13.7,9.10975
53878,Joe Guerrero,8,16,12,2024,0,33.87266,-118.61691,2,2.6,1.76268
44129,Mr. Alfred Callahan MD,8,16,12,2024,0,33.85154,-118.36046,4,1.4,0.94659
42027,Jessica Jackson,8,16,12,2024,0,33.8093,-118.59981333,2,1.0,0.68239
50014,Taylor Anthony,8,16,12,2024,0,34.18946,-118.30917,11,14.1,9.39895
69705,Christopher Johnson,8,16,12,2024,0,34.27394,-118.25788,11,45.3,30.22116
54305,Lisa Carpenter,8,16,12,2024,0,33.8093,-118.46304,1,1.4,0.90874
49549,Kelly Snyder,8,16,12,2024,0,33.83042,-118.56562,2,1.4,0.90686
23858,Cody Wong,8,16,12,2024,0,33.9149,-118.48013667,3,1.8,1.17539
41145,Jonathan Grimes,8,16,12,2024,0,33.72482,-118.49723333,1,1.5,0.98297
34334,Robert Patel,8,16,12,2024,0,33.78818,-118.61691,2,0.7,0.45031
32385,Kimberly Spencer,8,16,12,2024,0,33.89378,-118.18949333,8,1.6,1.08729
92355,Nancy Bennett,8,16,12,2024,0,33.93602,-118.56562,5,6.2,4.12616
34052,Raymond Conrad,8,16,12,2024,0,33.83042,-118.36046,4,0.1,0.03686
65171,Daniel Calhoun,8,16,12,2024,0,34.06274,-118.46304,9,5.7,3.78616
67449,Stephen Holmes,8,16,12,2024,0,33.87266,-118.49723333,3,1.0,0.68654
41435,Joseph Baker,8,16,12,2024,0,34.0205,-118.27497667,7,1.0,0.69523
99242,Chad Peters,8,16,12,2024,0,33.85154,-118.59981333,2,1.9,1.2759
41041,Angela Tucker,8,16,12,2024,0,33.95714,-118.30917,7,1.4,0.90318
97328,Michael Miller,8,16,12,2024,0,34.0205,-118.37755667,6,1.4,0.93321
44898,Adam Martin,8,16,12,2024,0,33.83042,-118.32626667,4,5.7,3.82808
81208,Jane Austin,8,16,12,2024,0,33.87266,-118.46304,3,2.2,1.46628
28978,Jeffrey Stephens,8,16,12,2024,0,33.76706,-118.56562,2,2.1,1.40601
94968,Samuel Reynolds,8,16,12,2024,0,34.04162,-118.42884667,9,1.7,1.14929
42709,Christine Johnson,8,16,12,2024,0,33.76706,-118.61691,2,3.8,2.51801
62710,Lauren Gallegos,8,16,12,2024,0,33.93602,-118.41175,6,1.1,0.71094
68416,Tony Mason,8,16,12,2024,0,33.95714,-118.51433,5,3.2,2.11656
95290,Michael Long,8,16,12,2024,0,33.95714,-118.20659,8,0.5,0.30142
49049,Sonya Johnson,8,16,12,2024,0,34.0205,-118.22368667,8,1.4,0.94889
89830,Ms. Deborah Logan,8,16,12,2024,0,33.83042,-118.34336333,4,1.0,0.68613
48546,Mrs. Michele Jenkins,8,16,12,2024,0,33.78818,-118.42884667,1,1.4,0.95166
11484,Stacy Harrison,8,16,12,2024,0,33.99938,-118.36046,6,2.2,1.47368
20552,Carol Rhodes,8,16,12,2024,0,34.04162,-118.39465333,9,0.3,0.20037
38516,Doris Cruz,8,16,12,2024,0,34.25282,-118.29207333,11,55.9,37.24122
40953,Tracy Garcia,8,16,12,2024,0,34.06274,-118.29207333,10,1.9,1.29162
53064,Mark Skinner,8,16,12,2024,0,34.2317,-118.25788,11,51.6,34.40211
76563,Marissa Silva,8,16,12,2024,0,33.97826,-118.42884667,6,1.6,1.0798
50775,Monica Martin,8,16,12,2024,0,34.06274,-118.32626667,10,1.9,1.24415
89068,Randy Jenkins,8,16,12,2024,0,33.97826,-118.34336333,6,0.7,0.46314
47013,Daniel Ryan,8,16,12,2024,0,33.76706,-118.39465333,1,2.0,1.34009
38745,Denise Rios,8,16,12,2024,0,33.93602,-118.51433,5,4.4,2.9029
12376,Sarah Harper,8,16,12,2024,0,33.83042,-118.39465333,3,1.3,0.84881
98663,Marco Brown,8,16,12,2024,0,33.95714,-118.39465333,6,1.4,0.94103
79903,Sean Miller,8,16,12,2024,0,34.0205,-118.20659,8,13.7,9.11217
18519,Carla Keller MD,8,16,12,2024,0,33.89378,-118.34336333,4,1.6,1.05237
64644,Thomas Williams,8,16,12,2024,0,33.85154,-118.37755667,4,0.9,0.59147
63837,Austin Green,8,16,12,2024,0,34.0205,-118.25788,7,1.8,1.22498
73471,Dennis Floyd,8,16,12,2024,0,33.83042,-118.42884667,3,1.8,1.21039
28257,Scott Thompson,8,16,12,2024,0,34.16834,-118.29207333,11,10.6,7.0764
95717,Robert Wright,8,16,12,2024,0,34.0205,-118.27497667,7,2.0,1.31652
83960,Elizabeth Williams DVM,8,16,12,2024,0,33.97826,-118.41175,6,1.3,0.8757
79802,Evelyn Rogers DVM,8,16,12,2024,0,33.8093,-118.36046,4,1.0,0.64005
84272,Jeremiah Erickson,8,16,12,2024,0,34.1261,-118.46304,9,9.8,6.53498
84034,Kelli Macias,8,16,12,2024,0,34.04162,-118.34336333,10,1.2,0.80322
34009,Donald Hodges,8,16,12,2024,0,34.31618,-118.27497667,11,61.6,41.03489
38033,Caleb Hayes,8,16,12,2024,0,33.9149,-118.49723333,3,1.0,0.69246
35676,Benjamin Moon,8,16,12,2024,0,33.74594,-118.39465333,1,6.9,4.61878
70147,Peter Herman,8,16,12,2024,0,33.8093,-118.49723333,1,1.5,0.99562
41104,Julie Sims,8,16,12,2024,0,33.8093,-118.27497667,4,5.4,3.57234
43809,Susan Gonzalez,8,16,12,2024,0,33.78818,-118.44594333,1,4.0,2.67043
80069,Vanessa Martinez,8,16,12,2024,0,33.8093,-118.46304,1,2.0,1.31313
75063,Melissa Grant,8,16,12,2024,0,33.72482,-118.42884667,1,8.4,5.6203
67420,Danielle Rowe,8,16,12,2024,0,33.83042,-118.54852333,2,1.3,0.85836
12747,Justin Rodriguez,8,16,12,2024,0,33.83042,-118.41175,3,1.0,0.68752
81382,William Mills,8,16,12,2024,0,33.97826,-118.48013667,5,1.0,0.67648
27066,Pamela Price,8,16,12,2024,0,34.3373,-118.27497667,11,64.8,43.17287
87283,Karen Mullen,8,16,12,2024,0,33.95714,-118.20659,8,0.5,0.35073
71290,Nicole Ferrell,8,16,12,2024,0,33.89378,-118.36046,4,8.3,5.5001
92325,Shelly Smith,8,16,12,2024,0,34.0205,-118.32626667,6,0.9,0.63136
78269,Danielle Alvarez,8,16,12,2024,0,34.06274,-118.51433,9,14.0,9.3586
41877,Allison Rasmussen,8,16,12,2024,0,33.76706,-118.49723333,1,0.6,0.41648
82752,Veronica Mcdaniel,8,16,12,2024,0,33.93602,-118.42884667,6,0.8,0.50638
65947,Daniel Reilly,8,16,12,2024,0,33.99938,-118.29207333,7,1.1,0.74155
53827,Sandra Thompson,8,16,12,2024,0,33.99938,-118.22368667,8,12.2,8.13898
53781,Jennifer Harper,8,16,12,2024,0,33.97826,-118.29207333,7,0.6,0.37912
62694,Colleen Simpson,8,16,12,2024,0,33.89378,-118.48013667,3,1.9,1.28858
73144,Beth Ward,8,16,12,2024,0,33.99938,-118.53142667,5,0.9,0.60464
60817,William Smith,8,16,12,2024,0,34.10498,-118.24078333,10,13.9,9.2338
83106,Diana Hoffman,8,16,12,2024,0,33.89378,-118.29207333,4,3.1,2.09876
92963,Kelly Robinson,8,16,12,2024,0,33.99938,-118.56562,5,4.9,3.29048
58773,Christopher Ross,8,16,12,2024,0,33.89378,-118.51433,3,3.3,2.20847
88785,Joshua Jones,8,16,12,2024,0,33.85154,-118.61691,2,0.9,0.56667
84761,Lisa Rhodes,8,16,12,2024,0,34.2317,-118.22368667,11,34.1,22.76574
94796,Jay Dominguez,8,16,12,2024,0,33.99938,-118.51433,5,7.1,4.74751
97793,Jennifer Hebert,8,16,12,2024,0,33.9149,-118.46304,3,1.4,0.91353
83393,Helen Clark,8,16,12,2024,0,33.83042,-118.61691,2,0.6,0.41653
75632,Gabriela Shaffer,8,16,12,2024,0,34.10498,-118.24078333,10,12.9,8.57958
93222,Lindsay Braun,8,16,12,2024,0,34.10498,-118.29207333,10,4.4,2.95415
87120,Karla Leblanc,8,16,12,2024,0,34.29506,-118.27497667,11,48.9,32.57921
12597,Jennifer Rose,8,16,12,2024,0,33.97826,-118.17239667,8,13.6,9.07838
57664,Scott Rich,8,16,12,2024,0,33.9149,-118.27497667,4,6.1,4.0567
30433,Roberto Kennedy,8,16,12,2024,0,33.8093,-118.42884667,1,1.1,0.71697
13886,Steve Boyle,8,16,12,2024,0,34.06274,-118.46304,9,4.7,3.11224
88560,Aimee Mccoy,8,16,12,2024,0,33.76706,-118.41175,1,3.5,2.35402
35454,George Chapman,8,16,12,2024,0,34.08386,-118.22368667,10,13.7,9.10625
54354,Erica Ramsey,8,16,12,2024,0,34.1261,-118.25788,10,12.9,8.58466
13257,Kenneth Reyes,8,16,12,2024,0,34.0205,-118.24078333,7,3.7,2.43348
57773,Brandon Martinez DVM,8,16,12,2024,0,33.97826,-118.56562,5,1.8,1.21057
68633,Leroy Hall,8,16,12,2024,0,33.99938,-118.30917,7,1.2,0.81287
64898,Mary Torres,8,16,12,2024,0,34.10498,-118.30917,10,0.7,0.48176
37353,Jessica Moore,8,16,12,2024,0,33.95714,-118.37755667,6,0.7,0.45326
47785,Diane Simmons,8,16,12,2024,0,33.87266,-118.32626667,4,0.7,0.49301
71278,Jennifer Cummings,8,16,12,2024,0,34.0205,-118.41175,6,3.7,2.47476
39020,Geoffrey Torres,8,16,12,2024,0,33.74594,-118.51433,1,0.9,0.59838
20602,Rose Evans,8,16,12,2024,0,34.04162,-118.36046,10,1.2,0.77838
79365,Hannah Rios,8,16,12,2024,0,33.9149,-118.30917,4,4.2,2.83121
90778,Sally Davis,8,16,12,2024,0,33.83042,-118.59981333,2,2.8,1.84219
19435,Benjamin Sullivan,8,16,12,2024,0,33.76706,-118.39465333,1,2.6,1.70191
26027,Randy Chambers,8,16,12,2024,0,33.9149,-118.32626667,4,1.1,0.72718
56223,Joseph Smith,8,16,12,2024,0,34.04162,-118.46304,9,0.5,0.35441
69157,Kelly Wells,8,16,12,2024,0,34.0205,-118.56562,5,1.5,1.0272
82087,Grace Martin,8,16,12,2024,0,33.9149,-118.54852333,2,1.1,0.70052
42600,Margaret Collier,8,16,12,2024,0,33.78818,-118.59981333,2,0.7,0.49568
30417,Jason Potts,8,16,12,2024,0,33.99938,-118.39465333,6,1.1,0.72141
68955,Christopher Huerta,8,16,12,2024,0,34.29506,-118.24078333,11,58.2,38.82513
40271,Jessica Johnston,8,16,12,2024,0,33.95714,-118.58271667,5,1.1,0.75966
90595,Jason Rubio,8,16,12,2024,0,33.95714,-118.41175,6,1.8,1.20525
39592,Connie Cook,8,16,12,2024,0,33.87266,-118.42884667,3,1.3,0.89732
32907,Robert Mitchell,8,16,12,2024,0,33.89378,-118.53142667,3,1.8,1.19651
91757,John Barnett,8,16,12,2024,0,33.7037,-118.41175,1,13.3,8.84976
81077,Brooke Boyd,8,16,12,2024,0,33.99938,-118.34336333,6,0.9,0.57286
67592,David Brown,8,16,12,2024,0,34.10498,-118.42884667,9,3.1,2.06722
48548,Lindsey Dominguez,8,16,12,2024,0,33.97826,-118.37755667,6,2.5,1.64005
56878,William Fisher,8,16,12,2024,0,33.9149,-118.51433,3,1.1,0.7139
32589,Susan Valenzuela,8,16,12,2024,0,34.2317,-118.27497667,11,38.9,25.9102
81433,Austin Garcia,8,16,12,2024,0,34.06274,-118.29207333,10,2.0,1.3345
25312,Chris Grimes,8,16,12,2024,0,33.93602,-118.58271667,5,6.0,4.01478
10728,Larry Bennett,8,16,12,2024,0,34.0205,-118.24078333,7,3.7,2.44131
90321,Greg Walker,8,16,12,2024,0,34.0205,-118.48013667,5,1.1,0.76183
65962,Garrett Mccormick,8,16,12,2024,0,34.08386,-118.27497667,10,0.8,0.56359
21498,Mary Rodriguez,8,16,12,2024,0,34.0205,-118.29207333,7,1.7,1.11404
79037,Kevin Livingston,8,16,12,2024,0,33.97826,-118.30917,7,1.8,1.18878
60666,Scott Gonzalez,8,16,12,2024,0,34.27394,-118.25788,11,41.8,27.8448
18390,Michael Rivera,8,16,12,2024,0,33.97826,-118.22368667,8,3.1,2.0625
31279,Jennifer Fernandez,8,16,12,2024,0,34.2317,-118.24078333,11,48.4,32.24216
57741,Mrs. Sandra Wade,8,16,12,2024,0,34.06274,-118.27497667,10,2.2,1.45711
94055,Kevin Powell,8,16,12,2024,0,33.99938,-118.20659,8,9.5,6.35689
45969,Dawn Campbell,8,16,12,2024,0,34.08386,-118.49723333,9,14.9,9.9546
35754,Miss Kelly Brown,8,16,12,2024,0,33.83042,-118.56562,2,0.3,0.19205
52060,Andrew Villegas,8,16,12,2024,0,33.99938,-118.27497667,7,2.9,1.95625
67660,Sarah Wade,8,16,12,2024,0,33.85154,-118.58271667,2,2.1,1.42746
74873,Gary Petty,8,16,12,2024,0,33.7037,-118.42884667,1,5.2,3.45587
73952,Eric Foley,8,16,12,2024,0,33.72482,-118.51433,1,2.2,1.48541
35145,Anthony Taylor,8,16,12,2024,0,33.7037,-118.46304,1,1.4,0.94519
50739,Robert Davis,8,16,12,2024,0,33.99938,-118.29207333,7,2.6,1.76166
42863,Dr. William Riley,8,16,12,2024,0,34.08386,-118.22368667,10,14.5,9.64225
73942,Tony Gaines,8,16,12,2024,0,34.0205,-118.27497667,7,1.8,1.18724
33421,William Gray,8,16,12,2024,0,33.89378,-118.61691,2,4.2,2.78149
46934,Shawn Castillo,8,16,12,2024,0,33.8093,-118.63400667,2,4.6,3.09236
99060,Mallory Morris,8,16,12,2024,0,33.87266,-118.58271667,2,1.3,0.85513
82173,Latasha Johnson,8,16,12,2024,0,34.06274,-118.30917,10,1.4,0.95744
49243,Roger Jones,8,16,12,2024,0,34.08386,-118.25788,10,2.6,1.74455
18745,Jason Barnett,8,16,12,2024,0,33.83042,-118.37755667,4,4.2,2.79136
17037,Kathryn Schultz,8,16,12,2024,0,33.76706,-118.59981333,2,2.3,1.51777
10165,Laurie Jacobs,8,16,12,2024,0,33.95714,-118.17239667,8,14.1,9.42995
70593,Erica Grant,8,16,12,2024,0,33.8093,-118.34336333,4,2.0,1.36371
25822,Jared Montoya,8,16,12,2024,0,34.2317,-118.30917,11,54.1,36.07255
56106,Lisa Bullock,8,16,12,2024,0,33.87266,-118.51433,3,0.9,0.62804
35219,Samantha Jenkins,8,16,12,2024,0,33.93602,-118.25788,7,7.0,4.63622
34022,Morgan Patel,8,16,12,2024,0,34.04162,-118.44594333,9,2.6,1.70924
78396,Kyle Lopez,8,16,12,2024,0,33.83042,-118.63400667,2,5.1,3.38756
82706,Mary Serrano,8,16,12,2024,0,33.89378,-118.65110333,2,8.0,5.32373
80790,Brenda Smith,8,16,12,2024,0,34.06274,-118.24078333,10,10.7,7.11124
12129,Michael Gregory,8,16,12,2024,0,34.08386,-118.39465333,9,1.4,0.91402
24258,Stefanie Boyle,8,16,12,2024,0,33.93602,-118.30917,7,1.7,1.15879
99223,Julie Johnson,8,16,12,2024,0,33.8093,-118.32626667,4,5.2,3.48196
26702,Elizabeth Clark,8,16,12,2024,0,33.97826,-118.53142667,5,1.0,0.67009
75949,Carla Bonilla,8,16,12,2024,0,33.97826,-118.20659,8,14.9,9.93266
75857,Amy Clark,8,16,12,2024,0,34.27394,-118.27497667,11,41.7,27.81034
73602,Dominique Tucker,8,16,12,2024,0,33.8093,-118.29207333,4,6.3,4.17553
43750,Tiffany Green,8,16,12,2024,0,33.89378,-118.32626667,4,5.9,3.90001
44948,Kevin Nguyen,8,16,12,2024,0,33.95714,-118.39465333,6,0.6,0.37807
68022,Carla Finley,8,16,12,2024,0,33.89378,-118.32626667,4,5.5,3.6568
34373,Christopher Manning,8,16,12,2024,0,33.93602,-118.24078333,7,1.5,1.0019
50318,Amanda Singh,8,16,12,2024,0,33.9149,-118.42884667,3,1.7,1.11254
46266,Stephen Garcia,8,16,12,2024,0,34.1261,-118.29207333,10,2.0,1.33412
48737,Chelsey Pierce,8,16,12,2024,0,34.29506,-118.30917,11,47.9,31.96277
14204,Robert Nguyen,8,16,12,2024,0,33.85154,-118.63400667,2,2.8,1.86208
10039,Robert Adams,8,16,12,2024,0,33.9149,-118.58271667,2,9.3,6.18925
66932,Andrew Singh,8,16,12,2024,0,34.0205,-118.44594333,6,0.6,0.40506
44891,Holly Sullivan,8,16,12,2024,0,34.2317,-118.27497667,11,52.1,34.7526
98092,Chelsey Hayes,8,16,12,2024,0,34.04162,-118.22368667,10,1.5,1.01477
21188,Tamara Williams,8,16,12,2024,0,33.9149,-118.34336333,4,8.0,5.32832
64752,Paula Pena,8,16,12,2024,0,34.04162,-118.30917,10,2.9,1.93629
96422,Emily Palmer,8,16,12,2024,0,34.06274,-118.42884667,9,2.5,1.64209
80630,Jesse Davis,8,16,12,2024,0,33.8093,-118.54852333,1,1.1,0.73125
75254,Michele Nelson,8,16,12,2024,0,34.04162,-118.36046,10,2.1,1.41763
41121,Michael Frazier,8,16,12,2024,0,33.87266,-118.53142667,3,1.6,1.03588
81447,John Howard,8,16,12,2024,0,34.3373,-118.25788,11,59.5,39.64436
96218,Nicholas Taylor,8,16,12,2024,0,33.89378,-118.36046,4,2.8,1.85975
92014,Austin Gill,8,16,12,2024,0,34.16834,-118.30917,11,12.3,8.22671
23160,Jacob Hurley,8,16,12,2024,0,34.31618,-118.32626667,11,55.0,36.64989
74936,James Neal,8,16,12,2024,0,33.8093,-118.25788,4,7.7,5.13981
18966,James Mccoy,8,16,12,2024,0,34.04162,-118.27497667,10,0.4,0.27514
17387,Wendy Rice,8,16,12,2024,0,34.08386,-118.32626667,10,1.5,1.02762
99411,Susan Cox,8,16,12,2024,0,33.93602,-118.42884667,6,1.4,0.90555
54528,Chelsea Ramirez,8,16,12,2024,0,33.87266,-118.44594333,3,0.8,0.54199
18608,Christopher Nguyen,8,16,12,2024,0,33.9149,-118.39465333,3,0.6,0.42119
23302,James Weaver,8,16,12,2024,0,33.95714,-118.42884667,6,1.2,0.80254
59140,Rodney Baldwin,8,16,12,2024,0,34.29506,-118.29207333,11,52.6,35.0987
69415,James Bryant,8,16,12,2024,0,33.97826,-118.44594333,6,0.8,0.51476
90493,Lance Wall,8,16,12,2024,0,33.83042,-118.46304,3,0.8,0.55547
51450,Melissa Solis,8,16,12,2024,0,34.06274,-118.42884667,9,3.5,2.30112
83573,Julie Kim,8,16,12,2024,0,34.29506,-118.24078333,11,52.4,34.90211
97467,Tiffany Harrison,8,16,12,2024,0,33.9149,-118.51433,3,1.4,0.94341
69917,Stephanie Walters,8,16,12,2024,0,33.89378,-118.63400667,2,2.9,1.93925
63289,Theresa Richardson,8,16,12,2024,0,34.06274,-118.25788,10,4.4,2.94927
51200,Lori Perez,8,16,12,2024,0,33.89378,-118.46304,3,0.6,0.41545
92217,Lori Medina,8,16,12,2024,0,34.06274,-118.51433,9,13.2,8.77934
30301,Donald Cook,8,16,12,2024,0,34.0205,-118.42884667,6,1.3,0.89733
66670,Adam Weiss,8,16,12,2024,0,33.87266,-118.54852333,2,1.2,0.80853
59211,Amber Sanders,8,16,12,2024,0,33.8093,-118.48013667,1,0.6,0.36769
51173,David Young,8,16,12,2024,0,34.18946,-118.29207333,11,15.0,9.97067
28027,Jeffery Harper,8,16,12,2024,0,34.06274,-118.49723333,9,14.5,9.67368
19599,Amanda Schultz,8,16,12,2024,0,33.93602,-118.44594333,6,0.7,0.49871
92398,Scott Weeks,8,16,12,2024,0,33.99938,-118.42884667,6,0.5,0.357
32313,Seth Lawson,8,16,12,2024,0,34.10498,-118.37755667,9,0.9,0.63124
58221,Stephanie Bowen,8,16,12,2024,0,34.0205,-118.54852333,5,7.0,4.69515
72307,Joseph Patrick,8,16,12,2024,0,33.97826,-118.54852333,5,2.1,1.4154
77568,Joshua Banks,8,16,12,2024,0,34.1261,-118.25788,10,14.8,9.84547
45191,Heather Wilson,8,16,12,2024,0,34.0205,-118.25788,7,1.0,0.68904
46157,Rachel Jackson,8,16,12,2024,0,33.87266,-118.58271667,2,2.3,1.5003
53559,Laura Morgan,8,16,12,2024,0,34.10498,-118.44594333,9,6.7,4.46533
90073,Mrs. Carmen Chavez,8,16,12,2024,0,33.93602,-118.36046,6,1.4,0.92487
44846,Dan Le,8,16,12,2024,0,33.85154,-118.34336333,4,7.1,4.71445
98005,Jeffery Andrews,8,16,12,2024,0,33.95714,-118.25788,7,1.4,0.94294
98695,Susan Sherman,8,16,12,2024,0,33.9149,-118.34336333,4,3.6,2.40416
26227,Michael Reed,8,16,12,2024,0,33.8093,-118.44594333,1,1.5,1.02792
36652,Sara Miller,8,16,12,2024,0,33.93602,-118.44594333,6,0.8,0.5356
67224,Angel Hayes,8,16,12,2024,0,33.72482,-118.46304,1,0.3,0.2119
35238,Christina Stephenson,8,16,12,2024,0,34.2317,-118.25788,11,46.7,31.14113
67324,Daniel Orozco,8,16,12,2024,0,33.87266,-118.59981333,2,1.8,1.20329
24402,Justin Stone,8,16,12,2024,0,33.97826,-118.39465333,6,0.6,0.42385
79041,Timothy Jones,8,16,12,2024,0,33.83042,-118.41175,3,0.8,0.56519
52372,Kathryn Ellis,8,16,12,2024,0,33.97826,-118.39465333,6,0.7,0.43838
79585,Jimmy Ware,8,16,12,2024,0,33.87266,-118.54852333,2,1.0,0.68208
83964,Andrew Richards,8,16,12,2024,0,33.8093,-118.59981333,2,1.7,1.15689
17746,Jennifer Kaiser,8,16,12,2024,0,33.8093,-118.39465333,1,3.2,2.11967
73992,Allen Morgan,8,16,12,2024,0,33.87266,-118.54852333,2,0.3,0.20492
26256,Jeremiah Stuart,8,16,12,2024,0,33.93602,-118.49723333,5,1.2,0.81515
78708,Alan Ross,8,16,12,2024,0,34.0205,-118.46304,6,1.4,0.95455
76177,Ashley Anderson,8,16,12,2024,0,33.99938,-118.53142667,5,6.2,4.14559
65777,Robert Ross,8,16,12,2024,0,34.04162,-118.51433,9,2.6,1.72637
93718,Felicia Ritter,8,16,12,2024,0,34.04162,-118.46304,9,1.4,0.91159
98176,Adam Mitchell,8,16,12,2024,0,34.21058,-118.27497667,11,46.3,30.88723
52100,Jeffrey Olsen,8,16,12,2024,0,34.08386,-118.25788,10,2.7,1.79331
25688,Julie Hill,8,16,12,2024,0,34.04162,-118.32626667,10,1.7,1.15311
73130,Oscar Williams,8,16,12,2024,0,33.74594,-118.54852333,1,2.3,1.54626
86879,Sharon Cunningham,8,16,12,2024,0,33.72482,-118.41175,1,9.0,5.9999
26937,Lee Blake,8,16,12,2024,0,33.8093,-118.34336333,4,0.5,0.30691
61326,Brandon Sanchez,8,16,12,2024,0,34.27394,-118.30917,11,59.4,39.6097
81844,Kimberly Johnson,8,16,12,2024,0,33.78818,-118.27497667,4,13.9,9.28123
75129,Sheila Watkins,8,16,12,2024,0,33.85154,-118.48013667,3,1.0,0.68749
79757,Angelica Nguyen,8,16,12,2024,0,34.06274,-118.29207333,10,2.0,1.32766
34763,Jill Cruz,8,16,12,2024,0,33.9149,-118.29207333,4,1.3,0.83336
48259,Willie Petersen,8,16,12,2024,0,33.85154,-118.39465333,3,1.3,0.83456
99170,Kenneth Jones,8,16,12,2024,0,34.18946,-118.30917,11,12.3,8.19021
41405,Amy Sanders DVM,8,16,12,2024,0,33.72482,-118.51433,1,0.3,0.18675
70330,Shannon Kim,8,16,12,2024,0,33.97826,-118.25788,7,1.4,0.93298
23015,Brian Hensley,8,16,12,2024,0,34.08386,-118.22368667,10,15.0,9.98523
23952,Maria Rivera,8,16,12,2024,0,34.08386,-118.27497667,10,0.7,0.4997
77080,Brian Jones,8,16,12,2024,0,33.74594,-118.48013667,1,2.2,1.44103
32576,Jeremy Henry,8,16,12,2024,0,33.9149,-118.37755667,4,1.5,1.02596
70169,Alicia Carter,8,16,12,2024,0,33.95714,-118.27497667,7,0.2,0.13918
28643,Shawn Fernandez,8,16,12,2024,0,33.83042,-118.44594333,3,1.6,1.07743
20383,Angel Sanchez,8,16,12,2024,0,34.0205,-118.20659,8,13.8,9.19232
41869,John Hansen,8,16,12,2024,0,33.76706,-118.63400667,2,4.7,3.13436
86173,John Smith,8,16,12,2024,0,33.78818,-118.32626667,4,4.8,3.21786
23331,David Davis,8,16,12,2024,0,34.04162,-118.22368667,10,7.2,4.81162
46363,Laura Young,8,16,12,2024,0,33.76706,-118.51433,1,2.4,1.5984
89750,Nicholas Price,8,16,12,2024,0,34.0205,-118.29207333,7,1.5,0.9679
52414,Thomas Young,8,16,12,2024,0,33.9149,-118.17239667,8,30.0,19.99543
73372,Susan Sanders,8,16,12,2024,0,34.0205,-118.48013667,5,1.0,0.68995
12652,Tiffany Collins,8,16,12,2024,0,34.1261,-118.27497667,10,14.2,9.43641
37654,Sharon Kline,8,16,12,2024,0,33.89378,-118.34336333,4,1.8,1.21828
43748,Diane Bridges,8,16,12,2024,0,34.08386,-118.42884667,9,4.2,2.77307
10156,Erin Bridges,8,16,12,2024,0,34.14722,-118.30917,11,9.7,6.47859
58469,Shawn Wilkinson,8,16,12,2024,0,33.97826,-118.32626667,6,1.4,0.91149
62440,Heather Hall,8,16,12,2024,0,33.9149,-118.32626667,4,5.4,3.57855
75879,Krystal Hines,8,16,12,2024,0,33.74594,-118.41175,1,6.3,4.21949
48435,Benjamin Spencer,8,16,12,2024,0,33.83042,-118.44594333,3,1.7,1.15962
34035,Amber Dawson,8,16,12,2024,0,33.76706,-118.61691,2,1.4,0.90776
13375,Amy Davis,8,16,12,2024,0,33.85154,-118.36046,4,1.7,1.1396
86063,Megan Thompson,8,16,12,2024,0,33.89378,-118.39465333,3,1.0,0.67499
68150,Tammy Robinson,8,16,12,2024,0,33.89378,-118.61691,2,3.7,2.4776
84683,Jennifer Hart,8,16,12,2024,0,34.04162,-118.29207333,10,1.2,0.80736
35366,Cindy Spencer,8,16,12,2024,0,33.85154,-118.42884667,3,0.2,0.1298
78055,Deborah Brandt,8,16,12,2024,0,34.14722,-118.29207333,11,4.5,2.96779
21704,Jean Barr DVM,8,16,12,2024,0,33.89378,-118.58271667,2,0.5,0.36257
96244,Kevin Flowers,8,16,12,2024,0,33.76706,-118.42884667,1,1.9,1.2596
93365,Mark Jacobs,8,16,12,2024,0,33.89378,-118.56562,2,0.4,0.27444
86757,Elizabeth Blackwell,8,16,12,2024,0,34.27394,-118.24078333,11,50.8,33.84736
91810,Jessica Johnson,8,16,12,2024,0,33.76706,-118.44594333,1,6.3,4.19906
74389,Mallory Stark,8,16,12,2024,0,33.83042,-118.6682,2,14.8,9.84505
16428,Jennifer Smith,8,16,12,2024,0,34.08386,-118.48013667,9,11.8,7.8658
48296,Cynthia Mooney,8,16,12,2024,0,33.78818,-118.30917,4,3.2,2.15976
88495,Amber Li,8,16,12,2024,0,34.06274,-118.41175,9,5.2,3.44413
28966,Tony Martin,8,16,12,2024,0,34.10498,-118.29207333,10,1.3,0.88454
21059,Randy Patrick,8,16,12,2024,0,33.99938,-118.29207333,7,1.8,1.1941
54906,Brandon Simpson,8,16,12,2024,0,33.99938,-118.32626667,6,1.0,0.65911
75358,Brianna Johnson,8,16,12,2024,0,33.8093,-118.65110333,2,5.8,3.83693
22486,Zachary Combs,8,16,12,2024,0,34.06274,-118.25788,10,12.2,8.11566
52464,Richard Sanders,8,16,12,2024,0,33.93602,-118.32626667,6,0.4,0.25365
86227,Mark Benitez,8,16,12,2024,0,33.87266,-118.59981333,2,3.3,2.20696
24298,Jennifer Tucker,8,16,12,2024,0,33.83042,-118.53142667,3,1.6,1.077
87526,Monica Watson,8,16,12,2024,0,33.99938,-118.18949333,8,9.5,6.32516
98665,Theresa Alvarez,8,16,12,2024,0,34.0205,-118.32626667,6,0.7,0.49037
77278,Aaron Cortez,8,16,12,2024,0,34.0205,-118.51433,5,4.6,3.06666
57679,Susan Golden,8,16,12,2024,0,34.29506,-118.25788,11,53.8,35.88063
34156,Erin Williams,8,16,12,2024,0,33.97826,-118.30917,7,2.1,1.4005
38727,Isaac Hernandez,8,16,12,2024,0,33.85154,-118.58271667,2,0.9,0.57294
20078,Jessica Williams,8,16,12,2024,0,33.99938,-118.32626667,6,1.3,0.83919
98848,Jacob Harrell,8,16,12,2024,0,33.93602,-118.51433,5,0.7,0.44669
44851,Kevin Clark,8,16,12,2024,0,33.99938,-118.44594333,6,3.4,2.2648
95911,Katherine Gray,8,16,12,2024,0,33.93602,-118.34336333,6,3.9,2.56925
41679,Christian Mann,8,16,12,2024,0,34.0205,-118.39465333,6,2.2,1.47579
20977,Natalie Young,8,16,12,2024,0,34.10498,-118.22368667,10,12.2,8.14588
82373,Mia May,8,16,12,2024,0,33.83042,-118.39465333,3,2.3,1.51726
71684,Daniel Ray,8,16,12,2024,0,33.95714,-118.24078333,7,2.2,1.49642
25653,Tiffany Clark,8,16,12,2024,0,33.7037,-118.44594333,1,3.1,2.07568
61554,Mr. Albert Roberts,8,16,12,2024,0,33.85154,-118.54852333,2,0.4,0.24133
22461,Michelle Williams,8,16,12,2024,0,34.25282,-118.30917,11,57.1,38.05757
76595,Kirsten Burnett,8,16,12,2024,0,34.06274,-118.44594333,9,3.1,2.0589
46027,Christopher Evans,8,16,12,2024,0,33.85154,-118.63400667,2,2.6,1.75069
84909,Jill Mueller,8,16,12,2024,0,33.93602,-118.17239667,8,28.8,19.16778
48927,Ryan Larsen,8,16,12,2024,0,33.83042,-118.32626667,4,0.3,0.19262
75066,Donald Hurst,8,16,12,2024,0,33.9149,-118.56562,2,3.2,2.13366
22573,Edward Davis,8,16,12,2024,0,34.0205,-118.56562,5,8.5,5.65791
36231,Joe Page,8,16,12,2024,0,33.8093,-118.56562,2,2.5,1.671
10886,James Pratt,8,16,12,2024,0,34.0205,-118.46304,6,4.7,3.10092
32356,Jessica Wise,8,16,12,2024,0,33.95714,-118.46304,6,1.4,0.90046
74211,Laura Wagner,8,16,12,2024,0,33.76706,-118.32626667,4,8.2,5.46278
69156,Monique Phillips,8,16,12,2024,0,33.95714,-118.1553,8,17.5,11.64266
97208,Gregory Bailey,8,16,12,2024,0,33.95714,-118.27497667,7,1.9,1.28152
28808,Robert Gaines,8,16,12,2024,0,33.99938,-118.48013667,5,1.9,1.24393
58018,Kathryn Fox,8,16,12,2024,0,33.89378,-118.30917,4,0.9,0.62947
75281,Kathryn Petersen,8,16,12,2024,0,34.04162,-118.25788,10,3.2,2.14085
90747,Nathan Adams,8,16,12,2024,0,33.99938,-118.24078333,7,8.5,5.66846
77372,Patrick Graves,8,16,12,2024,0,33.93602,-118.20659,8,2.5,1.67115
71005,Catherine Ward,8,16,12,2024,0,33.97826,-118.30917,7,1.4,0.93552
93606,Melissa Moore,8,16,12,2024,0,33.74594,-118.48013667,1,2.7,1.80018
82631,Erik Coleman,8,16,12,2024,0,33.85154,-118.53142667,3,0.7,0.495
64071,Tricia Holder,8,16,12,2024,0,33.9149,-118.58271667,2,0.9,0.60462
23389,Thomas Fischer,8,16,12,2024,0,33.78818,-118.37755667,4,3.3,2.22314
21850,Gregory Bryan,8,16,12,2024,0,34.08386,-118.41175,9,5.0,3.33192
49127,Laura Soto,8,16,12,2024,0,33.95714,-118.36046,6,0.9,0.62867
62604,Andrea Richardson,8,16,12,2024,0,33.85154,-118.49723333,3,2.3,1.51785
96735,Andrew Smith,8,16,12,2024,0,33.8093,-118.30917,4,1.9,1.25452
56797,Carl Cook,8,16,12,2024,0,33.78818,-118.58271667,2,4.4,2.95819
53329,Justin Long,8,16,12,2024,0,33.97826,-118.17239667,8,11.9,7.9309
87539,Paula Lee,8,16,12,2024,0,33.87266,-118.51433,3,1.0,0.66533
55163,Bonnie Nunez,8,16,12,2024,0,34.1261,-118.42884667,9,3.4,2.28547
85700,Mark Clay,8,16,12,2024,0,34.25282,-118.29207333,11,46.0,30.66366
89323,John Taylor,8,16,12,2024,0,34.16834,-118.29207333,11,9.0,5.99354
46517,Alex Watts,8,16,12,2024,0,33.7037,-118.49723333,1,4.0,2.67343
78760,Mariah Sims,8,16,12,2024,0,33.76706,-118.53142667,1,1.5,0.996
49200,Jerome Ritter,8,16,12,2024,0,33.95714,-118.39465333,6,1.3,0.88464
76777,Anthony Moore,8,16,12,2024,0,33.9149,-118.20659,8,2.8,1.88606
20559,Kevin Morrison,8,16,12,2024,0,33.99938,-118.36046,6,1.4,0.90359
13267,Kevin Bowman,8,16,12,2024,0,33.93602,-118.34336333,6,0.4,0.25008
69895,Susan Andrews,8,16,12,2024,0,33.74594,-118.46304,1,3.4,2.24318
77846,Charles Roberts,8,16,12,2024,0,33.78818,-118.54852333,1,4.2,2.79183
64753,Victoria Thompson,8,16,12,2024,0,34.3373,-118.24078333,11,60.2,40.11573
77531,Michael Murray,8,16,12,2024,0,33.78818,-118.44594333,1,2.7,1.83018
23042,John Pierce,8,16,12,2024,0,34.10498,-118.37755667,9,1.5,1.0203
34735,David Williams,8,16,12,2024,0,33.76706,-118.34336333,4,9.0,6.00925
14503,Jessica Hancock,8,16,12,2024,0,33.74594,-118.51433,1,1.7,1.11683
98538,Victoria Graves,8,16,12,2024,0,34.10498,-118.42884667,9,3.6,2.42618
96593,Peter Cruz,8,16,12,2024,0,33.78818,-118.46304,1,1.7,1.1195
19573,Kelli Miller,8,16,12,2024,0,33.74594,-118.53142667,1,3.3,2.21854
20455,Vincent Tapia,8,16,12,2024,0,33.9149,-118.44594333,3,1.2,0.78136
24853,Allen Carpenter,8,16,12,2024,0,33.83042,-118.53142667,3,1.6,1.03485
37863,Scott Moses,8,16,12,2024,0,34.2317,-118.24078333,11,43.7,29.15694
71345,Laurie Harrell,8,16,12,2024,0,33.97826,-118.22368667,8,13.5,9.02484
16435,Katherine Martinez,8,16,12,2024,0,34.04162,-118.32626667,10,0.6,0.39272
94379,Caitlin Davis,8,16,12,2024,0,33.95714,-118.1553,8,13.5,8.9701
99850,Brandon Parker,8,16,12,2024,0,33.97826,-118.27497667,7,3.0,2.0231
51841,Donald Hernandez,8,16,12,2024,0,34.04162,-118.48013667,9,1.4,0.94329
97336,Tracy Anderson,8,16,12,2024,0,33.76706,-118.59981333,2,1.4,0.93865
36123,Karen Davis,8,16,12,2024,0,33.87266,-118.59981333,2,0.4,0.24713
53444,Crystal Dalton,8,16,12,2024,0,33.95714,-118.25788,7,2.9,1.90339
53842,Stanley Colon,8,16,12,2024,0,33.8093,-118.61691,2,1.9,1.2729
80985,Dillon Perez,8,16,12,2024,0,33.97826,-118.1553,8,14.9,9.91097
10558,Bailey Holmes,8,16,12,2024,0,33.97826,-118.18949333,8,14.5,9.64301
91267,Stephanie Navarro,8,16,12,2024,0,33.76706,-118.44594333,1,2.0,1.3148
58405,Jenna Waller,8,16,12,2024,0,33.89378,-118.27497667,4,0.9,0.58854
71594,Shane Garrett,8,16,12,2024,0,33.9149,-118.42884667,3,0.8,0.52051
22442,Mary Clark,8,16,12,2024,0,33.99938,-118.27497667,7,0.7,0.49078
46728,Molly Hebert,8,16,12,2024,0,33.87266,-118.44594333,3,2.0,1.31607
43980,Shawn Estes,8,16,12,2024,0,34.3373,-118.25788,11,59.3,39.51114
56140,Julia Caldwell,8,16,12,2024,0,33.97826,-118.24078333,7,3.7,2.49318
57953,Emily Cox,8,16,12,2024,0,34.04162,-118.30917,10,1.8,1.17532
94927,Robert Harvey,8,16,12,2024,0,33.9149,-118.48013667,3,0.6,0.39209
75673,Carolyn Mosley,8,16,12,2024,0,33.74594,-118.54852333,1,4.2,2.82992
30168,Natalie Carter,8,16,12,2024,0,34.10498,-118.27497667,10,2.0,1.32804
91424,Timothy Anderson,8,16,12,2024,0,33.89378,-118.65110333,2,3.8,2.54506
66930,Bradley Byrd,8,16,12,2024,0,34.14722,-118.25788,11,11.6,7.74965
79961,Michael Thompson,8,16,12,2024,0,34.0205,-118.32626667,6,0.4,0.28622
65494,Nicole Salazar,8,16,12,2024,0,33.95714,-118.34336333,6,0.8,0.52743
85744,Nancy Walton,8,16,12,2024,0,33.93602,-118.27497667,7,1.7,1.16392
62296,Jillian Holt,8,16,12,2024,0,34.04162,-118.29207333,10,0.9,0.61022
27179,Tracy Moss,8,16,12,2024,0,34.1261,-118.44594333,9,9.4,6.27954
94674,Andrew Mendoza,8,16,12,2024,0,33.76706,-118.37755667,4,5.2,3.45182
51847,Steven Brooks,8,16,12,2024,0,33.97826,-118.25788,7,5.8,3.8867
11643,Jeremy Nelson,8,16,12,2024,0,33.99938,-118.49723333,5,1.6,1.0525
39138,Amanda Beltran,8,16,12,2024,0,33.97826,-118.48013667,5,0.9,0.62201
56045,Steven Mathews,8,16,12,2024,0,33.9149,-118.17239667,8,2.6,1.74051
96053,Allen Davies,8,16,12,2024,0,34.06274,-118.39465333,9,1.7,1.10944
55648,Gregory Moreno,8,16,12,2024,0,33.83042,-118.36046,4,1.9,1.24923
33367,Joseph Burns,8,16,12,2024,0,34.08386,-118.46304,9,5.4,3.57627
84242,Christopher Bryant,8,16,12,2024,0,34.08386,-118.49723333,9,8.6,5.75623
29292,Michele Li,8,16,12,2024,0,34.06274,-118.32626667,10,0.4,0.23736
83595,Terri Bailey,8,16,12,2024,0,33.74594,-118.42884667,1,6.8,4.55092
45156,Jill Smith,8,16,12,2024,0,33.9149,-118.58271667,2,8.2,5.48075
96603,Daniel Wood,8,16,12,2024,0,33.93602,-118.37755667,6,1.3,0.84184
76523,Kevin Jimenez,8,16,12,2024,0,34.25282,-118.27497667,11,46.6,31.06303
55013,Ashley Grant,8,16,12,2024,0,33.85154,-118.6682,2,12.9,8.62483
54025,Lynn James,8,16,12,2024,0,33.9149,-118.54852333,2,0.8,0.50914
22884,Megan Carr,8,16,12,2024,0,34.0205,-118.39465333,6,1.2,0.80891
59680,Katie Ward,8,16,12,2024,0,33.8093,-118.51433,1,1.0,0.68821
64104,Jacqueline Chapman,8,16,12,2024,0,33.95714,-118.48013667,5,2.7,1.82914
93135,Brittany Rojas,8,16,12,2024,0,34.1261,-118.30917,10,2.9,1.95622
59359,Virginia Herman,8,16,12,2024,0,33.99938,-118.25788,7,2.1,1.4
26277,Jennifer Higgins,8,16,12,2024,0,34.04162,-118.37755667,9,0.5,0.33377
19493,Sylvia Ryan,8,16,12,2024,0,34.14722,-118.29207333,11,8.5,5.67155
85628,Kyle Taylor,8,16,12,2024,0,33.99938,-118.27497667,7,0.7,0.48114
82976,Michael Casey,8,16,12,2024,0,34.0205,-118.36046,6,0.7,0.44931
35010,Brittany Ward,8,16,12,2024,0,33.83042,-118.51433,3,2.6,1.7368
42412,Sarah Nielsen,8,16,12,2024,0,34.21058,-118.27497667,11,37.3,24.86885
12052,Cody Alvarez,8,16,12,2024,0,34.18946,-118.27497667,11,36.4,24.28263
51230,Jessica Griffith,8,16,12,2024,0,33.95714,-118.32626667,6,2.2,1.49471
30344,Kirsten Garcia,8,16,12,2024,0,33.76706,-118.46304,1,2.0,1.33232
84101,Kara Kramer,8,16,12,2024,0,33.76706,-118.36046,4,6.5,4.36595
79762,Joshua Schroeder,8,16,12,2024,0,33.97826,-118.18949333,8,13.6,9.04225
63494,Joseph Jefferson,8,16,12,2024,0,34.0205,-118.18949333,8,12.6,8.4146
54500,James Jackson,8,16,12,2024,0,33.93602,-118.36046,6,1.6,1.08591
94339,Cynthia Roberts,8,16,12,2024,0,33.89378,-118.36046,4,5.0,3.30247
55071,Danny Walker,8,16,12,2024,0,33.93602,-118.53142667,5,2.2,1.48968
12966,Anthony Woods,8,16,12,2024,0,33.9149,-118.37755667,4,0.2,0.15079
72632,Richard Lopez,8,16,12,2024,0,34.06274,-118.30917,10,0.6,0.39361
97977,Dalton Fox,8,16,12,2024,0,33.85154,-118.65110333,2,3.1,2.06443
28077,Tyler Cooper,8,16,12,2024,0,33.95714,-118.58271667,5,2.0,1.33097
61139,Mr. Alexis Marks,8,16,12,2024,0,33.89378,-118.54852333,2,1.2,0.76837
27213,Gregory Hubbard,8,16,12,2024,0,34.06274,-118.39465333,9,2.2,1.45241
36977,Kelli Wells,8,16,12,2024,0,33.93602,-118.32626667,6,1.6,1.05263
98796,Cathy Collins,8,16,12,2024,0,33.89378,-118.59981333,2,2.2,1.45276
81487,Dalton Collins,8,16,12,2024,0,34.25282,-118.25788,11,39.7,26.49187
42115,David Williams,8,16,12,2024,0,34.0205,-118.53142667,5,3.1,2.07753
39708,Margaret Andrews,8,16,12,2024,0,33.99938,-118.18949333,8,11.5,7.67754
21619,Jay Price,8,16,12,2024,0,33.93602,-118.30917,7,4.1,2.70469
79333,Sarah Perez,8,16,12,2024,0,33.72482,-118.39465333,1,14.1,9.41964
30482,Andrew Clark,8,16,12,2024,0,33.85154,-118.42884667,3,1.1,0.73136
42352,Sydney Garcia,8,16,12,2024,0,33.83042,-118.41175,3,0.4,0.2749
80221,Anthony Estrada,8,16,12,2024,0,33.89378,-118.44594333,3,1.2,0.80089
71873,Larry Turner,8,16,12,2024,0,33.9149,-118.44594333,3,1.6,1.09265
62013,Antonio Boyd,8,16,12,2024,0,33.74594,-118.56562,2,4.4,2.92749
72868,Erica Perkins,8,16,12,2024,0,34.10498,-118.46304,9,2.9,1.90912
69572,Timothy Mejia,8,16,12,2024,0,34.25282,-118.25788,11,46.2,30.77929
96275,Andrew Stanley,8,16,12,2024,0,33.97826,-118.27497667,7,3.8,2.51879
58758,Kent Moore,8,16,12,2024,0,33.85154,-118.37755667,4,1.2,0.77989
92013,Anthony Sandoval,8,16,12,2024,0,33.9149,-118.22368667,8,1.3,0.83693
46635,Michelle Francis,8,16,12,2024,0,33.97826,-118.36046,6,1.1,0.75293
77327,Mrs. Tiffany Mccann,8,16,12,2024,0,33.93602,-118.1553,8,25.4,16.91462
10791,Nicole Day,8,16,12,2024,0,33.85154,-118.61691,2,1.1,0.76467
34612,Michael Reid,8,16,12,2024,0,34.25282,-118.24078333,11,36.2,24.13658
15512,Jeff Kennedy,8,16,12,2024,0,33.95714,-118.44594333,6,1.2,0.81601
16369,Jeffrey Beltran,8,16,12,2024,0,33.83042,-118.48013667,3,0.9,0.61833
52751,Theodore Madden,8,16,12,2024,0,33.97826,-118.24078333,7,4.0,2.69683
62702,Cynthia George,8,16,12,2024,0,34.04162,-118.25788,10,2.9,1.95599
98976,Pamela Gilbert,8,16,12,2024,0,33.78818,-118.48013667,1,3.1,2.05735
95637,James Thompson,8,16,12,2024,0,33.87266,-118.51433,3,0.8,0.51229
18197,Teresa Ramirez,8,16,12,2024,0,33.89378,-118.53142667,3,2.4,1.58626
22614,Travis Jones,8,16,12,2024,0,33.78818,-118.41175,1,2.3,1.51105
84419,Stanley Cox,8,16,12,2024,0,33.93602,-118.24078333,7,1.5,0.99468
69316,Kristy Coleman,8,16,12,2024,0,33.7037,-118.46304,1,7.3,4.86633
87386,Olivia Martin,8,16,12,2024,0,34.06274,-118.30917,10,3.4,2.29742
28577,David Chen,8,16,12,2024,0,33.74594,-118.46304,1,1.9,1.23561
66922,Russell Cook,8,16,12,2024,0,34.0205,-118.51433,5,3.0,1.99931
16830,Ryan Johnson,8,16,12,2024,0,33.78818,-118.59981333,2,1.5,0.97417
38920,Shirley Martin,8,16,12,2024,0,34.14722,-118.27497667,11,13.5,8.98841
79723,Rebecca Ramsey,8,16,12,2024,0,33.95714,-118.54852333,5,2.0,1.3148
35013,Shaun Hogan,8,16,12,2024,0,34.18946,-118.29207333,11,12.0,8.00437
45846,Margaret York,8,16,12,2024,0,33.9149,-118.30917,4,0.8,0.5504
47720,Jordan Cuevas,8,16,12,2024,0,33.76706,-118.30917,4,5.0,3.30303
51880,Robert Obrien,8,16,12,2024,0,34.0205,-118.30917,7,0.8,0.55275
65198,Mark Morgan,8,16,12,2024,0,33.89378,-118.37755667,4,0.6,0.42904
92105,Thomas Moreno,8,16,12,2024,0,33.9149,-118.18949333,8,1.9,1.2571
43176,Luis Compton,8,16,12,2024,0,34.08386,-118.37755667,9,1.7,1.11123
91637,Dustin Hopkins,8,16,12,2024,0,34.06274,-118.48013667,9,8.2,5.45169
74468,Kyle Davies,8,16,12,2024,0,33.93602,-118.39465333,6,1.2,0.78018
87174,Derrick Donovan,8,16,12,2024,0,34.04162,-118.44594333,9,2.5,1.67764
63462,Danielle Macdonald,8,16,12,2024,0,33.8093,-118.41175,1,0.6,0.40452
42037,Abigail Smith,8,16,12,2024,0,33.7037,-118.48013667,1,4.3,2.89369
77006,Claudia White,8,16,12,2024,0,33.9149,-118.39465333,3,1.0,0.67059
60729,Dr. James Hill,8,16,12,2024,0,33.99938,-118.22368667,8,9.1,6.0939
10920,Terry Huang,8,16,12,2024,0,33.97826,-118.27497667,7,2.5,1.64884
69292,Rachel Garcia,8,16,12,2024,0,34.0205,-118.30917,7,0.6,0.42148
79878,Sherri Williams,8,16,12,2024,0,33.8093,-118.63400667,2,4.3,2.84601
85206,William Miller,8,16,12,2024,0,33.95714,-118.37755667,6,0.8,0.5413
33303,Mrs. Cathy Richardson,8,16,12,2024,0,34.29506,-118.32626667,11,53.7,35.77582
36106,Michael Mclaughlin,8,16,12,2024,0,33.72482,-118.42884667,1,7.6,5.07901
77726,Colleen Brown,8,16,12,2024,0,33.99938,-118.25788,7,4.5,3.02914
82735,Marcus Price,8,16,12,2024,0,33.83042,-118.49723333,3,1.2,0.79874
84192,Elizabeth Reilly,8,16,12,2024,0,34.0205,-118.34336333,6,0.9,0.5896
84912,Melvin Lee,8,16,12,2024,0,34.3373,-118.29207333,11,67.3,44.83886
21858,Susan Adams,8,16,12,2024,0,33.95714,-118.24078333,7,1.6,1.05168
80139,Derek Taylor,8,16,12,2024,0,34.06274,-118.27497667,10,1.8,1.22233
96972,Ryan Allen,8,16,12,2024,0,33.93602,-118.54852333,5,3.6,2.40572
87512,Michael Garcia,8,16,12,2024,0,33.74594,-118.59981333,2,1.1,0.70461
47602,Anthony Stark,8,16,12,2024,0,34.04162,-118.29207333,10,0.4,0.2357
88157,Monica Davidson,8,16,12,2024,0,33.97826,-118.29207333,7,2.5,1.66951
54097,James Stephens,8,16,12,2024,0,34.06274,-118.44594333,9,4.0,2.69111
57189,Jared Stone,8,16,12,2024,0,33.87266,-118.49723333,3,0.8,0.55453
92889,Rachel Smith,8,16,12,2024,0,34.06274,-118.49723333,9,14.4,9.6261
29204,Debbie Davis,8,16,12,2024,0,33.89378,-118.27497667,4,4.0,2.64766
68983,Mary Gray,8,16,12,2024,0,33.89378,-118.41175,3,1.2,0.80445
13262,Victoria White,8,16,12,2024,0,33.93602,-118.20659,8,2.8,1.86957
95383,Sarah Gonzales,8,16,12,2024,0,33.85154,-118.51433,3,0.7,0.48052
19765,Jennifer Yu,8,16,12,2024,0,33.97826,-118.37755667,6,2.6,1.73034
93006,Angel Perez,8,16,12,2024,0,33.76706,-118.51433,1,0.5,0.34133
65297,John Newton,8,16,12,2024,0,33.93602,-118.48013667,5,1.5,0.98249
16696,Carlos Lee,8,16,12,2024,0,33.76706,-118.41175,1,3.9,2.61187
31539,Monica Daugherty,8,16,12,2024,0,33.8093,-118.41175,1,2.4,1.62187
75934,Eric Gibson,8,16,12,2024,0,33.99938,-118.54852333,5,4.6,3.04845
19220,Frances Stevens,8,16,12,2024,0,34.08386,-118.29207333,10,1.9,1.27345
17079,Jacob Oconnor,8,16,12,2024,0,33.95714,-118.41175,6,1.4,0.96329
31222,Heather Warren,8,16,12,2024,0,33.95714,-118.49723333,5,3.3,2.17862
70352,Janet Pearson,8,16,12,2024,0,33.89378,-118.49723333,3,3.0,1.97888
66236,Joshua Jacobs,8,16,12,2024,0,33.89378,-118.42884667,3,1.0,0.66026
13033,Kaitlyn James,8,16,12,2024,0,33.99938,-118.24078333,7,6.0,4.00668
70256,David Vazquez,8,16,12,2024,0,33.89378,-118.49723333,3,2.2,1.48418
89625,Richard Huang,8,16,12,2024,0,33.93602,-118.36046,6,1.4,0.90962
99389,Laura Ramirez,8,16,12,2024,0,33.89378,-118.42884667,3,0.7,0.47741
67401,Amy Juarez,8,16,12,2024,0,34.10498,-118.39465333,9,2.1,1.37686
97630,David Mendoza,8,16,12,2024,0,33.99938,-118.39465333,6,1.7,1.11049
86889,Eugene Benson,8,16,12,2024,0,33.95714,-118.18949333,8,14.9,9.93149
53176,Michael Woodard,8,16,12,2024,0,33.97826,-118.54852333,5,0.7,0.45281
46108,Robert Vargas,8,16,12,2024,0,33.89378,-118.58271667,2,3.6,2.38326
34644,Scott Collins,8,16,12,2024,0,33.97826,-118.56562,5,0.4,0.26984
93498,Jacob Vargas,8,16,12,2024,0,34.06274,-118.22368667,10,0.2,0.16072
10521,Morgan Watson,8,16,12,2024,0,33.93602,-118.37755667,6,1.0,0.69239
26343,Bonnie Gentry,8,16,12,2024,0,34.06274,-118.27497667,10,0.7,0.46769
50733,Jennifer Chan,8,16,12,2024,0,33.95714,-118.56562,5,1.6,1.09418
22405,Dawn Brown,8,16,12,2024,0,34.08386,-118.32626667,10,0.4,0.25789
11780,Craig Ward,8,16,12,2024,0,34.04162,-118.48013667,9,2.6,1.72853
75646,Matthew Jackson,8,16,12,2024,0,33.87266,-118.63400667,2,4.6,3.06141
61727,Richard Wiley,8,16,12,2024,0,34.06274,-118.24078333,10,5.8,3.85478
73319,Yvette Nelson,8,16,12,2024,0,33.72482,-118.44594333,1,0.2,0.11113
88296,Renee Trujillo,8,16,12,2024,0,33.87266,-118.42884667,3,2.6,1.74513
37968,Christine Mcdonald,8,16,12,2024,0,33.9149,-118.39465333,3,1.9,1.25736
74828,Elizabeth Frost,8,16,12,2024,0,33.89378,-118.39465333,3,1.6,1.05628
96737,Joseph Myers,8,16,12,2024,0,33.9149,-118.36046,4,0.4,0.24852
75430,Mark Ramirez,8,16,12,2024,0,33.9149,-118.36046,4,1.6,1.05407
73679,Brian Hart,8,16,12,2024,0,34.04162,-118.49723333,9,14.1,9.3935
86772,Samantha Moss,8,16,12,2024,0,33.9149,-118.46304,3,2.0,1.3093
92781,Lisa Ayala,8,16,12,2024,0,33.9149,-118.56562,2,7.0,4.65096
23806,Jessica Branch,8,16,12,2024,0,34.16834,-118.27497667,11,39.0,26.01421
38937,Sherry Jones,8,16,12,2024,0,33.78818,-118.25788,4,13.4,8.91175
65496,Marisa Kaufman,8,16,12,2024,0,33.95714,-118.37755667,6,0.3,0.22204
48710,Steve Carr,8,16,12,2024,0,33.85154,-118.44594333,3,1.9,1.25132
94661,Matthew Cox,9,16,12,2024,1,34.0205,-118.37755667,6,1.0,0.69752
31047,James Campbell,9,16,12,2024,1,34.06274,-118.51433,9,14.4,9.57784
92318,Raven Campbell,9,16,12,2024,1,33.95714,-118.48013667,5,1.6,1.07028
90147,Jeremy Cannon,9,16,12,2024,1,33.87266,-118.34336333,4,2.3,1.55568
81366,Jane Smith,9,16,12,2024,1,34.27394,-118.29207333,11,56.3,37.51378
43346,Deborah Jackson,9,16,12,2024,1,33.87266,-118.42884667,3,1.6,1.09669
50971,Julie Graves,9,16,12,2024,1,34.1261,-118.48013667,9,13.1,8.76141
96323,Angel Ayala,9,16,12,2024,1,33.93602,-118.42884667,6,0.8,0.52344
44094,Sean Scott,9,16,12,2024,1,33.87266,-118.30917,4,5.3,3.56314
52320,Brittany Vega,9,16,12,2024,1,33.95714,-118.30917,7,1.8,1.18656
10188,Brian Peterson,9,16,12,2024,1,34.27394,-118.29207333,11,60.4,40.24169
98052,Richard Mason,9,16,12,2024,1,33.99938,-118.18949333,8,14.1,9.36797
50662,Erin Ford,9,16,12,2024,1,34.04162,-118.36046,10,0.7,0.49308
59607,James Hernandez,9,16,12,2024,1,33.9149,-118.18949333,8,6.2,4.16445
33020,Patricia Robinson,9,16,12,2024,1,33.87266,-118.6682,2,10.4,6.92718
72368,Tara Wright,9,16,12,2024,1,33.76706,-118.53142667,1,1.6,1.05017
14007,Michael Glover,9,16,12,2024,1,33.83042,-118.6682,2,5.1,3.42345
78954,Jessica Lamb,9,16,12,2024,1,33.95714,-118.54852333,5,1.7,1.1337
44750,Jaime Russell,9,16,12,2024,1,33.74594,-118.59981333,2,3.7,2.44204
16321,David Anderson,9,16,12,2024,1,33.95714,-118.34336333,6,1.1,0.73659
62285,Jennifer Harris,9,16,12,2024,1,33.76706,-118.49723333,1,1.4,0.90545
68918,Michael Brown,9,16,12,2024,1,33.83042,-118.44594333,3,0.4,0.27347
85094,Cynthia Petersen,9,16,12,2024,1,34.04162,-118.24078333,10,1.2,0.78596
33568,Amanda Jones,9,16,12,2024,1,33.93602,-118.22368667,8,0.7,0.45872
42419,Tyrone Johnson,9,16,12,2024,1,33.97826,-118.27497667,7,4.2,2.78688
53172,Ethan Hill,9,16,12,2024,1,33.95714,-118.58271667,5,1.2,0.80765
42969,Sara Dawson,9,16,12,2024,1,33.78818,-118.59981333,2,2.3,1.54854
63206,Cynthia Lopez,9,16,12,2024,1,34.04162,-118.29207333,10,3.6,2.39844
80894,Gene Reynolds DDS,9,16,12,2024,1,33.83042,-118.42884667,3,2.2,1.49578
46727,Jessica Pacheco,9,16,12,2024,1,33.97826,-118.18949333,8,14.7,9.80288
98423,Phillip Lopez,9,16,12,2024,1,33.89378,-118.18949333,8,2.4,1.62069
96454,Marie Carter,9,16,12,2024,1,33.89378,-118.41175,3,0.5,0.31511
24286,John Walter,9,16,12,2024,1,34.0205,-118.56562,5,2.9,1.90995
75896,Jared Diaz,9,16,12,2024,1,33.8093,-118.25788,4,7.9,5.28452
74941,Christine Rice,9,16,12,2024,1,34.25282,-118.22368667,11,37.2,24.81622
77077,Shawn Fowler,9,16,12,2024,1,33.95714,-118.42884667,6,0.6,0.37451
31123,Joshua Lopez,9,16,12,2024,1,33.99938,-118.25788,7,2.2,1.46012
87213,Mark Wyatt,9,16,12,2024,1,34.08386,-118.25788,10,8.4,5.60168
70875,Sherry Phillips,9,16,12,2024,1,34.25282,-118.29207333,11,55.8,37.20041
94399,Michael Shepard,9,16,12,2024,1,33.97826,-118.41175,6,2.0,1.30744
45809,Jennifer Rose,9,16,12,2024,1,33.89378,-118.63400667,2,8.1,5.39395
81940,Daniel Atkinson,9,16,12,2024,1,34.10498,-118.39465333,9,2.1,1.41915
87004,Jacqueline Garcia,9,16,12,2024,1,33.99938,-118.22368667,8,3.9,2.62664
18174,Miss Alexis Rodriguez,9,16,12,2024,1,34.10498,-118.46304,9,4.2,2.77743
72181,John Hale,9,16,12,2024,1,33.93602,-118.37755667,6,1.5,0.98417
96320,Nicholas Johnson,9,16,12,2024,1,33.87266,-118.6682,2,8.2,5.45408
67193,Martin Thomas,9,16,12,2024,1,33.95714,-118.46304,6,2.0,1.35445
26570,Matthew Watson,9,16,12,2024,1,34.04162,-118.27497667,10,1.2,0.78448
95054,Holly Parker,9,16,12,2024,1,34.08386,-118.49723333,9,9.7,6.474
34633,Amber Mann,9,16,12,2024,1,33.78818,-118.29207333,4,8.5,5.64712
40510,Brittany Davila,9,16,12,2024,1,34.04162,-118.27497667,10,0.6,0.38578
70976,Elizabeth White,9,16,12,2024,1,34.10498,-118.27497667,10,8.6,5.74357
99097,Ronald Schmidt,9,16,12,2024,1,34.0205,-118.39465333,6,0.8,0.53084
75641,Dana Nelson,9,16,12,2024,1,33.87266,-118.42884667,3,1.1,0.71099
44015,Drew Reeves,9,16,12,2024,1,33.93602,-118.1553,8,28.3,18.84973
14868,Michael Randall,9,16,12,2024,1,34.21058,-118.27497667,11,40.9,27.28969
11937,Paul Gates,9,16,12,2024,1,33.95714,-118.39465333,6,2.5,1.64037
63182,Jennifer Fox,9,16,12,2024,1,34.3373,-118.27497667,11,63.0,42.02965
60637,Joshua Johnson,9,16,12,2024,1,33.97826,-118.24078333,7,4.0,2.6446
88667,Mark Dunn,9,16,12,2024,1,33.95714,-118.54852333,5,0.3,0.20853
50680,Kayla Mclean,9,16,12,2024,1,33.99938,-118.53142667,5,1.0,0.69341
43058,Jennifer Clark,9,16,12,2024,1,34.06274,-118.24078333,10,8.7,5.80052
37484,Timothy Villanueva,9,16,12,2024,1,33.9149,-118.41175,3,1.9,1.23568
92314,James Simmons,9,16,12,2024,1,33.93602,-118.37755667,6,2.2,1.46088
44180,Travis Montes,9,16,12,2024,1,33.99938,-118.32626667,6,1.7,1.11277
48718,William Wilson,9,16,12,2024,1,33.72482,-118.39465333,1,14.8,9.8722
66539,Eric Davis,9,16,12,2024,1,33.9149,-118.58271667,2,3.8,2.56254
72020,Katie Reese,9,16,12,2024,1,34.08386,-118.22368667,10,14.2,9.46533
23971,Kelly Calderon,9,16,12,2024,1,33.76706,-118.59981333,2,0.7,0.45254
85666,Andrew Pena,9,16,12,2024,1,33.9149,-118.39465333,3,1.2,0.79505
81791,Edwin Khan,9,16,12,2024,1,34.0205,-118.25788,7,1.5,1.00025
61790,Shawn Lloyd,9,16,12,2024,1,34.04162,-118.29207333,10,3.3,2.18618
79052,Alexis Gilbert,9,16,12,2024,1,33.85154,-118.51433,3,0.8,0.53567
89638,Matthew Vargas,9,16,12,2024,1,34.16834,-118.30917,11,10.5,7.02289
78620,Randy Lee,9,16,12,2024,1,33.9149,-118.41175,3,0.5,0.34701
69325,Amy Thompson,9,16,12,2024,1,33.93602,-118.32626667,6,0.9,0.61945
35288,Jessica Brady,9,16,12,2024,1,34.06274,-118.22368667,10,11.8,7.85807
25603,Darren Cameron,9,16,12,2024,1,34.06274,-118.41175,9,0.7,0.47344
22053,Eric Weaver,9,16,12,2024,1,33.74594,-118.46304,1,2.2,1.43564
81840,Jorge Williams,9,16,12,2024,1,34.06274,-118.39465333,9,1.3,0.83407
29769,Jennifer Adams,9,16,12,2024,1,33.76706,-118.56562,2,3.5,2.34321
54437,Kenneth Rivera,9,16,12,2024,1,33.87266,-118.63400667,2,12.7,8.44422
65759,Chad Carlson,9,16,12,2024,1,33.99938,-118.39465333,6,1.4,0.96096
19461,Brittney Torres,9,16,12,2024,1,34.08386,-118.25788,10,7.5,5.01099
52766,Julia Miller,9,16,12,2024,1,34.06274,-118.32626667,10,1.7,1.10077
93424,Aaron Moreno,9,16,12,2024,1,33.78818,-118.61691,2,3.5,2.31316
64049,Michael Mitchell,9,16,12,2024,1,33.89378,-118.44594333,3,1.0,0.66482
89290,Melissa Lawson,9,16,12,2024,1,33.85154,-118.48013667,3,1.1,0.75883
44513,Eric Carter,9,16,12,2024,1,33.9149,-118.58271667,2,5.0,3.31865
12079,Robert Solis,9,16,12,2024,1,33.89378,-118.58271667,2,1.8,1.1757
52215,Gregory Stanley,9,16,12,2024,1,34.08386,-118.27497667,10,3.6,2.41037
23555,James Davis,9,16,12,2024,1,33.89378,-118.42884667,3,1.7,1.102
44422,Louis Moreno,9,16,12,2024,1,33.93602,-118.22368667,8,1.0,0.68564
16831,Chelsea Lewis,9,16,12,2024,1,33.9149,-118.37755667,4,1.2,0.7826
67153,Juan Day,9,16,12,2024,1,33.83042,-118.61691,2,0.6,0.36777
15805,Rachael Castro,9,16,12,2024,1,33.76706,-118.51433,1,2.9,1.90086
41739,Katherine Miller,9,16,12,2024,1,33.83042,-118.49723333,3,0.8,0.50486
30642,Jasmine Ross,9,16,12,2024,1,33.97826,-118.54852333,5,1.3,0.87289
19938,Christopher Howell,9,16,12,2024,1,33.83042,-118.48013667,3,2.2,1.49654
88076,Michael Morgan,9,16,12,2024,1,34.29506,-118.24078333,11,58.1,38.73008
14377,Darlene Hudson,9,16,12,2024,1,33.76706,-118.39465333,1,4.3,2.8689
58400,Elizabeth Sims,9,16,12,2024,1,33.93602,-118.56562,5,3.1,2.06278
96976,Chelsea Alvarado,9,16,12,2024,1,34.04162,-118.41175,9,1.3,0.83878
11218,Cassie Cohen,9,16,12,2024,1,33.9149,-118.48013667,3,1.3,0.8679
83899,Jodi Roberts,9,16,12,2024,1,33.97826,-118.53142667,5,2.6,1.73801
39947,Teresa Nguyen,9,16,12,2024,1,33.87266,-118.30917,4,2.5,1.6972
72979,Mrs. Molly Odom,9,16,12,2024,1,34.1261,-118.30917,10,2.0,1.30015
63718,Raymond Steele,9,16,12,2024,1,33.89378,-118.36046,4,1.7,1.13301
83168,Tammy Fowler,9,16,12,2024,1,33.76706,-118.53142667,1,0.7,0.4631
12537,Johnathan Whitaker,9,16,12,2024,1,33.85154,-118.42884667,3,1.7,1.1143
80666,Dana Johnson,9,16,12,2024,1,33.9149,-118.42884667,3,1.3,0.83455
10545,Diana Garcia,9,16,12,2024,1,34.31618,-118.25788,11,59.4,39.57413
29211,Susan Parks,9,16,12,2024,1,33.85154,-118.41175,3,0.5,0.30661
14515,Brian Hill,9,16,12,2024,1,34.04162,-118.51433,9,12.4,8.29223
17785,Vicki Anderson,9,16,12,2024,1,33.83042,-118.59981333,2,2.0,1.32112
49313,Daniel Andersen,9,16,12,2024,1,34.08386,-118.41175,9,0.4,0.29632
83992,Dr. Bruce Abbott MD,9,16,12,2024,1,34.06274,-118.42884667,9,1.9,1.29263
28043,Michelle Christensen,9,16,12,2024,1,33.89378,-118.42884667,3,1.6,1.09946
48514,Jeffrey Merritt,9,16,12,2024,1,33.83042,-118.32626667,4,4.4,2.90753
39584,Victoria Bishop,9,16,12,2024,1,34.2317,-118.22368667,11,37.3,24.87242
94149,Hayden Smith,9,16,12,2024,1,34.08386,-118.49723333,9,12.8,8.52062
44946,Sonya Burton,9,16,12,2024,1,33.93602,-118.49723333,5,2.3,1.50293
33309,Charles Wang,9,16,12,2024,1,34.0205,-118.39465333,6,0.9,0.60665
38399,Kayla Kelly,9,16,12,2024,1,33.76706,-118.42884667,1,4.0,2.6434
42418,Maria Cooper MD,9,16,12,2024,1,33.93602,-118.44594333,6,0.8,0.50484
31325,John Ayala,9,16,12,2024,1,34.0205,-118.34336333,6,0.8,0.50116
93165,Shelby Fry,9,16,12,2024,1,33.72482,-118.46304,1,1.3,0.83571
83193,Alexander Rivas,9,16,12,2024,1,33.93602,-118.54852333,5,1.7,1.16617
85616,Kelly Cunningham,9,16,12,2024,1,34.25282,-118.27497667,11,47.0,31.31638
45149,Elizabeth Stone,9,16,12,2024,1,34.04162,-118.36046,10,1.6,1.05625
52679,Richard Phillips,9,16,12,2024,1,33.87266,-118.36046,4,0.8,0.50476
64596,Toni Hill,9,16,12,2024,1,33.87266,-118.65110333,2,6.4,4.25893
58750,Leslie Williams,9,16,12,2024,1,33.93602,-118.24078333,7,1.8,1.17215
59977,Ashley Miller,9,16,12,2024,1,34.0205,-118.56562,5,4.7,3.11323
50080,David Johnson PhD,9,16,12,2024,1,34.0205,-118.56562,5,2.9,1.92296
39669,Amber Perry,9,16,12,2024,1,33.89378,-118.18949333,8,4.8,3.233
96828,Tara Willis,9,16,12,2024,1,33.93602,-118.1553,8,28.4,18.90404
90951,Madison Mccarthy,9,16,12,2024,1,33.93602,-118.54852333,5,3.0,2.01517
70427,William Jimenez,9,16,12,2024,1,33.7037,-118.42884667,1,6.6,4.37687
16771,Michael Holmes,9,16,12,2024,1,33.93602,-118.44594333,6,1.5,0.98111
49017,Michael Lamb,9,16,12,2024,1,33.87266,-118.6682,2,10.6,7.06107
90749,Christine Nelson,9,16,12,2024,1,33.9149,-118.17239667,8,35.6,23.72043
13840,Holly Conley,9,16,12,2024,1,33.85154,-118.46304,3,2.2,1.44387
52447,Debra Williams,9,16,12,2024,1,33.89378,-118.61691,2,1.0,0.69354
36862,Douglas Campbell,9,16,12,2024,1,34.06274,-118.30917,10,1.0,0.66836
52575,Melissa Davis,9,16,12,2024,1,33.95714,-118.49723333,5,0.2,0.13441
96819,Ashley Jenkins,9,16,12,2024,1,33.97826,-118.46304,6,0.8,0.53622
51384,Terri Klein,9,16,12,2024,1,33.76706,-118.41175,1,7.6,5.05289
72762,Amy Dixon,9,16,12,2024,1,33.87266,-118.65110333,2,3.1,2.0517
40143,Linda Higgins,9,16,12,2024,1,33.89378,-118.37755667,4,2.1,1.39614
94041,Allison Potter,9,16,12,2024,1,33.99938,-118.32626667,6,0.2,0.1154
71843,Jacob Silva,9,16,12,2024,1,34.08386,-118.42884667,9,4.1,2.70554
97256,Kevin Massey,9,16,12,2024,1,33.95714,-118.42884667,6,0.9,0.57276
76661,Travis Thomas,9,16,12,2024,1,34.21058,-118.29207333,11,46.0,30.65685
57088,Jillian Miller MD,9,16,12,2024,1,33.97826,-118.30917,7,7.8,5.20309
47117,Brandon Werner,9,16,12,2024,1,34.04162,-118.29207333,10,1.7,1.13728
83534,Christine Stanley,9,16,12,2024,1,34.0205,-118.48013667,5,2.8,1.83869
83765,Samantha Evans,9,16,12,2024,1,33.83042,-118.51433,3,1.8,1.20927
42409,Randy Fletcher,9,16,12,2024,1,34.25282,-118.30917,11,43.5,29.03137
27024,Jillian Underwood,9,16,12,2024,1,33.7037,-118.46304,1,0.6,0.41675
67956,Amber Lewis MD,9,16,12,2024,1,33.97826,-118.20659,8,9.1,6.09322
71588,Hannah Bernard,9,16,12,2024,1,33.89378,-118.44594333,3,0.8,0.50966
26578,Alicia Adams,9,16,12,2024,1,34.04162,-118.24078333,10,11.1,7.37553
20682,Daniel Carter,9,16,12,2024,1,34.14722,-118.25788,11,33.0,21.97735
18643,Jordan Patterson,9,16,12,2024,1,34.3373,-118.30917,11,65.5,43.63434
26943,David Roberts,9,16,12,2024,1,33.83042,-118.36046,4,2.2,1.46825
45661,Heidi Ross,9,16,12,2024,1,33.72482,-118.39465333,1,13.4,8.94653
67758,Crystal Smith,9,16,12,2024,1,33.9149,-118.46304,3,3.4,2.2676
35250,Jason Brooks,9,16,12,2024,1,33.99938,-118.56562,5,1.5,0.96897
65070,Nicholas Henry,9,16,12,2024,1,34.04162,-118.46304,9,1.6,1.04056
13552,Suzanne Allen,9,16,12,2024,1,34.27394,-118.30917,11,45.4,30.25755
69392,Rachel Lopez,9,16,12,2024,1,33.9149,-118.30917,4,3.4,2.26009
35715,Joseph Lewis,9,16,12,2024,1,34.08386,-118.29207333,10,1.7,1.1198
66545,Jesse Wright,9,16,12,2024,1,34.06274,-118.36046,10,4.3,2.8712
75890,Charles Carter,9,16,12,2024,1,34.06274,-118.44594333,9,3.3,2.17488
27904,Kathryn Stewart,9,16,12,2024,1,34.29506,-118.25788,11,62.1,41.36784
25382,Katherine Daniels,9,16,12,2024,1,33.78818,-118.53142667,1,1.5,0.98016
92615,Tara Gentry,9,16,12,2024,1,33.85154,-118.42884667,3,1.2,0.80699
46147,Ellen Harris,9,16,12,2024,1,33.93602,-118.48013667,5,2.6,1.76613
24073,Katelyn Brown,9,16,12,2024,1,33.74594,-118.48013667,1,2.2,1.44328
11511,Laurie Norris,9,16,12,2024,1,33.97826,-118.51433,5,2.4,1.58625
88184,Brandi Richardson,9,16,12,2024,1,34.0205,-118.51433,5,4.7,3.14071
77795,Heather Crawford,9,16,12,2024,1,33.89378,-118.29207333,4,3.2,2.10271
54514,Marcus Martin,9,16,12,2024,1,34.08386,-118.25788,10,8.4,5.58728
84301,Cynthia Wilkinson,9,16,12,2024,1,34.2317,-118.27497667,11,34.7,23.15547
40506,Mark Anderson,9,16,12,2024,1,33.76706,-118.44594333,1,1.3,0.8751
81472,Manuel Newman,9,16,12,2024,1,34.0205,-118.27497667,7,1.6,1.06846
94609,Stephen Santiago,9,16,12,2024,1,33.93602,-118.32626667,6,3.9,2.6152
63864,Kimberly Norton,9,16,12,2024,1,34.1261,-118.42884667,9,4.3,2.84505
93432,Henry Price,9,16,12,2024,1,34.06274,-118.29207333,10,0.9,0.60708
47536,Tyler Thomas,9,16,12,2024,1,34.0205,-118.53142667,5,1.9,1.28803
17876,Justin Gay,9,16,12,2024,1,34.10498,-118.48013667,9,7.7,5.13749
32306,Justin Morgan,9,16,12,2024,1,33.8093,-118.36046,4,3.6,2.40175
82776,Adam Robertson,9,16,12,2024,1,33.95714,-118.34336333,6,1.6,1.05306
74222,Larry Martinez,9,16,12,2024,1,34.0205,-118.27497667,7,1.7,1.15846
65466,Cynthia Williams,9,16,12,2024,1,33.87266,-118.41175,3,1.1,0.74904
43796,Robert Horn,9,16,12,2024,1,33.9149,-118.30917,4,0.6,0.40908
84023,Brooke Bowman,9,16,12,2024,1,34.06274,-118.29207333,10,2.2,1.47438
40465,Martin Morrison,9,16,12,2024,1,34.0205,-118.24078333,7,4.1,2.73131
44480,Benjamin Kemp,9,16,12,2024,1,34.08386,-118.27497667,10,8.9,5.91996
79465,Paul Campbell,9,16,12,2024,1,34.08386,-118.24078333,10,15.0,9.97389
72563,Tyler Lynch,9,16,12,2024,1,33.93602,-118.34336333,6,1.5,1.00439
84849,Melissa Huang,9,16,12,2024,1,33.93602,-118.39465333,6,0.6,0.3922
57373,Gina Phillips,9,16,12,2024,1,33.9149,-118.44594333,3,1.8,1.19878
60182,Michele Peterson,9,16,12,2024,1,33.99938,-118.27497667,7,2.3,1.56037
71770,Brandi Allen,9,16,12,2024,1,33.8093,-118.41175,1,2.2,1.45019
67327,William Coleman,9,16,12,2024,1,33.87266,-118.48013667,3,0.5,0.30786
39817,Jennifer Montgomery,9,16,12,2024,1,33.85154,-118.58271667,2,1.7,1.10778
12366,Trevor Newton,9,16,12,2024,1,34.04162,-118.32626667,10,1.9,1.27878
81662,Dana Kirk,9,16,12,2024,1,33.95714,-118.25788,7,1.5,1.023
50166,David Rodriguez,9,16,12,2024,1,34.10498,-118.30917,10,0.5,0.36409
80591,Rebecca Terrell,9,16,12,2024,1,34.06274,-118.46304,9,5.4,3.59811
54705,Richard Rodriguez,9,16,12,2024,1,33.95714,-118.37755667,6,2.8,1.87338
41565,Bobby Gomez,9,16,12,2024,1,33.76706,-118.63400667,2,2.2,1.47345
37562,Taylor Grant DDS,9,16,12,2024,1,33.97826,-118.51433,5,2.2,1.46069
45332,Johnny Hull,9,16,12,2024,1,33.97826,-118.30917,7,1.4,0.93697
73420,Matthew Espinoza,9,16,12,2024,1,34.0205,-118.41175,6,2.4,1.63146
40933,Matthew Nguyen,9,16,12,2024,1,33.99938,-118.36046,6,2.5,1.6405
70123,Thomas Finley,9,16,12,2024,1,33.85154,-118.53142667,3,0.7,0.46235
89410,Stephanie Mcconnell,9,16,12,2024,1,33.9149,-118.25788,4,2.4,1.5696
78576,Curtis Garcia,9,16,12,2024,1,33.99938,-118.37755667,6,0.9,0.59132
56343,Tara Boyd,9,16,12,2024,1,34.04162,-118.32626667,10,1.7,1.10365
38204,John Hobbs,9,16,12,2024,1,34.10498,-118.24078333,10,14.0,9.35331
31476,Dr. Angela Stewart,9,16,12,2024,1,33.87266,-118.32626667,4,0.6,0.42243
15772,Jacob Long,9,16,12,2024,1,33.89378,-118.22368667,8,2.7,1.77212
79526,Michael Cantrell,9,16,12,2024,1,33.7037,-118.44594333,1,4.6,3.05739
46581,Phyllis Fisher,9,16,12,2024,1,34.0205,-118.27497667,7,0.6,0.38176
65804,Tina Thomas,9,16,12,2024,1,33.95714,-118.30917,7,2.6,1.75862
76624,David Ford,9,16,12,2024,1,33.97826,-118.37755667,6,1.3,0.88338
22547,Katie Sawyer,9,16,12,2024,1,34.08386,-118.22368667,10,14.1,9.39368
93463,Mary Riggs,9,16,12,2024,1,33.78818,-118.59981333,2,2.3,1.53562
92197,John Bryant Jr.,9,16,12,2024,1,33.8093,-118.39465333,1,2.4,1.5907
16584,Robert Knapp,9,16,12,2024,1,33.95714,-118.36046,6,1.5,0.98309
47179,Tracy Smith,9,16,12,2024,1,33.74594,-118.41175,1,5.4,3.57127
24140,Calvin Weeks,9,16,12,2024,1,33.85154,-118.65110333,2,4.3,2.86071
96389,Alicia Rios,9,16,12,2024,1,34.10498,-118.37755667,9,3.2,2.1315
66524,Michael Skinner,9,16,12,2024,1,34.1261,-118.27497667,10,13.5,9.03151
63216,Kimberly Fletcher,9,16,12,2024,1,33.97826,-118.25788,7,0.2,0.14673
37195,Timothy Cervantes,9,16,12,2024,1,33.97826,-118.34336333,6,2.0,1.30543
81194,David Fitzpatrick,9,16,12,2024,1,33.97826,-118.44594333,6,0.9,0.59615
64047,Steve Thomas,9,16,12,2024,1,33.95714,-118.32626667,6,5.6,3.7598
73492,Andrea Thompson,9,16,12,2024,1,34.27394,-118.25788,11,60.3,40.19336
19270,Annette Oliver,9,16,12,2024,1,33.95714,-118.39465333,6,1.5,1.01246
10563,Matthew Yang,9,16,12,2024,1,33.76706,-118.59981333,2,1.1,0.75608
11057,Melody Mendez,9,16,12,2024,1,34.0205,-118.36046,6,0.4,0.27141
23072,Scott Ewing,9,16,12,2024,1,33.99938,-118.27497667,7,2.9,1.94715
70645,Briana Lee,9,16,12,2024,1,33.87266,-118.39465333,3,2.0,1.33841
39610,Brianna Doyle,9,16,12,2024,1,33.97826,-118.53142667,5,4.7,3.11162
48120,Elizabeth Nielsen,9,16,12,2024,1,34.06274,-118.37755667,9,3.2,2.11204
67353,Jennifer Hernandez,9,16,12,2024,1,33.97826,-118.22368667,8,8.5,5.67135
40977,Ashley Fox,9,16,12,2024,1,34.2317,-118.30917,11,53.5,35.68362
82809,Charlotte Christensen,9,16,12,2024,1,33.89378,-118.49723333,3,2.5,1.67173
21782,Martin Beck,9,16,12,2024,1,34.1261,-118.48013667,9,8.4,5.60044
38678,Joseph Perry,9,16,12,2024,1,34.25282,-118.24078333,11,51.9,34.5752
20701,Elizabeth Johnson,9,16,12,2024,1,33.8093,-118.56562,2,2.1,1.36905
23486,Erica Williams,9,16,12,2024,1,33.72482,-118.41175,1,12.0,7.97047
96130,Donald Rodriguez,9,16,12,2024,1,34.08386,-118.30917,10,1.2,0.83111
80693,Haley Riddle,9,16,12,2024,1,33.93602,-118.20659,8,2.5,1.67069
51042,Shannon Woodward,9,16,12,2024,1,33.99938,-118.54852333,5,7.7,5.11289
52904,Isaac Washington,9,16,12,2024,1,34.1261,-118.44594333,9,9.3,6.23159
20909,Krystal Wagner,9,16,12,2024,1,33.93602,-118.30917,7,3.9,2.61101
81667,John Haney,9,16,12,2024,1,33.83042,-118.37755667,4,2.3,1.54297
74892,Timothy Delgado,9,16,12,2024,1,33.89378,-118.27497667,4,4.0,2.65157
70251,Robert Parker,9,16,12,2024,1,34.25282,-118.27497667,11,53.5,35.64584
47351,Michele Wall,9,16,12,2024,1,33.95714,-118.20659,8,0.9,0.6105
24521,Megan Salas,9,16,12,2024,1,33.97826,-118.48013667,5,1.4,0.93998
68249,Kenneth Stephenson,9,16,12,2024,1,33.99938,-118.32626667,6,2.4,1.57685
83038,Anthony Coleman,9,16,12,2024,1,33.89378,-118.54852333,2,2.3,1.51116
65578,Bruce Johnson,9,16,12,2024,1,33.93602,-118.27497667,7,0.3,0.19821
17388,Jaime Kirby,9,16,12,2024,1,33.93602,-118.39465333,6,1.3,0.84421
40979,Taylor Ryan,9,16,12,2024,1,34.04162,-118.37755667,9,1.9,1.24357
85464,Erika Lopez,9,16,12,2024,1,34.10498,-118.42884667,9,1.5,0.9744
93728,Suzanne Rodriguez,9,16,12,2024,1,34.08386,-118.27497667,10,4.2,2.8012
45210,Shane Murphy,9,16,12,2024,1,33.74594,-118.51433,1,2.1,1.4267
82184,Daniel Clark,9,16,12,2024,1,33.97826,-118.39465333,6,1.5,1.02574
83247,Ashley Gomez,9,16,12,2024,1,33.8093,-118.65110333,2,6.7,4.43951
72473,Patricia Garcia,9,16,12,2024,1,33.83042,-118.48013667,3,0.9,0.59808
39055,Joshua Smith,9,16,12,2024,1,33.8093,-118.34336333,4,7.9,5.25962
75352,Kevin Contreras,9,16,12,2024,1,33.99938,-118.36046,6,1.8,1.23084
23422,Kendra Smith,9,16,12,2024,1,34.04162,-118.27497667,10,4.1,2.76236
98173,Lindsey Salazar,9,16,12,2024,1,33.97826,-118.53142667,5,3.5,2.32117
23689,Sheri Parks,9,16,12,2024,1,33.89378,-118.63400667,2,8.3,5.54839
45151,Angela Kirby,9,16,12,2024,1,33.99938,-118.51433,5,1.8,1.19774
77407,Jessica Bond,9,16,12,2024,1,33.8093,-118.39465333,1,2.6,1.76498
40111,Melissa Donaldson,9,16,12,2024,1,33.8093,-118.56562,2,1.1,0.70537
79999,Mary Taylor,9,16,12,2024,1,34.31618,-118.24078333,11,56.2,37.4848
97779,Brad Lawson,9,16,12,2024,1,34.04162,-118.22368667,10,3.1,2.07918
64643,Robin Ray,9,16,12,2024,1,33.83042,-118.51433,3,1.0,0.65382
22129,Darrell White,9,16,12,2024,1,33.99938,-118.29207333,7,2.4,1.62478
19922,Sean Mack,9,16,12,2024,1,33.78818,-118.36046,4,3.1,2.03984
49727,Amanda Brown,9,16,12,2024,1,33.87266,-118.44594333,3,1.1,0.71068
81148,Stephen Moody,9,16,12,2024,1,33.95714,-118.32626667,6,1.6,1.08601
56934,Christine Zimmerman,9,16,12,2024,1,33.99938,-118.25788,7,1.8,1.1824
11974,Robert Daniel DDS,9,16,12,2024,1,33.85154,-118.49723333,3,1.3,0.88584
59889,Shannon Buchanan,9,16,12,2024,1,33.89378,-118.41175,3,1.9,1.23809
91276,Mrs. Jamie Carter,9,16,12,2024,1,33.78818,-118.30917,4,4.1,2.70745
23127,Teresa Torres,9,16,12,2024,1,33.76706,-118.54852333,1,4.0,2.64471
88026,Travis Murphy,9,16,12,2024,1,33.95714,-118.27497667,7,1.6,1.07658
34441,Ryan Cole,9,16,12,2024,1,33.72482,-118.48013667,1,2.9,1.95656
20780,Casey Long,9,16,12,2024,1,34.06274,-118.29207333,10,0.7,0.45795
16342,Christopher Morris,9,16,12,2024,1,34.0205,-118.34336333,6,2.1,1.39149
78202,Miranda Martin,9,16,12,2024,1,34.21058,-118.22368667,11,43.0,28.69392
84356,Angela Stephens,9,16,12,2024,1,34.27394,-118.27497667,11,56.9,37.93499
34941,Michael Burns,9,16,12,2024,1,33.93602,-118.41175,6,1.0,0.69345
96176,Robert Miller,9,16,12,2024,1,33.85154,-118.39465333,3,0.5,0.32645
44117,Courtney Boyd,9,16,12,2024,1,33.72482,-118.48013667,1,3.8,2.51121
87757,Justin Austin,9,16,12,2024,1,34.10498,-118.29207333,10,2.0,1.35666
59473,Carla Curry,9,16,12,2024,1,33.99938,-118.20659,8,4.6,3.09331
93934,Daniel Collier,9,16,12,2024,1,33.83042,-118.44594333,3,2.9,1.91503
11303,Christine Williams,9,16,12,2024,1,34.31618,-118.24078333,11,58.1,38.7082
90877,Rebecca Hoover,9,16,12,2024,1,33.85154,-118.63400667,2,2.7,1.82629
45578,Javier Foster,9,16,12,2024,1,34.08386,-118.24078333,10,13.1,8.73513
50706,Aaron Henson,9,16,12,2024,1,33.8093,-118.46304,1,0.9,0.57617
85818,Vickie White,9,16,12,2024,1,33.97826,-118.24078333,7,10.9,7.27037
65832,Nathan Hall,9,16,12,2024,1,33.87266,-118.39465333,3,1.6,1.09563
68931,Tyler Collins,9,16,12,2024,1,33.74594,-118.59981333,2,4.1,2.71981
17917,Joshua Berry,9,16,12,2024,1,33.78818,-118.27497667,4,12.9,8.61771
40428,Michael Greer,9,16,12,2024,1,34.10498,-118.48013667,9,5.9,3.90773
24917,Allen Johnson,9,16,12,2024,1,33.8093,-118.49723333,1,2.2,1.46302
92306,Annette Blevins,9,16,12,2024,1,34.25282,-118.25788,11,56.7,37.79245
31363,Wendy Johnson,9,16,12,2024,1,33.99938,-118.56562,5,2.1,1.41739
71128,Yvette Gonzalez,9,16,12,2024,1,33.89378,-118.32626667,4,1.8,1.21363
81453,Courtney Montoya,9,16,12,2024,1,33.8093,-118.37755667,4,2.2,1.48966
98654,Jason Jordan,9,16,12,2024,1,33.78818,-118.42884667,1,2.0,1.31885
41781,Brent Castillo,9,16,12,2024,1,33.85154,-118.36046,4,3.9,2.57384
97791,Lisa Baker,9,16,12,2024,1,33.97826,-118.48013667,5,3.1,2.0347
48464,Anna Mccarty,9,16,12,2024,1,33.97826,-118.34336333,6,0.4,0.26749
62963,James Miller,9,16,12,2024,1,33.97826,-118.1553,8,14.4,9.58168
94484,Stephanie Alexander,9,16,12,2024,1,33.95714,-118.54852333,5,2.6,1.7322
20157,Breanna Ortiz,9,16,12,2024,1,33.78818,-118.49723333,1,2.5,1.69585
31028,Ashley Fisher,9,16,12,2024,1,33.87266,-118.58271667,2,0.6,0.42136
25003,Amanda Miller,9,16,12,2024,1,33.8093,-118.25788,4,12.5,8.32868
88152,Robert Wilson,9,16,12,2024,1,33.87266,-118.46304,3,0.8,0.52631
82608,Jason White,9,16,12,2024,1,33.74594,-118.51433,1,3.3,2.23011
27498,Matthew Elliott,9,16,12,2024,1,33.78818,-118.41175,1,1.2,0.82958
10315,Thomas Hill,9,16,12,2024,1,33.9149,-118.25788,4,2.4,1.59389
69897,Nicole Robbins,9,16,12,2024,1,33.9149,-118.46304,3,2.5,1.68505
35155,Sarah Anderson,9,16,12,2024,1,33.85154,-118.51433,3,1.4,0.95784
28337,Stephen Austin,9,16,12,2024,1,33.78818,-118.58271667,2,0.2,0.10788
55595,Troy Roberts,9,16,12,2024,1,34.06274,-118.49723333,9,14.9,9.95436
94370,James Ritter,9,16,12,2024,1,34.08386,-118.39465333,9,1.7,1.13039
32325,Robert Olson,9,16,12,2024,1,34.0205,-118.32626667,6,2.1,1.38461
17529,Paula Vasquez,9,16,12,2024,1,34.08386,-118.37755667,9,1.1,0.7585
63926,Rachel Huerta,9,16,12,2024,1,33.74594,-118.41175,1,9.4,6.23621
91286,Hannah Hodges,9,16,12,2024,1,33.97826,-118.18949333,8,11.3,7.52409
74612,Kayla Wallace DVM,9,16,12,2024,1,33.9149,-118.17239667,8,35.2,23.49135
24310,John Hunter,9,16,12,2024,1,34.29506,-118.30917,11,59.1,39.37463
75672,Daniel Miranda,9,16,12,2024,1,33.93602,-118.39465333,6,1.4,0.95695
34926,Christina Sanchez,9,16,12,2024,1,33.85154,-118.48013667,3,0.7,0.44933
40216,William Cordova,9,16,12,2024,1,34.04162,-118.51433,9,14.9,9.94546
28280,Joseph Aguilar,9,16,12,2024,1,33.93602,-118.56562,5,2.6,1.73842
39299,Michele Armstrong,9,16,12,2024,1,33.9149,-118.32626667,4,1.5,1.00956
47933,Ruben Colon,9,16,12,2024,1,33.83042,-118.41175,3,1.4,0.9223
24644,Edward Love,9,16,12,2024,1,33.9149,-118.48013667,3,1.0,0.68645
34180,Cindy Nelson,9,16,12,2024,1,33.99938,-118.46304,6,0.8,0.52221
18637,Anthony Willis,9,16,12,2024,1,34.06274,-118.25788,10,2.4,1.57876
48671,Jennifer Avila,9,16,12,2024,1,33.9149,-118.53142667,3,1.6,1.07517
61441,Jeremy Rhodes,9,16,12,2024,1,34.04162,-118.30917,10,2.7,1.80501
93719,Allison Garner,9,16,12,2024,1,33.89378,-118.65110333,2,5.9,3.96459
84445,Eric Keller,9,16,12,2024,1,34.0205,-118.29207333,7,0.3,0.21193
18877,Sarah Smith,9,16,12,2024,1,33.83042,-118.37755667,4,2.0,1.35024
85160,Jennifer Howe,9,16,12,2024,1,33.93602,-118.17239667,8,28.3,18.8745
91240,Antonio Graham,9,16,12,2024,1,34.1261,-118.42884667,9,3.6,2.37529
79773,Christopher Heath,9,16,12,2024,1,33.85154,-118.34336333,4,2.9,1.94078
46120,Ashley Bishop,9,16,12,2024,1,34.10498,-118.25788,10,1.8,1.19984
79792,David Contreras,9,16,12,2024,1,33.85154,-118.53142667,3,1.3,0.85302
67863,Ashley Sawyer,9,16,12,2024,1,33.89378,-118.65110333,2,2.0,1.31171
53372,Samantha Martin,9,16,12,2024,1,34.08386,-118.32626667,10,2.3,1.55147
47417,Jennifer Williams,9,16,12,2024,1,33.76706,-118.49723333,1,1.2,0.82665
90498,Mark Morse,9,16,12,2024,1,33.87266,-118.53142667,3,1.1,0.75871
94253,Janice Phillips,9,16,12,2024,1,33.9149,-118.22368667,8,2.4,1.6277
38461,Anthony Nunez,9,16,12,2024,1,33.7037,-118.48013667,1,4.5,3.01525
18840,Michael Gilbert,9,16,12,2024,1,33.89378,-118.20659,8,3.8,2.54106
83839,Patricia Wilson,9,16,12,2024,1,33.85154,-118.36046,4,6.7,4.49162
97044,Debra Zamora,9,16,12,2024,1,34.04162,-118.46304,9,2.3,1.5027
62696,Mrs. Audrey Buchanan,9,16,12,2024,1,33.74594,-118.49723333,1,5.8,3.86533
35096,Elizabeth Marshall,9,16,12,2024,1,33.8093,-118.61691,2,2.9,1.92076
90617,Jeff Garcia,9,16,12,2024,1,33.83042,-118.54852333,2,2.1,1.42094
69698,Veronica Oneal,9,16,12,2024,1,33.76706,-118.44594333,1,1.6,1.05984
20077,Thomas Hopkins,9,16,12,2024,1,33.99938,-118.29207333,7,7.1,4.72074
11897,Andrew Miller,9,16,12,2024,1,33.78818,-118.25788,4,11.3,7.53901
26668,Maria James,9,16,12,2024,1,34.31618,-118.25788,11,54.0,36.01196
33812,Mark White,9,16,12,2024,1,34.06274,-118.25788,10,6.4,4.25764
83579,Shannon Suarez,9,16,12,2024,1,34.29506,-118.24078333,11,57.1,38.05858
23579,David Cox,9,16,12,2024,1,33.95714,-118.22368667,8,0.9,0.61992
16834,Clayton Carr,9,16,12,2024,1,33.95714,-118.42884667,6,0.4,0.24199
12219,Debra Mclaughlin,9,16,12,2024,1,33.97826,-118.17239667,8,13.2,8.76928
52110,Jessica Miller,9,16,12,2024,1,33.74594,-118.42884667,1,6.0,4.02911
91423,Andrew Arnold,9,16,12,2024,1,33.99938,-118.25788,7,1.1,0.70974
76042,Leslie Campbell,9,16,12,2024,1,33.95714,-118.18949333,8,23.8,15.88376
73810,Donna Davis,9,16,12,2024,1,34.06274,-118.34336333,10,0.3,0.17339
91402,Holly Bentley,9,16,12,2024,1,33.93602,-118.30917,7,7.2,4.80701
86153,Heather Turner,9,16,12,2024,1,33.95714,-118.17239667,8,13.4,8.94111
27403,Olivia Mejia,9,16,12,2024,1,33.78818,-118.48013667,1,1.8,1.22279
33105,Breanna Carpenter,9,16,12,2024,1,33.9149,-118.56562,2,2.2,1.46664
50437,Walter Bennett,9,16,12,2024,1,33.8093,-118.44594333,1,1.1,0.74978
43167,Megan Walker,9,16,12,2024,1,33.9149,-118.53142667,3,1.1,0.73842
53260,Emily Kim,9,16,12,2024,1,33.97826,-118.42884667,6,1.1,0.73209
18334,John Arroyo,9,16,12,2024,1,33.97826,-118.46304,6,2.5,1.65962
86827,Amy James,9,16,12,2024,1,33.85154,-118.6682,2,7.0,4.65932
43900,James Edwards,9,16,12,2024,1,34.08386,-118.46304,9,5.9,3.9126
82239,John Fry,9,16,12,2024,1,34.06274,-118.30917,10,1.6,1.03549
98893,John Nguyen,9,16,12,2024,1,33.97826,-118.29207333,7,0.1,0.05231
31015,Lawrence Ross,9,16,12,2024,1,34.31618,-118.27497667,11,68.1,45.42813
25870,Allison Dunn,9,16,12,2024,1,33.89378,-118.39465333,3,0.8,0.51245
86655,Kathleen Moreno,9,16,12,2024,1,33.93602,-118.36046,6,1.5,0.9875
71957,Thomas Herring,9,16,12,2024,1,33.9149,-118.49723333,3,2.6,1.7542
92313,Amber Scott,9,16,12,2024,1,33.8093,-118.53142667,1,0.3,0.18015
95666,Amber Williams,9,16,12,2024,1,34.06274,-118.34336333,10,1.6,1.06647
86183,Ethan Graham,9,16,12,2024,1,33.74594,-118.48013667,1,2.8,1.87295
70388,Maria Turner,9,16,12,2024,1,34.04162,-118.41175,9,2.0,1.33556
92286,Daniel Wilson,9,16,12,2024,1,33.97826,-118.1553,8,13.8,9.19102
13300,Lance Moore,9,16,12,2024,1,34.10498,-118.37755667,9,2.0,1.35956
41042,Frank Moore,9,16,12,2024,1,33.87266,-118.36046,4,1.1,0.72576
12207,Joseph Perez,9,16,12,2024,1,33.97826,-118.56562,5,2.5,1.65052
54385,Katrina Collins,9,16,12,2024,1,33.74594,-118.29207333,4,13.1,8.71242
71815,Veronica Dougherty,9,16,12,2024,1,33.7037,-118.49723333,1,3.9,2.62466
67822,Paul Diaz,9,16,12,2024,1,33.78818,-118.41175,1,2.6,1.73492
38034,Caleb Yang,9,16,12,2024,1,34.0205,-118.37755667,6,1.2,0.76715
94956,Miss Jordan Powell,9,16,12,2024,1,33.8093,-118.51433,1,1.1,0.71337
67817,Richard Patterson,9,16,12,2024,1,34.0205,-118.41175,6,1.9,1.26216
48711,Juan Johnson,9,16,12,2024,1,33.93602,-118.58271667,5,0.3,0.23023
27934,Gregory Wilson,9,16,12,2024,1,33.95714,-118.53142667,5,3.5,2.31496
30652,Erin Hardy,9,16,12,2024,1,34.2317,-118.22368667,11,44.5,29.64544
70557,Alexander Payne,9,16,12,2024,1,34.06274,-118.49723333,9,8.9,5.95366
98227,Kelly Garcia,9,16,12,2024,1,33.97826,-118.56562,5,0.2,0.1526
41177,James Young,9,16,12,2024,1,33.87266,-118.59981333,2,2.6,1.74725
98219,Andrew Andrews,9,16,12,2024,1,33.8093,-118.27497667,4,5.8,3.85937
84128,Michelle Jensen,9,16,12,2024,1,33.9149,-118.51433,3,2.3,1.53428
60203,Mark Howard,9,16,12,2024,1,33.74594,-118.56562,2,2.8,1.83817
28322,Dustin Lopez,9,16,12,2024,1,34.18946,-118.27497667,11,36.5,24.3195
66537,Sabrina Anderson,9,16,12,2024,1,34.0205,-118.48013667,5,1.2,0.83076
28233,Jessica Obrien,9,16,12,2024,1,33.93602,-118.25788,7,0.6,0.37692
89991,Brian Mcpherson,9,16,12,2024,1,33.9149,-118.54852333,2,1.0,0.63942
15244,Michael Sanders,9,16,12,2024,1,34.08386,-118.42884667,9,3.8,2.53809
99743,Christina Cruz,9,16,12,2024,1,33.74594,-118.58271667,2,2.3,1.50068
10684,Lisa Wilson,9,16,12,2024,1,33.8093,-118.65110333,2,8.0,5.32413
29373,Gary Johnston,9,16,12,2024,1,33.83042,-118.34336333,4,1.3,0.88634
72710,Karen Thomas,9,16,12,2024,1,33.85154,-118.34336333,4,3.0,2.00542
15964,Dawn Lee,9,16,12,2024,1,34.29506,-118.27497667,11,56.3,37.53783
68813,Raymond Gonzalez,9,16,12,2024,1,33.8093,-118.54852333,1,1.1,0.73234
99355,Ryan Baker,9,16,12,2024,1,33.72482,-118.44594333,1,0.9,0.57929
77841,Brittney West,9,16,12,2024,1,33.89378,-118.41175,3,0.9,0.58298
16712,Christina Shaw,9,16,12,2024,1,34.08386,-118.30917,10,2.1,1.38203
78535,Taylor Williams,9,16,12,2024,1,33.95714,-118.49723333,5,1.2,0.81757
54680,Darren Rush,9,16,12,2024,1,33.99938,-118.39465333,6,2.0,1.32059
34694,Ray Diaz,9,16,12,2024,1,33.97826,-118.37755667,6,1.1,0.73292
80394,Robert Horn,9,16,12,2024,1,33.76706,-118.48013667,1,0.6,0.42858
23669,Lori York,9,16,12,2024,1,33.99938,-118.30917,7,1.7,1.10669
41393,Karen Pierce,9,16,12,2024,1,33.74594,-118.39465333,1,6.9,4.62115
54674,Rhonda Cowan,9,16,12,2024,1,34.08386,-118.32626667,10,2.2,1.45428
87536,Kimberly Graves,9,16,12,2024,1,33.8093,-118.53142667,1,1.1,0.73829
74513,George Chapman,9,16,12,2024,1,33.83042,-118.34336333,4,3.7,2.49775
18642,Julie Saunders,9,16,12,2024,1,34.06274,-118.36046,10,0.7,0.44356
47852,Steven Maynard DDS,9,16,12,2024,1,34.0205,-118.18949333,8,13.3,8.8669
55488,Matthew Roberts,9,16,12,2024,1,33.99938,-118.44594333,6,1.7,1.1319
15924,Lori Henderson,9,16,12,2024,1,33.85154,-118.46304,3,1.5,1.03092
95377,Joseph Simon,9,16,12,2024,1,33.8093,-118.46304,1,1.0,0.63978
64301,Sean Cameron,9,16,12,2024,1,33.76706,-118.46304,1,2.8,1.86562
86988,Denise Ingram,9,16,12,2024,1,33.95714,-118.29207333,7,3.5,2.32786
36564,Jeffrey Knight,9,16,12,2024,1,33.93602,-118.58271667,5,4.0,2.68643
50972,Madison Young,9,16,12,2024,1,33.74594,-118.49723333,1,2.5,1.66017
94166,Richard Collins,9,16,12,2024,1,34.16834,-118.27497667,11,36.6,24.39266
93232,Amanda Wagner,9,16,12,2024,1,33.95714,-118.56562,5,0.8,0.53217
19403,Melissa Hernandez,9,16,12,2024,1,34.2317,-118.25788,11,51.9,34.60616
99321,Justin Lam,9,16,12,2024,1,34.1261,-118.25788,10,13.7,9.12891
68767,Rebecca Smith,9,16,12,2024,1,34.0205,-118.18949333,8,13.6,9.04456
21809,Virginia Jones,9,16,12,2024,1,33.72482,-118.42884667,1,5.3,3.55633
70703,Erik Johnson,9,16,12,2024,1,34.14722,-118.30917,11,7.6,5.04062
83250,Denise Anderson,9,16,12,2024,1,33.9149,-118.53142667,3,0.9,0.61938
45842,Joel Leonard,9,16,12,2024,1,33.76706,-118.36046,4,7.0,4.64655
37976,Nicole Gonzalez,9,16,12,2024,1,34.18946,-118.30917,11,14.0,9.30711
87794,Sarah Reyes,9,16,12,2024,1,33.87266,-118.56562,2,1.9,1.26225
58115,Gregory Clark,9,16,12,2024,1,34.04162,-118.49723333,9,6.6,4.42155
77525,Duane Anderson,9,16,12,2024,1,34.06274,-118.32626667,10,1.5,1.02645
67773,Tammy Williams,9,16,12,2024,1,33.78818,-118.44594333,1,1.5,0.98879
60520,Melissa Baxter,9,16,12,2024,1,33.85154,-118.61691,2,1.6,1.06474
44462,Kimberly Gallegos,9,16,12,2024,1,33.72482,-118.49723333,1,3.6,2.40449
47563,Nicole Moreno,9,16,12,2024,1,33.93602,-118.18949333,8,30.1,20.0943
49171,Jennifer Dickerson,9,16,12,2024,1,33.83042,-118.54852333,2,1.2,0.80312
33140,Dalton Powell,9,16,12,2024,1,33.85154,-118.54852333,2,1.5,1.00587
21140,Sarah Wagner,9,16,12,2024,1,33.87266,-118.44594333,3,1.7,1.10491
59546,Nathan Copeland,9,16,12,2024,1,33.89378,-118.48013667,3,2.3,1.55928
79806,Steven Perez,9,16,12,2024,1,33.8093,-118.30917,4,1.8,1.18232
39181,James Young,9,16,12,2024,1,33.95714,-118.32626667,6,0.7,0.45393
97251,Martin Valencia,9,16,12,2024,1,34.04162,-118.32626667,10,1.8,1.19951
21119,Gregory Turner,9,16,12,2024,1,33.95714,-118.18949333,8,20.7,13.78797
79680,Michelle Day,9,16,12,2024,1,34.10498,-118.49723333,9,12.6,8.42062
89925,Vincent Bautista,9,16,12,2024,1,33.8093,-118.51433,1,3.5,2.31898
22933,Jacob Baker,9,16,12,2024,1,34.06274,-118.30917,10,1.1,0.75246
49518,Christopher King,9,16,12,2024,1,33.93602,-118.34336333,6,1.6,1.05065
20826,Nicole Kline,9,16,12,2024,1,33.87266,-118.37755667,4,1.1,0.73856
44848,Melissa Hubbard,9,16,12,2024,1,34.06274,-118.27497667,10,2.1,1.38871
55838,Gregory Johnson,9,16,12,2024,1,33.99938,-118.42884667,6,3.0,1.9746
31823,Jennifer Hill,9,16,12,2024,1,34.14722,-118.27497667,11,13.4,8.90177
35038,Ashley Mcguire,9,16,12,2024,1,33.93602,-118.48013667,5,1.3,0.87678
96803,Michael Tran,9,16,12,2024,1,34.10498,-118.22368667,10,11.4,7.62039
27627,Matthew Shaffer,9,16,12,2024,1,33.99938,-118.34336333,6,1.6,1.07671
23756,Kimberly Craig,9,16,12,2024,1,34.08386,-118.39465333,9,0.4,0.27526
54364,Kristin Brandt,9,16,12,2024,1,33.87266,-118.63400667,2,2.3,1.55524
66462,Benjamin Smith,9,16,12,2024,1,34.21058,-118.30917,11,13.3,8.84061
95111,William Stark,9,16,12,2024,1,34.10498,-118.39465333,9,1.2,0.8056
60163,Erin Miller,9,16,12,2024,1,33.76706,-118.54852333,1,1.1,0.74851
67206,John Patterson,9,16,12,2024,1,34.08386,-118.37755667,9,1.2,0.78277
32971,Ronald Vasquez,9,16,12,2024,1,33.95714,-118.56562,5,3.0,2.03123
33657,April Reed,9,16,12,2024,1,33.72482,-118.51433,1,1.8,1.18777
98220,Tiffany Leonard,9,16,12,2024,1,33.72482,-118.49723333,1,4.0,2.63358
19746,Katie Garza,9,16,12,2024,1,33.78818,-118.37755667,4,0.8,0.53429
34257,Cindy Robbins,9,16,12,2024,1,34.10498,-118.24078333,10,14.6,9.72229
97697,Pamela Patrick,9,16,12,2024,1,33.87266,-118.51433,3,0.3,0.23221
23508,Scott Baker,9,16,12,2024,1,34.18946,-118.29207333,11,14.9,9.91481
24870,Michael Harmon,9,16,12,2024,1,34.1261,-118.30917,10,4.5,3.01943
43679,Sean Morse,9,16,12,2024,1,33.93602,-118.41175,6,1.9,1.25715
21357,Peter Hunter,9,16,12,2024,1,33.83042,-118.6682,2,3.3,2.16912
47669,Joseph Taylor,9,16,12,2024,1,34.0205,-118.37755667,6,1.3,0.89988
82602,Jordan Martinez,9,16,12,2024,1,33.93602,-118.53142667,5,2.1,1.41253
85499,Tina Hoffman,9,16,12,2024,1,34.0205,-118.22368667,8,4.3,2.85565
35016,Kyle Estes,9,16,12,2024,1,34.14722,-118.25788,11,36.4,24.29857
18623,Stacey Wilson,9,16,12,2024,1,34.1261,-118.25788,10,14.1,9.42592
61961,Joshua Herman,9,16,12,2024,1,33.97826,-118.37755667,6,1.3,0.89452
54287,Wayne Hampton,9,16,12,2024,1,33.9149,-118.42884667,3,1.2,0.79284
16449,Kevin Munoz,9,16,12,2024,1,33.78818,-118.36046,4,2.8,1.83765
79947,Francisco Sanchez,9,16,12,2024,1,33.99938,-118.37755667,6,1.4,0.95661
95388,Theresa Harris,9,16,12,2024,1,33.99938,-118.46304,6,0.9,0.57476
56198,Sean Nelson MD,9,16,12,2024,1,34.10498,-118.37755667,9,3.3,2.21783
30035,Benjamin Stephens,9,16,12,2024,1,33.9149,-118.27497667,4,2.3,1.51968
55555,Sara Jackson,9,16,12,2024,1,34.0205,-118.30917,7,0.8,0.53785
90736,William Norton,9,16,12,2024,1,34.0205,-118.46304,6,3.0,1.98441
73263,Isaac Eaton,9,16,12,2024,1,33.87266,-118.59981333,2,2.0,1.32669
23148,George Weaver,9,16,12,2024,1,33.78818,-118.34336333,4,2.1,1.42462
30392,Jessica Moran,9,16,12,2024,1,34.04162,-118.30917,10,1.7,1.16393
67315,William Stokes,9,16,12,2024,1,33.83042,-118.56562,2,2.5,1.69344
17032,Angela Patton,9,16,12,2024,1,34.0205,-118.22368667,8,8.6,5.72773
76245,Edwin Gonzalez,9,16,12,2024,1,33.85154,-118.56562,2,1.0,0.65019
25982,Edward Serrano,9,16,12,2024,1,33.89378,-118.20659,8,2.7,1.78908
84028,Matthew Bennett,9,16,12,2024,1,34.04162,-118.34336333,10,1.0,0.64157
73237,Kyle Higgins,9,16,12,2024,1,33.95714,-118.51433,5,1.1,0.70129
50699,John Anderson,9,16,12,2024,1,34.16834,-118.30917,11,10.5,6.99458
54535,Sara Miller,9,16,12,2024,1,34.06274,-118.37755667,9,2.6,1.73704
76382,Melissa Matthews,9,16,12,2024,1,33.9149,-118.34336333,4,0.5,0.36236
11802,David Collins,9,16,12,2024,1,33.95714,-118.53142667,5,1.2,0.79536
21463,Terry Murray,9,16,12,2024,1,33.99938,-118.53142667,5,1.7,1.1338
83214,Kelly Gross,9,16,12,2024,1,33.78818,-118.58271667,2,1.8,1.20841
29818,John Rice,9,16,12,2024,1,33.76706,-118.29207333,4,14.9,9.92457
17630,Marc White,9,16,12,2024,1,33.74594,-118.56562,2,1.1,0.72033
68781,John Scott,9,16,12,2024,1,33.93602,-118.49723333,5,1.2,0.82518
56288,Heather Wright,9,16,12,2024,1,34.08386,-118.22368667,10,13.7,9.13939
68518,Kristen Novak,9,16,12,2024,1,34.06274,-118.39465333,9,2.2,1.44493
35556,James Dickson,9,16,12,2024,1,33.9149,-118.20659,8,4.4,2.96441
45802,Jessica Bond,9,16,12,2024,1,33.97826,-118.20659,8,8.3,5.52883
66861,Carol Forbes,9,16,12,2024,1,33.87266,-118.53142667,3,0.7,0.47931
90511,Julie Brown,9,16,12,2024,1,33.83042,-118.65110333,2,6.3,4.20863
80549,April Gardner,9,16,12,2024,1,34.1261,-118.29207333,10,5.7,3.79434
10564,Jennifer Rodriguez,9,16,12,2024,1,33.74594,-118.39465333,1,7.8,5.19357
85590,Calvin Hopkins,9,16,12,2024,1,33.78818,-118.54852333,1,1.4,0.93253
15124,Corey Mahoney,9,16,12,2024,1,34.06274,-118.27497667,10,2.7,1.76717
19669,Timothy Blackwell,9,16,12,2024,1,34.04162,-118.48013667,9,13.2,8.83229
62672,Rhonda Gray,9,16,12,2024,1,33.85154,-118.63400667,2,8.2,5.43424
68394,Alyssa Taylor,9,16,12,2024,1,34.0205,-118.20659,8,14.5,9.66073
74732,Aaron Romero,9,16,12,2024,1,33.76706,-118.34336333,4,7.1,4.74979
35722,Margaret Green,9,16,12,2024,1,33.95714,-118.58271667,5,2.3,1.53114
26299,Alex Wang,9,16,12,2024,1,33.7037,-118.42884667,1,3.2,2.12839
69868,Megan Ware,9,16,12,2024,1,33.8093,-118.49723333,1,1.7,1.14634
94629,Kathryn Wright,9,16,12,2024,1,33.87266,-118.41175,3,2.0,1.3442
72541,Emily Werner,9,16,12,2024,1,33.97826,-118.17239667,8,14.4,9.63115
62322,Ashley Lewis,9,16,12,2024,1,33.93602,-118.46304,6,1.8,1.20247
56439,Chelsea Crawford,9,16,12,2024,1,34.10498,-118.39465333,9,0.4,0.25888
83945,Mark Douglas,9,16,12,2024,1,33.95714,-118.51433,5,1.2,0.80278
81067,Shelly Jackson,9,16,12,2024,1,34.06274,-118.44594333,9,4.1,2.75317
11781,Kevin Wells,9,16,12,2024,1,33.7037,-118.41175,1,6.1,4.09918
86220,Amy Mann,9,16,12,2024,1,33.8093,-118.29207333,4,6.1,4.03699
89972,Michael Porter,9,16,12,2024,1,33.99938,-118.49723333,5,2.4,1.57068
75308,Daniel Kennedy,9,16,12,2024,1,34.04162,-118.48013667,9,1.0,0.6865
56735,Sarah Thompson,9,16,12,2024,1,34.0205,-118.36046,6,0.9,0.56907
40245,Lauren Cook,9,16,12,2024,1,34.10498,-118.41175,9,0.5,0.30983
73736,Stephen Ryan,9,16,12,2024,1,33.78818,-118.51433,1,1.1,0.76624
15534,Vincent Walker,9,16,12,2024,1,34.27394,-118.24078333,11,48.0,31.99542
25626,Richard Robinson,9,16,12,2024,1,33.8093,-118.61691,2,1.0,0.64261
30817,Laura Bright,9,16,12,2024,1,33.89378,-118.65110333,2,3.3,2.21427
82551,Kimberly Lewis,9,16,12,2024,1,33.89378,-118.34336333,4,3.5,2.3068
88530,Jason Flowers,9,16,12,2024,1,33.9149,-118.37755667,4,1.6,1.08369
71903,Tiffany Smith,9,16,12,2024,1,33.9149,-118.51433,3,2.5,1.66656
45357,Scott Ward,9,16,12,2024,1,33.9149,-118.22368667,8,3.3,2.17855
54301,Tammy Ross,9,16,12,2024,1,33.76706,-118.42884667,1,2.1,1.38528
22590,Cathy Taylor,9,16,12,2024,1,33.8093,-118.48013667,1,2.8,1.85978
75720,William Potts,9,16,12,2024,1,33.9149,-118.18949333,8,3.3,2.21439
99660,Barbara Miller,9,16,12,2024,1,33.74594,-118.44594333,1,2.0,1.32369
96791,Jonathan Keller,9,16,12,2024,1,34.10498,-118.27497667,10,2.6,1.75309
35908,Troy Frey,9,16,12,2024,1,34.04162,-118.39465333,9,1.2,0.80915
97403,Douglas Lamb,9,16,12,2024,1,33.9149,-118.30917,4,3.8,2.53383
94626,Samuel Vargas,9,16,12,2024,1,33.9149,-118.24078333,4,1.9,1.24146
38829,Jennifer Bailey,9,16,12,2024,1,33.99938,-118.54852333,5,3.5,2.30031
81996,Patricia Hale,9,16,12,2024,1,34.25282,-118.22368667,11,50.2,33.46525
36117,Kimberly Robinson,9,16,12,2024,1,34.06274,-118.25788,10,9.2,6.151
35443,Kristi Campbell,9,16,12,2024,1,34.04162,-118.44594333,9,4.2,2.77485
34208,Jason Roberts,9,16,12,2024,1,33.87266,-118.32626667,4,4.3,2.86752
78763,Nicholas Crawford,9,16,12,2024,1,33.8093,-118.42884667,1,0.8,0.55338
10969,William Hawkins,9,16,12,2024,1,33.7037,-118.41175,1,6.6,4.41568
38436,Daniel Rowland,9,16,12,2024,1,33.8093,-118.27497667,4,5.4,3.5783
56832,Christina Warren,9,16,12,2024,1,34.08386,-118.24078333,10,1.3,0.84095
30320,Jason Davis,9,16,12,2024,1,33.83042,-118.49723333,3,2.5,1.69187
65887,Carlos Young,9,16,12,2024,1,33.89378,-118.61691,2,1.6,1.09809
45735,Cody Lee,9,16,12,2024,1,34.0205,-118.42884667,6,1.2,0.7967
41722,Angela Schultz,9,16,12,2024,1,33.83042,-118.42884667,3,1.2,0.82055
77355,Larry Mendez,9,16,12,2024,1,33.95714,-118.25788,7,2.6,1.74615
30476,Rebecca Hoffman,9,16,12,2024,1,33.83042,-118.53142667,3,2.1,1.41961
98421,Taylor Gonzalez,9,16,12,2024,1,33.83042,-118.56562,2,3.1,2.04937
11581,Kimberly Hester,9,16,12,2024,1,33.99938,-118.54852333,5,2.6,1.75094
47576,Kathleen Johnson,9,16,12,2024,1,34.0205,-118.24078333,7,11.8,7.87966
60171,Rebecca Davis,9,16,12,2024,1,33.85154,-118.37755667,4,1.8,1.21405
41686,Wendy Young,9,16,12,2024,1,34.04162,-118.39465333,9,2.5,1.69672
74174,Elizabeth Brown,9,16,12,2024,1,34.06274,-118.27497667,10,10.3,6.84316
87201,Stephanie Ortiz,9,16,12,2024,1,33.95714,-118.56562,5,1.2,0.79997
63620,Linda Rodriguez,9,16,12,2024,1,33.95714,-118.30917,7,2.9,1.95607
14278,Ashley Jackson,9,16,12,2024,1,33.99938,-118.56562,5,3.1,2.07199
50126,John Gardner,9,16,12,2024,1,33.93602,-118.36046,6,1.5,1.01406
56474,Michael Fisher,9,16,12,2024,1,34.18946,-118.29207333,11,12.8,8.55251
47211,Jill Baxter,9,16,12,2024,1,33.89378,-118.42884667,3,1.5,0.99938
51772,Natalie Taylor,9,16,12,2024,1,33.93602,-118.34336333,6,1.1,0.75664
32451,Amanda Tucker,9,16,12,2024,1,34.10498,-118.27497667,10,3.1,2.08413
50869,Paul Phillips,9,16,12,2024,1,33.89378,-118.46304,3,1.5,1.0156
70854,William Strickland,9,16,12,2024,1,34.06274,-118.42884667,9,3.5,2.3541
96271,Sarah Peterson,9,16,12,2024,1,34.06274,-118.22368667,10,14.4,9.62017
44430,Philip Eaton,9,16,12,2024,1,33.7037,-118.48013667,1,6.5,4.35302
25186,Allison Goodman,9,16,12,2024,1,33.93602,-118.17239667,8,26.7,17.7963
49520,David Clark,9,16,12,2024,1,33.87266,-118.51433,3,0.4,0.26811
82612,Pamela Jackson,9,16,12,2024,1,34.29506,-118.25788,11,50.8,33.89592
18542,Gina Vance,9,16,12,2024,1,33.76706,-118.37755667,4,5.5,3.63735
50162,Andrew Williams,9,16,12,2024,1,34.31618,-118.29207333,11,51.0,33.98412
93801,Jonathan Grant,9,16,12,2024,1,33.85154,-118.6682,2,6.8,4.51843
19969,Timothy Miller,9,16,12,2024,1,33.87266,-118.61691,2,3.0,1.99243
26388,Allison Young,9,16,12,2024,1,34.31618,-118.27497667,11,56.0,37.30892
67915,Cody Dunn,9,16,12,2024,1,33.7037,-118.49723333,1,3.6,2.37794
94305,Suzanne Nguyen,9,16,12,2024,1,34.10498,-118.30917,10,0.2,0.15016
74203,Kendra Mills,9,16,12,2024,1,33.85154,-118.39465333,3,1.7,1.15146
25287,Carrie Stewart,9,16,12,2024,1,33.99938,-118.48013667,5,2.9,1.94863
16436,Perry Williams,9,16,12,2024,1,33.89378,-118.56562,2,2.3,1.50443
38377,Daniel Bates,9,16,12,2024,1,33.8093,-118.37755667,4,1.7,1.10148
88320,Megan Tucker,9,16,12,2024,1,33.85154,-118.37755667,4,1.0,0.68998
20246,Christopher Schroeder,9,16,12,2024,1,33.76706,-118.58271667,2,5.4,3.60769
43749,Mark Mason PhD,9,16,12,2024,1,34.08386,-118.29207333,10,1.4,0.92364
48357,Kevin Howard,9,16,12,2024,1,34.21058,-118.29207333,11,44.1,29.38469
65197,Susan Wilson,9,16,12,2024,1,33.9149,-118.27497667,4,0.1,0.09428
41024,Mary Brown,9,16,12,2024,1,34.27394,-118.24078333,11,55.3,36.88286
57595,Jeremy Norton,9,16,12,2024,1,34.27394,-118.27497667,11,42.7,28.46133
76513,Faith George,9,16,12,2024,1,33.95714,-118.29207333,7,2.1,1.40337
59783,Samantha Roberson,9,16,12,2024,1,33.8093,-118.32626667,4,0.5,0.31698
32202,Corey Woods,9,16,12,2024,1,33.95714,-118.51433,5,0.5,0.35414
49903,Brian Serrano,9,16,12,2024,1,34.25282,-118.29207333,11,48.3,32.20369
45475,Justin Lee,9,16,12,2024,1,33.93602,-118.56562,5,0.6,0.38443
25555,Miranda Charles,9,16,12,2024,1,34.0205,-118.53142667,5,2.7,1.80588
91104,Ryan Knox,9,16,12,2024,1,33.89378,-118.46304,3,1.1,0.76598
58513,Dr. Marc Myers MD,9,16,12,2024,1,33.95714,-118.24078333,7,1.8,1.18672
60070,Haley Greer,9,16,12,2024,1,33.99938,-118.29207333,7,6.0,3.97037
85476,Christopher Johnson,9,16,12,2024,1,34.0205,-118.46304,6,1.4,0.94917
13850,Caleb Sullivan,9,16,12,2024,1,33.87266,-118.54852333,2,1.0,0.65748
88371,Sarah Bowers,9,16,12,2024,1,33.78818,-118.42884667,1,0.9,0.63293
14304,Oscar Moore,9,16,12,2024,1,33.85154,-118.54852333,2,1.2,0.82888
40849,Aaron Jimenez,9,16,12,2024,1,34.10498,-118.29207333,10,2.6,1.76384
65974,Yolanda Hawkins,9,16,12,2024,1,34.3373,-118.27497667,11,68.4,45.58654
53350,Jeremy Hernandez,9,16,12,2024,1,34.21058,-118.27497667,11,37.9,25.26825
64030,Christina Sanchez,9,16,12,2024,1,34.0205,-118.42884667,6,3.5,2.30504
83025,Diane Mitchell,9,16,12,2024,1,34.08386,-118.32626667,10,0.8,0.53681
89815,Bryan Johnson,9,16,12,2024,1,34.08386,-118.44594333,9,1.8,1.20913
48109,Elizabeth Smith,9,16,12,2024,1,33.76706,-118.32626667,4,6.6,4.36822
16672,Katrina Smith,9,16,12,2024,1,33.78818,-118.39465333,1,0.7,0.44546
38196,Michael Lee,9,16,12,2024,1,33.76706,-118.58271667,2,1.5,0.98102
48070,Bryan Dennis,9,16,12,2024,1,33.97826,-118.39465333,6,0.9,0.58142
44573,Duane Mcintosh,9,16,12,2024,1,34.1261,-118.44594333,9,4.3,2.84527
92680,Shelley Contreras,9,16,12,2024,1,33.78818,-118.37755667,4,4.4,2.952
70523,Shelia Moore,9,16,12,2024,1,33.8093,-118.41175,1,1.5,1.0051
72246,Cynthia Murray,9,16,12,2024,1,33.78818,-118.39465333,1,1.9,1.26749
81714,Amanda Powell,9,16,12,2024,1,33.72482,-118.42884667,1,7.0,4.63753
66037,Patricia Smith,9,16,12,2024,1,33.78818,-118.51433,1,2.0,1.32801
17320,Jessica Lee,9,16,12,2024,1,34.0205,-118.51433,5,2.3,1.5136
72126,Colleen Burns,9,16,12,2024,1,33.89378,-118.59981333,2,3.1,2.04301
62352,Sydney Wang,9,16,12,2024,1,33.83042,-118.41175,3,0.8,0.51591
68111,Eric Powell,9,16,12,2024,1,33.74594,-118.42884667,1,5.6,3.70138
20467,Mitchell Smith,9,16,12,2024,1,33.89378,-118.39465333,3,0.3,0.20984
73453,Amy Carter,9,16,12,2024,1,33.89378,-118.53142667,3,1.1,0.70999
29768,Rachel Benson,9,16,12,2024,1,34.04162,-118.42884667,9,3.2,2.1169
70531,Donald Reed,9,16,12,2024,1,33.74594,-118.44594333,1,2.8,1.85065
93401,Donald Allen,9,16,12,2024,1,33.89378,-118.63400667,2,6.4,4.2532
88097,Matthew Williams,9,16,12,2024,1,33.87266,-118.41175,3,2.0,1.33278
73915,Christine King,9,16,12,2024,1,33.97826,-118.32626667,6,0.6,0.37688
81785,Grant Taylor,9,16,12,2024,1,33.78818,-118.56562,2,2.4,1.60522
65656,Marcus Burke,9,16,12,2024,1,34.10498,-118.30917,10,0.2,0.13891
34353,Sandra Murphy,9,16,12,2024,1,34.10498,-118.44594333,9,7.1,4.76561
33184,Gloria Perez,9,16,12,2024,1,33.95714,-118.48013667,5,1.0,0.6342
57588,Michelle Rhodes,9,16,12,2024,1,33.78818,-118.32626667,4,5.1,3.41341
97233,Jennifer Townsend,9,16,12,2024,1,34.06274,-118.22368667,10,14.2,9.47296
82106,Luis Robertson,9,16,12,2024,1,34.08386,-118.41175,9,2.3,1.52303
92225,Felicia Carrillo,9,16,12,2024,1,33.89378,-118.32626667,4,2.3,1.55688
32269,Jeffrey Livingston,9,16,12,2024,1,33.89378,-118.32626667,4,2.4,1.62211
88933,Nathaniel Obrien,9,16,12,2024,1,33.95714,-118.17239667,8,14.9,9.93614
87996,Danielle Franklin,9,16,12,2024,1,33.89378,-118.56562,2,1.6,1.0504
98462,Robin Brown,9,16,12,2024,1,33.87266,-118.56562,2,1.2,0.77846
62470,Brandon Jordan,9,16,12,2024,1,34.21058,-118.30917,11,12.8,8.56157
20285,William Pittman,9,16,12,2024,1,33.95714,-118.27497667,7,1.5,1.0264
66528,Kim Hayes DDS,9,16,12,2024,1,34.04162,-118.42884667,9,2.8,1.86611
92302,Marissa Johnson,9,16,12,2024,1,34.10498,-118.29207333,10,3.2,2.10297
45086,Stephen Singh,9,16,12,2024,1,33.99938,-118.27497667,7,4.2,2.7855
33418,Christopher Mills,9,16,12,2024,1,34.10498,-118.44594333,9,5.7,3.81464
72242,Spencer Simon II,9,16,12,2024,1,34.0205,-118.24078333,7,2.2,1.4527
13760,Robin Baker,9,16,12,2024,1,34.1261,-118.46304,9,4.7,3.11854
74144,Sara Foley,9,16,12,2024,1,33.85154,-118.58271667,2,2.6,1.7376
94460,Jason Bird,9,16,12,2024,1,33.83042,-118.53142667,3,2.0,1.30365
41634,Amy Lang,9,16,12,2024,1,34.25282,-118.30917,11,55.2,36.81763
11073,Melanie Shields,9,16,12,2024,1,33.9149,-118.44594333,3,1.7,1.12969
55307,Nicholas Lawson,9,16,12,2024,1,33.93602,-118.25788,7,1.6,1.05922
92921,Laura Garrison,9,16,12,2024,1,33.87266,-118.63400667,2,7.2,4.81304
76061,Daniel Castro,9,16,12,2024,1,34.2317,-118.29207333,11,40.1,26.71462
58108,Larry Berger,9,16,12,2024,1,34.10498,-118.41175,9,2.6,1.75747
82714,Kristin Malone,9,16,12,2024,1,34.0205,-118.25788,7,2.7,1.79844
54133,Andrea Valdez,9,16,12,2024,1,33.99938,-118.42884667,6,1.6,1.08123
30507,Tina Garcia,9,16,12,2024,1,34.06274,-118.46304,9,14.8,9.89649
18499,Chad Rodriguez,9,16,12,2024,1,33.83042,-118.58271667,2,4.0,2.64067
71069,April Moore,9,16,12,2024,1,33.95714,-118.41175,6,1.1,0.7092
38625,Phillip Ramirez,9,16,12,2024,1,34.0205,-118.29207333,7,0.9,0.59178
40196,Juan Campbell,9,16,12,2024,1,34.0205,-118.44594333,6,1.8,1.19091
48076,Mathew Nichols,9,16,12,2024,1,33.83042,-118.39465333,3,1.3,0.8395
17808,Kayla Andrade,9,16,12,2024,1,33.8093,-118.30917,4,1.0,0.63982
74259,Debra Moreno DDS,9,16,12,2024,1,33.99938,-118.53142667,5,3.3,2.18476
35355,Patricia Lara,9,16,12,2024,1,33.93602,-118.29207333,7,1.3,0.83695
14561,Isabella Brown,9,16,12,2024,1,34.2317,-118.25788,11,48.2,32.14369
98237,Antonio Greene,9,16,12,2024,1,34.27394,-118.25788,11,45.8,30.51151
51805,Jacob Martin,9,16,12,2024,1,33.95714,-118.44594333,6,0.4,0.23724
52155,Cynthia Lambert,9,16,12,2024,1,33.87266,-118.36046,4,1.2,0.7976
79134,Kristopher Alvarez,9,16,12,2024,1,33.93602,-118.42884667,6,1.0,0.69962
63424,Megan Holt,9,16,12,2024,1,33.99938,-118.51433,5,1.5,0.99451
12872,Paul Jackson,9,16,12,2024,1,33.83042,-118.46304,3,0.7,0.45695
31671,Stephen Luna,9,16,12,2024,1,33.93602,-118.58271667,5,3.8,2.50953
18128,Michael Johnson DVM,9,16,12,2024,1,33.9149,-118.58271667,2,3.0,1.98758
42065,Paul Bowman,9,16,12,2024,1,34.1261,-118.29207333,10,1.8,1.17701
76365,Cody Williamson,9,16,12,2024,1,34.27394,-118.30917,11,45.6,30.38571
11133,David Rice,9,16,12,2024,1,33.9149,-118.36046,4,0.9,0.62321
25391,James Jones,9,16,12,2024,1,33.7037,-118.46304,1,2.5,1.67075
38991,Heather Bryan,9,16,12,2024,1,33.72482,-118.46304,1,2.8,1.87379
72401,Maureen Vaughn,9,16,12,2024,1,33.78818,-118.53142667,1,2.2,1.46058
85279,Joseph Jones MD,9,16,12,2024,1,33.87266,-118.37755667,4,0.6,0.39206
85106,Samuel Foster,9,16,12,2024,1,33.95714,-118.34336333,6,1.5,1.00407
82621,Kristin Richard,9,16,12,2024,1,33.8093,-118.36046,4,1.7,1.12154
39169,Duane Harvey,9,16,12,2024,1,33.89378,-118.22368667,8,2.7,1.79744
50043,Michael Harper,9,16,12,2024,1,34.29506,-118.29207333,11,56.0,37.30377
54274,Betty Dyer,9,16,12,2024,1,33.89378,-118.34336333,4,0.6,0.37312
41619,Felicia Alexander,9,16,12,2024,1,33.95714,-118.58271667,5,2.0,1.34193
34105,Sarah Montoya,9,16,12,2024,1,33.9149,-118.34336333,4,1.1,0.71039
20068,Tracey Welch,9,16,12,2024,1,34.3373,-118.25788,11,65.4,43.59683
11783,Theresa Medina,9,16,12,2024,1,33.76706,-118.51433,1,0.5,0.3028
71979,Jonathon Hays,9,16,12,2024,1,33.97826,-118.54852333,5,0.8,0.54893
63023,Derrick Barber,9,16,12,2024,1,34.04162,-118.34336333,10,1.6,1.09499
88509,Heather Marshall,9,16,12,2024,1,34.0205,-118.32626667,6,3.0,1.98223
39686,Sandra Hines,9,16,12,2024,1,33.89378,-118.27497667,4,1.7,1.14539
22594,Taylor Christian,9,16,12,2024,1,33.97826,-118.27497667,7,2.9,1.93145
85754,Sheryl Kline,9,16,12,2024,1,34.31618,-118.32626667,11,60.2,40.10936
71040,Pamela Fleming,9,16,12,2024,1,33.89378,-118.37755667,4,1.7,1.13454
37422,Tony Hernandez,9,16,12,2024,1,33.99938,-118.48013667,5,1.2,0.76687
71838,Dwayne Davis,9,16,12,2024,1,33.99938,-118.41175,6,1.6,1.08954
50913,Carlos Thompson,9,16,12,2024,1,33.78818,-118.44594333,1,0.7,0.44226
60416,Kathy Page,9,16,12,2024,1,34.0205,-118.54852333,5,3.3,2.17243
30590,Jeremy Moreno,9,16,12,2024,1,34.0205,-118.30917,7,1.5,0.99051
90104,Daniel Turner,9,16,12,2024,1,34.04162,-118.25788,10,0.5,0.36126
62348,James James,9,16,12,2024,1,34.18946,-118.27497667,11,40.6,27.04389
60631,Amy Rodriguez,9,16,12,2024,1,33.85154,-118.61691,2,7.9,5.29205
18543,Cheryl Estes,9,16,12,2024,1,33.93602,-118.24078333,7,1.1,0.74759
54156,Eric Cameron,9,16,12,2024,1,33.9149,-118.32626667,4,1.3,0.86552
62310,Richard Jackson,9,16,12,2024,1,33.95714,-118.36046,6,2.6,1.72144
28275,Phillip Burke,9,16,12,2024,1,33.72482,-118.51433,1,5.5,3.63386
62286,Diana Perez,9,16,12,2024,1,33.97826,-118.30917,7,5.1,3.40488
61107,Joanna Rose,9,16,12,2024,1,34.0205,-118.34336333,6,2.2,1.43349
28642,Felicia Walter,9,16,12,2024,1,33.9149,-118.39465333,3,1.8,1.23068
92090,Kimberly Snyder,9,16,12,2024,1,33.95714,-118.46304,6,1.3,0.88317
92486,John Murphy,9,16,12,2024,1,33.76706,-118.37755667,4,6.6,4.38691
42528,Jonathan Ward,9,16,12,2024,1,34.2317,-118.29207333,11,47.2,31.4866
66047,Timothy Fields,9,16,12,2024,1,33.97826,-118.36046,6,1.5,1.02945
64397,Robert Hernandez,9,16,12,2024,1,33.76706,-118.56562,2,1.4,0.94993
32414,Julie Smith,9,16,12,2024,1,34.14722,-118.27497667,11,10.9,7.28148
59635,Debra Martinez,9,16,12,2024,1,34.08386,-118.44594333,9,0.5,0.30147
88136,Kristen Craig,9,16,12,2024,1,34.0205,-118.54852333,5,2.2,1.45146
10574,Jennifer Brown,9,16,12,2024,1,33.76706,-118.61691,2,1.5,1.02293
33791,William Hall,9,16,12,2024,1,33.9149,-118.42884667,3,1.3,0.84108
12913,Elizabeth Lewis,9,16,12,2024,1,33.76706,-118.27497667,4,11.8,7.89312
60349,Lisa Rose,9,16,12,2024,1,33.99938,-118.22368667,8,4.8,3.20155
43800,Eric Sanders,9,16,12,2024,1,34.2317,-118.24078333,11,40.4,26.95128
24796,William Dunn,9,16,12,2024,1,33.8093,-118.48013667,1,1.5,0.98217
33130,Troy Olsen,9,16,12,2024,1,33.83042,-118.63400667,2,7.9,5.23806
52440,Anthony Johnson,9,16,12,2024,1,33.95714,-118.1553,8,14.9,9.95893
67245,Lisa Simmons,9,16,12,2024,1,33.85154,-118.49723333,3,1.0,0.68273
75912,Laura Sanchez,9,16,12,2024,1,33.93602,-118.20659,8,1.2,0.79304
58456,Pamela Taylor,9,16,12,2024,1,34.16834,-118.29207333,11,12.4,8.2549
57908,Miss Gina Parker,9,16,12,2024,1,33.89378,-118.36046,4,3.0,2.00268
27526,Chad Smith,9,16,12,2024,1,33.78818,-118.46304,1,3.0,2.00952
44305,Aaron Ramsey,9,16,12,2024,1,34.14722,-118.29207333,11,4.7,3.1478
69650,Jack Myers,9,16,12,2024,1,33.99938,-118.37755667,6,1.2,0.78086
79836,Barry Costa,9,16,12,2024,1,33.8093,-118.34336333,4,3.2,2.14516
72731,Ashley Martinez,9,16,12,2024,1,33.78818,-118.46304,1,0.9,0.59821
47156,Michael Keith,9,16,12,2024,1,33.8093,-118.44594333,1,1.0,0.69917
46328,Michael Rogers,9,16,12,2024,1,34.3373,-118.29207333,11,64.3,42.83401
78865,Holly Miller,9,16,12,2024,1,33.95714,-118.53142667,5,1.6,1.04156
12534,Elizabeth Lawrence DDS,9,16,12,2024,1,33.9149,-118.24078333,4,1.7,1.13135
81864,Lonnie French,9,16,12,2024,1,33.99938,-118.34336333,6,1.4,0.94146
99396,Brandy Rodgers,9,16,12,2024,1,34.0205,-118.30917,7,1.2,0.81684
77503,Michael Jackson,9,16,12,2024,1,34.1261,-118.27497667,10,13.6,9.06494
43283,Michael Brown,9,16,12,2024,1,33.99938,-118.49723333,5,2.1,1.41767
11692,James Williams,9,16,12,2024,1,33.87266,-118.46304,3,1.8,1.21128
29062,Rhonda Perez,9,16,12,2024,1,33.93602,-118.29207333,7,3.1,2.07018
34361,David Lucas,9,16,12,2024,1,33.76706,-118.61691,2,1.3,0.86545
98444,Christopher Cruz,9,16,12,2024,1,33.76706,-118.48013667,1,3.3,2.22752
11595,Mackenzie Brown,9,16,12,2024,1,34.2317,-118.24078333,11,43.0,28.6502
41527,Cassandra Mcbride,9,16,12,2024,1,33.89378,-118.51433,3,0.8,0.55236
35477,Thomas Lopez,9,16,12,2024,1,33.97826,-118.22368667,8,10.8,7.19543
11030,Carol Lewis,9,16,12,2024,1,33.74594,-118.54852333,1,1.6,1.08659
78332,Kim Collins,9,16,12,2024,1,34.2317,-118.30917,11,14.3,9.56042
68154,Nancy Brown,9,16,12,2024,1,34.10498,-118.25788,10,2.3,1.5522
39014,Robert Green,9,16,12,2024,1,33.85154,-118.59981333,2,3.0,2.02344
16234,Alyssa Williams,9,16,12,2024,1,33.74594,-118.53142667,1,1.4,0.92761
12183,Kristin Allen,9,16,12,2024,1,34.29506,-118.30917,11,58.0,38.67385
58388,Ashley Rodriguez,9,16,12,2024,1,33.8093,-118.42884667,1,1.1,0.75128
39324,Emma Cortez,9,16,12,2024,1,33.78818,-118.61691,2,4.2,2.80639
20198,Nancy Cervantes,9,16,12,2024,1,33.83042,-118.58271667,2,1.2,0.77188
85317,John Blackburn,9,16,12,2024,1,33.95714,-118.24078333,7,2.0,1.31461
58575,Bryan Bell,9,16,12,2024,1,33.9149,-118.56562,2,7.7,5.15456
14072,Danielle Barr,9,16,12,2024,1,33.78818,-118.56562,2,1.7,1.15297
60796,Robert Costa,9,16,12,2024,1,33.95714,-118.41175,6,0.3,0.19206
53903,Rose Sanford,9,16,12,2024,1,34.0205,-118.53142667,5,13.2,8.77072
69664,Christina Hughes,9,16,12,2024,1,34.04162,-118.24078333,10,7.7,5.12868
47474,Kara Roberson,9,16,12,2024,1,33.85154,-118.44594333,3,0.7,0.45443
33297,Angela White,9,16,12,2024,1,33.89378,-118.58271667,2,0.6,0.42433
37737,Zachary Ryan,9,16,12,2024,1,33.89378,-118.54852333,2,0.5,0.32831
38474,Jerry Esparza,9,16,12,2024,1,33.97826,-118.27497667,7,1.8,1.23023
59087,Melissa Aguirre,9,16,12,2024,1,33.93602,-118.36046,6,1.4,0.92237
64482,Tanya Walker,9,16,12,2024,1,34.3373,-118.24078333,11,59.9,39.90706
72175,Casey Day,9,16,12,2024,1,34.10498,-118.22368667,10,14.6,9.74283
78297,Adriana Velazquez,9,16,12,2024,1,34.06274,-118.48013667,9,13.5,8.99604
58929,Sean Carter,9,16,12,2024,1,34.2317,-118.27497667,11,46.7,31.13398
71551,Teresa Fisher,9,16,12,2024,1,34.25282,-118.24078333,11,42.7,28.44287
38666,Laura Smith,9,16,12,2024,1,33.9149,-118.36046,4,1.9,1.24288
57644,Amanda Jones,9,16,12,2024,1,34.10498,-118.42884667,9,6.9,4.62312
39444,Jamie Gentry,9,16,12,2024,1,33.83042,-118.39465333,3,0.6,0.38049
26896,Holly Bishop,9,16,12,2024,1,33.72482,-118.44594333,1,0.5,0.34976
38701,Frank Walton,9,16,12,2024,1,33.78818,-118.25788,4,12.7,8.47985
78014,Joe Fox,9,16,12,2024,1,33.87266,-118.29207333,4,0.6,0.37892
25925,Charles Kent,9,16,12,2024,1,33.93602,-118.51433,5,1.5,0.98264
69955,Kaylee Jackson,9,16,12,2024,1,33.85154,-118.44594333,3,1.5,1.00969
83514,Tiffany Rodriguez,9,16,12,2024,1,33.9149,-118.56562,2,9.6,6.39235
90190,Cheryl Jackson DDS,9,16,12,2024,1,33.97826,-118.56562,5,4.2,2.78705
90739,Richard Scott,9,16,12,2024,1,34.0205,-118.29207333,7,0.6,0.40465
24178,Matthew Vargas,9,16,12,2024,1,33.87266,-118.65110333,2,2.4,1.61849
94762,Tracey Spencer,9,16,12,2024,1,34.0205,-118.49723333,5,4.2,2.80011
74713,Scott Anderson,9,16,12,2024,1,33.8093,-118.58271667,2,3.5,2.33111
19259,William Greene,9,16,12,2024,1,34.08386,-118.37755667,9,4.9,3.29811
72725,Joshua Goodwin,9,16,12,2024,1,33.83042,-118.36046,4,3.1,2.08207
21003,Jeffrey Kennedy,9,16,12,2024,1,34.0205,-118.20659,8,13.4,8.92708
26114,Sarah Mayo,9,16,12,2024,1,33.89378,-118.29207333,4,5.3,3.56589
95510,Jonathan Gutierrez,9,16,12,2024,1,33.99938,-118.41175,6,1.3,0.88655
27461,Roger Lawrence,9,16,12,2024,1,34.04162,-118.25788,10,2.7,1.82175
55176,Nicholas Walker,9,16,12,2024,1,33.87266,-118.29207333,4,2.5,1.63693
22295,Benjamin Marsh,9,16,12,2024,1,33.99938,-118.44594333,6,1.0,0.67356
98137,Leslie Suarez,9,16,12,2024,1,33.9149,-118.32626667,4,2.2,1.48289
84516,Clayton Hunter,9,16,12,2024,1,33.8093,-118.59981333,2,1.2,0.79971
25711,Kristine Andrews,9,16,12,2024,1,33.83042,-118.59981333,2,1.3,0.87198
26562,Daniel Martin,9,16,12,2024,1,34.31618,-118.29207333,11,56.6,37.76339
97886,Lisa Rodriguez,9,16,12,2024,1,34.3373,-118.25788,11,62.3,41.51467
55164,Sheri Vazquez,9,16,12,2024,1,33.97826,-118.49723333,5,0.8,0.52916
78484,Ellen Duncan,9,16,12,2024,1,33.85154,-118.49723333,3,0.9,0.5959
44758,Crystal Harris,9,16,12,2024,1,34.0205,-118.44594333,6,4.1,2.73622
48508,Mary Murphy,9,16,12,2024,1,33.8093,-118.29207333,4,5.0,3.34495
25435,Sara Salinas,9,16,12,2024,1,33.83042,-118.61691,2,1.0,0.66689
43240,Brandy Lee,9,16,12,2024,1,33.99938,-118.24078333,7,1.1,0.74608
91255,Jeffrey Rodriguez,9,16,12,2024,1,34.25282,-118.25788,11,53.0,35.35244
98527,Jonathan Mason,9,16,12,2024,1,33.83042,-118.32626667,4,3.0,2.00299
19148,Sarah Hanson,9,16,12,2024,1,34.04162,-118.25788,10,3.4,2.26323
47405,Julie Torres,9,16,12,2024,1,33.87266,-118.34336333,4,3.0,2.02878
47385,Brandon Wood,9,16,12,2024,1,33.97826,-118.42884667,6,2.8,1.85313
19210,Christopher Gomez,9,16,12,2024,1,34.04162,-118.49723333,9,5.4,3.61827
54802,Veronica Morrow,9,16,12,2024,1,33.87266,-118.58271667,2,2.2,1.49241
32067,Olivia Myers,9,16,12,2024,1,33.93602,-118.27497667,7,0.9,0.60896
97286,Deborah Adams,9,16,12,2024,1,34.10498,-118.25788,10,2.4,1.60619
76698,Abigail Grant,9,16,12,2024,1,34.06274,-118.34336333,10,0.9,0.60793
79265,Brandon Wong,9,16,12,2024,1,34.04162,-118.37755667,9,0.9,0.59538
66074,Brianna West,9,16,12,2024,1,33.93602,-118.46304,6,1.9,1.2546
23644,Brandi Wolfe,9,16,12,2024,1,33.89378,-118.51433,3,1.7,1.14445
65196,Benjamin Thomas,9,16,12,2024,1,33.89378,-118.61691,2,6.6,4.40851
12594,Kevin Collins,9,16,12,2024,1,33.74594,-118.58271667,2,2.2,1.47355
69265,Anthony Davis,9,16,12,2024,1,33.97826,-118.54852333,5,1.7,1.11295
75501,Kimberly Jackson,9,16,12,2024,1,34.08386,-118.30917,10,0.9,0.6077
69646,Joshua Matthews,9,16,12,2024,1,33.85154,-118.65110333,2,6.8,4.51361
21506,Paul Hughes,9,16,12,2024,1,33.87266,-118.58271667,2,0.4,0.28999
28957,Amy Ramsey,9,16,12,2024,1,34.06274,-118.41175,9,1.9,1.25664
50842,Alexis Stewart,9,16,12,2024,1,34.16834,-118.27497667,11,39.9,26.57197
63525,Garrett Graham,9,16,12,2024,1,33.97826,-118.36046,6,1.1,0.74286
44158,Jessica Jones,9,16,12,2024,1,34.10498,-118.24078333,10,7.7,5.10181
98845,Michael Berger,9,16,12,2024,1,33.93602,-118.51433,5,2.7,1.79571
84731,Benjamin Gray,9,16,12,2024,1,33.89378,-118.49723333,3,2.4,1.61596
61969,Dana Roberts,9,16,12,2024,1,33.74594,-118.46304,1,1.5,0.9763
85221,Micheal Good,9,16,12,2024,1,33.93602,-118.18949333,8,30.0,19.98161
86943,Eric Williams,9,16,12,2024,1,33.89378,-118.30917,4,6.8,4.50878
51028,William Neal,9,16,12,2024,1,34.0205,-118.36046,6,0.4,0.25539
10580,Teresa Bennett,9,16,12,2024,1,33.97826,-118.49723333,5,3.2,2.15704
50050,Randall Johnston,9,16,12,2024,1,33.95714,-118.29207333,7,3.7,2.47511
28959,Deborah Adams,9,16,12,2024,1,33.89378,-118.34336333,4,1.3,0.85356
32567,Catherine Burns,9,16,12,2024,1,33.85154,-118.41175,3,1.3,0.88007
84141,Deanna Carter,9,16,12,2024,1,33.8093,-118.32626667,4,0.9,0.60281
51172,Stephen West,9,16,12,2024,1,34.06274,-118.32626667,10,2.7,1.77686
82444,Michael Burgess,9,16,12,2024,1,33.85154,-118.41175,3,1.3,0.89978
69546,Jason Bush,9,16,12,2024,1,33.9149,-118.54852333,2,0.4,0.28474
81635,Lindsey Davis,9,16,12,2024,1,33.74594,-118.53142667,1,1.5,0.98489
93203,Miranda Walker,9,16,12,2024,1,33.89378,-118.48013667,3,0.9,0.6116
39515,Kim Morris,9,16,12,2024,1,34.3373,-118.24078333,11,61.5,41.02152
37958,Amber Jimenez,9,16,12,2024,1,33.97826,-118.36046,6,1.5,0.97663
52840,Brandi Thomas,9,16,12,2024,1,33.7037,-118.44594333,1,4.1,2.72353
26246,Mr. Brian Allen,9,16,12,2024,1,34.1261,-118.25788,10,10.8,7.21382
21842,Kimberly Crawford,9,16,12,2024,1,33.9149,-118.20659,8,5.4,3.60765
86300,Aaron Lee,9,16,12,2024,1,34.06274,-118.51433,9,12.0,8.02172
28134,Daniel Rivas,9,16,12,2024,1,34.04162,-118.36046,10,0.7,0.466
33292,Courtney Gamble,9,16,12,2024,1,34.21058,-118.22368667,11,42.8,28.52319
59720,Keith Mcguire,9,16,12,2024,1,33.87266,-118.54852333,2,1.8,1.19639
11725,Carlos Mccoy,9,16,12,2024,1,33.97826,-118.29207333,7,0.5,0.36655
20608,Richard Smith,9,16,12,2024,1,33.8093,-118.63400667,2,3.0,2.0007
58349,Cynthia Heath,9,16,12,2024,1,33.72482,-118.41175,1,5.4,3.568
65019,Angela Morton,9,16,12,2024,1,34.04162,-118.44594333,9,1.8,1.17484
84949,Jason Dickson,9,16,12,2024,1,33.99938,-118.30917,7,4.5,2.98662
49362,Nichole Chapman,9,16,12,2024,1,33.89378,-118.56562,2,1.5,0.97974
40560,Elizabeth Garza,9,16,12,2024,1,33.74594,-118.54852333,1,1.1,0.75437
16783,James Taylor,9,16,12,2024,1,33.87266,-118.34336333,4,2.3,1.52644
31672,Tony Grimes,9,16,12,2024,1,34.04162,-118.22368667,10,3.9,2.59485
58772,Ashley Torres,9,16,12,2024,1,33.95714,-118.22368667,8,0.4,0.29653
18556,Alexis Collins,9,16,12,2024,1,33.85154,-118.59981333,2,2.3,1.56362
72106,Ann Simpson,9,16,12,2024,1,34.06274,-118.24078333,10,1.9,1.2781
52549,David Bell,9,16,12,2024,1,34.14722,-118.29207333,11,10.0,6.66478
76909,Matthew Higgins,9,16,12,2024,1,34.29506,-118.32626667,11,56.2,37.47489
65926,Ashley Clark,9,16,12,2024,1,33.89378,-118.53142667,3,0.8,0.52185
30288,Mr. Travis Collins Jr.,9,16,12,2024,1,33.95714,-118.1553,8,23.6,15.74627
75386,Barry Brown,9,16,12,2024,1,33.78818,-118.54852333,1,0.7,0.46702
41172,Mitchell Walters,9,16,12,2024,1,33.89378,-118.59981333,2,0.7,0.4729
63458,Carla Steele,9,16,12,2024,1,33.83042,-118.63400667,2,4.1,2.74871
63059,Derrick Hall,9,16,12,2024,1,33.87266,-118.54852333,2,0.8,0.56622
29825,Alison Wallace,9,16,12,2024,1,34.08386,-118.48013667,9,13.6,9.06902
82951,Michele Lopez,9,16,12,2024,1,33.95714,-118.44594333,6,1.5,1.01734
90051,Tanner Flynn,9,16,12,2024,1,33.93602,-118.53142667,5,0.9,0.63288
67754,Keith Hebert,9,16,12,2024,1,34.0205,-118.32626667,6,0.8,0.51402
50369,Ronald Esparza,9,16,12,2024,1,33.78818,-118.48013667,1,1.5,0.97194
73733,Frank Ramsey,9,16,12,2024,1,34.0205,-118.49723333,5,7.0,4.68222
83009,William Barnes,9,16,12,2024,1,33.97826,-118.32626667,6,1.8,1.20996
97050,Danielle Henry,9,16,12,2024,1,34.31618,-118.30917,11,51.6,34.43161
47168,Teresa Jones,9,16,12,2024,1,33.9149,-118.29207333,4,3.8,2.53945
69220,Tina Kerr,9,16,12,2024,1,33.85154,-118.56562,2,1.3,0.85392
45427,Elizabeth Burnett,9,16,12,2024,1,33.8093,-118.54852333,1,0.5,0.32509
89143,Annette Cardenas,9,16,12,2024,1,33.87266,-118.61691,2,2.6,1.73213
29874,Dawn Waters,9,16,12,2024,1,33.99938,-118.30917,7,0.2,0.15281
91364,Dawn Rowe,9,16,12,2024,1,33.99938,-118.24078333,7,1.5,0.99726
43160,Brandy Hall,9,16,12,2024,1,34.29506,-118.29207333,11,52.3,34.85126
23271,Kayla Powers,9,16,12,2024,1,34.29506,-118.27497667,11,56.3,37.55537
41346,Jessica Fischer,9,16,12,2024,1,33.8093,-118.59981333,2,2.3,1.52757
85312,Deborah Santana,9,16,12,2024,1,34.14722,-118.30917,11,8.9,5.91675
15745,Andrew Landry,9,16,12,2024,1,33.8093,-118.63400667,2,2.2,1.47189
68774,Joseph Barton,9,16,12,2024,1,33.87266,-118.49723333,3,2.3,1.55559
21505,Sara West,9,16,12,2024,1,34.04162,-118.30917,10,4.1,2.71328
41907,Adam Heath,9,16,12,2024,1,33.78818,-118.49723333,1,2.7,1.80682
58748,Janice Gibbs,9,16,12,2024,1,33.97826,-118.44594333,6,2.8,1.85425
13134,Jonathan Martinez,9,16,12,2024,1,33.76706,-118.63400667,2,5.2,3.497
97281,Mr. Thomas Johnson,9,16,12,2024,1,34.08386,-118.46304,9,2.7,1.77012
97290,Benjamin Wilson,9,16,12,2024,1,33.99938,-118.18949333,8,5.5,3.67841
31465,Brenda Hansen,9,16,12,2024,1,34.1261,-118.46304,9,5.6,3.76168
34710,Dylan Spencer,9,16,12,2024,1,34.08386,-118.29207333,10,2.2,1.49576
53718,Vincent Cook,9,16,12,2024,1,33.93602,-118.30917,7,5.3,3.53345
79593,Cheryl Rowland,9,16,12,2024,1,34.0205,-118.54852333,5,2.0,1.3273
49206,Sheri Olson,9,16,12,2024,1,34.10498,-118.22368667,10,10.8,7.22621
79984,Andrea Williams,9,16,12,2024,1,33.87266,-118.49723333,3,1.7,1.13224
47888,Richard Edwards,9,16,12,2024,1,33.93602,-118.32626667,6,6.0,3.99115
43503,Derrick Horne,9,16,12,2024,1,33.89378,-118.30917,4,2.6,1.70492
51599,Brittany Miranda,9,16,12,2024,1,33.97826,-118.41175,6,1.4,0.90439
93911,Sarah Martin,9,16,12,2024,1,33.87266,-118.48013667,3,1.2,0.8258
85057,Tim Torres,9,16,12,2024,1,33.89378,-118.58271667,2,0.9,0.58447
30262,William Fields Jr.,9,16,12,2024,1,33.87266,-118.51433,3,0.5,0.3076
52138,Rachel Brown,9,16,12,2024,1,34.10498,-118.49723333,9,12.9,8.57402
42294,Lori Campbell,9,16,12,2024,1,33.76706,-118.39465333,1,4.1,2.71265
31843,Amy Leonard,9,16,12,2024,1,34.16834,-118.29207333,11,12.3,8.21218
51128,Daniel Rodriguez,9,16,12,2024,1,34.10498,-118.46304,9,3.3,2.18499
66083,Anthony Williamson,9,16,12,2024,1,33.85154,-118.36046,4,3.2,2.15684
76662,Tina Velasquez,9,16,12,2024,1,33.76706,-118.46304,1,1.5,0.97781
10457,Rebecca Harvey,9,16,12,2024,1,33.9149,-118.29207333,4,1.1,0.75885
91428,Elizabeth Singh,9,16,12,2024,1,33.76706,-118.41175,1,4.9,3.28138
15203,Chelsea Stevens,9,16,12,2024,1,33.83042,-118.46304,3,1.1,0.71233
13133,Darryl Martinez,9,16,12,2024,1,33.97826,-118.29207333,7,3.7,2.44523
27432,Timothy Bryant,9,16,12,2024,1,34.08386,-118.48013667,9,8.8,5.83368
49088,Aaron Martin,9,16,12,2024,1,33.99938,-118.20659,8,4.0,2.66371
26603,Gary Burns,9,16,12,2024,1,33.76706,-118.30917,4,5.6,3.73501
21475,Susan Cox,9,16,12,2024,1,34.06274,-118.48013667,9,12.4,8.2626
45173,Victoria Santiago,9,16,12,2024,1,33.8093,-118.58271667,2,5.7,3.79839
17193,Jennifer Simmons,9,16,12,2024,1,33.85154,-118.34336333,4,5.6,3.71901
44541,Lori Munoz,9,16,12,2024,1,34.06274,-118.24078333,10,1.8,1.2208
83943,Evan Silva,9,16,12,2024,1,33.95714,-118.20659,8,2.3,1.56125
30272,Derek Castillo,9,16,12,2024,1,33.89378,-118.59981333,2,4.6,3.04874
82546,Jennifer Salazar,9,16,12,2024,1,33.83042,-118.65110333,2,3.4,2.28313
91860,Stephen Richard,9,16,12,2024,1,33.97826,-118.25788,7,1.4,0.93564
39258,Paul Hartman,9,16,12,2024,1,33.9149,-118.49723333,3,1.6,1.09425
48333,Lisa Rios,9,16,12,2024,1,34.0205,-118.25788,7,1.5,1.00299
88047,Lee Ball,9,16,12,2024,1,33.95714,-118.37755667,6,2.5,1.66179
85796,Jennifer Smith MD,9,16,12,2024,1,34.18946,-118.30917,11,10.9,7.26642
71767,Robert Holt,10,16,12,2024,2,34.06274,-118.46304,9,3.9,2.60216
29576,Robert Morrow,10,16,12,2024,2,33.89378,-118.46304,3,1.8,1.19644
66871,Megan Stevenson,10,16,12,2024,2,33.97826,-118.34336333,6,2.9,1.90331
64475,Alec Nelson MD,10,16,12,2024,2,34.1261,-118.30917,10,5.0,3.34237
25730,Anthony Davis,10,16,12,2024,2,33.99938,-118.27497667,7,0.4,0.29123
22780,Linda Reynolds DDS,10,16,12,2024,2,33.8093,-118.32626667,4,2.5,1.63997
19699,Melissa Taylor,10,16,12,2024,2,33.95714,-118.39465333,6,2.2,1.44658
76945,Melanie Arroyo,10,16,12,2024,2,33.89378,-118.34336333,4,1.0,0.68013
71315,Peter Lang,10,16,12,2024,2,33.99938,-118.56562,5,3.5,2.35764
74035,David Petersen,10,16,12,2024,2,33.99938,-118.39465333,6,1.9,1.24069
55953,Samantha Hawkins,10,16,12,2024,2,34.2317,-118.30917,11,21.7,14.45589
94407,Kenneth Aguilar,10,16,12,2024,2,33.95714,-118.32626667,6,1.1,0.7014
57358,Rachel Jones,10,16,12,2024,2,33.76706,-118.61691,2,2.0,1.32476
25116,Darlene Beck,10,16,12,2024,2,33.95714,-118.48013667,5,1.8,1.1947
70361,Michael Marks,10,16,12,2024,2,33.78818,-118.59981333,2,0.3,0.18458
38048,Kayla Smith,10,16,12,2024,2,34.27394,-118.30917,11,23.1,15.38786
67187,Molly Chen,10,16,12,2024,2,33.95714,-118.41175,6,1.7,1.12892
58848,Derek Cantrell,10,16,12,2024,2,33.76706,-118.42884667,1,5.3,3.50806
66092,Kristen Rich,10,16,12,2024,2,33.93602,-118.48013667,5,0.9,0.57497
36433,Steven Castro,10,16,12,2024,2,34.04162,-118.41175,9,2.4,1.62065
58448,Frank Sanchez,10,16,12,2024,2,33.9149,-118.34336333,4,2.6,1.70975
83336,Manuel Harris,10,16,12,2024,2,33.99938,-118.53142667,5,2.1,1.41938
22728,Daniel Cooke,10,16,12,2024,2,33.85154,-118.46304,3,0.3,0.21273
26045,Carl James,10,16,12,2024,2,34.0205,-118.44594333,6,0.7,0.48636
28069,Valerie Moreno,10,16,12,2024,2,33.97826,-118.42884667,6,1.2,0.78482
77556,Kayla Jones,10,16,12,2024,2,33.8093,-118.30917,4,5.1,3.40614
45967,Aaron Good,10,16,12,2024,2,33.74594,-118.29207333,4,13.7,9.12881
41715,Caitlin Rivera,10,16,12,2024,2,33.8093,-118.65110333,2,5.7,3.77359
42331,Jack Carroll,10,16,12,2024,2,33.76706,-118.30917,4,4.7,3.10036
18220,Daniel Wilson,10,16,12,2024,2,33.99938,-118.34336333,6,1.2,0.78463
58577,Dennis Oliver,10,16,12,2024,2,34.08386,-118.29207333,10,2.0,1.36064
77532,Daniel Barry,10,16,12,2024,2,33.85154,-118.6682,2,0.5,0.36011
52672,Suzanne Bell,10,16,12,2024,2,33.97826,-118.53142667,5,0.0,0.01551
37607,Erica Houston,10,16,12,2024,2,33.95714,-118.20659,8,1.2,0.77173
67264,Justin Romero,10,16,12,2024,2,33.95714,-118.32626667,6,0.9,0.61724
46052,Kristin Miller,10,16,12,2024,2,34.31618,-118.25788,11,56.7,37.78184
22050,Mrs. Katelyn Pena,10,16,12,2024,2,33.8093,-118.54852333,1,2.1,1.36844
84266,Katherine Lewis,10,16,12,2024,2,33.89378,-118.65110333,2,3.2,2.14889
33689,Carrie Mcgrath,10,16,12,2024,2,33.9149,-118.48013667,3,1.7,1.10536
53877,Benjamin Padilla,10,16,12,2024,2,34.18946,-118.27497667,11,13.5,9.01958
57437,Susan Mullins,10,16,12,2024,2,33.78818,-118.53142667,1,1.4,0.91745
57391,Christine Sosa,10,16,12,2024,2,33.9149,-118.41175,3,1.9,1.24438
86456,Brittany Thomas,10,16,12,2024,2,33.78818,-118.58271667,2,1.1,0.7451
69918,Beth Russo,10,16,12,2024,2,33.99938,-118.37755667,6,0.9,0.63084
80574,Katie Mcclure,10,16,12,2024,2,33.8093,-118.48013667,1,0.7,0.47556
80884,Logan Smith,10,16,12,2024,2,34.04162,-118.46304,9,2.8,1.88534
15322,Michael Mccoy,10,16,12,2024,2,33.89378,-118.58271667,2,2.0,1.36322
42938,Alan Johnson,10,16,12,2024,2,34.10498,-118.27497667,10,3.5,2.30246
40895,Kevin Ross,10,16,12,2024,2,33.97826,-118.30917,7,1.6,1.09603
45592,Isaiah Warren,10,16,12,2024,2,33.93602,-118.44594333,6,1.1,0.75115
86528,Danielle Waller,10,16,12,2024,2,33.83042,-118.49723333,3,1.7,1.11259
28419,Jeffrey Velez,10,16,12,2024,2,34.14722,-118.30917,11,4.8,3.22908
48848,Jacob Marshall,10,16,12,2024,2,33.76706,-118.59981333,2,0.9,0.57107
55510,Jacqueline Morris,10,16,12,2024,2,34.0205,-118.29207333,7,1.3,0.89193
21130,Courtney Garcia,10,16,12,2024,2,34.25282,-118.30917,11,22.0,14.65816
66774,Jane Johnson,10,16,12,2024,2,34.04162,-118.39465333,9,2.1,1.37535
13141,Eric Forbes,10,16,12,2024,2,34.2317,-118.29207333,11,46.3,30.88455
35243,Dillon Li,10,16,12,2024,2,33.89378,-118.59981333,2,3.0,2.00801
57251,Jacqueline Duran,10,16,12,2024,2,33.72482,-118.49723333,1,5.2,3.43343
29044,Wendy Walker,10,16,12,2024,2,33.99938,-118.18949333,8,7.9,5.29109
17220,Richard Baldwin,10,16,12,2024,2,33.95714,-118.56562,5,4.3,2.89571
14314,Christine Crane,10,16,12,2024,2,33.97826,-118.25788,7,1.7,1.13922
30969,Donna Walls,10,16,12,2024,2,33.95714,-118.58271667,5,0.9,0.58206
57526,Jessica Flores,10,16,12,2024,2,33.95714,-118.53142667,5,1.1,0.71959
80258,Mark Logan,10,16,12,2024,2,33.99938,-118.49723333,5,2.5,1.66178
53473,Gregory Henderson,10,16,12,2024,2,34.1261,-118.46304,9,5.1,3.39906
45499,Rachel Romero,10,16,12,2024,2,34.31618,-118.27497667,11,56.9,37.91231
59263,Nicole Conway,10,16,12,2024,2,33.93602,-118.29207333,7,1.3,0.83653
38257,Joseph Thomas,10,16,12,2024,2,33.78818,-118.36046,4,3.6,2.37386
63917,Tim Callahan,10,16,12,2024,2,33.72482,-118.41175,1,6.9,4.60543
90117,Ivan Reynolds,10,16,12,2024,2,33.93602,-118.24078333,7,1.8,1.17
78539,Rachel Chase,10,16,12,2024,2,33.97826,-118.46304,6,1.8,1.17977
65335,Devin Dean,10,16,12,2024,2,33.74594,-118.56562,2,1.4,0.92547
50784,Sharon Davis,10,16,12,2024,2,33.76706,-118.39465333,1,3.2,2.10807
67993,Trevor Edwards,10,16,12,2024,2,33.99938,-118.46304,6,0.4,0.23586
43192,Tina Rose,10,16,12,2024,2,33.87266,-118.48013667,3,0.4,0.27069
72841,Jessica Moore,10,16,12,2024,2,33.83042,-118.49723333,3,2.0,1.35845
92521,Lee Watkins,10,16,12,2024,2,33.97826,-118.20659,8,9.1,6.08664
82228,Kevin Mccarty,10,16,12,2024,2,33.9149,-118.58271667,2,1.6,1.09738
20215,Thomas Williams,10,16,12,2024,2,33.76706,-118.39465333,1,3.9,2.59235
69690,Travis Hunter,10,16,12,2024,2,33.9149,-118.41175,3,1.1,0.76325
27966,Maria Barrett,10,16,12,2024,2,34.25282,-118.27497667,11,39.4,26.28142
34174,Karen Woods,10,16,12,2024,2,34.29506,-118.29207333,11,66.3,44.1934
41711,Tara Stephens,10,16,12,2024,2,33.76706,-118.56562,2,2.0,1.31875
48375,Todd Bullock,10,16,12,2024,2,33.83042,-118.6682,2,4.5,3.01707
46887,Julie Chang,10,16,12,2024,2,34.06274,-118.22368667,10,5.8,3.84525
85640,Erin Dunn,10,16,12,2024,2,33.83042,-118.56562,2,1.8,1.21103
31248,Brandi Boone,10,16,12,2024,2,34.1261,-118.44594333,9,1.5,1.01376
53466,Marie Garcia,10,16,12,2024,2,33.97826,-118.39465333,6,1.2,0.78781
39385,Christopher Phelps,10,16,12,2024,2,33.83042,-118.32626667,4,3.4,2.26479
79051,Keith Spence,10,16,12,2024,2,33.78818,-118.30917,4,12.7,8.47324
20876,Kimberly Spence,10,16,12,2024,2,33.72482,-118.42884667,1,7.8,5.18017
91023,Kenneth Brown,10,16,12,2024,2,33.8093,-118.54852333,1,1.9,1.27132
62984,Alexis Combs,10,16,12,2024,2,33.95714,-118.39465333,6,0.8,0.55327
52985,Nancy Frye,10,16,12,2024,2,34.0205,-118.22368667,8,3.7,2.44325
68786,Tracy Schwartz,10,16,12,2024,2,34.10498,-118.39465333,9,1.8,1.21019
37498,Donald Villarreal,10,16,12,2024,2,33.76706,-118.63400667,2,8.0,5.32009
70650,Daniel Hunter,10,16,12,2024,2,33.93602,-118.17239667,8,4.5,2.97829
96315,Rita Kim,10,16,12,2024,2,33.83042,-118.54852333,2,2.2,1.47124
32032,Jonathan Harrison,10,16,12,2024,2,34.14722,-118.27497667,11,12.9,8.60384
57143,Nicole Chan,10,16,12,2024,2,33.7037,-118.49723333,1,4.4,2.91565
42556,John Hill,10,16,12,2024,2,33.97826,-118.46304,6,1.2,0.81963
64829,Marissa Ramirez,10,16,12,2024,2,33.83042,-118.39465333,3,1.3,0.87879
38905,John Warner,10,16,12,2024,2,34.08386,-118.24078333,10,1.3,0.89245
97395,Heather Reed,10,16,12,2024,2,33.78818,-118.36046,4,4.8,3.17795
47114,Kristina Clark,10,16,12,2024,2,33.74594,-118.44594333,1,5.7,3.82693
92240,Gary Ferguson,10,16,12,2024,2,33.99938,-118.51433,5,0.9,0.62605
10434,Christina Barajas,10,16,12,2024,2,34.0205,-118.27497667,7,2.4,1.577
90752,Catherine Martinez,10,16,12,2024,2,33.99938,-118.44594333,6,0.9,0.56757
19401,Shawn Young,10,16,12,2024,2,33.83042,-118.37755667,4,1.1,0.75977
88690,Jennifer Smith,10,16,12,2024,2,33.83042,-118.63400667,2,2.0,1.32478
15077,Tricia Webb,10,16,12,2024,2,33.93602,-118.17239667,8,3.8,2.52488
97451,Tanya King,10,16,12,2024,2,33.72482,-118.46304,1,1.7,1.14993
29227,David Chavez,10,16,12,2024,2,33.9149,-118.27497667,4,2.8,1.87347
61396,Barry Mercado,10,16,12,2024,2,34.10498,-118.37755667,9,2.4,1.57778
49926,Tamara Romero,10,16,12,2024,2,33.87266,-118.42884667,3,1.1,0.76392
21724,Eduardo Holland,10,16,12,2024,2,33.93602,-118.48013667,5,1.7,1.15643
23600,Kathryn Lester,10,16,12,2024,2,33.95714,-118.49723333,5,1.9,1.29335
38046,Sandra Johnson,10,16,12,2024,2,33.8093,-118.41175,1,0.2,0.10127
12832,Kerry King,10,16,12,2024,2,33.74594,-118.54852333,1,3.4,2.25034
70484,Crystal Wheeler,10,16,12,2024,2,33.83042,-118.61691,2,4.4,2.96247
34505,Wendy Carter,10,16,12,2024,2,34.21058,-118.30917,11,14.0,9.34285
35810,Jennifer Kim,10,16,12,2024,2,33.76706,-118.59981333,2,1.0,0.68763
30144,Karen Miller,10,16,12,2024,2,33.74594,-118.48013667,1,1.8,1.19785
14688,Kelly Davis,10,16,12,2024,2,33.9149,-118.39465333,3,2.1,1.42893
49880,Olivia Whitaker,10,16,12,2024,2,33.8093,-118.46304,1,0.5,0.32107
47525,Christina Terrell,10,16,12,2024,2,33.83042,-118.36046,4,2.0,1.33309
61177,Debra Gregory,10,16,12,2024,2,33.95714,-118.58271667,5,2.0,1.31207
85408,Kenneth Perkins,10,16,12,2024,2,34.0205,-118.41175,6,4.2,2.81109
43945,Veronica Green,10,16,12,2024,2,34.0205,-118.32626667,6,1.1,0.74142
60022,Kenneth Mitchell,10,16,12,2024,2,33.97826,-118.56562,5,5.3,3.51526
28433,Kaitlin Stewart,10,16,12,2024,2,33.83042,-118.56562,2,0.4,0.27011
20405,Allen Diaz,10,16,12,2024,2,33.97826,-118.48013667,5,1.9,1.27237
15935,Donald Perez,10,16,12,2024,2,33.99938,-118.22368667,8,1.1,0.73817
87122,Heather Johnson,10,16,12,2024,2,34.27394,-118.24078333,11,58.5,38.98885
12700,Jessica Morton,10,16,12,2024,2,33.89378,-118.51433,3,0.4,0.26977
13617,Lori Blake,10,16,12,2024,2,33.78818,-118.41175,1,3.9,2.58849
42797,Olivia Rivera,10,16,12,2024,2,33.95714,-118.22368667,8,1.0,0.68199
16126,Michelle Travis,10,16,12,2024,2,34.08386,-118.44594333,9,1.5,1.02373
15416,Jessica Rodriguez,10,16,12,2024,2,34.0205,-118.32626667,6,0.5,0.3273
64456,Brian Hancock,10,16,12,2024,2,33.99938,-118.42884667,6,1.1,0.74953
45059,Miss Nicole Mcknight,10,16,12,2024,2,33.9149,-118.58271667,2,2.2,1.46314
60597,Catherine Woods,10,16,12,2024,2,34.0205,-118.54852333,5,4.3,2.85589
15336,Catherine Smith,10,16,12,2024,2,33.85154,-118.39465333,3,2.0,1.34258
20056,Erika Waters,10,16,12,2024,2,34.08386,-118.22368667,10,13.5,8.98192
89701,Dana Jackson,10,16,12,2024,2,33.9149,-118.30917,4,2.4,1.61281
82405,Bradley Warren,10,16,12,2024,2,34.25282,-118.25788,11,43.5,29.0116
14969,Robert Holden,10,16,12,2024,2,34.3373,-118.24078333,11,62.2,41.46566
38247,Jamie Sweeney,10,16,12,2024,2,33.99938,-118.54852333,5,2.0,1.35689
96227,Maria Hunter,10,16,12,2024,2,33.83042,-118.49723333,3,1.3,0.89859
98864,Mark Johnson,10,16,12,2024,2,33.99938,-118.30917,7,1.7,1.10694
48971,Jennifer Smith,10,16,12,2024,2,33.85154,-118.49723333,3,1.0,0.64136
94234,Kevin Wright,10,16,12,2024,2,34.16834,-118.27497667,11,14.9,9.91567
15662,Robert Hardy,10,16,12,2024,2,34.10498,-118.29207333,10,2.2,1.49346
60100,Jacob Medina,10,16,12,2024,2,34.04162,-118.30917,10,0.6,0.39722
46764,Miranda Lucero,10,16,12,2024,2,34.0205,-118.54852333,5,1.6,1.04512
29889,Jessica Rivera,10,16,12,2024,2,33.99938,-118.25788,7,0.7,0.48162
50173,Peter Hall,10,16,12,2024,2,34.25282,-118.29207333,11,49.8,33.22469
67689,Melinda Strickland,10,16,12,2024,2,33.93602,-118.54852333,5,2.4,1.61269
99285,Adriana Wilson,10,16,12,2024,2,33.95714,-118.27497667,7,0.7,0.45904
18598,Virginia Elliott,10,16,12,2024,2,34.10498,-118.22368667,10,10.2,6.76933
94497,Sherry Pitts,10,16,12,2024,2,33.93602,-118.51433,5,0.6,0.3856
78951,Kristin Vazquez,10,16,12,2024,2,33.85154,-118.56562,2,3.8,2.52092
34225,Dakota Castro,10,16,12,2024,2,34.04162,-118.37755667,9,0.3,0.2247
92619,Michelle Thompson,10,16,12,2024,2,33.93602,-118.32626667,6,2.0,1.35978
48967,Tina Luna,10,16,12,2024,2,33.8093,-118.25788,4,8.1,5.37735
64366,James Clark,10,16,12,2024,2,33.78818,-118.42884667,1,1.3,0.8895
34171,Craig Powell,10,16,12,2024,2,34.0205,-118.20659,8,1.2,0.82965
55534,Amber Whitehead,10,16,12,2024,2,33.93602,-118.46304,6,1.9,1.26905
38553,Eric Curry,10,16,12,2024,2,33.89378,-118.56562,2,1.9,1.23906
61757,Michael Lewis,10,16,12,2024,2,34.0205,-118.48013667,5,1.4,0.90517
10530,Kelly Ford,10,16,12,2024,2,34.04162,-118.22368667,10,5.8,3.87405
68231,Lisa Barton,10,16,12,2024,2,33.95714,-118.44594333,6,1.0,0.64595
15445,Nicole Frye,10,16,12,2024,2,33.93602,-118.54852333,5,2.0,1.35398
87738,Kimberly Mills,10,16,12,2024,2,34.08386,-118.48013667,9,14.3,9.55695
25960,Kristina Myers,10,16,12,2024,2,33.99938,-118.32626667,6,1.7,1.10514
26362,Rhonda Sanders,10,16,12,2024,2,33.95714,-118.58271667,5,6.6,4.38495
99754,James Stevens,10,16,12,2024,2,33.99938,-118.53142667,5,0.6,0.42087
44395,Melissa Walsh,10,16,12,2024,2,33.83042,-118.46304,3,1.0,0.67511
21545,Julie Martin,10,16,12,2024,2,34.04162,-118.48013667,9,1.6,1.06738
38864,Daniel Williams,10,16,12,2024,2,34.0205,-118.46304,6,2.9,1.96325
93404,Jeffrey Dixon,10,16,12,2024,2,33.9149,-118.30917,4,1.5,1.02187
88616,Ernest Young,10,16,12,2024,2,33.74594,-118.56562,2,2.2,1.48433
86366,Danielle Thompson,10,16,12,2024,2,33.87266,-118.65110333,2,0.7,0.49513
24133,Justin Fitzpatrick,10,16,12,2024,2,34.14722,-118.30917,11,10.9,7.26094
59996,Michael Scott,10,16,12,2024,2,34.0205,-118.46304,6,2.1,1.39579
44014,Darlene Thompson,10,16,12,2024,2,34.06274,-118.42884667,9,1.2,0.7904
97834,Michael Hopkins,10,16,12,2024,2,33.74594,-118.42884667,1,3.5,2.36211
77023,Latasha Henderson,10,16,12,2024,2,33.85154,-118.61691,2,2.1,1.42519
68990,Jo Walker,10,16,12,2024,2,33.78818,-118.51433,1,0.5,0.31349
34332,Daryl Perez,10,16,12,2024,2,33.76706,-118.63400667,2,8.5,5.68541
18451,Maurice Mcgrath,10,16,12,2024,2,33.89378,-118.54852333,2,1.1,0.72817
48390,Krystal Herman,10,16,12,2024,2,34.0205,-118.36046,6,2.3,1.55839
72729,Tyler Blake,10,16,12,2024,2,34.1261,-118.27497667,10,7.2,4.79479
44164,Angela Torres,10,16,12,2024,2,33.87266,-118.53142667,3,0.8,0.52131
44315,Tamara Phillips,10,16,12,2024,2,33.76706,-118.48013667,1,1.3,0.89542
76849,Jessica Erickson,10,16,12,2024,2,33.78818,-118.27497667,4,11.0,7.35195
97993,Lisa Gutierrez,10,16,12,2024,2,33.95714,-118.25788,7,1.0,0.66395
14756,Laura Snyder,10,16,12,2024,2,34.08386,-118.49723333,9,7.3,4.87271
11866,Kyle Lee,10,16,12,2024,2,33.99938,-118.44594333,6,2.1,1.37539
24211,Haley Walker,10,16,12,2024,2,33.78818,-118.29207333,4,12.6,8.37237
68665,Lance Johnson,10,16,12,2024,2,33.95714,-118.30917,7,1.4,0.96193
56187,Lauren Davis,10,16,12,2024,2,33.95714,-118.29207333,7,1.0,0.68365
72957,Catherine Thompson,10,16,12,2024,2,33.78818,-118.54852333,1,1.3,0.8996
58378,Vanessa Moore,10,16,12,2024,2,33.83042,-118.65110333,2,6.5,4.33391
33986,Stephanie Hicks,10,16,12,2024,2,34.27394,-118.24078333,11,54.4,36.28991
58992,Steven Miller,10,16,12,2024,2,33.95714,-118.24078333,7,2.0,1.34315
62529,Richard Todd,10,16,12,2024,2,34.3373,-118.25788,11,61.5,40.98669
18205,Joshua Romero,10,16,12,2024,2,33.8093,-118.56562,2,2.2,1.47643
87209,Jeremy Brown,10,16,12,2024,2,33.93602,-118.1553,8,9.1,6.04907
56926,Melvin Wolfe,10,16,12,2024,2,33.85154,-118.53142667,3,0.9,0.63115
67475,James Aguirre,10,16,12,2024,2,33.93602,-118.53142667,5,0.9,0.62723
72942,Terry Stafford,10,16,12,2024,2,33.95714,-118.1553,8,12.0,8.01251
38507,Cynthia Cline,10,16,12,2024,2,34.08386,-118.46304,9,1.7,1.14284
35282,Joseph Andrade,10,16,12,2024,2,34.1261,-118.42884667,9,2.3,1.51672
23708,Juan Wu,10,16,12,2024,2,33.72482,-118.46304,1,7.1,4.73181
23509,Nicholas Allison,10,16,12,2024,2,34.06274,-118.24078333,10,3.3,2.21485
17663,Patricia Yu,10,16,12,2024,2,34.10498,-118.25788,10,5.3,3.52027
57067,Christina Sherman,10,16,12,2024,2,33.76706,-118.27497667,4,14.8,9.8889
40020,Daniel Andrews PhD,10,16,12,2024,2,33.9149,-118.53142667,3,3.3,2.19146
83842,Jeffrey Murray,10,16,12,2024,2,34.04162,-118.34336333,10,2.1,1.39362
45655,Spencer Jacobs,10,16,12,2024,2,33.9149,-118.37755667,4,0.7,0.47123
87785,Kendra Chandler,10,16,12,2024,2,33.93602,-118.34336333,6,1.6,1.09074
40625,Wesley Weaver,10,16,12,2024,2,34.2317,-118.24078333,11,35.5,23.67246
19539,Corey Baker,10,16,12,2024,2,34.0205,-118.49723333,5,10.4,6.90363
69426,Michael Roberson,10,16,12,2024,2,34.18946,-118.29207333,11,14.6,9.71544
73138,Cindy Lane,10,16,12,2024,2,34.29506,-118.24078333,11,53.2,35.47656
81510,Joseph Carpenter,10,16,12,2024,2,33.89378,-118.51433,3,1.2,0.76948
78823,Daniel Myers,10,16,12,2024,2,33.99938,-118.48013667,5,3.0,2.0115
72219,Bobby Logan,10,16,12,2024,2,33.83042,-118.54852333,2,2.5,1.69685
81228,Amanda Camacho,10,16,12,2024,2,34.04162,-118.32626667,10,2.5,1.69259
38277,Norman Parker,10,16,12,2024,2,33.95714,-118.30917,7,0.8,0.52827
91563,Ashley Reyes,10,16,12,2024,2,34.04162,-118.34336333,10,1.2,0.80708
93311,Jennifer Guzman,10,16,12,2024,2,33.89378,-118.63400667,2,2.9,1.93007
84273,Alex Andrews,10,16,12,2024,2,34.10498,-118.42884667,9,2.2,1.43758
69508,Dr. Amy Ramirez,10,16,12,2024,2,34.0205,-118.34336333,6,0.9,0.6184
25682,Shawn Aguilar,10,16,12,2024,2,33.78818,-118.54852333,1,1.0,0.69689
56533,Martin Hall,10,16,12,2024,2,33.95714,-118.56562,5,1.8,1.20929
81822,Ashley Oneal,10,16,12,2024,2,33.78818,-118.59981333,2,2.3,1.51598
45739,Kelly Walker,10,16,12,2024,2,33.74594,-118.49723333,1,3.6,2.43298
72413,David Moore,10,16,12,2024,2,33.89378,-118.27497667,4,4.8,3.22511
74094,Jonathan Cooper,10,16,12,2024,2,33.9149,-118.32626667,4,0.6,0.41494
82137,Stacy Cooper,10,16,12,2024,2,33.7037,-118.44594333,1,6.6,4.37282
92188,Vanessa Baker,10,16,12,2024,2,33.76706,-118.51433,1,1.6,1.09186
11328,Edward Reyes,10,16,12,2024,2,33.83042,-118.63400667,2,2.1,1.38443
27749,Terry Moore,10,16,12,2024,2,33.95714,-118.1553,8,15.0,9.99086
66521,Jean Harris,10,16,12,2024,2,33.87266,-118.49723333,3,1.8,1.18329
85713,Amber Murphy,10,16,12,2024,2,34.08386,-118.25788,10,2.1,1.38703
43337,Scott Wang,10,16,12,2024,2,33.85154,-118.54852333,2,1.0,0.67035
55251,Samuel Powell,10,16,12,2024,2,33.83042,-118.34336333,4,1.0,0.65133
76605,Heather Mcdonald,10,16,12,2024,2,33.89378,-118.61691,2,4.7,3.1532
45951,Paul Diaz,10,16,12,2024,2,33.95714,-118.30917,7,1.6,1.08007
22252,Melissa Spencer,10,16,12,2024,2,33.85154,-118.51433,3,3.2,2.15018
67494,John Pratt,10,16,12,2024,2,33.72482,-118.51433,1,1.4,0.94054
78487,Kurt Garcia,10,16,12,2024,2,33.76706,-118.44594333,1,4.6,3.0364
59718,Kenneth Maldonado,10,16,12,2024,2,33.99938,-118.54852333,5,2.0,1.34176
99352,Gregory Lowe,10,16,12,2024,2,33.7037,-118.48013667,1,9.6,6.37805
51306,Chelsea Serrano,10,16,12,2024,2,33.97826,-118.24078333,7,2.6,1.73809
42615,Edward Powers,10,16,12,2024,2,34.10498,-118.46304,9,2.0,1.32145
26808,Brian Stephens,10,16,12,2024,2,33.76706,-118.48013667,1,3.5,2.35008
99626,Rebecca Howard,10,16,12,2024,2,33.9149,-118.18949333,8,2.0,1.32878
72366,Jessica Butler,10,16,12,2024,2,33.89378,-118.49723333,3,1.0,0.63715
61920,Joseph Cook,10,16,12,2024,2,33.95714,-118.53142667,5,0.5,0.36459
69118,Jacob Little,10,16,12,2024,2,33.83042,-118.58271667,2,1.8,1.18146
88841,Jeff Hunt,10,16,12,2024,2,33.9149,-118.18949333,8,1.1,0.71741
36024,Mr. Eric Walls MD,10,16,12,2024,2,34.06274,-118.36046,10,1.0,0.66051
69475,Margaret Bennett,10,16,12,2024,2,33.8093,-118.25788,4,9.5,6.35489
52150,Dawn Ramirez,10,16,12,2024,2,33.85154,-118.58271667,2,1.5,0.9807
73907,Stephen Garcia,10,16,12,2024,2,34.04162,-118.42884667,9,0.9,0.6301
27618,Joseph Miller,10,16,12,2024,2,34.04162,-118.22368667,10,3.2,2.11558
10742,Amber Barnett,10,16,12,2024,2,34.31618,-118.24078333,11,57.4,38.2895
86404,Daniel Garza,10,16,12,2024,2,33.76706,-118.46304,1,5.2,3.45066
32762,Tanya Gregory,10,16,12,2024,2,33.78818,-118.56562,2,1.1,0.72866
55855,Anita Collins,10,16,12,2024,2,34.0205,-118.27497667,7,1.1,0.70706
90343,John Lopez,10,16,12,2024,2,33.78818,-118.46304,1,1.4,0.96081
85824,Brent Roberts,10,16,12,2024,2,34.31618,-118.24078333,11,57.0,37.99753
35150,Valerie Bell,10,16,12,2024,2,33.89378,-118.44594333,3,2.6,1.7436
93089,Cory Gilbert,10,16,12,2024,2,33.87266,-118.34336333,4,0.4,0.24173
25949,Anthony Dominguez,10,16,12,2024,2,33.9149,-118.34336333,4,0.9,0.59518
52613,Heather Lambert,10,16,12,2024,2,33.8093,-118.49723333,1,0.9,0.62821
22475,Aaron Morgan,10,16,12,2024,2,34.1261,-118.42884667,9,1.6,1.07332
78652,Mary Brady,10,16,12,2024,2,33.99938,-118.54852333,5,1.9,1.29886
42957,Karina Baker,10,16,12,2024,2,34.08386,-118.27497667,10,0.2,0.11481
53516,Alexander Torres,10,16,12,2024,2,33.93602,-118.58271667,5,2.5,1.63367
32490,Alfred Hudson,10,16,12,2024,2,33.99938,-118.22368667,8,4.1,2.72428
23189,Stephen Craig,10,16,12,2024,2,33.87266,-118.34336333,4,2.1,1.39698
61518,Terrence Johnson,10,16,12,2024,2,34.04162,-118.48013667,9,2.5,1.6455
66658,Rebecca Conley,10,16,12,2024,2,33.99938,-118.24078333,7,0.4,0.2421
21075,Daniel Williams,10,16,12,2024,2,34.21058,-118.22368667,11,38.5,25.67124
25430,Carrie Levy,10,16,12,2024,2,33.74594,-118.46304,1,3.2,2.16161
49792,Mrs. Samantha Frye MD,10,16,12,2024,2,33.85154,-118.34336333,4,2.4,1.60629
69230,Jimmy Fowler,10,16,12,2024,2,33.76706,-118.44594333,1,4.9,3.29765
85714,Shane Schultz,10,16,12,2024,2,33.76706,-118.53142667,1,2.3,1.50314
33991,Veronica Turner,10,16,12,2024,2,34.10498,-118.24078333,10,13.9,9.29104
29254,Teresa Mckee,10,16,12,2024,2,34.29506,-118.30917,11,31.1,20.70589
93422,Jennifer Acosta,10,16,12,2024,2,33.93602,-118.22368667,8,0.3,0.21011
82552,Jack Miller,10,16,12,2024,2,34.10498,-118.41175,9,3.2,2.11557
94951,Scott Price,10,16,12,2024,2,33.95714,-118.25788,7,0.8,0.51525
91413,Jose Short,10,16,12,2024,2,33.9149,-118.36046,4,0.2,0.14833
76231,John Castillo,10,16,12,2024,2,34.06274,-118.44594333,9,3.4,2.25952
87861,Rachel Francis,10,16,12,2024,2,34.08386,-118.29207333,10,2.6,1.73171
47314,Bailey Kim,10,16,12,2024,2,34.14722,-118.29207333,11,9.7,6.4355
18202,Amy Martin,10,16,12,2024,2,33.87266,-118.59981333,2,0.3,0.21962
26124,Jamie White,10,16,12,2024,2,34.06274,-118.39465333,9,1.6,1.05633
74894,Jimmy Wheeler,10,16,12,2024,2,34.0205,-118.36046,6,2.6,1.75091
97181,Sarah Kim,10,16,12,2024,2,33.74594,-118.44594333,1,2.8,1.89534
67285,Lindsey Pena,10,16,12,2024,2,33.89378,-118.36046,4,1.0,0.69867
69166,Melinda Holt,10,16,12,2024,2,33.85154,-118.44594333,3,0.5,0.33541
27201,Steve Nixon,10,16,12,2024,2,33.95714,-118.54852333,5,3.7,2.44209
91966,Philip Gentry,10,16,12,2024,2,33.9149,-118.46304,3,2.2,1.48842
64296,Todd Ortiz,10,16,12,2024,2,33.9149,-118.39465333,3,1.2,0.77892
33165,Rachel Murray,10,16,12,2024,2,33.76706,-118.61691,2,1.6,1.04077
47101,Cheryl Harris,10,16,12,2024,2,33.89378,-118.49723333,3,2.8,1.89018
46330,Kristopher Mitchell,10,16,12,2024,2,33.89378,-118.18949333,8,0.4,0.23847
37785,Melody Reynolds,10,16,12,2024,2,33.97826,-118.48013667,5,2.3,1.55254
45202,Danny Charles,10,16,12,2024,2,33.93602,-118.34336333,6,0.9,0.59312
74175,Kristen Adams,10,16,12,2024,2,33.83042,-118.6682,2,5.3,3.50688
13020,Brenda Mosley MD,10,16,12,2024,2,33.97826,-118.22368667,8,4.5,2.98713
24925,Janice Carroll,10,16,12,2024,2,34.08386,-118.44594333,9,1.3,0.83525
20478,Lindsey Murray,10,16,12,2024,2,33.85154,-118.37755667,4,2.4,1.57237
29184,Kristen Odonnell,10,16,12,2024,2,34.04162,-118.24078333,10,2.1,1.41006
51884,Robert Livingston,10,16,12,2024,2,33.72482,-118.51433,1,1.1,0.70498
60144,Daryl Nichols,10,16,12,2024,2,33.9149,-118.34336333,4,0.8,0.55418
18347,Dr. Courtney Burns,10,16,12,2024,2,33.95714,-118.18949333,8,7.5,5.01736
91708,Matthew Small,10,16,12,2024,2,33.8093,-118.30917,4,7.6,5.09796
38781,Shannon Crosby,10,16,12,2024,2,34.31618,-118.25788,11,56.1,37.37107
57283,Rachel Allen,10,16,12,2024,2,34.16834,-118.30917,11,10.9,7.2911
29878,Jeffrey Joyce,10,16,12,2024,2,33.8093,-118.36046,4,0.6,0.40086
45623,Brittany Peterson,10,16,12,2024,2,33.89378,-118.48013667,3,0.7,0.45099
35816,Carlos Avery,10,16,12,2024,2,33.76706,-118.49723333,1,1.1,0.73178
99351,Anna Daniels,10,16,12,2024,2,33.7037,-118.48013667,1,2.5,1.63385
75714,Emily Lamb,10,16,12,2024,2,34.10498,-118.30917,10,3.8,2.51455
58693,Katrina Gray,10,16,12,2024,2,34.0205,-118.51433,5,7.9,5.26577
19526,Emily Brown,10,16,12,2024,2,33.9149,-118.49723333,3,2.3,1.56142
99059,Monica Burton,10,16,12,2024,2,33.95714,-118.42884667,6,2.3,1.56015
58329,Daniel Eaton,10,16,12,2024,2,33.93602,-118.42884667,6,1.0,0.6575
94425,Larry Perez,10,16,12,2024,2,33.8093,-118.44594333,1,0.5,0.36519
67421,Christine Myers,10,16,12,2024,2,33.95714,-118.37755667,6,1.2,0.81716
74496,Devin Fernandez,10,16,12,2024,2,33.83042,-118.34336333,4,0.8,0.50851
52574,Lee Glover,10,16,12,2024,2,34.3373,-118.27497667,11,60.0,39.99963
80842,Cameron Thompson,10,16,12,2024,2,33.83042,-118.59981333,2,1.5,0.97744
66197,Lori Henry,10,16,12,2024,2,33.8093,-118.56562,2,1.8,1.19012
35864,Kevin Robinson,10,16,12,2024,2,33.97826,-118.53142667,5,3.3,2.21908
81245,Christopher Schwartz,10,16,12,2024,2,34.14722,-118.25788,11,11.7,7.77172
58136,Roberto Grimes,10,16,12,2024,2,33.87266,-118.51433,3,0.8,0.54358
83760,Allison Werner,10,16,12,2024,2,33.89378,-118.34336333,4,2.7,1.78637
39151,Matthew Gomez,10,16,12,2024,2,34.25282,-118.22368667,11,47.8,31.85181
92279,Jay Warren,10,16,12,2024,2,34.08386,-118.41175,9,1.7,1.13159
17092,Isabel Ayers,10,16,12,2024,2,33.89378,-118.20659,8,1.9,1.27334
58760,Timothy Hall,10,16,12,2024,2,33.8093,-118.29207333,4,5.8,3.87324
47621,George Ryan,10,16,12,2024,2,33.95714,-118.22368667,8,2.1,1.42722
62568,Garrett Evans,10,16,12,2024,2,33.85154,-118.59981333,2,0.8,0.50996
92211,Denise Keller,10,16,12,2024,2,33.89378,-118.44594333,3,1.4,0.90389
34635,Angel Duran,10,16,12,2024,2,33.87266,-118.32626667,4,0.8,0.53018
82242,William Scott,10,16,12,2024,2,33.89378,-118.22368667,8,3.5,2.35549
84915,Jennifer Scott,10,16,12,2024,2,33.78818,-118.48013667,1,1.8,1.19267
11708,Christopher Williams,10,16,12,2024,2,33.8093,-118.27497667,4,10.5,7.02219
14598,Michael Hendrix,10,16,12,2024,2,33.93602,-118.53142667,5,1.4,0.90033
62947,Kimberly Gilbert,10,16,12,2024,2,33.8093,-118.37755667,4,2.1,1.40956
66874,Kristen Lutz,10,16,12,2024,2,33.97826,-118.53142667,5,1.5,0.96946
41165,Maureen Perez,10,16,12,2024,2,33.76706,-118.37755667,4,6.7,4.47981
15370,Ernest Frazier,10,16,12,2024,2,33.97826,-118.34336333,6,1.3,0.84756
36445,Sean Perez,10,16,12,2024,2,33.7037,-118.42884667,1,9.7,6.49712
45096,Ashley Massey,10,16,12,2024,2,33.87266,-118.34336333,4,1.3,0.84799
27189,Amanda Swanson,10,16,12,2024,2,33.85154,-118.46304,3,0.6,0.37849
54981,Michelle Krause,10,16,12,2024,2,34.08386,-118.25788,10,6.2,4.1498
46275,Erin Matthews,10,16,12,2024,2,33.9149,-118.24078333,4,2.9,1.92392
98644,Eric Anderson,10,16,12,2024,2,33.97826,-118.49723333,5,1.2,0.82999
76642,John Boyd,10,16,12,2024,2,33.9149,-118.56562,2,3.5,2.30287
41932,Curtis Simmons,10,16,12,2024,2,33.89378,-118.29207333,4,2.0,1.33051
31473,Luis James,10,16,12,2024,2,34.0205,-118.42884667,6,1.0,0.64379
67221,Richard Clark,10,16,12,2024,2,34.29506,-118.27497667,11,46.2,30.82444
86899,Christopher Potts,10,16,12,2024,2,34.04162,-118.44594333,9,1.2,0.82871
78091,Jermaine Wheeler,10,16,12,2024,2,34.10498,-118.48013667,9,11.2,7.46075
89964,Mitchell Wood,10,16,12,2024,2,34.08386,-118.41175,9,2.2,1.4772
88069,Mariah Davis,10,16,12,2024,2,34.14722,-118.25788,11,11.8,7.8521
72029,Barbara Pruitt,10,16,12,2024,2,34.1261,-118.25788,10,9.0,6.02247
97749,Samantha Gardner,10,16,12,2024,2,33.87266,-118.42884667,3,1.3,0.83844
72521,Christopher Bennett,10,16,12,2024,2,33.78818,-118.34336333,4,1.1,0.76137
35461,Jonathan Mathews,10,16,12,2024,2,33.7037,-118.41175,1,6.8,4.54359
61659,Charles Henderson,10,16,12,2024,2,33.9149,-118.46304,3,1.7,1.15391
31724,Vicki Freeman,10,16,12,2024,2,33.97826,-118.32626667,6,2.3,1.51317
67064,Gabrielle Figueroa,10,16,12,2024,2,34.0205,-118.24078333,7,1.1,0.73664
91910,Christopher Henry,10,16,12,2024,2,33.9149,-118.22368667,8,1.3,0.8809
47592,Rebekah Lee,10,16,12,2024,2,33.9149,-118.30917,4,2.5,1.66589
60147,Kimberly Johnson MD,10,16,12,2024,2,33.95714,-118.17239667,8,14.7,9.79426
21151,Matthew Newman,10,16,12,2024,2,33.89378,-118.53142667,3,2.1,1.4233
64390,Christopher Brown,10,16,12,2024,2,33.85154,-118.54852333,2,1.1,0.7352
67140,Joshua Nelson,10,16,12,2024,2,33.8093,-118.49723333,1,0.6,0.38736
12746,Amy Sloan,10,16,12,2024,2,33.76706,-118.36046,4,9.7,6.4661
34950,Katherine Hernandez,10,16,12,2024,2,33.99938,-118.41175,6,0.8,0.53198
42014,Sherri Jones,10,16,12,2024,2,33.72482,-118.39465333,1,13.1,8.71246
98888,Craig Walker,10,16,12,2024,2,34.08386,-118.30917,10,2.7,1.80503
43633,Linda Allen,10,16,12,2024,2,33.9149,-118.32626667,4,1.5,1.02429
42280,Melissa Obrien DVM,10,16,12,2024,2,34.0205,-118.27497667,7,1.7,1.12296
98884,Raymond Rogers,10,16,12,2024,2,33.89378,-118.22368667,8,0.8,0.52291
77440,Brandon Stewart,10,16,12,2024,2,33.93602,-118.18949333,8,4.3,2.87051
32321,Madison Andersen,10,16,12,2024,2,34.08386,-118.24078333,10,5.1,3.39952
53994,Madison Silva,10,16,12,2024,2,33.76706,-118.54852333,1,1.1,0.72824
15429,Dillon Hale,10,16,12,2024,2,34.04162,-118.29207333,10,1.0,0.66688
12823,Alexandra Gutierrez,10,16,12,2024,2,33.9149,-118.44594333,3,1.6,1.07116
62527,Jerry Frey,10,16,12,2024,2,33.97826,-118.44594333,6,2.1,1.38888
16826,Patricia Juarez DVM,10,16,12,2024,2,33.97826,-118.29207333,7,1.2,0.78507
88023,Michael Sandoval,10,16,12,2024,2,33.89378,-118.54852333,2,2.6,1.70453
47305,Cindy Frye,10,16,12,2024,2,33.85154,-118.44594333,3,1.4,0.90558
36600,Mr. Patrick Wright Jr.,10,16,12,2024,2,34.06274,-118.46304,9,2.0,1.36163
99717,David Riley,10,16,12,2024,2,34.25282,-118.30917,11,21.7,14.48461
48975,Whitney Walker,10,16,12,2024,2,34.0205,-118.39465333,6,2.8,1.83777
19654,Cameron Guzman,10,16,12,2024,2,33.9149,-118.48013667,3,1.8,1.22274
22164,Leon Boyd,10,16,12,2024,2,33.93602,-118.42884667,6,1.9,1.28885
82274,Jennifer Lopez,10,16,12,2024,2,34.06274,-118.29207333,10,3.6,2.4128
83602,Julie Miller,10,16,12,2024,2,33.95714,-118.48013667,5,1.6,1.09726
23113,Kevin Tyler,10,16,12,2024,2,34.27394,-118.25788,11,40.5,27.01724
70295,Eric Harrison,10,16,12,2024,2,33.99938,-118.30917,7,1.4,0.93013
43731,David Romero,10,16,12,2024,2,33.89378,-118.32626667,4,3.8,2.56068
32189,Peter Bailey,10,16,12,2024,2,33.9149,-118.51433,3,1.8,1.21698
19690,Justin Johnson,10,16,12,2024,2,33.97826,-118.27497667,7,2.6,1.7211
77227,Roger Whitaker,10,16,12,2024,2,34.0205,-118.51433,5,7.0,4.67913
77161,Jessica Vasquez,10,16,12,2024,2,33.8093,-118.63400667,2,5.4,3.57898
78506,Taylor Nelson,10,16,12,2024,2,33.74594,-118.46304,1,5.1,3.39687
46776,Jennifer Roberts,10,16,12,2024,2,33.99938,-118.32626667,6,0.5,0.3418
59595,Clifford Hudson,10,16,12,2024,2,34.3373,-118.27497667,11,59.2,39.46175
46719,Shannon Nguyen,10,16,12,2024,2,34.10498,-118.24078333,10,11.5,7.66343
39614,Francisco Grant,10,16,12,2024,2,34.25282,-118.22368667,11,40.9,27.28154
84570,Martin Greer,10,16,12,2024,2,34.29506,-118.24078333,11,60.6,40.38136
75217,Mark Brown,10,16,12,2024,2,34.0205,-118.20659,8,2.3,1.50054
35448,Kimberly Cole,10,16,12,2024,2,33.97826,-118.41175,6,1.4,0.92199
97227,Heather Miller,10,16,12,2024,2,34.04162,-118.25788,10,0.4,0.26351
26729,Dennis White,10,16,12,2024,2,33.87266,-118.41175,3,1.3,0.85302
37544,Brandi Lee,10,16,12,2024,2,33.89378,-118.32626667,4,5.8,3.89306
40670,Jaime Perez,10,16,12,2024,2,33.9149,-118.42884667,3,0.5,0.31086
59255,Chelsey Moore,10,16,12,2024,2,34.25282,-118.29207333,11,52.9,35.23668
99822,Brittany Burke DDS,10,16,12,2024,2,33.83042,-118.42884667,3,2.9,1.94637
79655,Rachel Smith,10,16,12,2024,2,33.93602,-118.46304,6,2.0,1.34038
72313,Travis Ashley,10,16,12,2024,2,33.95714,-118.34336333,6,4.2,2.78055
72995,Sara Orozco,10,16,12,2024,2,33.9149,-118.54852333,2,1.4,0.95362
20008,Mrs. Kathleen Elliott,10,16,12,2024,2,33.89378,-118.34336333,4,1.2,0.78256
30659,Samantha Meyers,10,16,12,2024,2,33.85154,-118.36046,4,0.9,0.62894
64714,Daniel Miles,10,16,12,2024,2,34.27394,-118.25788,11,47.5,31.64762
12964,Kimberly Bryant,10,16,12,2024,2,33.97826,-118.56562,5,1.4,0.96262
29959,Patrick Garcia,10,16,12,2024,2,33.95714,-118.39465333,6,1.4,0.90725
19338,Erica Roth,10,16,12,2024,2,33.87266,-118.39465333,3,1.3,0.85964
12528,William Cole,10,16,12,2024,2,34.06274,-118.32626667,10,2.3,1.54997
95201,Kevin Ford,10,16,12,2024,2,33.87266,-118.36046,4,0.8,0.51754
68822,Jacob Smith,10,16,12,2024,2,33.93602,-118.22368667,8,0.6,0.3878
37942,William Rodriguez,10,16,12,2024,2,33.8093,-118.42884667,1,2.9,1.93867
45652,Allison Tanner,10,16,12,2024,2,33.8093,-118.65110333,2,5.1,3.38904
20579,Michael Doyle,10,16,12,2024,2,33.97826,-118.36046,6,1.1,0.70325
15527,Wanda Wilson,10,16,12,2024,2,33.87266,-118.41175,3,2.5,1.66389
29693,Roger Rodriguez,10,16,12,2024,2,34.10498,-118.46304,9,2.5,1.63822
51158,Cheryl Jacobs,10,16,12,2024,2,33.9149,-118.58271667,2,3.2,2.10743
45097,Lindsay Gordon,10,16,12,2024,2,33.89378,-118.46304,3,1.4,0.90094
79799,Amanda Hernandez,10,16,12,2024,2,34.08386,-118.42884667,9,3.5,2.33245
85253,Andrew Walker,10,16,12,2024,2,34.25282,-118.27497667,11,50.3,33.51832
62362,Paul Lambert,10,16,12,2024,2,33.72482,-118.39465333,1,10.0,6.66394
36583,Mr. Shawn Keller,10,16,12,2024,2,34.0205,-118.48013667,5,1.5,1.02611
49033,Brittany Huber,10,16,12,2024,2,34.18946,-118.29207333,11,14.3,9.54375
60375,Angela Porter,10,16,12,2024,2,34.06274,-118.51433,9,14.1,9.40662
96486,Anna Green,10,16,12,2024,2,33.74594,-118.51433,1,0.9,0.60629
88709,Linda Davis,10,16,12,2024,2,34.04162,-118.49723333,9,7.1,4.70647
94421,Jared Bell,10,16,12,2024,2,34.06274,-118.30917,10,1.5,0.97412
26089,John Hanson,10,16,12,2024,2,33.9149,-118.20659,8,2.1,1.38768
54284,John Kelly,10,16,12,2024,2,33.9149,-118.29207333,4,4.3,2.84256
27264,Melissa Jacobs,10,16,12,2024,2,33.97826,-118.49723333,5,0.5,0.35945
10794,David Paul,10,16,12,2024,2,34.0205,-118.25788,7,2.3,1.51624
19478,Stephanie Rowe,10,16,12,2024,2,33.97826,-118.34336333,6,0.8,0.52001
90508,Stephanie Grimes,10,16,12,2024,2,33.93602,-118.32626667,6,0.6,0.43309
44886,Lisa Frey,10,16,12,2024,2,33.93602,-118.24078333,7,2.0,1.33303
37537,Stephanie Lopez,10,16,12,2024,2,34.31618,-118.29207333,11,66.4,44.23334
15692,Sean Coffey,10,16,12,2024,2,33.95714,-118.44594333,6,0.7,0.44655
75393,Tabitha Taylor,10,16,12,2024,2,33.76706,-118.41175,1,2.0,1.3497
78415,Jose Fleming,10,16,12,2024,2,33.99938,-118.41175,6,1.5,1.02538
76311,Katherine Brown,10,16,12,2024,2,34.06274,-118.25788,10,2.0,1.34023
77843,Veronica Conner,10,16,12,2024,2,33.89378,-118.59981333,2,3.1,2.07781
46585,Trevor Decker,10,16,12,2024,2,33.85154,-118.42884667,3,2.0,1.34306
88871,Mrs. Christina Keller,10,16,12,2024,2,33.8093,-118.32626667,4,2.6,1.7026
16736,Brittney Gomez,10,16,12,2024,2,34.08386,-118.37755667,9,2.7,1.79514
40168,Andrew Davis,10,16,12,2024,2,33.99938,-118.29207333,7,0.6,0.39442
48692,Norman King,10,16,12,2024,2,34.0205,-118.37755667,6,0.6,0.388
12918,Ethan Warren,10,16,12,2024,2,34.31618,-118.29207333,11,69.9,46.62233
13914,Laura Harris,10,16,12,2024,2,34.10498,-118.39465333,9,0.3,0.22287
70037,Christina Johnson,10,16,12,2024,2,33.9149,-118.37755667,4,2.2,1.46823
39662,Kathy Lee,10,16,12,2024,2,33.97826,-118.27497667,7,0.7,0.49913
61558,Brian Sutton,10,16,12,2024,2,34.1261,-118.30917,10,5.4,3.62242
36270,Mr. Joel Smith,10,16,12,2024,2,34.06274,-118.37755667,9,0.9,0.62004
59923,Nicole Love,10,16,12,2024,2,34.29506,-118.25788,11,62.4,41.58099
61548,Billy Jones,10,16,12,2024,2,33.8093,-118.34336333,4,1.8,1.19764
58141,Kelsey Fletcher,10,16,12,2024,2,33.93602,-118.30917,7,0.5,0.35549
87912,Daniel Walker,10,16,12,2024,2,33.9149,-118.53142667,3,3.0,1.98477
12678,Scott Harmon,10,16,12,2024,2,34.08386,-118.32626667,10,3.7,2.43951
66246,Crystal Fields,10,16,12,2024,2,33.93602,-118.56562,5,5.6,3.74517
41791,Sara Carroll,10,16,12,2024,2,34.29506,-118.25788,11,58.8,39.22259
86504,Warren Cervantes,10,16,12,2024,2,34.2317,-118.25788,11,46.1,30.76411
35377,Abigail Lopez,10,16,12,2024,2,33.8093,-118.51433,1,0.8,0.52087
11070,Dawn Miranda,10,16,12,2024,2,33.99938,-118.51433,5,2.7,1.79379
21033,Kimberly Patel,10,16,12,2024,2,33.83042,-118.36046,4,1.8,1.20843
90931,Terry Brown,10,16,12,2024,2,34.06274,-118.36046,10,0.3,0.22619
35244,Robert Whitney,10,16,12,2024,2,33.93602,-118.41175,6,2.1,1.39595
27832,Cody King,10,16,12,2024,2,34.04162,-118.51433,9,14.3,9.54067
74573,Michelle Collier,10,16,12,2024,2,33.93602,-118.49723333,5,1.8,1.19578
44231,Cheryl Day,10,16,12,2024,2,33.87266,-118.58271667,2,1.4,0.90912
58904,Gregory Reeves,10,16,12,2024,2,34.10498,-118.37755667,9,2.4,1.57543
41255,Daniel Walker,10,16,12,2024,2,33.99938,-118.39465333,6,0.8,0.55301
23987,Dennis Mcgee,10,16,12,2024,2,34.04162,-118.36046,10,0.8,0.5022
89604,Charles Hood,10,16,12,2024,2,34.04162,-118.27497667,10,0.9,0.59292
31275,Tracy Foster,10,16,12,2024,2,33.97826,-118.27497667,7,1.0,0.69971
33732,Andre Lozano,10,16,12,2024,2,33.85154,-118.61691,2,2.8,1.89296
97538,Matthew Norris,10,16,12,2024,2,33.87266,-118.65110333,2,3.5,2.32729
85324,Allison Barnes,10,16,12,2024,2,33.85154,-118.53142667,3,1.2,0.80827
60814,Kari Smith,10,16,12,2024,2,33.83042,-118.46304,3,1.1,0.71195
95612,Thomas Mills,10,16,12,2024,2,34.21058,-118.27497667,11,40.1,26.75524
16289,Austin Bradley,10,16,12,2024,2,34.2317,-118.25788,11,53.0,35.35137
39516,Danny Smith,10,16,12,2024,2,33.83042,-118.58271667,2,2.4,1.61554
54666,Rachel Meyer,10,16,12,2024,2,34.21058,-118.22368667,11,41.9,27.96236
25807,Megan Rivera,10,16,12,2024,2,33.97826,-118.39465333,6,1.0,0.68017
95654,Corey Holmes,10,16,12,2024,2,34.21058,-118.30917,11,14.1,9.39232
15541,Joshua Campbell,10,16,12,2024,2,34.06274,-118.34336333,10,0.8,0.50971
42826,Megan Chen,10,16,12,2024,2,34.16834,-118.29207333,11,9.0,5.97316
49050,Jason Sweeney,10,16,12,2024,2,33.72482,-118.48013667,1,1.0,0.64527
28023,Carolyn Rodriguez,10,16,12,2024,2,33.99938,-118.42884667,6,1.2,0.78198
79657,Cynthia Davenport,10,16,12,2024,2,33.89378,-118.27497667,4,2.6,1.72948
18098,Dr. Megan Frey PhD,10,16,12,2024,2,33.8093,-118.48013667,1,2.0,1.36275
15365,James Anderson,10,16,12,2024,2,33.89378,-118.48013667,3,2.6,1.70984
67004,Russell Nelson,10,16,12,2024,2,33.76706,-118.29207333,4,13.5,9.02575
65958,Tina Robles,10,16,12,2024,2,34.06274,-118.48013667,9,11.1,7.38358
67690,Evelyn Wright,10,16,12,2024,2,33.74594,-118.54852333,1,1.9,1.27779
30830,Stephen Scott,10,16,12,2024,2,34.0205,-118.56562,5,2.1,1.3748
36907,Jessica Rhodes,10,16,12,2024,2,33.9149,-118.27497667,4,4.7,3.10773
68018,Roy Rodriguez,10,16,12,2024,2,33.7037,-118.44594333,1,3.0,1.97291
88966,Shannon Lawrence,10,16,12,2024,2,33.95714,-118.46304,6,1.6,1.04566
17914,David Davis,10,16,12,2024,2,34.27394,-118.30917,11,24.1,16.08441
61988,Heather Walter,10,16,12,2024,2,33.8093,-118.63400667,2,4.8,3.23167
90095,Katherine Black,10,16,12,2024,2,33.76706,-118.53142667,1,0.5,0.31656
67792,John Branch,10,16,12,2024,2,33.97826,-118.29207333,7,0.3,0.22479
33074,Edward Perez,10,16,12,2024,2,33.9149,-118.36046,4,1.7,1.13832
87579,Lindsey Larson,10,16,12,2024,2,34.10498,-118.25788,10,3.3,2.20305
25856,Amanda Medina,10,16,12,2024,2,33.87266,-118.37755667,4,1.6,1.0698
72548,Anthony Davies,10,16,12,2024,2,33.72482,-118.44594333,1,1.1,0.74761
54510,Tyler Bryant,10,16,12,2024,2,33.9149,-118.17239667,8,4.2,2.80294
78167,Monique Brown,10,16,12,2024,2,33.83042,-118.61691,2,1.3,0.87117
73298,Tina Rodriguez,10,16,12,2024,2,34.06274,-118.24078333,10,0.7,0.46945
87720,Jessica Williams,10,16,12,2024,2,33.78818,-118.25788,4,13.4,8.965
92830,Ms. Christine Gilbert,10,16,12,2024,2,33.76706,-118.41175,1,4.4,2.9632
14277,Derek Johnson,10,16,12,2024,2,33.93602,-118.58271667,5,3.4,2.26596
27274,Thomas Bell,10,16,12,2024,2,33.95714,-118.41175,6,1.4,0.90189
59291,Carly Cannon,10,16,12,2024,2,33.78818,-118.39465333,1,3.9,2.61119
15115,Alison Jordan,10,16,12,2024,2,34.06274,-118.49723333,9,7.9,5.29366
41071,Brian Villanueva,10,16,12,2024,2,33.99938,-118.34336333,6,0.2,0.13546
47068,Tammy Allen,10,16,12,2024,2,33.78818,-118.54852333,1,1.0,0.66521
26049,Jamie Jones,10,16,12,2024,2,34.0205,-118.24078333,7,0.8,0.54573
50189,Mark Grant,10,16,12,2024,2,33.78818,-118.39465333,1,1.7,1.13146
93686,Jennifer Acevedo,10,16,12,2024,2,33.74594,-118.48013667,1,2.8,1.89516
64213,Steven Stewart,10,16,12,2024,2,33.85154,-118.48013667,3,2.0,1.32469
73923,Ralph Horton,10,16,12,2024,2,34.0205,-118.44594333,6,1.1,0.75462
53014,Christine Gilbert,10,16,12,2024,2,34.04162,-118.36046,10,1.8,1.17615
82024,Omar Tucker,10,16,12,2024,2,33.83042,-118.53142667,3,1.3,0.8808
78685,Sabrina Davis,10,16,12,2024,2,33.97826,-118.36046,6,1.1,0.73692
45503,Eduardo Mckenzie,10,16,12,2024,2,33.87266,-118.56562,2,0.5,0.32401
85965,Cheryl Young,10,16,12,2024,2,33.89378,-118.59981333,2,3.5,2.32204
46128,Sharon Martinez,10,16,12,2024,2,33.87266,-118.30917,4,1.4,0.91956
96475,Kevin Walker,10,16,12,2024,2,34.21058,-118.27497667,11,35.8,23.84098
32062,Joshua Delgado,10,16,12,2024,2,34.08386,-118.39465333,9,1.6,1.06346
51968,Matthew Harris,10,16,12,2024,2,33.78818,-118.44594333,1,3.0,2.00738
10697,Bryce Allison,10,16,12,2024,2,33.74594,-118.58271667,2,0.2,0.13577
58188,Kimberly White,10,16,12,2024,2,33.93602,-118.39465333,6,2.1,1.37601
39910,Ashley Becker,10,16,12,2024,2,33.97826,-118.54852333,5,0.8,0.52444
97602,Nathan Austin,10,16,12,2024,2,33.95714,-118.36046,6,1.8,1.21166
54923,Timothy Rasmussen,10,16,12,2024,2,33.93602,-118.39465333,6,1.3,0.84485
92070,Justin Black,10,16,12,2024,2,33.76706,-118.42884667,1,4.3,2.87831
76988,Kathleen Kramer,10,16,12,2024,2,33.74594,-118.59981333,2,0.6,0.37279
69602,Lindsey Johnson,10,16,12,2024,2,33.9149,-118.17239667,8,5.3,3.50596
67922,Michael Mcclure,10,16,12,2024,2,33.85154,-118.36046,4,0.6,0.41994
58485,Dustin Gutierrez,10,16,12,2024,2,34.0205,-118.25788,7,2.7,1.79623
53496,Emma Bender,10,16,12,2024,2,33.8093,-118.59981333,2,1.0,0.66399
92723,Lauren Peterson,10,16,12,2024,2,33.99938,-118.48013667,5,1.0,0.69523
97517,Randall Sanchez,10,16,12,2024,2,34.2317,-118.24078333,11,49.8,33.1817
62692,Belinda Graham,10,16,12,2024,2,34.0205,-118.25788,7,1.0,0.6884
64926,Benjamin Pacheco,10,16,12,2024,2,33.95714,-118.54852333,5,1.0,0.65448
91528,Jennifer Mann,10,16,12,2024,2,33.89378,-118.56562,2,0.6,0.41788
32038,Brian Hunter,10,16,12,2024,2,33.95714,-118.29207333,7,1.0,0.68632
74897,Christopher Anderson,10,16,12,2024,2,33.85154,-118.37755667,4,1.7,1.10636
92700,Christian Smith,10,16,12,2024,2,34.2317,-118.27497667,11,42.0,28.02088
11279,Garrett Atkinson,10,16,12,2024,2,34.16834,-118.30917,11,10.8,7.21586
12387,Mr. Mark Parks,10,16,12,2024,2,33.74594,-118.42884667,1,10.7,7.15157
32826,Patricia Jones,10,16,12,2024,2,33.87266,-118.32626667,4,3.4,2.26849
41482,Debbie Chapman,10,16,12,2024,2,33.93602,-118.27497667,7,1.6,1.08521
35655,Dr. Brittany Clarke MD,10,16,12,2024,2,34.06274,-118.36046,10,0.4,0.26704
24062,Sarah Mcgee,10,16,12,2024,2,33.89378,-118.42884667,3,1.8,1.22747
95532,Maria Rosario,10,16,12,2024,2,34.0205,-118.34336333,6,0.8,0.54334
26897,Brandy Rodriguez,10,16,12,2024,2,33.78818,-118.58271667,2,1.4,0.94315
28059,Robert Dickerson,10,16,12,2024,2,33.7037,-118.42884667,1,9.8,6.5181
10122,Noah Osborne,10,16,12,2024,2,33.95714,-118.48013667,5,1.5,0.96818
95085,Ann Holloway,10,16,12,2024,2,33.85154,-118.46304,3,0.9,0.58779
71413,Daniel Mcintyre,10,16,12,2024,2,33.76706,-118.34336333,4,7.6,5.05358
73208,Michael Collier,10,16,12,2024,2,33.9149,-118.37755667,4,2.0,1.35906
14595,Cody Welch,10,16,12,2024,2,34.06274,-118.41175,9,2.3,1.52626
46142,Shane Malone,10,16,12,2024,2,33.87266,-118.44594333,3,1.8,1.21396
43518,Lydia Stein,10,16,12,2024,2,34.06274,-118.37755667,9,1.5,0.99019
89039,Jennifer Moore,10,16,12,2024,2,34.25282,-118.25788,11,50.4,33.62754
33001,Jacob Stewart,10,16,12,2024,2,33.72482,-118.48013667,1,0.7,0.46266
86032,Alison Reed,10,16,12,2024,2,33.85154,-118.6682,2,4.0,2.65989
26041,Christopher Dunlap,10,16,12,2024,2,33.93602,-118.41175,6,0.8,0.5493
57378,Nicholas Kemp,10,16,12,2024,2,33.85154,-118.51433,3,2.7,1.78665
16875,William Nelson,10,16,12,2024,2,34.06274,-118.27497667,10,0.4,0.26848
64633,Wayne Bishop,10,16,12,2024,2,33.76706,-118.49723333,1,2.3,1.51088
26469,Gloria Vaughn MD,10,16,12,2024,2,33.85154,-118.44594333,3,1.1,0.75339
81943,Brandon Rich,10,16,12,2024,2,33.95714,-118.44594333,6,0.9,0.56705
26052,Jessica Fletcher,10,16,12,2024,2,33.87266,-118.61691,2,2.9,1.92429
77804,Donna Costa,10,16,12,2024,2,33.9149,-118.49723333,3,2.2,1.49026
47217,Tracey Barber,10,16,12,2024,2,34.04162,-118.51433,9,7.0,4.66652
82271,Herbert Delacruz,10,16,12,2024,2,34.27394,-118.27497667,11,59.8,39.83658
92655,Danielle Mcdaniel,10,16,12,2024,2,33.74594,-118.58271667,2,1.2,0.80858
37223,Steven Waller,10,16,12,2024,2,34.1261,-118.44594333,9,1.2,0.82517
84606,Benjamin Chang,10,16,12,2024,2,34.0205,-118.37755667,6,0.4,0.24354
45638,Casey Giles,10,16,12,2024,2,33.93602,-118.41175,6,1.6,1.0367
22618,John Keller,10,16,12,2024,2,33.89378,-118.58271667,2,6.0,4.01639
39377,Christian Hanson,10,16,12,2024,2,33.97826,-118.36046,6,1.5,0.99635
53895,Angela Holmes,10,16,12,2024,2,33.93602,-118.1553,8,12.0,8.00168
20333,Carla Maldonado,10,16,12,2024,2,33.78818,-118.25788,4,11.9,7.95643
76633,Allison Garcia,10,16,12,2024,2,33.97826,-118.20659,8,8.2,5.45345
76186,Linda Sutton,10,16,12,2024,2,34.08386,-118.48013667,9,8.2,5.49137
44651,Meredith Krause,10,16,12,2024,2,33.89378,-118.36046,4,1.2,0.76921
69260,Donna Massey,10,16,12,2024,2,34.10498,-118.27497667,10,4.6,3.08569
13690,Timothy Baker,10,16,12,2024,2,34.27394,-118.29207333,11,56.9,37.95166
92183,Carrie Perkins,10,16,12,2024,2,33.8093,-118.37755667,4,0.9,0.60263
11856,Ashley Houston,10,16,12,2024,2,34.3373,-118.24078333,11,56.3,37.53892
71886,Tabitha Cunningham,10,16,12,2024,2,33.74594,-118.51433,1,1.4,0.95759
87629,Laura Wallace,10,16,12,2024,2,33.93602,-118.20659,8,1.3,0.88124
54515,Annette Randall,10,16,12,2024,2,33.8093,-118.49723333,1,0.8,0.52519
15403,Karen Martin,10,16,12,2024,2,34.0205,-118.53142667,5,1.9,1.28424
34804,Ricky Simmons,10,16,12,2024,2,34.04162,-118.25788,10,0.3,0.19562
40365,Amanda Davis,10,16,12,2024,2,34.10498,-118.42884667,9,1.6,1.07819
21153,Maria Moore,10,16,12,2024,2,33.89378,-118.61691,2,4.4,2.93776
66349,James Martin,10,16,12,2024,2,33.99938,-118.39465333,6,0.6,0.40009
70983,Christopher Martinez MD,10,16,12,2024,2,33.89378,-118.32626667,4,0.6,0.41252
65652,Tyler Miller,10,16,12,2024,2,33.72482,-118.41175,1,4.2,2.77533
92141,Douglas Morales,10,16,12,2024,2,34.2317,-118.27497667,11,47.9,31.9019
71747,Debra Marquez MD,10,16,12,2024,2,33.89378,-118.18949333,8,2.6,1.70205
94766,Jean Gomez,10,16,12,2024,2,33.97826,-118.24078333,7,2.4,1.59358
36148,Jason Miller,10,16,12,2024,2,33.83042,-118.48013667,3,1.4,0.93092
15756,Tyler Gordon,10,16,12,2024,2,33.89378,-118.42884667,3,1.4,0.95339
96430,Lynn Garza,10,16,12,2024,2,33.99938,-118.27497667,7,0.2,0.1656
42879,Holly Bradley,10,16,12,2024,2,33.83042,-118.53142667,3,1.0,0.6737
96531,William Potter,10,16,12,2024,2,33.89378,-118.63400667,2,3.3,2.17114
16711,Chase Hill,10,16,12,2024,2,34.18946,-118.30917,11,14.2,9.4822
96096,James Cruz,10,16,12,2024,2,34.27394,-118.27497667,11,58.9,39.23874
48517,Elizabeth Davis DDS,10,16,12,2024,2,33.85154,-118.37755667,4,1.7,1.15008
29595,Kathryn Mason,10,16,12,2024,2,33.99938,-118.29207333,7,0.8,0.50683
91054,Stephanie Singh,10,16,12,2024,2,33.97826,-118.42884667,6,1.3,0.83806
53917,Raymond Kim,10,16,12,2024,2,33.9149,-118.44594333,3,1.7,1.10878
32181,Nathan Carson,10,16,12,2024,2,34.06274,-118.22368667,10,6.1,4.07349
98933,Victoria Lewis,10,16,12,2024,2,33.93602,-118.42884667,6,2.1,1.37502
60188,Kathryn Morales,10,16,12,2024,2,33.74594,-118.58271667,2,0.9,0.61427
71694,Justin Edwards,10,16,12,2024,2,34.04162,-118.42884667,9,0.8,0.56466
26910,Chad Mcconnell,10,16,12,2024,2,33.93602,-118.30917,7,0.1,0.08357
46777,Jamie Moran,10,16,12,2024,2,33.95714,-118.20659,8,0.8,0.5621
93534,Shari Mcguire,10,16,12,2024,2,34.10498,-118.30917,10,4.2,2.82882
87282,Lee Lucas,10,16,12,2024,2,34.29506,-118.29207333,11,57.4,38.23622
33772,Bethany Rodriguez,10,16,12,2024,2,33.85154,-118.65110333,2,0.1,0.08597
51969,Lisa Roberts,10,16,12,2024,2,33.78818,-118.48013667,1,2.2,1.47154
37499,Nicole Villa,10,16,12,2024,2,33.87266,-118.44594333,3,1.1,0.75488
57200,Erin Bradford,10,16,12,2024,2,33.93602,-118.25788,7,2.7,1.81429
65320,Martin Cooper,10,16,12,2024,2,33.9149,-118.25788,4,3.4,2.2608
90619,Brett Gibson,10,16,12,2024,2,34.06274,-118.51433,9,12.5,8.33611
55301,Charles Sherman,10,16,12,2024,2,34.06274,-118.48013667,9,8.8,5.89315
33866,Matthew King,10,16,12,2024,2,34.0205,-118.39465333,6,1.8,1.1753
26706,Anthony Reyes,10,16,12,2024,2,33.9149,-118.32626667,4,1.5,0.97897
52565,Whitney Rose,10,16,12,2024,2,33.97826,-118.29207333,7,0.6,0.37243
15045,Jonathan Wilcox,10,16,12,2024,2,33.8093,-118.44594333,1,0.6,0.39396
94205,Steven Thomas,10,16,12,2024,2,34.08386,-118.30917,10,1.5,0.99101
48597,Angela Keller,10,16,12,2024,2,33.99938,-118.25788,7,1.4,0.91042
51081,Brittany Hudson,10,16,12,2024,2,33.85154,-118.39465333,3,2.2,1.495
49577,Christopher Walsh,10,16,12,2024,2,34.08386,-118.39465333,9,0.7,0.48704
60797,Karla Wells,10,16,12,2024,2,33.95714,-118.54852333,5,0.5,0.36427
85048,Walter Campbell Jr.,10,16,12,2024,2,33.74594,-118.41175,1,10.5,7.02162
63225,James Rasmussen,10,16,12,2024,2,34.08386,-118.27497667,10,1.3,0.83407
72928,William Miller MD,10,16,12,2024,2,34.0205,-118.49723333,5,8.2,5.47866
88726,Amy Hunter,10,16,12,2024,2,33.93602,-118.58271667,5,4.5,3.03085
11875,Kathleen Chapman,10,16,12,2024,2,33.7037,-118.49723333,1,4.4,2.95152
84017,Stacey Cantu,10,16,12,2024,2,33.78818,-118.61691,2,3.6,2.39465
10138,Luis Taylor,10,16,12,2024,2,34.10498,-118.48013667,9,3.9,2.61103
61304,Joseph Johnson,10,16,12,2024,2,33.83042,-118.44594333,3,0.6,0.40817
73995,Micheal Woodward,10,16,12,2024,2,33.99938,-118.27497667,7,2.0,1.33421
83865,Alison Waters,10,16,12,2024,2,33.7037,-118.46304,1,4.0,2.64941
78475,Bradley Smith,10,16,12,2024,2,34.06274,-118.39465333,9,0.6,0.4165
27481,Dr. Krista Kelly,10,16,12,2024,2,33.9149,-118.41175,3,1.2,0.77909
98334,Michael Alexander,10,16,12,2024,2,33.89378,-118.37755667,4,1.3,0.84057
37113,Lisa Williams,10,16,12,2024,2,33.85154,-118.41175,3,1.8,1.17433
68230,Michael Harris,10,16,12,2024,2,34.04162,-118.29207333,10,6.2,4.10948
59390,Mason Blevins,10,16,12,2024,2,33.99938,-118.42884667,6,0.9,0.5919
10274,Jasmine Wood,10,16,12,2024,2,34.31618,-118.32626667,11,29.4,19.6085
95583,Ethan Scott,10,16,12,2024,2,33.97826,-118.54852333,5,1.0,0.66279
57602,Colin Martin,10,16,12,2024,2,34.06274,-118.30917,10,2.1,1.40466
23159,Shaun Escobar,10,16,12,2024,2,33.72482,-118.42884667,1,1.4,0.93516
84955,Renee Hayes,10,16,12,2024,2,33.8093,-118.42884667,1,1.1,0.71237
63642,Peter Morris,10,16,12,2024,2,33.93602,-118.30917,7,1.4,0.92857
12026,Joanne Barrett,10,16,12,2024,2,34.25282,-118.24078333,11,50.7,33.81355
13182,James Moore,10,16,12,2024,2,33.78818,-118.27497667,4,12.7,8.4552
25108,Karen Pearson,10,16,12,2024,2,33.97826,-118.18949333,8,11.9,7.95918
14239,Victoria Pena,10,16,12,2024,2,33.97826,-118.54852333,5,1.2,0.80275
54943,Carrie Miller,10,16,12,2024,2,34.0205,-118.41175,6,3.6,2.41623
60451,Richard Poole,10,16,12,2024,2,34.10498,-118.29207333,10,3.5,2.30597
19223,Austin Wilson,10,16,12,2024,2,33.87266,-118.36046,4,0.5,0.32819
34826,Colleen Simmons,10,16,12,2024,2,34.06274,-118.25788,10,1.3,0.8715
60311,Curtis Nguyen,10,16,12,2024,2,34.2317,-118.22368667,11,39.2,26.14137
97775,Matthew Williams,10,16,12,2024,2,33.74594,-118.41175,1,6.3,4.20957
96676,Scott Tran,10,16,12,2024,2,33.8093,-118.59981333,2,0.4,0.26702
90798,Janet Smith,10,16,12,2024,2,33.99938,-118.56562,5,0.5,0.31766
96272,Nichole Cox,10,16,12,2024,2,33.87266,-118.49723333,3,1.3,0.89461
65763,Mark Benson,10,16,12,2024,2,33.89378,-118.41175,3,0.8,0.50342
32569,Tammy Rose,10,16,12,2024,2,33.85154,-118.39465333,3,2.7,1.7874
35386,Jessica Jordan,10,16,12,2024,2,33.93602,-118.36046,6,0.8,0.50823
29632,Tiffany Foley,10,16,12,2024,2,33.95714,-118.32626667,6,1.0,0.67957
73864,Dustin Curtis,10,16,12,2024,2,33.97826,-118.17239667,8,12.8,8.51026
75550,Elizabeth Campbell,10,16,12,2024,2,34.14722,-118.27497667,11,12.7,8.48894
31555,Ralph Cole,10,16,12,2024,2,33.74594,-118.49723333,1,1.9,1.29803
63845,Tammy King,10,16,12,2024,2,34.04162,-118.27497667,10,2.4,1.57733
90199,Christina Nielsen,10,16,12,2024,2,33.97826,-118.41175,6,2.0,1.31334
10468,Ashley Campbell,10,16,12,2024,2,33.8093,-118.51433,1,0.8,0.53362
94431,Christopher West,10,16,12,2024,2,33.7037,-118.46304,1,11.7,7.78022
85432,Kyle Hamilton,10,16,12,2024,2,33.87266,-118.61691,2,0.1,0.06043
28052,Sean Lewis,10,16,12,2024,2,33.97826,-118.39465333,6,0.6,0.36861
83021,Lawrence Johnston,10,16,12,2024,2,33.76706,-118.37755667,4,6.9,4.61895
83243,Nicole Allen,10,16,12,2024,2,33.97826,-118.51433,5,2.1,1.36927
66053,Gary Coleman,10,16,12,2024,2,33.99938,-118.37755667,6,0.4,0.26776
73672,Sarah Simon,10,16,12,2024,2,33.9149,-118.25788,4,5.0,3.3353
23505,Brenda Castro,10,16,12,2024,2,33.87266,-118.39465333,3,1.5,1.01037
43799,Jeremiah Smith,10,16,12,2024,2,33.97826,-118.18949333,8,14.3,9.55913
28217,Megan Lee,10,16,12,2024,2,33.83042,-118.32626667,4,2.2,1.4766
64052,Sara Wilson,10,16,12,2024,2,34.0205,-118.30917,7,1.3,0.85884
63198,Daniel Flynn MD,10,16,12,2024,2,33.97826,-118.32626667,6,0.7,0.43372
54288,Alan Turner,10,16,12,2024,2,34.1261,-118.48013667,9,6.8,4.52412
79351,Taylor Hale,10,16,12,2024,2,33.8093,-118.61691,2,1.1,0.70439
92404,Ryan Williamson,10,16,12,2024,2,33.95714,-118.49723333,5,1.5,0.97781
37709,Thomas Moore,10,16,12,2024,2,33.85154,-118.48013667,3,1.2,0.78118
42796,Gavin Smith,10,16,12,2024,2,34.18946,-118.30917,11,14.6,9.72279
63000,Kevin Cardenas,10,16,12,2024,2,33.9149,-118.36046,4,2.0,1.3128
97502,Danielle Horton,10,16,12,2024,2,34.08386,-118.42884667,9,5.1,3.43211
56944,Megan Rodriguez,10,16,12,2024,2,33.87266,-118.63400667,2,0.8,0.55143
15617,Billy Marshall,10,16,12,2024,2,33.99938,-118.30917,7,0.7,0.43441
99299,James Cook,10,16,12,2024,2,34.27394,-118.29207333,11,61.7,41.11919
30870,Carmen Castro DVM,10,16,12,2024,2,33.83042,-118.36046,4,2.5,1.69065
83424,Nicole Guzman,10,16,12,2024,2,33.99938,-118.36046,6,2.3,1.52994
59729,Ashley Doyle,10,16,12,2024,2,33.8093,-118.27497667,4,10.9,7.2474
26975,Rebecca Davis,10,16,12,2024,2,33.8093,-118.39465333,1,0.8,0.54104
96875,Karen Miranda,10,16,12,2024,2,33.89378,-118.41175,3,0.5,0.33601
33183,Aaron Lindsey,10,16,12,2024,2,33.89378,-118.65110333,2,1.6,1.04876
55022,Matthew Oliver,10,16,12,2024,2,33.78818,-118.42884667,1,3.8,2.53726
48834,Dr. Molly Riley,10,16,12,2024,2,33.97826,-118.56562,5,3.3,2.16768
93026,Stacey Lynch,10,16,12,2024,2,33.78818,-118.53142667,1,1.7,1.12062
90029,Christine Miller,10,16,12,2024,2,33.85154,-118.49723333,3,1.0,0.68123
38008,Sarah Estes,10,16,12,2024,2,34.2317,-118.30917,11,21.1,14.07808
73979,Paul Wilson,10,16,12,2024,2,33.99938,-118.56562,5,2.6,1.70775
18254,Carla Gibbs,10,16,12,2024,2,33.72482,-118.49723333,1,1.9,1.26179
93363,Leslie Smith,10,16,12,2024,2,33.8093,-118.41175,1,0.5,0.34248
86631,Paul Hawkins,10,16,12,2024,2,34.06274,-118.29207333,10,0.6,0.42616
14711,Edward Mccullough,10,16,12,2024,2,33.93602,-118.27497667,7,1.2,0.78749
47398,James Higgins,10,16,12,2024,2,34.3373,-118.30917,11,65.3,43.54716
19087,Sandra Chavez,10,16,12,2024,2,33.95714,-118.46304,6,1.6,1.04686
63343,Suzanne Krueger,10,16,12,2024,2,34.04162,-118.49723333,9,13.2,8.79616
31027,Cassandra Ferguson PhD,10,16,12,2024,2,34.04162,-118.24078333,10,4.3,2.87595
39060,Melissa Jacobson,10,16,12,2024,2,34.06274,-118.49723333,9,5.1,3.4123
72471,Cassandra Woods,10,16,12,2024,2,33.89378,-118.63400667,2,2.5,1.65263
44489,Brett Dixon,10,16,12,2024,2,34.04162,-118.39465333,9,2.3,1.51943
43099,Rachel Collier,10,16,12,2024,2,34.04162,-118.46304,9,1.4,0.96068
19418,Caroline House,10,16,12,2024,2,34.04162,-118.24078333,10,1.1,0.71064
91382,Brian Medina,10,16,12,2024,2,34.29506,-118.32626667,11,27.2,18.11686
38025,Bryan Pearson,10,16,12,2024,2,33.76706,-118.46304,1,2.3,1.51981
69459,Sean Mcdaniel,10,16,12,2024,2,33.99938,-118.46304,6,1.8,1.22543
87026,Jonathan Nelson,10,16,12,2024,2,33.83042,-118.51433,3,0.6,0.38752
10177,Julie Conrad,10,16,12,2024,2,33.89378,-118.53142667,3,0.2,0.14168
77108,Gregory Dawson,10,16,12,2024,2,33.9149,-118.42884667,3,1.0,0.63494
42373,Tanner Jordan,10,16,12,2024,2,33.99938,-118.20659,8,5.5,3.67683
95688,Emily Rodgers,10,16,12,2024,2,33.93602,-118.44594333,6,0.9,0.61945
55407,Patrick Chang,10,16,12,2024,2,33.83042,-118.44594333,3,2.4,1.5779
58373,Tiffany Ramsey,10,16,12,2024,2,33.89378,-118.42884667,3,1.5,0.99846
64388,Kayla Sheppard,10,16,12,2024,2,34.0205,-118.42884667,6,1.2,0.80894
42504,Rachel Ward MD,10,16,12,2024,2,33.95714,-118.29207333,7,0.7,0.43546
11553,Heather Welch,10,16,12,2024,2,33.97826,-118.32626667,6,2.3,1.55309
99773,Lisa Sosa,10,16,12,2024,2,33.97826,-118.46304,6,1.2,0.78674
35058,Daniel Smith,10,16,12,2024,2,33.99938,-118.34336333,6,2.0,1.30868
82699,Regina Horn,10,16,12,2024,2,34.06274,-118.41175,9,1.1,0.72754
33354,Robert Wells,10,16,12,2024,2,33.78818,-118.32626667,4,3.2,2.10772
14359,Matthew Sanchez,10,16,12,2024,2,33.93602,-118.29207333,7,1.7,1.10895
84411,Gail Taylor,10,16,12,2024,2,34.1261,-118.29207333,10,2.9,1.94495
66324,Craig Stewart,10,16,12,2024,2,34.10498,-118.41175,9,1.0,0.65749
23983,Dr. Mark Hardin,10,16,12,2024,2,34.08386,-118.46304,9,2.4,1.57115
61338,Zachary Webb,10,16,12,2024,2,33.97826,-118.17239667,8,12.2,8.15556
87792,Eugene Chandler,10,16,12,2024,2,33.93602,-118.56562,5,5.3,3.54097
34696,Mrs. Jacqueline Campbell,10,16,12,2024,2,34.0205,-118.56562,5,5.4,3.57576
12806,Jasmine Dyer,10,16,12,2024,2,33.83042,-118.48013667,3,1.6,1.0699
11240,Mary Grant,10,16,12,2024,2,34.29506,-118.27497667,11,63.9,42.59358
42444,Alyssa Valdez,10,16,12,2024,2,34.10498,-118.22368667,10,14.4,9.57537
52167,Patricia Humphrey MD,10,16,12,2024,2,33.78818,-118.46304,1,1.6,1.06843
98084,Michelle Curtis,10,16,12,2024,2,33.99938,-118.24078333,7,0.6,0.37965
30657,Angela Murray,10,16,12,2024,2,34.06274,-118.44594333,9,2.0,1.3077
10015,Andrew Terry,10,16,12,2024,2,34.1261,-118.29207333,10,9.7,6.47051
73774,Jason Garrett,10,16,12,2024,2,33.93602,-118.48013667,5,1.2,0.82133
65919,David Maldonado,10,16,12,2024,2,33.97826,-118.1553,8,13.2,8.82467
42759,Barbara Jones,10,16,12,2024,2,34.10498,-118.49723333,9,13.6,9.07778
65643,Larry Clark,10,16,12,2024,2,33.8093,-118.34336333,4,0.7,0.47648
71150,William Torres,10,16,12,2024,2,34.0205,-118.30917,7,1.9,1.27479
36185,David Oconnor,10,16,12,2024,2,33.87266,-118.46304,3,0.6,0.37067
16427,Jillian Combs,10,16,12,2024,2,33.76706,-118.56562,2,1.6,1.06378
31584,Richard Allison,10,16,12,2024,2,33.87266,-118.58271667,2,1.1,0.72907
95889,Fernando Hall,10,16,12,2024,2,33.99938,-118.18949333,8,7.1,4.71401
63889,Nichole Reynolds,10,16,12,2024,2,34.0205,-118.32626667,6,1.1,0.74752
68778,Timothy Gutierrez,10,16,12,2024,2,33.95714,-118.17239667,8,12.8,8.51455
12817,Kristin Mueller,10,16,12,2024,2,33.85154,-118.41175,3,0.1,0.06097
26632,David Garcia,10,16,12,2024,2,33.97826,-118.25788,7,1.4,0.90182
32455,Jennifer Goodman,10,16,12,2024,2,34.0205,-118.18949333,8,1.3,0.89828
40599,Todd Frederick,10,16,12,2024,2,33.8093,-118.48013667,1,1.9,1.25577
99851,Robert Harper,10,16,12,2024,2,33.87266,-118.53142667,3,0.8,0.51622
89229,Mariah Fletcher,10,16,12,2024,2,33.83042,-118.41175,3,0.8,0.56456
64155,Brett Herrera,10,16,12,2024,2,33.76706,-118.51433,1,2.2,1.4812
98384,Beth Contreras,10,16,12,2024,2,33.93602,-118.37755667,6,1.7,1.11978
50581,Alexander Martinez,10,16,12,2024,2,33.74594,-118.53142667,1,0.3,0.18136
67739,Meagan Johnson,10,16,12,2024,2,33.97826,-118.44594333,6,1.9,1.26867
64731,Manuel Butler,10,16,12,2024,2,33.87266,-118.37755667,4,0.4,0.27256
14416,Lindsey Bennett,10,16,12,2024,2,34.31618,-118.30917,11,33.5,22.35028
59075,Jennifer Phillips,10,16,12,2024,2,33.93602,-118.49723333,5,0.8,0.54321
39534,Thomas Drake,10,16,12,2024,2,33.95714,-118.24078333,7,2.6,1.75242
32824,Adam Weaver,10,16,12,2024,2,33.95714,-118.27497667,7,0.6,0.40688
20644,Shannon Taylor,10,16,12,2024,2,34.04162,-118.41175,9,1.7,1.14769
30065,Patrick Murray,10,16,12,2024,2,34.06274,-118.34336333,10,1.5,1.00243
89137,Ryan Young,10,16,12,2024,2,34.16834,-118.27497667,11,14.9,9.90615
84122,Noah Elliott,10,16,12,2024,2,33.97826,-118.51433,5,1.5,1.01505
98765,Samantha Espinoza,10,16,12,2024,2,33.83042,-118.37755667,4,2.5,1.63825
77061,Cindy Griffith,10,16,12,2024,2,33.8093,-118.29207333,4,6.4,4.2806
92419,Marco Benton,10,16,12,2024,2,33.83042,-118.65110333,2,4.0,2.66393
47879,Melvin Jordan,10,16,12,2024,2,34.1261,-118.25788,10,9.0,5.96837
79316,Leonard Byrd,10,16,12,2024,2,33.95714,-118.51433,5,1.7,1.1457
51523,Nancy Sanchez,10,16,12,2024,2,33.76706,-118.32626667,4,4.7,3.12845
67372,Lorraine Li,10,16,12,2024,2,34.0205,-118.22368667,8,1.7,1.16262
86145,Jennifer Bass,10,16,12,2024,2,34.08386,-118.22368667,10,14.5,9.67017
14912,Brianna Drake,10,16,12,2024,2,33.95714,-118.34336333,6,1.7,1.12843
85171,Robert Johnson Jr.,10,16,12,2024,2,33.85154,-118.63400667,2,2.9,1.93272
17850,Joshua Gordon,10,16,12,2024,2,34.0205,-118.56562,5,7.6,5.03855
23446,Kimberly Burnett,10,16,12,2024,2,33.85154,-118.42884667,3,0.6,0.40254
50071,Edwin Johnson,10,16,12,2024,2,33.85154,-118.48013667,3,0.9,0.61104
13933,Devin Lewis,10,16,12,2024,2,33.95714,-118.18949333,8,2.7,1.78127
32237,Sydney Pacheco,10,16,12,2024,2,33.83042,-118.51433,3,1.6,1.09102
29785,Jim Smith,10,16,12,2024,2,34.06274,-118.32626667,10,2.5,1.67354
74133,Michael Oneill,10,16,12,2024,2,33.78818,-118.61691,2,1.7,1.1431
25828,Christopher Schmidt,10,16,12,2024,2,34.2317,-118.22368667,11,49.0,32.65548
68731,Anna Rodriguez,10,16,12,2024,2,33.99938,-118.53142667,5,3.4,2.24267
83895,Michael Lewis,10,16,12,2024,2,33.93602,-118.37755667,6,1.2,0.79136
87904,Anthony Delgado,10,16,12,2024,2,33.76706,-118.58271667,2,2.3,1.51876
17120,Timothy Adams,10,16,12,2024,2,33.99938,-118.32626667,6,1.9,1.24084
51034,Charlene Boyd,10,16,12,2024,2,33.8093,-118.39465333,1,2.1,1.37439
85792,Jill Bradshaw,10,16,12,2024,2,33.87266,-118.6682,2,10.2,6.8166
58385,Bonnie King,10,16,12,2024,2,34.06274,-118.27497667,10,2.0,1.35247
34708,Steve Mcmahon,10,16,12,2024,2,34.0205,-118.53142667,5,5.8,3.89596
70929,Alexander Ramos PhD,10,16,12,2024,2,33.78818,-118.37755667,4,3.1,2.03364
25977,Amanda Santana,10,16,12,2024,2,34.2317,-118.29207333,11,42.5,28.30334
84976,Sean Douglas,10,16,12,2024,2,33.89378,-118.36046,4,3.0,2.02468
13098,Jennifer Whitehead,10,16,12,2024,2,33.93602,-118.37755667,6,1.7,1.15594
60657,Kimberly Perez,10,16,12,2024,2,33.95714,-118.34336333,6,1.6,1.09752
38057,Christopher Austin,10,16,12,2024,2,33.78818,-118.51433,1,1.8,1.20723
94437,Angel Doyle,10,16,12,2024,2,33.87266,-118.39465333,3,0.4,0.26149
12123,Andrew Johnson,10,16,12,2024,2,33.78818,-118.53142667,1,0.7,0.44287
13806,Katherine Walker,10,16,12,2024,2,33.93602,-118.36046,6,1.1,0.73782
88245,Caleb Molina,10,16,12,2024,2,34.06274,-118.22368667,10,3.1,2.04716
45203,Megan Williams,10,16,12,2024,2,33.93602,-118.25788,7,6.0,4.02278
60747,Brandon Robertson,10,16,12,2024,2,33.87266,-118.46304,3,0.3,0.21223
58339,Crystal Bass,10,16,12,2024,2,33.74594,-118.39465333,1,8.9,5.90676
12713,Lisa Hernandez,10,16,12,2024,2,33.8093,-118.58271667,2,0.6,0.42593
67551,Julie Gonzalez,10,16,12,2024,2,34.04162,-118.30917,10,2.6,1.74751
40048,Casey Anderson,10,16,12,2024,2,33.89378,-118.30917,4,3.1,2.09002
92685,Jessica Davila,10,16,12,2024,2,33.78818,-118.37755667,4,0.8,0.53236
43004,Thomas Lamb,10,16,12,2024,2,34.04162,-118.32626667,10,2.8,1.87159
18466,Krystal Lee,10,16,12,2024,2,33.8093,-118.61691,2,1.5,1.00868
77219,Andrew Wright,10,16,12,2024,2,34.08386,-118.49723333,9,8.9,5.9266
74549,Joel Williams,10,16,12,2024,2,33.87266,-118.29207333,4,1.0,0.64779
46050,Crystal Barnes,10,16,12,2024,2,33.97826,-118.37755667,6,0.6,0.39291
21243,Michael Stewart,10,16,12,2024,2,33.95714,-118.51433,5,2.2,1.49329
11697,Jessica Fox,10,16,12,2024,2,33.87266,-118.29207333,4,2.6,1.76325
45708,Teresa Pierce,10,16,12,2024,2,34.04162,-118.37755667,9,1.9,1.29091
91561,Karen Hatfield,10,16,12,2024,2,33.87266,-118.63400667,2,3.6,2.43236
64458,Tiffany Davis,10,16,12,2024,2,34.04162,-118.44594333,9,2.1,1.41246
11996,Joshua Harrington,10,16,12,2024,2,33.74594,-118.39465333,1,7.4,4.92964
71623,Angie Galvan,10,16,12,2024,2,33.83042,-118.42884667,3,2.0,1.33734
24155,Tracey Adams,10,16,12,2024,2,33.87266,-118.59981333,2,1.5,1.01701
59786,Reginald White,10,16,12,2024,2,33.99938,-118.41175,6,0.7,0.44586
71215,Susan Sharp,10,16,12,2024,2,33.87266,-118.6682,2,5.5,3.67444
54916,William Cross,10,16,12,2024,2,34.10498,-118.44594333,9,1.1,0.71956
50193,John Conway,10,16,12,2024,2,33.74594,-118.53142667,1,0.5,0.32338
74005,Matthew Hill,10,16,12,2024,2,34.0205,-118.54852333,5,2.1,1.43321
68954,Hannah Young,10,16,12,2024,2,33.8093,-118.53142667,1,0.3,0.205
19682,Lauren Phillips,10,16,12,2024,2,33.85154,-118.36046,4,2.1,1.37294
58810,Richard Joseph,10,16,12,2024,2,33.93602,-118.49723333,5,1.3,0.87767
90928,Scott Baker,10,16,12,2024,2,33.76706,-118.58271667,2,3.3,2.20822
63337,Thomas Walters,10,16,12,2024,2,33.85154,-118.34336333,4,2.0,1.34099
64577,Randall Smith,10,16,12,2024,2,33.89378,-118.65110333,2,5.2,3.48825
78647,Ashley Mahoney,10,16,12,2024,2,33.87266,-118.56562,2,1.3,0.86352
95845,Rebecca Dean,10,16,12,2024,2,33.97826,-118.30917,7,1.8,1.1791
65138,William Evans,10,16,12,2024,2,34.3373,-118.25788,11,62.7,41.82848
60106,Melissa Reed,10,16,12,2024,2,33.97826,-118.37755667,6,0.4,0.26148
21210,James Carr,10,16,12,2024,2,33.85154,-118.59981333,2,1.8,1.19404
43011,Kevin Davis,10,16,12,2024,2,33.87266,-118.42884667,3,1.4,0.90169
98010,Melanie Wood,10,16,12,2024,2,33.97826,-118.1553,8,14.1,9.37835
84983,David Ford,10,16,12,2024,2,33.76706,-118.54852333,1,0.8,0.56031
64648,William Rojas DVM,10,16,12,2024,2,33.87266,-118.65110333,2,3.5,2.31922
32105,Katie Wilson,10,16,12,2024,2,33.85154,-118.65110333,2,1.4,0.95999
18283,Phillip Price,10,16,12,2024,2,33.99938,-118.25788,7,1.3,0.84492
55295,Aaron Williams,10,16,12,2024,2,33.83042,-118.39465333,3,1.2,0.81747
71788,Jennifer Young,10,16,12,2024,2,33.78818,-118.49723333,1,1.3,0.86442
24129,Natalie Farley,10,16,12,2024,2,33.8093,-118.58271667,2,0.8,0.50254
11442,Kellie Adams,10,16,12,2024,2,34.0205,-118.29207333,7,1.5,1.02411
13108,Mary Wood,10,16,12,2024,2,33.87266,-118.30917,4,1.9,1.27945
44318,James Ortiz,10,16,12,2024,2,34.10498,-118.49723333,9,12.9,8.57057
93148,Danny Lee,10,16,12,2024,2,33.95714,-118.37755667,6,1.1,0.7611
82415,Tracy Hogan,10,16,12,2024,2,33.97826,-118.30917,7,0.3,0.20243
90045,Monica Edwards,10,16,12,2024,2,33.87266,-118.36046,4,0.9,0.61988
15498,Steve Calderon,10,16,12,2024,2,33.89378,-118.37755667,4,0.8,0.55679
84707,Stephen Galvan,10,16,12,2024,2,34.0205,-118.18949333,8,0.6,0.42262
46042,Jacob Rivas,10,16,12,2024,2,34.14722,-118.29207333,11,11.7,7.83139
61899,Eric Hall,10,16,12,2024,2,33.89378,-118.37755667,4,1.3,0.85419
64833,William Chavez,10,16,12,2024,2,33.93602,-118.18949333,8,3.1,2.06408
94976,Antonio Jones,10,16,12,2024,2,33.85154,-118.41175,3,0.2,0.14974
98847,Kylie Lee,10,16,12,2024,2,33.99938,-118.36046,6,2.5,1.68008
83752,Mary Roberts,10,16,12,2024,2,33.93602,-118.51433,5,0.5,0.32236
18811,Robert Powell,10,16,12,2024,2,33.9149,-118.51433,3,0.7,0.4349
20951,Adam Williams,10,16,12,2024,2,33.76706,-118.54852333,1,0.3,0.22037
94620,Tina Wiley,10,16,12,2024,2,33.97826,-118.41175,6,0.7,0.45323
57183,Steven Yang,10,16,12,2024,2,33.8093,-118.36046,4,2.4,1.60556
55419,Anna Bridges,10,16,12,2024,2,34.06274,-118.42884667,9,1.2,0.80323
80182,Ashley Quinn,10,16,12,2024,2,33.95714,-118.36046,6,0.4,0.25713
27707,Antonio Owens,10,16,12,2024,2,33.78818,-118.41175,1,6.1,4.08957
40125,Melissa Douglas,10,16,12,2024,2,33.83042,-118.41175,3,1.5,1.00482
69725,Cassandra Lopez,10,16,12,2024,2,33.87266,-118.49723333,3,1.7,1.11702
21994,Michael Thompson,10,16,12,2024,2,34.1261,-118.46304,9,4.8,3.20234
75196,Adriana Morrow,10,16,12,2024,2,34.1261,-118.27497667,10,12.2,8.15312
28727,Victoria Lynch,10,16,12,2024,2,33.99938,-118.20659,8,10.1,6.76308
29940,Ronald Smith,10,16,12,2024,2,33.83042,-118.39465333,3,0.6,0.40025
54145,George Smith,10,16,12,2024,2,33.74594,-118.59981333,2,2.6,1.71671
68311,Martha Martin,10,16,12,2024,2,33.93602,-118.20659,8,2.4,1.61606
50227,Michael Kennedy,10,16,12,2024,2,33.93602,-118.56562,5,1.4,0.92391
94158,Kimberly Ferguson,10,16,12,2024,2,34.18946,-118.27497667,11,15.0,9.97533
86499,Cristina Shields,10,16,12,2024,2,33.83042,-118.59981333,2,1.6,1.09749
17867,Noah Rios,10,16,12,2024,2,33.99938,-118.49723333,5,2.8,1.89738
78349,Elizabeth Lopez,10,16,12,2024,2,33.87266,-118.37755667,4,1.6,1.05953
91596,Heather Solomon,10,16,12,2024,2,34.21058,-118.29207333,11,14.8,9.85128
55509,Erin Adams,10,16,12,2024,2,33.9149,-118.24078333,4,2.4,1.62952
22481,Ronald Smith,10,16,12,2024,2,33.87266,-118.51433,3,1.3,0.85609
21128,Ashley Foster,10,16,12,2024,2,33.93602,-118.36046,6,1.1,0.70324
23458,Mark Reeves MD,10,16,12,2024,2,33.89378,-118.61691,2,5.2,3.43541
72152,Bryan Robles,10,16,12,2024,2,34.29506,-118.30917,11,27.6,18.41494
27077,Christopher Schneider,10,16,12,2024,2,34.10498,-118.44594333,9,1.5,0.9966
89787,Angela Fernandez,10,16,12,2024,2,33.8093,-118.53142667,1,1.2,0.81748
87917,Kathleen Schmidt,10,16,12,2024,2,33.93602,-118.39465333,6,2.3,1.55142
20739,Heather Andrews,10,16,12,2024,2,33.89378,-118.39465333,3,1.0,0.64938
87925,Colleen Manning,10,16,12,2024,2,33.87266,-118.48013667,3,1.3,0.85561
94665,Vanessa Davis,10,16,12,2024,2,33.7037,-118.41175,1,8.4,5.60789
34454,Ronald Griffin,10,16,12,2024,2,33.87266,-118.54852333,2,1.9,1.2389
95632,Trevor Singleton,10,16,12,2024,2,33.89378,-118.30917,4,0.4,0.26577
70907,Katrina Harrington,10,16,12,2024,2,33.83042,-118.37755667,4,1.8,1.17733
13382,William Shaw,10,16,12,2024,2,33.9149,-118.29207333,4,0.8,0.55484
35769,Timothy Stevens,10,16,12,2024,2,33.87266,-118.54852333,2,1.4,0.94396
40267,Cindy Mcgee,10,16,12,2024,2,33.9149,-118.20659,8,1.9,1.24413
50464,Greg Wilson,10,16,12,2024,2,34.31618,-118.27497667,11,63.8,42.50206
98441,Audrey Morse,10,16,12,2024,2,34.16834,-118.29207333,11,14.4,9.63007
38700,Karina Lara,10,16,12,2024,2,33.97826,-118.49723333,5,0.8,0.5118
92043,Melissa Downs,10,16,12,2024,2,33.9149,-118.42884667,3,0.9,0.61209
48669,Lori Vaughan,10,16,12,2024,2,34.0205,-118.30917,7,1.8,1.17805
49675,Shannon Cameron,10,16,12,2024,2,34.21058,-118.29207333,11,37.3,24.85866
40145,Katie Ramos,10,16,12,2024,2,33.89378,-118.20659,8,1.8,1.23251
16132,Christopher Choi,10,16,12,2024,2,34.08386,-118.37755667,9,2.1,1.41956
13781,Rebecca Jones,10,16,12,2024,2,33.9149,-118.54852333,2,3.4,2.2726
90359,Frank Oneill,10,16,12,2024,2,33.93602,-118.34336333,6,0.9,0.61692
35801,Jennifer Clay,10,16,12,2024,2,33.85154,-118.63400667,2,0.3,0.18294
62125,Meghan Smith,10,16,12,2024,2,33.99938,-118.29207333,7,1.4,0.90822
51931,Laurie Robbins,10,16,12,2024,2,33.93602,-118.32626667,6,3.1,2.05046
88413,John Martin,10,16,12,2024,2,33.93602,-118.44594333,6,1.0,0.67518
58599,Lance Kelly,10,16,12,2024,2,33.78818,-118.44594333,1,2.5,1.68313
13155,Greg English MD,10,16,12,2024,2,33.78818,-118.56562,2,0.5,0.36302
78847,Karen Thompson,10,16,12,2024,2,33.85154,-118.56562,2,3.1,2.09556
95009,Steven Butler,10,16,12,2024,2,33.87266,-118.6682,2,2.1,1.42069
85922,Anthony Watson,10,16,12,2024,2,33.89378,-118.39465333,3,1.5,0.97585
28630,Andrea Collins,10,16,12,2024,2,34.25282,-118.24078333,11,37.2,24.79167
58288,Mr. Gregory Thomas,10,16,12,2024,2,34.0205,-118.24078333,7,2.4,1.61999
26491,Morgan Lowe,10,16,12,2024,2,33.85154,-118.34336333,4,4.3,2.83521
45730,Wendy Spears,10,16,12,2024,2,33.9149,-118.56562,2,3.0,2.03057
13791,Stephanie Dennis,10,16,12,2024,2,33.89378,-118.29207333,4,5.6,3.71392
86762,Courtney Morgan,10,16,12,2024,2,33.74594,-118.53142667,1,0.5,0.35445
93072,Justin Malone,10,16,12,2024,2,33.78818,-118.49723333,1,0.8,0.52206
96434,James Stone Jr.,10,16,12,2024,2,33.89378,-118.41175,3,1.0,0.69672
12211,Kenneth Johnson,10,16,12,2024,2,33.95714,-118.56562,5,2.8,1.83627
23399,Zachary Chen,10,16,12,2024,2,33.95714,-118.42884667,6,1.7,1.14485
51180,Teresa Harrison,10,16,12,2024,2,33.8093,-118.46304,1,2.1,1.37229
19534,Danielle Schaefer,10,16,12,2024,2,33.85154,-118.58271667,2,0.5,0.32062
19710,Robert Rush,10,16,12,2024,2,33.89378,-118.39465333,3,1.8,1.22376
57837,Jennifer Miller,10,16,12,2024,2,33.87266,-118.48013667,3,1.0,0.65332
14075,Brian Taylor,10,16,12,2024,2,33.9149,-118.22368667,8,3.0,2.0225
96349,Jean Knapp,10,16,12,2024,2,33.9149,-118.39465333,3,1.6,1.05165
49504,Breanna Lambert,10,16,12,2024,2,33.95714,-118.36046,6,1.1,0.71898
56773,Alexandra Robinson,10,16,12,2024,2,34.3373,-118.29207333,11,67.4,44.92375
70987,Lacey Wilson,10,16,12,2024,2,33.95714,-118.37755667,6,2.3,1.53622
22892,Stanley Moore,10,16,12,2024,2,34.08386,-118.32626667,10,3.5,2.3514
14601,Jeremy Bradley,10,16,12,2024,2,33.72482,-118.44594333,1,0.5,0.3496
31403,Gail Curry,11,16,12,2024,3,33.87266,-118.34336333,4,2.1,1.40798
11809,Angela Ramirez,11,16,12,2024,3,34.1261,-118.48013667,9,7.7,5.15652
24520,Derek Valencia,11,16,12,2024,3,33.99938,-118.24078333,7,8.4,5.59579
33255,Timothy Johnson DDS,11,16,12,2024,3,34.0205,-118.36046,6,1.3,0.88033
70902,Daniel Stewart PhD,11,16,12,2024,3,34.1261,-118.25788,10,14.9,9.95546
58855,Michael Lin,11,16,12,2024,3,34.06274,-118.48013667,9,8.5,5.65054
82108,Diane Park MD,11,16,12,2024,3,34.18946,-118.29207333,11,12.9,8.59973
99196,Lisa Eaton,11,16,12,2024,3,33.9149,-118.32626667,4,3.1,2.06442
82358,Laura Chavez,11,16,12,2024,3,33.89378,-118.59981333,2,3.5,2.31477
39462,Anna Castro,11,16,12,2024,3,34.0205,-118.18949333,8,14.6,9.71841
33571,Karen Pena,11,16,12,2024,3,33.97826,-118.37755667,6,3.1,2.05898
49146,Tiffany Wilson,11,16,12,2024,3,34.2317,-118.30917,11,52.0,34.69962
75958,Jessica Gonzalez,11,16,12,2024,3,34.04162,-118.51433,9,9.5,6.32094
34889,Ian Weiss,11,16,12,2024,3,33.85154,-118.39465333,3,1.3,0.86891
97784,Gregory Estrada,11,16,12,2024,3,34.10498,-118.39465333,9,1.7,1.10972
91103,Cindy Morse,11,16,12,2024,3,34.10498,-118.27497667,10,1.8,1.20396
45550,Valerie Marshall,11,16,12,2024,3,34.08386,-118.46304,9,2.5,1.67211
28880,Annette Lara,11,16,12,2024,3,34.3373,-118.29207333,11,62.0,41.35587
52988,Heather Heath,11,16,12,2024,3,34.27394,-118.29207333,11,52.9,35.28607
52837,Evelyn Wilson,11,16,12,2024,3,34.04162,-118.27497667,10,4.3,2.89488
90435,Andrea Mack,11,16,12,2024,3,34.27394,-118.24078333,11,56.2,37.46065
13948,Susan Mcdaniel,11,16,12,2024,3,34.0205,-118.56562,5,2.9,1.93342
70191,William Simmons,11,16,12,2024,3,33.7037,-118.48013667,1,2.3,1.56377
31449,James Parsons,11,16,12,2024,3,33.78818,-118.61691,2,1.6,1.07576
67194,Crystal Figueroa,11,16,12,2024,3,33.87266,-118.59981333,2,3.1,2.03714
75245,Robert Davis,11,16,12,2024,3,34.0205,-118.53142667,5,1.5,0.99021
44562,Leon Villanueva,11,16,12,2024,3,33.93602,-118.20659,8,0.5,0.34571
38901,April Jimenez,11,16,12,2024,3,34.21058,-118.29207333,11,14.7,9.82215
24201,Ashley Nichols,11,16,12,2024,3,33.93602,-118.42884667,6,1.6,1.04626
31988,Mary Webb,11,16,12,2024,3,33.93602,-118.24078333,7,2.6,1.70578
87397,Diana Hall,11,16,12,2024,3,33.76706,-118.54852333,1,1.2,0.77069
66517,Matthew Walker,11,16,12,2024,3,34.16834,-118.29207333,11,10.7,7.12889
30874,Mark Paul,11,16,12,2024,3,34.06274,-118.46304,9,3.6,2.42861
49797,Laura Smith,11,16,12,2024,3,33.85154,-118.39465333,3,0.7,0.49638
76773,Tamara Oliver,11,16,12,2024,3,34.3373,-118.24078333,11,60.1,40.07772
82615,Holly Bowers,11,16,12,2024,3,33.72482,-118.48013667,1,7.9,5.24887
26158,Shelby Malone,11,16,12,2024,3,33.93602,-118.1553,8,28.1,18.7185
47076,Caroline Thompson,11,16,12,2024,3,33.97826,-118.1553,8,13.5,8.9686
89186,Jordan Dawson,11,16,12,2024,3,33.83042,-118.59981333,2,2.5,1.65393
65527,Mary Garner,11,16,12,2024,3,33.95714,-118.30917,7,5.9,3.96449
97009,Anthony Schmidt,11,16,12,2024,3,33.87266,-118.32626667,4,1.3,0.89155
74404,Michael Evans,11,16,12,2024,3,34.08386,-118.42884667,9,3.3,2.17682
11543,Joseph Martin,11,16,12,2024,3,33.74594,-118.51433,1,5.4,3.58427
91916,James Jensen,11,16,12,2024,3,33.74594,-118.49723333,1,4.1,2.71209
97983,Jaclyn Harding,11,16,12,2024,3,33.9149,-118.17239667,8,7.1,4.75929
83977,Isabel Thomas,11,16,12,2024,3,33.97826,-118.18949333,8,14.8,9.89867
20429,Joanna Odonnell,11,16,12,2024,3,34.10498,-118.48013667,9,5.1,3.41619
20966,Vincent West,11,16,12,2024,3,33.97826,-118.30917,7,1.6,1.05287
81338,Amanda Williams,11,16,12,2024,3,34.18946,-118.30917,11,14.2,9.46305
74756,Elizabeth Obrien,11,16,12,2024,3,34.3373,-118.27497667,11,61.3,40.88856
76564,Melanie Merritt,11,16,12,2024,3,33.97826,-118.49723333,5,1.4,0.90594
92111,Alicia Warren,11,16,12,2024,3,33.89378,-118.39465333,3,3.7,2.44275
71824,Regina Goodman,11,16,12,2024,3,34.10498,-118.49723333,9,10.6,7.07437
79844,Michelle Vasquez,11,16,12,2024,3,34.08386,-118.29207333,10,0.3,0.21395
84592,Becky Moore,11,16,12,2024,3,33.87266,-118.61691,2,3.7,2.4694
76025,James Simpson,11,16,12,2024,3,33.8093,-118.61691,2,2.3,1.56442
81687,Jessica Hale,11,16,12,2024,3,33.9149,-118.54852333,2,1.0,0.6493
24960,Jessica Wells,11,16,12,2024,3,34.18946,-118.30917,11,12.2,8.12959
51010,James Garcia,11,16,12,2024,3,33.9149,-118.58271667,2,1.9,1.26587
58082,Angel Caldwell PhD,11,16,12,2024,3,33.93602,-118.17239667,8,3.8,2.53385
67116,Diana Long,11,16,12,2024,3,33.74594,-118.48013667,1,1.4,0.91583
30738,Bradley Cummings,11,16,12,2024,3,33.95714,-118.18949333,8,13.5,8.98139
44368,Brandon Flores,11,16,12,2024,3,33.76706,-118.59981333,2,1.0,0.66512
12742,Deborah Gibson,11,16,12,2024,3,33.85154,-118.42884667,3,1.5,1.00989
72547,Joshua Soto,11,16,12,2024,3,33.97826,-118.42884667,6,2.3,1.52568
40792,Cynthia Johnson,11,16,12,2024,3,33.99938,-118.53142667,5,1.5,1.01071
15114,John Goodwin,11,16,12,2024,3,33.7037,-118.49723333,1,1.2,0.82651
35079,Melissa Jones,11,16,12,2024,3,33.8093,-118.56562,2,0.7,0.46658
44458,Melanie Evans,11,16,12,2024,3,34.08386,-118.24078333,10,12.8,8.54852
67081,Melissa Lozano,11,16,12,2024,3,33.7037,-118.44594333,1,2.8,1.88894
83942,Jillian Anderson,11,16,12,2024,3,33.83042,-118.56562,2,1.4,0.94098
74055,Matthew Hall,11,16,12,2024,3,33.89378,-118.44594333,3,1.2,0.79798
89367,Julia Roach,11,16,12,2024,3,33.93602,-118.42884667,6,1.1,0.72918
12510,William Johnson,11,16,12,2024,3,33.95714,-118.1553,8,13.8,9.16914
90655,Richard Swanson,11,16,12,2024,3,33.85154,-118.51433,3,1.1,0.71296
98100,Brenda Lane,11,16,12,2024,3,33.87266,-118.59981333,2,1.3,0.8947
19794,Luke Pittman,11,16,12,2024,3,33.87266,-118.51433,3,1.7,1.11667
83370,Eric Johnson,11,16,12,2024,3,34.10498,-118.29207333,10,3.1,2.03753
60696,Richard Vincent,11,16,12,2024,3,33.89378,-118.63400667,2,4.9,3.27537
85296,Chad Hernandez,11,16,12,2024,3,34.04162,-118.44594333,9,1.7,1.12547
91522,Alice Hansen,11,16,12,2024,3,34.14722,-118.25788,11,13.9,9.29576
91337,Christopher Woods,11,16,12,2024,3,34.0205,-118.36046,6,2.3,1.56336
82585,Marilyn Haynes,11,16,12,2024,3,33.78818,-118.34336333,4,12.5,8.31266
74820,Timothy Williams,11,16,12,2024,3,33.74594,-118.59981333,2,3.4,2.27796
93642,Matthew Carter,11,16,12,2024,3,33.89378,-118.30917,4,1.2,0.79098
84131,Stephen Bailey,11,16,12,2024,3,34.04162,-118.36046,10,0.8,0.54787
21710,Jennifer Osborne,11,16,12,2024,3,33.99938,-118.37755667,6,1.7,1.12229
59805,Mr. Tyler Snyder DDS,11,16,12,2024,3,34.10498,-118.22368667,10,13.3,8.8842
25547,Gabriel Jones,11,16,12,2024,3,33.89378,-118.30917,4,1.0,0.64097
31240,Lisa Dennis,11,16,12,2024,3,34.27394,-118.29207333,11,44.9,29.94688
99077,Joseph Vincent,11,16,12,2024,3,33.89378,-118.63400667,2,4.7,3.11301
29365,Robert Jensen,11,16,12,2024,3,34.10498,-118.49723333,9,14.9,9.90903
66557,Nancy Howell,11,16,12,2024,3,33.83042,-118.56562,2,1.7,1.12092
60783,Jennifer Chambers,11,16,12,2024,3,33.99938,-118.18949333,8,5.6,3.70918
99288,Michael Liu,11,16,12,2024,3,33.72482,-118.51433,1,3.4,2.29897
54226,Nicole Larson,11,16,12,2024,3,34.0205,-118.20659,8,3.4,2.26371
56571,Catherine Bailey,11,16,12,2024,3,34.08386,-118.44594333,9,4.2,2.7968
16766,Jack Esparza,11,16,12,2024,3,33.76706,-118.41175,1,3.6,2.3953
90231,Isabella Nunez,11,16,12,2024,3,34.0205,-118.49723333,5,8.0,5.35681
14613,Sara Miller,11,16,12,2024,3,34.04162,-118.48013667,9,8.8,5.84282
77346,Tina Mcintyre,11,16,12,2024,3,33.99938,-118.54852333,5,4.0,2.63512
15049,Tyler Williams,11,16,12,2024,3,33.99938,-118.36046,6,1.0,0.67514
58484,Mrs. Pamela Smith DDS,11,16,12,2024,3,33.93602,-118.53142667,5,2.3,1.53687
47298,Clayton Pierce,11,16,12,2024,3,33.9149,-118.42884667,3,0.9,0.61125
17730,Kyle Turner,11,16,12,2024,3,33.78818,-118.48013667,1,1.1,0.71662
53095,Sarah Robinson,11,16,12,2024,3,33.85154,-118.41175,3,2.6,1.75226
79672,Wendy Shaw,11,16,12,2024,3,34.1261,-118.44594333,9,1.6,1.03511
70560,Kayla Hatfield,11,16,12,2024,3,33.9149,-118.18949333,8,2.7,1.77584
62384,Ronnie Petersen,11,16,12,2024,3,34.29506,-118.30917,11,61.2,40.79955
89040,James Baker,11,16,12,2024,3,34.31618,-118.32626667,11,69.5,46.34662
75916,Maria Moran,11,16,12,2024,3,33.89378,-118.49723333,3,2.0,1.3165
56129,Michael Davis,11,16,12,2024,3,34.29506,-118.29207333,11,61.5,40.99931
10161,Jessica Steele,11,16,12,2024,3,33.85154,-118.41175,3,1.1,0.71001
10282,Barbara Richards MD,11,16,12,2024,3,33.85154,-118.61691,2,0.8,0.5376
11415,Derek Blair,11,16,12,2024,3,34.10498,-118.42884667,9,2.7,1.821
65268,Curtis Maldonado,11,16,12,2024,3,33.74594,-118.39465333,1,14.7,9.79093
25334,Danielle Clark,11,16,12,2024,3,34.21058,-118.30917,11,14.0,9.30431
18218,Brittany Ramirez,11,16,12,2024,3,33.95714,-118.49723333,5,1.7,1.13161
12322,Jessica Bean,11,16,12,2024,3,33.72482,-118.39465333,1,13.3,8.87648
58314,Kevin Nichols,11,16,12,2024,3,34.25282,-118.27497667,11,37.9,25.29214
70783,Sharon James,11,16,12,2024,3,33.72482,-118.44594333,1,4.4,2.92298
89090,Margaret Shields,11,16,12,2024,3,33.89378,-118.20659,8,1.0,0.66227
99032,Shari Graham,11,16,12,2024,3,34.06274,-118.44594333,9,7.0,4.67894
89748,Keith Schwartz,11,16,12,2024,3,34.0205,-118.30917,7,3.0,2.02661
33868,Robert Wong,11,16,12,2024,3,34.10498,-118.24078333,10,14.9,9.95095
54160,Rebecca Schwartz,11,16,12,2024,3,33.8093,-118.41175,1,2.7,1.82595
77563,Lori Rocha,11,16,12,2024,3,33.97826,-118.24078333,7,2.5,1.63634
73592,Patricia Buckley,11,16,12,2024,3,33.97826,-118.22368667,8,2.9,1.94256
97066,Cassandra Johnson,11,16,12,2024,3,33.83042,-118.59981333,2,1.0,0.68423
61208,Kelly Jensen,11,16,12,2024,3,33.87266,-118.48013667,3,1.2,0.79013
70990,Aaron Brown,11,16,12,2024,3,34.21058,-118.22368667,11,35.6,23.74242
58540,Randall Stevens,11,16,12,2024,3,33.95714,-118.1553,8,21.9,14.61969
13549,Sheena Phillips,11,16,12,2024,3,33.8093,-118.36046,4,0.5,0.34096
54591,Hannah Sims,11,16,12,2024,3,34.0205,-118.41175,6,1.3,0.87989
76922,Eddie Simmons,11,16,12,2024,3,33.97826,-118.39465333,6,5.5,3.66518
91335,Mark Davidson,11,16,12,2024,3,34.0205,-118.29207333,7,2.5,1.67695
91184,Alex Marquez,11,16,12,2024,3,33.89378,-118.29207333,4,5.8,3.8761
96536,Nicholas Lopez,11,16,12,2024,3,33.99938,-118.56562,5,4.3,2.89203
45727,James Gonzalez,11,16,12,2024,3,33.89378,-118.32626667,4,2.8,1.86675
21228,William Hill,11,16,12,2024,3,33.89378,-118.61691,2,7.8,5.21951
40675,Stephanie Rogers,11,16,12,2024,3,33.9149,-118.39465333,3,3.2,2.10713
91106,Cassandra Fry,11,16,12,2024,3,33.89378,-118.36046,4,1.7,1.10803
19391,Courtney Schmidt,11,16,12,2024,3,33.95714,-118.54852333,5,1.6,1.07907
75460,Brandon Price,11,16,12,2024,3,34.06274,-118.24078333,10,7.4,4.94438
14141,Robin Smith,11,16,12,2024,3,34.29506,-118.29207333,11,59.5,39.66718
44102,Krystal Sellers,11,16,12,2024,3,33.93602,-118.46304,6,0.9,0.56837
15757,Charlotte Johnson,11,16,12,2024,3,33.99938,-118.42884667,6,1.3,0.84819
50311,Melanie Frank,11,16,12,2024,3,33.74594,-118.46304,1,0.8,0.55792
18188,Marissa Ayala,11,16,12,2024,3,33.76706,-118.44594333,1,0.5,0.36096
35630,Erica Jackson,11,16,12,2024,3,33.83042,-118.44594333,3,1.0,0.66245
80508,Steven Winters,11,16,12,2024,3,34.1261,-118.48013667,9,11.6,7.75616
50753,Robert Marshall,11,16,12,2024,3,34.1261,-118.30917,10,3.5,2.32082
42570,Bradley Collins,11,16,12,2024,3,33.89378,-118.36046,4,2.3,1.51492
53336,Kimberly Aguilar,11,16,12,2024,3,34.10498,-118.25788,10,13.8,9.18933
78138,Melinda Cain,11,16,12,2024,3,33.78818,-118.59981333,2,2.8,1.83689
23252,Jeremy Simon,11,16,12,2024,3,34.08386,-118.29207333,10,0.6,0.39937
32691,Vanessa Turner MD,11,16,12,2024,3,33.83042,-118.54852333,2,1.5,1.02752
67223,Andrea Mcbride,11,16,12,2024,3,34.1261,-118.30917,10,2.9,1.92815
99802,Joshua Wilson,11,16,12,2024,3,34.25282,-118.25788,11,52.6,35.03636
98508,Mike Nguyen,11,16,12,2024,3,33.93602,-118.44594333,6,1.5,1.03113
52681,Sarah Lane,11,16,12,2024,3,33.99938,-118.32626667,6,0.7,0.49206
10244,Mary Barrera,11,16,12,2024,3,33.85154,-118.65110333,2,11.7,7.79955
18478,Angela Nguyen MD,11,16,12,2024,3,33.74594,-118.46304,1,2.0,1.33422
47067,Erica Bates,11,16,12,2024,3,33.83042,-118.44594333,3,1.4,0.96238
39606,Levi Hicks,11,16,12,2024,3,33.93602,-118.39465333,6,1.5,1.00505
86878,Maria Collins,11,16,12,2024,3,33.85154,-118.51433,3,2.7,1.8209
64077,Antonio Graham,11,16,12,2024,3,34.0205,-118.22368667,8,4.8,3.16987
40280,Alex Castro,11,16,12,2024,3,33.85154,-118.61691,2,1.9,1.24868
17126,Alexis Marshall,11,16,12,2024,3,33.99938,-118.27497667,7,0.5,0.35489
70860,Tiffany Ramos,11,16,12,2024,3,33.97826,-118.46304,6,1.4,0.903
47209,George Oneill,11,16,12,2024,3,34.04162,-118.49723333,9,8.3,5.55576
41780,Elizabeth Hayes,11,16,12,2024,3,33.93602,-118.58271667,5,6.8,4.5139
22556,Christopher Gonzalez,11,16,12,2024,3,33.97826,-118.34336333,6,1.1,0.76079
33237,Bethany Davis,11,16,12,2024,3,33.83042,-118.32626667,4,1.8,1.23135
68021,Regina Sampson,11,16,12,2024,3,33.93602,-118.27497667,7,3.7,2.43838
21657,Andrew Ingram,11,16,12,2024,3,33.8093,-118.42884667,1,0.6,0.42091
89576,Darrell Hawkins,11,16,12,2024,3,33.95714,-118.17239667,8,25.0,16.6456
36153,Kristina Mckenzie,11,16,12,2024,3,34.16834,-118.27497667,11,37.9,25.25758
96753,Adriana Acosta,11,16,12,2024,3,33.93602,-118.56562,5,1.7,1.13684
43481,Thomas Norman,11,16,12,2024,3,34.0205,-118.39465333,6,1.1,0.71158
31758,Kevin Stone,11,16,12,2024,3,33.85154,-118.63400667,2,1.3,0.88746
60413,Alexander Stephens,11,16,12,2024,3,34.27394,-118.25788,11,57.9,38.57223
97928,Melanie Haynes,11,16,12,2024,3,33.89378,-118.59981333,2,1.2,0.77105
61655,Angela Mckay,11,16,12,2024,3,33.93602,-118.56562,5,2.7,1.77814
94369,Terrence Moore,11,16,12,2024,3,33.87266,-118.46304,3,1.1,0.70422
20891,Nicholas Foster,11,16,12,2024,3,33.85154,-118.58271667,2,0.5,0.31549
42201,Paul Marquez,11,16,12,2024,3,33.95714,-118.27497667,7,5.6,3.74957
26711,Kristie Key,11,16,12,2024,3,33.83042,-118.6682,2,10.0,6.6501
21779,Cameron Henderson,11,16,12,2024,3,33.8093,-118.44594333,1,3.9,2.60157
55126,Jeffrey King,11,16,12,2024,3,33.87266,-118.51433,3,0.5,0.31986
30682,Brenda Ramsey,11,16,12,2024,3,33.85154,-118.46304,3,0.5,0.31939
10708,Darryl Hayes,11,16,12,2024,3,34.0205,-118.34336333,6,1.4,0.95444
82680,Kimberly Wagner,11,16,12,2024,3,33.9149,-118.51433,3,1.6,1.09188
12656,Samantha Lopez,11,16,12,2024,3,33.99938,-118.54852333,5,0.9,0.57866
53220,Erin Wright,11,16,12,2024,3,33.78818,-118.27497667,4,13.4,8.90545
26694,Diane Cooley,11,16,12,2024,3,33.87266,-118.42884667,3,1.2,0.76697
56512,Jenna Rivera,11,16,12,2024,3,33.87266,-118.61691,2,2.8,1.84943
61061,Robert Reese,11,16,12,2024,3,33.93602,-118.32626667,6,1.8,1.2
56154,Christina Watson,11,16,12,2024,3,33.9149,-118.20659,8,0.8,0.55729
53375,Timothy Foster,11,16,12,2024,3,33.99938,-118.41175,6,1.7,1.15486
14514,Stephanie Johnson,11,16,12,2024,3,33.78818,-118.58271667,2,1.2,0.82289
43763,Donald Reese,11,16,12,2024,3,34.0205,-118.22368667,8,4.3,2.88945
84705,Suzanne Moran,11,16,12,2024,3,33.83042,-118.49723333,3,1.1,0.76038
38366,Mark Howard,11,16,12,2024,3,33.8093,-118.29207333,4,9.7,6.45547
98850,Stephanie Orr MD,11,16,12,2024,3,33.8093,-118.58271667,2,1.0,0.6753
25835,Sue Bowman,11,16,12,2024,3,33.9149,-118.49723333,3,2.2,1.43342
15755,Andrew Mason,11,16,12,2024,3,33.76706,-118.30917,4,14.6,9.71558
83011,Kurt Lopez,11,16,12,2024,3,33.9149,-118.32626667,4,0.7,0.48699
43812,Travis Rodriguez,11,16,12,2024,3,33.85154,-118.58271667,2,0.9,0.57446
17312,Justin Reese,11,16,12,2024,3,34.0205,-118.27497667,7,2.6,1.72065
65324,Christopher Bautista,11,16,12,2024,3,33.97826,-118.48013667,5,1.0,0.67715
64185,Sara Vega,11,16,12,2024,3,34.10498,-118.46304,9,1.2,0.83232
19953,Jasmine Moreno,11,16,12,2024,3,33.95714,-118.41175,6,0.4,0.23454
37214,Christine Hansen,11,16,12,2024,3,34.0205,-118.56562,5,5.8,3.86163
48285,Kevin Thomas,11,16,12,2024,3,34.25282,-118.24078333,11,43.2,28.77246
52677,Paul Ortiz,11,16,12,2024,3,33.93602,-118.37755667,6,2.8,1.87064
64016,Jonathan Lewis,11,16,12,2024,3,33.78818,-118.53142667,1,2.0,1.3602
42934,Bobby Gray,11,16,12,2024,3,34.31618,-118.29207333,11,59.0,39.35517
74891,Joshua Sawyer,11,16,12,2024,3,33.83042,-118.54852333,2,1.1,0.73061
84025,Alan Peterson,11,16,12,2024,3,33.95714,-118.34336333,6,2.6,1.71227
81580,Jennifer Mitchell,11,16,12,2024,3,33.99938,-118.44594333,6,0.7,0.4705
96090,Jacob Williams,11,16,12,2024,3,34.08386,-118.39465333,9,1.0,0.67559
99072,Emily Durham,11,16,12,2024,3,33.97826,-118.25788,7,0.2,0.13268
18555,James Watts,11,16,12,2024,3,34.06274,-118.25788,10,5.6,3.70039
17951,Sean Owen,11,16,12,2024,3,33.97826,-118.29207333,7,2.4,1.58554
63621,Caitlyn Wise,11,16,12,2024,3,33.9149,-118.41175,3,0.9,0.60941
91490,Melissa Green,11,16,12,2024,3,34.08386,-118.37755667,9,1.8,1.18138
22132,Alicia Harris,11,16,12,2024,3,34.04162,-118.34336333,10,0.7,0.44209
17742,Anne Navarro,11,16,12,2024,3,34.0205,-118.30917,7,2.7,1.80417
22331,Jason Riley,11,16,12,2024,3,34.18946,-118.27497667,11,38.0,25.33088
25758,Maurice Martin,11,16,12,2024,3,34.3373,-118.30917,11,68.8,45.86786
39916,Linda Martin,11,16,12,2024,3,33.8093,-118.37755667,4,2.7,1.76821
46693,Susan Murray,11,16,12,2024,3,34.1261,-118.25788,10,13.7,9.16485
10806,Matthew Long,11,16,12,2024,3,33.76706,-118.58271667,2,0.7,0.47872
67858,Donald Hernandez,11,16,12,2024,3,33.78818,-118.56562,2,3.0,2.02725
10307,Diana Warner,11,16,12,2024,3,33.93602,-118.17239667,8,3.7,2.44899
87128,Lisa Morales,11,16,12,2024,3,34.0205,-118.25788,7,2.0,1.36214
10203,James Huang,11,16,12,2024,3,33.9149,-118.36046,4,4.1,2.70475
57553,Jill Bullock,11,16,12,2024,3,34.04162,-118.22368667,10,6.9,4.57639
62116,Ms. Yvonne Mathis MD,11,16,12,2024,3,33.97826,-118.30917,7,1.4,0.93078
41206,Stephanie Pierce,11,16,12,2024,3,33.85154,-118.36046,4,0.2,0.14057
90341,Sarah Novak,11,16,12,2024,3,33.93602,-118.54852333,5,0.3,0.21527
33715,Shelly Ortega,11,16,12,2024,3,33.93602,-118.58271667,5,1.9,1.28196
39311,Kevin Kelley,11,16,12,2024,3,34.08386,-118.41175,9,1.6,1.08074
18435,Teresa Schwartz MD,11,16,12,2024,3,33.9149,-118.30917,4,3.1,2.03376
46659,Michael Ruiz,11,16,12,2024,3,33.9149,-118.20659,8,0.8,0.56041
27648,Michael Blackwell,11,16,12,2024,3,33.76706,-118.48013667,1,3.1,2.06869
61733,Joseph Shaffer,11,16,12,2024,3,33.72482,-118.49723333,1,7.6,5.06864
53424,Michelle Gonzales,11,16,12,2024,3,33.89378,-118.54852333,2,0.6,0.41875
10223,John Adams,11,16,12,2024,3,33.87266,-118.58271667,2,0.5,0.32584
78514,Jesse Marks,11,16,12,2024,3,33.89378,-118.51433,3,1.2,0.81917
52598,Eric Banks,11,16,12,2024,3,33.99938,-118.56562,5,2.7,1.82584
20064,Elizabeth Mclaughlin,11,16,12,2024,3,33.76706,-118.46304,1,2.1,1.39008
43297,Jessica Wood,11,16,12,2024,3,34.06274,-118.29207333,10,3.0,2.01249
67667,Elizabeth Robinson,11,16,12,2024,3,33.97826,-118.27497667,7,3.3,2.20098
33605,Angel Massey,11,16,12,2024,3,33.8093,-118.53142667,1,0.7,0.44749
43531,Kyle Wright,11,16,12,2024,3,33.97826,-118.56562,5,2.5,1.66494
44734,Amy Marshall,11,16,12,2024,3,33.72482,-118.42884667,1,4.1,2.7097
90593,Dr. Michaela Ruiz,11,16,12,2024,3,34.1261,-118.46304,9,2.4,1.60419
54123,Marilyn Glass,11,16,12,2024,3,34.18946,-118.27497667,11,42.5,28.36237
48890,Daniel Evans,11,16,12,2024,3,33.93602,-118.24078333,7,1.3,0.8635
51714,Donald Martinez,11,16,12,2024,3,33.99938,-118.34336333,6,0.9,0.63132
18714,Keith Brady,11,16,12,2024,3,33.83042,-118.61691,2,4.1,2.71368
63857,Erik Yu,11,16,12,2024,3,33.87266,-118.56562,2,2.3,1.53913
81869,Oscar Atkins,11,16,12,2024,3,34.2317,-118.22368667,11,50.7,33.77903
27886,Melissa Price,11,16,12,2024,3,34.29506,-118.25788,11,54.3,36.18033
51961,Sarah Payne,11,16,12,2024,3,33.87266,-118.53142667,3,1.2,0.82713
61377,Jesus Duncan,11,16,12,2024,3,33.8093,-118.63400667,2,2.0,1.35205
15652,Jessica Bell,11,16,12,2024,3,33.7037,-118.41175,1,5.1,3.37046
82348,Jose Fisher,11,16,12,2024,3,34.0205,-118.53142667,5,1.7,1.15851
83517,Nicholas Ruiz,11,16,12,2024,3,33.83042,-118.65110333,2,2.7,1.79803
24089,Laurie Washington,11,16,12,2024,3,34.08386,-118.25788,10,12.0,7.97423
92495,Marisa Cameron,11,16,12,2024,3,33.95714,-118.48013667,5,2.5,1.65689
43888,Jessica Gamble,11,16,12,2024,3,34.0205,-118.20659,8,14.1,9.38821
13366,Sandra Yang,11,16,12,2024,3,33.97826,-118.1553,8,14.5,9.6397
41767,Karen Peck,11,16,12,2024,3,33.9149,-118.56562,2,1.6,1.06641
94003,Karen Boyd,11,16,12,2024,3,33.97826,-118.39465333,6,1.1,0.7249
97688,Phillip Potter,11,16,12,2024,3,33.99938,-118.37755667,6,0.7,0.4721
90756,Melinda Shaw,11,16,12,2024,3,34.06274,-118.22368667,10,14.4,9.60278
86629,Drew Velasquez,11,16,12,2024,3,33.8093,-118.39465333,1,2.6,1.73518
86056,Emily Perez,11,16,12,2024,3,33.93602,-118.54852333,5,1.4,0.93699
68294,Cody Brewer,11,16,12,2024,3,34.29506,-118.27497667,11,60.1,40.0487
94009,John Jenkins,11,16,12,2024,3,33.89378,-118.42884667,3,1.2,0.77229
61755,Nicholas Browning,11,16,12,2024,3,33.99938,-118.54852333,5,0.8,0.56382
78897,James Cooke,11,16,12,2024,3,34.08386,-118.22368667,10,14.6,9.76202
72531,Danielle Carter,11,16,12,2024,3,33.8093,-118.49723333,1,0.9,0.61429
86055,Taylor Rodriguez,11,16,12,2024,3,33.95714,-118.36046,6,1.4,0.90341
36532,Robert Sanders,11,16,12,2024,3,34.31618,-118.25788,11,63.0,42.02188
93949,Grant Williams,11,16,12,2024,3,34.31618,-118.30917,11,67.9,45.26599
16540,James Meyer,11,16,12,2024,3,33.93602,-118.37755667,6,0.8,0.5054
18782,Donna Mcknight,11,16,12,2024,3,34.31618,-118.27497667,11,63.0,42.03094
39379,Nathan Perez,11,16,12,2024,3,34.29506,-118.32626667,11,47.6,31.75205
48574,Marilyn Davis,11,16,12,2024,3,33.85154,-118.37755667,4,1.0,0.6801
73965,Steven Mccarthy,11,16,12,2024,3,33.85154,-118.34336333,4,1.0,0.69606
50778,Julie Hunter,11,16,12,2024,3,33.76706,-118.29207333,4,13.4,8.93938
97596,Lisa Rosario,11,16,12,2024,3,33.9149,-118.34336333,4,2.9,1.91189
19466,Becky Valentine,11,16,12,2024,3,33.8093,-118.65110333,2,7.2,4.77903
28355,Francis Perkins,11,16,12,2024,3,33.97826,-118.54852333,5,2.0,1.31754
73490,Elizabeth Johnson,11,16,12,2024,3,33.78818,-118.51433,1,2.7,1.77525
94371,Carol Shah,11,16,12,2024,3,33.74594,-118.53142667,1,3.7,2.44085
38136,Sarah Thomas,11,16,12,2024,3,34.0205,-118.53142667,5,0.7,0.46165
89408,Linda Cohen,11,16,12,2024,3,33.99938,-118.20659,8,6.5,4.32632
55331,Eric Price,11,16,12,2024,3,33.78818,-118.25788,4,12.1,8.06844
51701,Brandon Hodge,11,16,12,2024,3,34.0205,-118.39465333,6,1.2,0.80431
94747,Travis Bailey,11,16,12,2024,3,33.97826,-118.20659,8,9.9,6.5956
76329,Sherri Black,11,16,12,2024,3,34.0205,-118.29207333,7,0.6,0.42267
79755,Jamie Adkins,11,16,12,2024,3,34.14722,-118.30917,11,6.7,4.47635
24529,Corey Barnes,11,16,12,2024,3,33.87266,-118.46304,3,2.0,1.34505
25833,Daniel Jackson,11,16,12,2024,3,34.10498,-118.42884667,9,3.6,2.42571
17659,Lisa Allen,11,16,12,2024,3,33.97826,-118.44594333,6,1.2,0.8173
10835,Andre Alexander,11,16,12,2024,3,34.06274,-118.22368667,10,14.7,9.78155
48201,Steven Mora,11,16,12,2024,3,34.25282,-118.30917,11,56.7,37.76873
24928,Jacob Osborn,11,16,12,2024,3,33.83042,-118.65110333,2,2.1,1.38476
51130,Daniel Kelley,11,16,12,2024,3,33.89378,-118.59981333,2,6.9,4.56967
73395,Autumn Wilson,11,16,12,2024,3,34.10498,-118.22368667,10,11.5,7.66523
64610,Jeffrey Patrick,11,16,12,2024,3,33.72482,-118.49723333,1,5.7,3.77576
18475,Mary Robinson,11,16,12,2024,3,33.93602,-118.44594333,6,1.8,1.17614
14136,Chris Fisher,11,16,12,2024,3,33.76706,-118.46304,1,0.7,0.45634
42684,Geoffrey Brown,11,16,12,2024,3,33.76706,-118.51433,1,1.3,0.89319
42513,Adrian Dennis,11,16,12,2024,3,33.99938,-118.20659,8,7.1,4.75667
40519,Kathryn Gardner,11,16,12,2024,3,34.04162,-118.42884667,9,5.2,3.45189
77904,Jean Haley,11,16,12,2024,3,33.87266,-118.34336333,4,0.7,0.48396
79908,Tammy Ramirez,11,16,12,2024,3,33.9149,-118.17239667,8,4.4,2.90978
22181,Christopher Lawrence,11,16,12,2024,3,33.97826,-118.29207333,7,4.9,3.28707
14926,David Keller,11,16,12,2024,3,34.21058,-118.29207333,11,14.5,9.69264
61095,Bryan Simmons DDS,11,16,12,2024,3,33.87266,-118.41175,3,2.1,1.38541
72216,Paula Wilson,11,16,12,2024,3,34.0205,-118.56562,5,6.5,4.31782
25127,David Campbell,11,16,12,2024,3,33.8093,-118.30917,4,12.7,8.49467
47940,Michael Morales,11,16,12,2024,3,33.9149,-118.54852333,2,1.6,1.05192
50755,Jacob Mason,11,16,12,2024,3,33.8093,-118.25788,4,10.6,7.09278
21023,Caitlin Anderson,11,16,12,2024,3,33.85154,-118.58271667,2,1.6,1.0375
38113,Tammy Ramsey,11,16,12,2024,3,34.04162,-118.27497667,10,3.0,2.03191
92935,Tammy Payne PhD,11,16,12,2024,3,33.89378,-118.22368667,8,1.3,0.88831
82217,James Curtis,11,16,12,2024,3,34.3373,-118.30917,11,70.9,47.23583
19013,Michelle Patterson,11,16,12,2024,3,33.95714,-118.42884667,6,1.7,1.10228
72511,Keith Morgan,11,16,12,2024,3,34.18946,-118.29207333,11,13.9,9.25591
53616,Jeffrey Boone,11,16,12,2024,3,33.76706,-118.58271667,2,2.4,1.60742
76631,Omar Campbell,11,16,12,2024,3,33.99938,-118.29207333,7,0.8,0.54504
62843,Michael Phillips,11,16,12,2024,3,33.8093,-118.42884667,1,3.5,2.31749
13853,Nathan Reilly,11,16,12,2024,3,34.31618,-118.24078333,11,57.7,38.46016
46169,Matthew Watson,11,16,12,2024,3,33.95714,-118.42884667,6,1.7,1.13362
94139,Eugene Anderson,11,16,12,2024,3,33.95714,-118.58271667,5,7.4,4.90743
68798,Juan Schmidt,11,16,12,2024,3,33.93602,-118.58271667,5,7.1,4.75829
90276,Jessica Gonzalez,11,16,12,2024,3,34.06274,-118.27497667,10,4.0,2.65085
67311,Bethany Jackson,11,16,12,2024,3,33.78818,-118.44594333,1,2.8,1.836
81187,Robert Chase,11,16,12,2024,3,33.99938,-118.34336333,6,0.3,0.22522
49624,Kyle Coleman,11,16,12,2024,3,33.85154,-118.37755667,4,2.1,1.42251
99172,Melissa Hoffman,11,16,12,2024,3,33.85154,-118.42884667,3,1.4,0.95083
72821,Kathleen Gutierrez,11,16,12,2024,3,33.85154,-118.6682,2,10.1,6.71582
85570,Emily Austin,11,16,12,2024,3,33.95714,-118.30917,7,1.9,1.24863
83228,Joshua Edwards,11,16,12,2024,3,34.3373,-118.24078333,11,60.5,40.35445
35647,Brandon Berger,11,16,12,2024,3,33.99938,-118.29207333,7,1.6,1.04897
72096,Ryan Roberts,11,16,12,2024,3,33.78818,-118.36046,4,10.4,6.93406
25669,Haley Fields,11,16,12,2024,3,34.06274,-118.39465333,9,1.2,0.82189
25535,Michelle Melendez,11,16,12,2024,3,33.95714,-118.24078333,7,1.5,0.99447
11956,Dwayne Bryan,11,16,12,2024,3,34.0205,-118.37755667,6,0.8,0.5621
97307,Virginia Pena,11,16,12,2024,3,33.83042,-118.34336333,4,4.0,2.65877
17562,Andrew Wade,11,16,12,2024,3,33.87266,-118.36046,4,2.7,1.79877
31805,Audrey Phillips,11,16,12,2024,3,33.99938,-118.27497667,7,2.1,1.41036
50687,Lisa Hines,11,16,12,2024,3,33.83042,-118.58271667,2,1.0,0.66944
31051,Sarah Green,11,16,12,2024,3,34.06274,-118.41175,9,1.1,0.72067
87979,Maurice Johnson,11,16,12,2024,3,34.10498,-118.39465333,9,0.7,0.47998
29090,Kayla Alvarez,11,16,12,2024,3,33.99938,-118.25788,7,1.3,0.84596
26177,Paul Ball,11,16,12,2024,3,33.9149,-118.54852333,2,1.7,1.11741
46067,Cory Simon,11,16,12,2024,3,33.76706,-118.49723333,1,2.2,1.48196
77884,Benjamin Hubbard,11,16,12,2024,3,33.97826,-118.56562,5,2.2,1.46724
65389,Martha Fisher,11,16,12,2024,3,33.89378,-118.46304,3,2.0,1.34518
50315,Luis Campbell,11,16,12,2024,3,33.72482,-118.41175,1,5.3,3.50075
71004,Allison Benson,11,16,12,2024,3,33.97826,-118.32626667,6,1.1,0.70088
56077,Matthew Taylor,11,16,12,2024,3,34.31618,-118.27497667,11,63.1,42.05137
68770,Sydney Wilson,11,16,12,2024,3,33.97826,-118.29207333,7,4.0,2.63705
46325,Laura Harrison,11,16,12,2024,3,33.76706,-118.41175,1,3.0,1.98157
91887,Larry House,11,16,12,2024,3,34.10498,-118.29207333,10,2.4,1.57378
21211,Derrick Woodward,11,16,12,2024,3,34.06274,-118.24078333,10,8.8,5.88869
99601,James Vaughn,11,16,12,2024,3,33.76706,-118.39465333,1,8.1,5.36877
52486,Brian Lin,11,16,12,2024,3,34.0205,-118.46304,6,2.3,1.53759
76506,Lisa Parrish,11,16,12,2024,3,33.76706,-118.51433,1,1.1,0.71893
78422,Elizabeth Kennedy,11,16,12,2024,3,33.97826,-118.41175,6,2.7,1.80436
59937,Mary Rivera,11,16,12,2024,3,33.97826,-118.17239667,8,14.8,9.89275
89282,Dylan Hayes,11,16,12,2024,3,33.74594,-118.56562,2,1.3,0.87892
81153,Becky Wilson,11,16,12,2024,3,33.76706,-118.59981333,2,1.4,0.92167
74339,Crystal Miller,11,16,12,2024,3,33.85154,-118.56562,2,0.4,0.23419
36961,Donald Valenzuela,11,16,12,2024,3,33.97826,-118.46304,6,1.5,0.98224
26137,Lynn Chaney,11,16,12,2024,3,34.1261,-118.27497667,10,12.0,7.99663
68149,James Trevino,11,16,12,2024,3,33.99938,-118.39465333,6,2.4,1.60902
24718,Timothy Proctor,11,16,12,2024,3,34.08386,-118.32626667,10,0.9,0.60536
11560,Briana Chung,11,16,12,2024,3,34.10498,-118.46304,9,2.1,1.41953
37812,Sarah Campos,11,16,12,2024,3,33.83042,-118.53142667,3,3.1,2.0911
15127,Dawn Brown,11,16,12,2024,3,33.83042,-118.41175,3,2.3,1.54519
70366,Amy Knight,11,16,12,2024,3,33.89378,-118.39465333,3,1.9,1.26299
12198,Rita Collins,11,16,12,2024,3,34.08386,-118.27497667,10,4.2,2.80424
76403,William Miller,11,16,12,2024,3,33.76706,-118.49723333,1,0.3,0.22059
65436,Gabriel Kirby,11,16,12,2024,3,33.99938,-118.37755667,6,1.3,0.87113
90151,Michael Bowman,11,16,12,2024,3,34.06274,-118.36046,10,2.4,1.62892
33311,Brittany Burgess,11,16,12,2024,3,33.89378,-118.41175,3,3.2,2.12676
79215,Anna Oneill,11,16,12,2024,3,33.76706,-118.53142667,1,0.2,0.15013
67616,Linda Wright,11,16,12,2024,3,33.8093,-118.29207333,4,8.0,5.30505
22506,Kathleen Shaffer,11,16,12,2024,3,34.04162,-118.39465333,9,0.9,0.621
19386,Karen Edwards,11,16,12,2024,3,34.04162,-118.44594333,9,1.6,1.08477
61071,Donna Harmon,11,16,12,2024,3,33.85154,-118.34336333,4,6.3,4.17412
53815,Nancy Gonzalez,11,16,12,2024,3,33.89378,-118.32626667,4,2.5,1.6597
26458,Charles Williams,11,16,12,2024,3,34.04162,-118.37755667,9,1.5,1.03238
33142,Benjamin Morgan,11,16,12,2024,3,33.72482,-118.48013667,1,8.4,5.58864
58915,William Cunningham,11,16,12,2024,3,34.0205,-118.34336333,6,0.7,0.4522
41882,Sandra Tucker,11,16,12,2024,3,33.95714,-118.27497667,7,5.9,3.96386
30576,Alyssa Smith,11,16,12,2024,3,33.95714,-118.44594333,6,2.0,1.32977
32155,Cesar Carroll,11,16,12,2024,3,34.27394,-118.24078333,11,44.4,29.59539
41607,Stephen Rangel,11,16,12,2024,3,33.78818,-118.49723333,1,1.7,1.16428
72383,Shannon Sanchez,11,16,12,2024,3,34.06274,-118.48013667,9,8.3,5.54698
18281,Alexander James,11,16,12,2024,3,33.78818,-118.46304,1,4.1,2.70879
59831,Daniel Marsh,11,16,12,2024,3,34.2317,-118.27497667,11,44.4,29.61444
63219,David Jackson,11,16,12,2024,3,33.76706,-118.39465333,1,9.4,6.24515
69199,Michael Watson,11,16,12,2024,3,34.10498,-118.27497667,10,8.2,5.45231
64004,Robert Thomas,11,16,12,2024,3,34.08386,-118.24078333,10,13.6,9.06236
86409,Gabriel Mills,11,16,12,2024,3,33.97826,-118.27497667,7,0.8,0.56263
76313,Matthew Evans,11,16,12,2024,3,34.0205,-118.24078333,7,5.6,3.72925
85830,Daniel Wilson,11,16,12,2024,3,33.8093,-118.54852333,1,0.5,0.35206
12078,Eugene Bond,11,16,12,2024,3,33.9149,-118.58271667,2,2.3,1.54717
14330,Autumn Walter,11,16,12,2024,3,33.87266,-118.30917,4,2.1,1.38715
67001,Stephen Hess,11,16,12,2024,3,34.04162,-118.37755667,9,0.9,0.56908
90355,Larry Hernandez,11,16,12,2024,3,33.97826,-118.27497667,7,0.8,0.54187
92104,Kimberly Cowan,11,16,12,2024,3,34.06274,-118.29207333,10,1.3,0.89801
77494,David Mcclure,11,16,12,2024,3,34.0205,-118.30917,7,1.4,0.93348
67323,Robert Fox,11,16,12,2024,3,33.74594,-118.49723333,1,1.1,0.71335
84321,Michael Mullen,11,16,12,2024,3,33.89378,-118.65110333,2,4.9,3.29919
17034,Jason Campbell,11,16,12,2024,3,33.93602,-118.56562,5,2.5,1.67536
73096,Jacqueline Johnson,11,16,12,2024,3,33.97826,-118.54852333,5,0.9,0.57965
83607,Emily Hogan,11,16,12,2024,3,34.10498,-118.30917,10,1.0,0.69241
44221,Robert Mccarty,11,16,12,2024,3,33.72482,-118.46304,1,3.6,2.40225
92502,Thomas Owens,11,16,12,2024,3,33.89378,-118.56562,2,1.8,1.20705
19032,Christopher Davis,11,16,12,2024,3,33.89378,-118.63400667,2,1.9,1.29862
62813,James Parker,11,16,12,2024,3,34.10498,-118.41175,9,0.2,0.1236
26735,Lisa Morton,11,16,12,2024,3,33.95714,-118.29207333,7,1.8,1.20984
95059,Martin Hurley,11,16,12,2024,3,33.74594,-118.42884667,1,2.8,1.86821
59029,Mary Jones,11,16,12,2024,3,33.97826,-118.34336333,6,1.5,0.97593
48594,Richard White,11,16,12,2024,3,33.85154,-118.36046,4,1.0,0.69564
88315,Mark Peterson,11,16,12,2024,3,34.0205,-118.48013667,5,6.6,4.41003
21559,Andre Norris,11,16,12,2024,3,33.87266,-118.53142667,3,0.7,0.46431
65312,Jordan West,11,16,12,2024,3,33.9149,-118.24078333,4,0.7,0.48081
91716,Patricia Munoz,11,16,12,2024,3,33.78818,-118.29207333,4,12.4,8.25774
42786,Michael Campbell,11,16,12,2024,3,33.78818,-118.53142667,1,2.5,1.65766
28432,Mario Crosby,11,16,12,2024,3,33.74594,-118.41175,1,10.8,7.17631
58249,James Clark,11,16,12,2024,3,33.97826,-118.22368667,8,3.6,2.40863
85924,Marc Smith,11,16,12,2024,3,34.06274,-118.46304,9,4.6,3.08723
61840,Michael Sanders,11,16,12,2024,3,33.99938,-118.51433,5,0.8,0.5281
41468,Nicole Robinson,11,16,12,2024,3,33.8093,-118.36046,4,5.2,3.47968
31708,Sean Porter,11,16,12,2024,3,33.95714,-118.34336333,6,1.7,1.14437
75072,Emily Smith,11,16,12,2024,3,33.83042,-118.46304,3,0.6,0.40733
94156,Greg Long,11,16,12,2024,3,33.97826,-118.20659,8,9.1,6.0394
24681,Kathryn Clark,11,16,12,2024,3,33.97826,-118.41175,6,1.8,1.23146
33779,James Brown,11,16,12,2024,3,34.10498,-118.44594333,9,2.7,1.81088
78172,Tara Thomas,11,16,12,2024,3,34.0205,-118.29207333,7,1.7,1.16505
83748,Brian Robles,11,16,12,2024,3,33.93602,-118.41175,6,1.4,0.96135
25360,Kenneth Coleman,11,16,12,2024,3,33.8093,-118.51433,1,3.9,2.60897
16259,Matthew Walker,11,16,12,2024,3,34.1261,-118.42884667,9,3.7,2.46692
11103,Anthony Tucker,11,16,12,2024,3,33.89378,-118.46304,3,0.4,0.26354
28791,Dustin Ewing,11,16,12,2024,3,34.08386,-118.24078333,10,12.7,8.44696
19142,Jonathan Long,11,16,12,2024,3,33.89378,-118.65110333,2,6.9,4.6131
47833,Jennifer Garcia,11,16,12,2024,3,33.9149,-118.56562,2,2.1,1.40219
92828,Adrian Walsh,11,16,12,2024,3,33.89378,-118.34336333,4,2.3,1.51839
31026,Jared Jordan,11,16,12,2024,3,33.76706,-118.63400667,2,5.1,3.37634
38045,Tracy Holt,11,16,12,2024,3,33.72482,-118.44594333,1,4.6,3.05776
56565,Emily Williams,11,16,12,2024,3,33.7037,-118.46304,1,1.4,0.95476
37065,Tracy Gates,11,16,12,2024,3,33.8093,-118.56562,2,1.7,1.13525
60612,Kelly Escobar,11,16,12,2024,3,33.97826,-118.49723333,5,2.4,1.56864
36865,Matthew Barnes,11,16,12,2024,3,33.9149,-118.29207333,4,2.6,1.71252
75425,Billy Hickman,11,16,12,2024,3,33.99938,-118.22368667,8,3.9,2.6245
79108,Terry Moore,11,16,12,2024,3,33.9149,-118.22368667,8,1.7,1.10617
20895,Jasmine Salazar,11,16,12,2024,3,34.06274,-118.25788,10,1.8,1.20412
99708,Brandi Cross,11,16,12,2024,3,33.83042,-118.36046,4,0.1,0.08687
19384,Ms. Erin Shannon DDS,11,16,12,2024,3,33.85154,-118.36046,4,3.4,2.28831
76337,Helen Bailey,11,16,12,2024,3,33.89378,-118.29207333,4,2.4,1.60487
69518,Corey Anderson,11,16,12,2024,3,33.99938,-118.41175,6,1.6,1.07728
45356,David Soto,11,16,12,2024,3,33.89378,-118.32626667,4,3.0,2.01961
48388,Sharon Spencer,11,16,12,2024,3,33.9149,-118.27497667,4,2.2,1.44349
60194,Amanda Torres,11,16,12,2024,3,33.83042,-118.58271667,2,2.0,1.34779
76896,Jamie Obrien,11,16,12,2024,3,34.04162,-118.24078333,10,0.7,0.4982
96800,Nicholas Crosby,11,16,12,2024,3,34.06274,-118.30917,10,0.8,0.50755
15085,Chelsea Alvarez,11,16,12,2024,3,33.85154,-118.6682,2,4.5,2.99373
44317,Mary Flynn,11,16,12,2024,3,34.2317,-118.25788,11,32.9,21.95655
43987,Andrea Castro,11,16,12,2024,3,34.0205,-118.42884667,6,1.9,1.28945
72914,Julie Thompson,11,16,12,2024,3,33.9149,-118.34336333,4,2.3,1.55425
77692,Jeffrey Stevens,11,16,12,2024,3,33.97826,-118.17239667,8,11.8,7.837
49501,Michelle Delgado,11,16,12,2024,3,33.9149,-118.37755667,4,3.2,2.10805
84699,Darlene Hickman,11,16,12,2024,3,34.08386,-118.48013667,9,12.9,8.62541
28650,Michael Phelps,11,16,12,2024,3,33.74594,-118.51433,1,0.4,0.27065
42387,Shawn Green,11,16,12,2024,3,33.93602,-118.36046,6,3.5,2.35514
54600,Lance Gonzalez,11,16,12,2024,3,33.8093,-118.56562,2,0.8,0.56224
49346,Barbara Alvarez,11,16,12,2024,3,34.04162,-118.49723333,9,8.0,5.34282
19946,Brenda Oliver,11,16,12,2024,3,33.76706,-118.37755667,4,14.2,9.43631
37568,Christopher Williams,11,16,12,2024,3,34.0205,-118.32626667,6,2.4,1.60173
89015,Megan Gould,11,16,12,2024,3,34.0205,-118.54852333,5,5.0,3.33254
60785,Steven Frank,11,16,12,2024,3,33.9149,-118.37755667,4,6.2,4.14753
89080,Allison Barnett,11,16,12,2024,3,33.87266,-118.42884667,3,1.5,1.00513
99657,John Jackson,11,16,12,2024,3,33.83042,-118.36046,4,1.4,0.95161
86458,Edward Alexander,11,16,12,2024,3,33.89378,-118.37755667,4,0.6,0.4245
94734,Mary Gray,11,16,12,2024,3,33.97826,-118.25788,7,3.0,1.97165
41469,Natasha Schaefer,11,16,12,2024,3,34.04162,-118.25788,10,1.5,0.97745
36453,Austin Johnson,11,16,12,2024,3,34.04162,-118.22368667,10,8.4,5.61442
52423,Mrs. Lindsey Conner,11,16,12,2024,3,33.85154,-118.59981333,2,1.4,0.9529
16306,Brandon Jenkins,11,16,12,2024,3,34.25282,-118.25788,11,47.5,31.64922
76214,Keith Lewis,11,16,12,2024,3,33.83042,-118.32626667,4,7.8,5.18083
46606,Miranda Lambert,11,16,12,2024,3,33.78818,-118.54852333,1,1.7,1.15829
79237,Emily Cannon,11,16,12,2024,3,33.78818,-118.48013667,1,3.4,2.25815
46277,Zoe Greene,11,16,12,2024,3,33.93602,-118.29207333,7,1.6,1.04141
13996,Sarah Washington,11,16,12,2024,3,33.8093,-118.61691,2,0.5,0.36414
30728,Reginald Brown,11,16,12,2024,3,33.95714,-118.41175,6,2.0,1.35472
71712,Mr. Larry Wright Jr.,11,16,12,2024,3,33.99938,-118.44594333,6,0.6,0.38413
25490,Jessica Rogers,11,16,12,2024,3,33.85154,-118.65110333,2,9.8,6.51012
70912,Julian Lawrence,11,16,12,2024,3,33.97826,-118.25788,7,0.9,0.57283
79343,David Taylor,11,16,12,2024,3,34.14722,-118.27497667,11,14.3,9.54274
50804,Jacqueline Hawkins,11,16,12,2024,3,33.87266,-118.56562,2,2.4,1.61673
40593,David Kelley,11,16,12,2024,3,34.04162,-118.32626667,10,1.9,1.26071
57637,Janet Morris,11,16,12,2024,3,33.87266,-118.34336333,4,3.5,2.34701
27203,Pamela Hernandez,11,16,12,2024,3,33.89378,-118.58271667,2,1.2,0.80743
52867,Andrew Molina,11,16,12,2024,3,34.0205,-118.25788,7,3.2,2.10693
95447,Andrew Garza,11,16,12,2024,3,34.0205,-118.48013667,5,0.5,0.35524
76606,Tara Foley,11,16,12,2024,3,34.08386,-118.27497667,10,3.9,2.6006
42742,Mary Martinez,11,16,12,2024,3,33.97826,-118.51433,5,1.9,1.26287
46988,Christina Hutchinson,11,16,12,2024,3,33.9149,-118.44594333,3,1.9,1.28013
64224,Kevin Glass,11,16,12,2024,3,34.10498,-118.41175,9,0.5,0.35316
61453,Carol Santos MD,11,16,12,2024,3,34.14722,-118.29207333,11,10.8,7.18293
62913,Bradley Wright,11,16,12,2024,3,33.85154,-118.49723333,3,3.1,2.04884
16438,Amy Larson,11,16,12,2024,3,33.87266,-118.39465333,3,1.7,1.10659
53829,Thomas Hall,11,16,12,2024,3,34.04162,-118.32626667,10,1.7,1.10921
71986,Bobby Franklin,11,16,12,2024,3,33.74594,-118.58271667,2,0.5,0.36385
12398,Jose Bryant,11,16,12,2024,3,34.3373,-118.29207333,11,63.5,42.30222
21521,Craig Ross,11,16,12,2024,3,33.83042,-118.41175,3,1.8,1.18828
11152,Rebekah Jackson,11,16,12,2024,3,33.95714,-118.20659,8,3.2,2.14286
51515,Elizabeth Franco,11,16,12,2024,3,34.14722,-118.25788,11,11.3,7.51796
61791,Alexandria Swanson,11,16,12,2024,3,34.06274,-118.27497667,10,1.3,0.88371
30249,Nancy Miller,11,16,12,2024,3,34.0205,-118.22368667,8,2.2,1.44975
73809,Evan Cooper,11,16,12,2024,3,34.2317,-118.24078333,11,44.0,29.35912
98464,Donna Willis,11,16,12,2024,3,33.87266,-118.54852333,2,0.9,0.58085
72556,Latoya Gutierrez,11,16,12,2024,3,33.74594,-118.59981333,2,1.6,1.08757
55818,Edward Hale,11,16,12,2024,3,33.89378,-118.61691,2,5.9,3.96456
25874,Jeanne Haney,11,16,12,2024,3,33.97826,-118.53142667,5,1.3,0.85774
50894,Mary Clark,11,16,12,2024,3,34.2317,-118.25788,11,44.6,29.70419
99824,Bradley Pierce,11,16,12,2024,3,33.78818,-118.42884667,1,1.7,1.15784
28874,Elizabeth Welch,11,16,12,2024,3,33.95714,-118.24078333,7,2.7,1.8208
35310,Erik Reid,11,16,12,2024,3,33.76706,-118.61691,2,1.2,0.79994
77499,Angela Lloyd,11,16,12,2024,3,34.10498,-118.24078333,10,12.8,8.54863
39846,Brian Phillips,11,16,12,2024,3,33.9149,-118.36046,4,1.7,1.16182
98575,Emily Jackson,11,16,12,2024,3,33.83042,-118.63400667,2,1.3,0.83436
72228,David Roberts,11,16,12,2024,3,33.76706,-118.53142667,1,1.0,0.64644
76413,Michael Weber MD,11,16,12,2024,3,34.08386,-118.30917,10,2.3,1.53484
36617,Breanna Cooper,11,16,12,2024,3,33.87266,-118.65110333,2,9.1,6.07874
47603,Toni Chung,11,16,12,2024,3,33.9149,-118.46304,3,2.8,1.87926
55650,Alexandra James,11,16,12,2024,3,33.9149,-118.56562,2,2.0,1.3118
34363,Monique Chapman,11,16,12,2024,3,34.10498,-118.30917,10,0.8,0.52158
61065,Mary Newman,11,16,12,2024,3,33.99938,-118.42884667,6,1.4,0.95015
18380,Sarah Johnson,11,16,12,2024,3,33.72482,-118.51433,1,4.0,2.65781
78518,Sharon Jones,11,16,12,2024,3,34.04162,-118.24078333,10,5.9,3.94432
55729,Katherine Miller,11,16,12,2024,3,33.95714,-118.49723333,5,1.6,1.05801
99179,Jennifer Davis,11,16,12,2024,3,34.27394,-118.27497667,11,55.6,37.08919
10006,Terry Smith,11,16,12,2024,3,33.9149,-118.18949333,8,3.0,1.9989
25331,Christopher Proctor,11,16,12,2024,3,33.99938,-118.51433,5,2.2,1.44523
17040,William Martinez,11,16,12,2024,3,33.8093,-118.27497667,4,11.7,7.79119
33645,Laurie Thornton,11,16,12,2024,3,33.87266,-118.63400667,2,4.4,2.90728
71154,Russell Jordan,11,16,12,2024,3,33.85154,-118.44594333,3,0.7,0.43984
14942,Bryan Elliott,11,16,12,2024,3,33.89378,-118.48013667,3,1.2,0.76853
81744,James Wilkerson,11,16,12,2024,3,34.04162,-118.37755667,9,1.1,0.73574
24953,Michael Navarro,11,16,12,2024,3,34.29506,-118.24078333,11,51.3,34.18029
81429,Valerie Gonzalez,11,16,12,2024,3,33.85154,-118.56562,2,1.5,1.00774
34608,Randy Jackson,11,16,12,2024,3,34.06274,-118.37755667,9,1.9,1.28308
38773,Emily Grimes,11,16,12,2024,3,34.10498,-118.37755667,9,3.2,2.13883
82880,Penny Lewis,11,16,12,2024,3,34.08386,-118.32626667,10,2.4,1.60931
66419,Thomas Hernandez,11,16,12,2024,3,34.04162,-118.51433,9,12.2,8.13638
63338,Kelli Clark,11,16,12,2024,3,33.72482,-118.39465333,1,12.5,8.31286
89744,Miguel Robinson,11,16,12,2024,3,33.97826,-118.42884667,6,0.8,0.54808
67534,Nancy Diaz,11,16,12,2024,3,33.87266,-118.48013667,3,0.4,0.27841
77005,Christine Valencia,11,16,12,2024,3,34.06274,-118.22368667,10,13.7,9.16021
98258,Brian Strickland,11,16,12,2024,3,33.93602,-118.20659,8,1.5,0.99609
60064,Edward Cochran,11,16,12,2024,3,33.74594,-118.29207333,4,8.6,5.71004
63764,Erin Crawford,11,16,12,2024,3,34.06274,-118.29207333,10,1.3,0.89344
86420,Austin Blevins,11,16,12,2024,3,33.72482,-118.46304,1,0.6,0.38993
61376,Eric Chavez,11,16,12,2024,3,34.10498,-118.48013667,9,6.7,4.4571
56162,Travis Warren,11,16,12,2024,3,34.25282,-118.24078333,11,47.6,31.72135
49972,Katherine Rodriguez,11,16,12,2024,3,34.10498,-118.37755667,9,1.6,1.09595
66523,Hector Meadows,11,16,12,2024,3,33.85154,-118.54852333,2,2.6,1.75746
55896,Eileen Watson,11,16,12,2024,3,33.76706,-118.37755667,4,14.6,9.72691
75274,David Hill,11,16,12,2024,3,33.99938,-118.32626667,6,1.5,0.99996
99818,Allison Day,11,16,12,2024,3,34.27394,-118.30917,11,50.4,33.58486
61232,Whitney Martinez,11,16,12,2024,3,33.85154,-118.56562,2,1.7,1.10636
54855,Sarah Bennett,11,16,12,2024,3,34.04162,-118.46304,9,1.9,1.29004
99975,Michelle Weaver MD,11,16,12,2024,3,34.31618,-118.30917,11,68.0,45.34759
46478,Michael Everett,11,16,12,2024,3,33.87266,-118.29207333,4,1.4,0.93106
49537,Sandra Mccoy,11,16,12,2024,3,33.83042,-118.34336333,4,3.7,2.44877
16403,Vanessa Romero DDS,11,16,12,2024,3,33.85154,-118.54852333,2,0.3,0.20673
41556,Stephen Thompson,11,16,12,2024,3,33.99938,-118.32626667,6,1.0,0.65539
45112,Elizabeth Calhoun,11,16,12,2024,3,33.87266,-118.58271667,2,1.2,0.81528
62457,Sherry Conley,11,16,12,2024,3,33.87266,-118.36046,4,3.0,1.97905
22473,Stephanie Sloan,11,16,12,2024,3,34.16834,-118.29207333,11,10.0,6.67106
75801,Amanda Joseph,11,16,12,2024,3,34.06274,-118.37755667,9,1.0,0.64955
13109,Clayton Smith,11,16,12,2024,3,33.87266,-118.32626667,4,1.0,0.66744
52169,Wesley Rogers,11,16,12,2024,3,33.76706,-118.61691,2,8.1,5.42674
69941,Terry Miller Jr.,11,16,12,2024,3,33.89378,-118.42884667,3,0.6,0.43296
28450,Tonya Garcia,11,16,12,2024,3,34.04162,-118.36046,10,1.3,0.85071
79307,Michael Johnston,11,16,12,2024,3,34.21058,-118.22368667,11,38.5,25.6581
27202,Nathan Rivas,11,16,12,2024,3,33.99938,-118.39465333,6,3.1,2.0524
16444,Ashley Sloan,11,16,12,2024,3,34.08386,-118.22368667,10,12.1,8.06529
60091,Michael Mcclure,11,16,12,2024,3,33.76706,-118.63400667,2,4.5,2.98323
91473,Zachary Kim,11,16,12,2024,3,33.9149,-118.44594333,3,0.9,0.63157
52657,Jordan Lopez,11,16,12,2024,3,33.87266,-118.37755667,4,2.4,1.6266
53757,Mary Castro,11,16,12,2024,3,33.89378,-118.30917,4,0.7,0.44075
53584,Ashley Logan,11,16,12,2024,3,33.93602,-118.48013667,5,1.8,1.18015
64901,James Johnson,11,16,12,2024,3,33.78818,-118.56562,2,1.6,1.04428
94219,Carol Davis,11,16,12,2024,3,33.8093,-118.34336333,4,6.7,4.4924
36189,Jodi Marshall,11,16,12,2024,3,34.08386,-118.37755667,9,2.4,1.58359
19666,Allison Sharp,11,16,12,2024,3,34.04162,-118.29207333,10,1.3,0.84649
38559,Eric Bush,11,16,12,2024,3,33.9149,-118.48013667,3,3.8,2.51523
16980,Tony Morgan,11,16,12,2024,3,33.93602,-118.22368667,8,0.7,0.48789
28938,Andrew Sanchez,11,16,12,2024,3,33.8093,-118.30917,4,12.6,8.39129
97750,Derek Walker,11,16,12,2024,3,34.0205,-118.32626667,6,0.8,0.54163
80847,Angela Farmer,11,16,12,2024,3,33.89378,-118.54852333,2,0.7,0.44743
11903,Emily Foster,11,16,12,2024,3,33.95714,-118.54852333,5,2.3,1.51394
34551,Candice Harrell,11,16,12,2024,3,33.93602,-118.34336333,6,1.7,1.13071
51758,Laura Williams,11,16,12,2024,3,33.95714,-118.53142667,5,3.1,2.0856
50225,Taylor Banks,11,16,12,2024,3,33.74594,-118.44594333,1,3.7,2.48252
42060,Christine Gilbert DDS,11,16,12,2024,3,33.85154,-118.46304,3,1.3,0.85499
33729,Dr. Mary Thomas DDS,11,16,12,2024,3,34.14722,-118.29207333,11,9.9,6.61276
54134,Gregory Simmons,11,16,12,2024,3,34.16834,-118.27497667,11,35.8,23.85923
41547,Jamie Russell,11,16,12,2024,3,33.87266,-118.44594333,3,0.7,0.48621
22378,Jennifer Montoya,11,16,12,2024,3,34.0205,-118.37755667,6,0.7,0.47912
71610,Brian Larson,11,16,12,2024,3,33.99938,-118.29207333,7,1.3,0.89878
84958,Mark Flores,11,16,12,2024,3,34.0205,-118.37755667,6,0.8,0.52786
61256,Shawn Brown,11,16,12,2024,3,33.95714,-118.30917,7,3.2,2.10003
58755,Joshua Murphy,11,16,12,2024,3,34.2317,-118.30917,11,52.1,34.75686
36874,Elizabeth Fuller,11,16,12,2024,3,33.93602,-118.41175,6,0.2,0.12977
53732,Cynthia Boyd,11,16,12,2024,3,33.83042,-118.39465333,3,4.6,3.04827
63086,Jonathan Conley,11,16,12,2024,3,33.74594,-118.39465333,1,13.8,9.19587
27560,Mrs. Jillian Patel,11,16,12,2024,3,33.83042,-118.51433,3,2.2,1.45516
30935,Terrance Washington,11,16,12,2024,3,34.10498,-118.44594333,9,2.0,1.321
17439,Bruce Garcia,11,16,12,2024,3,34.29506,-118.24078333,11,54.1,36.09687
85578,Adam Williams,11,16,12,2024,3,33.83042,-118.56562,2,1.7,1.16486
81087,Stephanie Moore,11,16,12,2024,3,33.7037,-118.42884667,1,4.9,3.26783
90854,Shannon Fields,11,16,12,2024,3,33.89378,-118.56562,2,1.5,0.97738
82638,Donna Davis,11,16,12,2024,3,33.93602,-118.34336333,6,2.0,1.30824
26379,Kathy Berg,11,16,12,2024,3,34.31618,-118.32626667,11,55.8,37.19044
78966,Joe Tucker,11,16,12,2024,3,33.76706,-118.42884667,1,3.0,1.98212
39999,Kyle Hall,11,16,12,2024,3,34.08386,-118.25788,10,14.0,9.33988
77010,Jeffery Smith,11,16,12,2024,3,33.74594,-118.44594333,1,1.7,1.15435
41091,Mark Harrison,11,16,12,2024,3,33.8093,-118.58271667,2,0.2,0.10402
33616,Jessica Schultz,11,16,12,2024,3,34.10498,-118.25788,10,13.7,9.12368
27810,Rebecca Rodriguez,11,16,12,2024,3,33.93602,-118.25788,7,0.9,0.60318
66245,Christopher Orozco,11,16,12,2024,3,33.97826,-118.44594333,6,2.1,1.37392
47041,Deborah Glover,11,16,12,2024,3,33.95714,-118.54852333,5,0.1,0.0666
47527,Mark Wright,11,16,12,2024,3,33.87266,-118.6682,2,4.1,2.76355
85215,Edward Jenkins,11,16,12,2024,3,33.93602,-118.48013667,5,0.9,0.63301
43609,Michael Newton,11,16,12,2024,3,33.78818,-118.49723333,1,1.0,0.67827
73996,Marcia Ramirez,11,16,12,2024,3,33.83042,-118.59981333,2,1.0,0.65308
19419,Mr. Derek Shaw,11,16,12,2024,3,33.85154,-118.49723333,3,0.9,0.59172
38958,William Jimenez,11,16,12,2024,3,33.99938,-118.49723333,5,1.9,1.28208
23950,Lindsey Castro,11,16,12,2024,3,33.95714,-118.37755667,6,0.5,0.34504
22758,George Joyce,11,16,12,2024,3,33.8093,-118.27497667,4,11.4,7.61975
14635,Randy Powell,11,16,12,2024,3,33.9149,-118.42884667,3,1.4,0.95643
44688,Austin Garcia,11,16,12,2024,3,33.76706,-118.44594333,1,0.5,0.30048
19896,William Adams,11,16,12,2024,3,33.85154,-118.34336333,4,5.2,3.49337
49935,Selena Valencia,11,16,12,2024,3,34.06274,-118.27497667,10,0.4,0.27314
80952,Crystal Strong,11,16,12,2024,3,33.89378,-118.36046,4,1.1,0.71702
51516,Joseph Porter,11,16,12,2024,3,33.85154,-118.54852333,2,2.9,1.93403
82027,Alexander Whitney,11,16,12,2024,3,33.93602,-118.27497667,7,3.7,2.44466
30594,Natalie Lopez,11,16,12,2024,3,33.8093,-118.53142667,1,1.1,0.75849
48687,Jennifer Alvarado,11,16,12,2024,3,33.89378,-118.20659,8,1.8,1.17986
67104,Stephanie King,11,16,12,2024,3,33.7037,-118.49723333,1,2.7,1.77804
10573,Jose Sellers,11,16,12,2024,3,33.93602,-118.51433,5,2.1,1.42203
44885,Kelli Jefferson,11,16,12,2024,3,33.72482,-118.41175,1,6.8,4.5453
89415,Haley Hall,11,16,12,2024,3,33.78818,-118.36046,4,10.0,6.67036
76614,Sherry Ewing,11,16,12,2024,3,33.9149,-118.53142667,3,1.0,0.6561
54466,Greg Rivera,11,16,12,2024,3,33.97826,-118.30917,7,1.4,0.93707
87697,Rebecca Thompson,11,16,12,2024,3,33.97826,-118.32626667,6,0.6,0.4055
22715,Bryan Williams,11,16,12,2024,3,34.06274,-118.51433,9,3.6,2.42591
69045,Danielle Reynolds,11,16,12,2024,3,33.95714,-118.58271667,5,2.0,1.34576
53887,Adam Burke,11,16,12,2024,3,33.93602,-118.51433,5,0.9,0.58341
52975,Joshua Wang,11,16,12,2024,3,33.74594,-118.54852333,1,1.2,0.77488
18937,George Moore,11,16,12,2024,3,34.04162,-118.22368667,10,5.6,3.70857
77460,Kirsten Powell,11,16,12,2024,3,33.99938,-118.53142667,5,0.7,0.46764
10674,Karen Kennedy,11,16,12,2024,3,33.9149,-118.27497667,4,4.4,2.94429
40037,Joseph Thompson,11,16,12,2024,3,33.93602,-118.18949333,8,3.4,2.23335
35771,Kaitlyn Jackson,11,16,12,2024,3,33.8093,-118.48013667,1,2.0,1.36091
19035,Nathaniel Hunt,11,16,12,2024,3,33.93602,-118.1553,8,28.5,19.02305
32426,Amanda Alexander,11,16,12,2024,3,34.08386,-118.39465333,9,0.9,0.60457
93216,Michael Johnson,11,16,12,2024,3,33.93602,-118.53142667,5,2.3,1.50935
31377,Brandy Bailey,11,16,12,2024,3,33.89378,-118.58271667,2,0.5,0.34446
39235,John Walker,11,16,12,2024,3,33.87266,-118.54852333,2,0.6,0.3924
13586,Todd Gregory,11,16,12,2024,3,34.06274,-118.34336333,10,1.7,1.14451
61398,William Stewart,11,16,12,2024,3,34.06274,-118.24078333,10,6.6,4.37652
60176,Stephen Wood,11,16,12,2024,3,33.99938,-118.27497667,7,2.2,1.47078
94623,Mr. Joel Walters,11,16,12,2024,3,33.83042,-118.46304,3,3.0,1.97829
65949,Alexander Wells,11,16,12,2024,3,33.97826,-118.54852333,5,1.7,1.159
63743,Teresa Medina,11,16,12,2024,3,33.83042,-118.34336333,4,2.4,1.6121
37931,James Cooper,11,16,12,2024,3,34.06274,-118.49723333,9,11.3,7.53242
92526,Mary Adams,11,16,12,2024,3,34.04162,-118.25788,10,1.4,0.95003
57985,Matthew Hart,11,16,12,2024,3,33.9149,-118.29207333,4,7.9,5.28682
76962,Miguel Kaufman,11,16,12,2024,3,33.89378,-118.18949333,8,0.5,0.33143
38074,James Fields,11,16,12,2024,3,33.99938,-118.24078333,7,1.2,0.77454
18701,Jesse Thomas,11,16,12,2024,3,33.99938,-118.46304,6,1.9,1.23808
61349,Bryan Holmes,11,16,12,2024,3,33.89378,-118.51433,3,1.9,1.23523
65002,Jennifer Wallace,11,16,12,2024,3,34.04162,-118.41175,9,1.8,1.18577
35738,Patricia Smith,11,16,12,2024,3,34.0205,-118.24078333,7,1.2,0.79181
82459,Michael Glass,11,16,12,2024,3,34.0205,-118.24078333,7,2.6,1.70822
33294,Danny Morgan,11,16,12,2024,3,34.3373,-118.27497667,11,59.8,39.88003
40243,Jonathan James,11,16,12,2024,3,34.04162,-118.46304,9,1.9,1.29312
96695,Michael Arnold,11,16,12,2024,3,33.95714,-118.56562,5,0.6,0.38833
64311,Caitlin Garcia,11,16,12,2024,3,33.93602,-118.36046,6,1.8,1.2143
77542,Ryan Gomez,11,16,12,2024,3,34.0205,-118.42884667,6,2.2,1.49107
93454,Christopher Scott,11,16,12,2024,3,34.29506,-118.25788,11,64.8,43.18587
58824,Matthew Taylor,11,16,12,2024,3,34.06274,-118.41175,9,1.6,1.09858
62777,Jamie Williams,11,16,12,2024,3,33.78818,-118.61691,2,2.4,1.59918
75275,Daniel Moss,11,16,12,2024,3,33.9149,-118.39465333,3,1.0,0.67532
62860,Carmen Jordan,11,16,12,2024,3,34.0205,-118.25788,7,4.5,3.00979
13403,Renee Hayes,11,16,12,2024,3,34.0205,-118.54852333,5,6.6,4.38609
22901,Catherine Sullivan,11,16,12,2024,3,33.87266,-118.32626667,4,1.9,1.25896
69885,Shelby Mcdonald,11,16,12,2024,3,33.95714,-118.20659,8,3.0,2.01208
25321,Cindy Fletcher,11,16,12,2024,3,34.27394,-118.25788,11,55.5,37.01288
58370,Daniel Spencer,11,16,12,2024,3,33.97826,-118.24078333,7,4.2,2.77302
93998,Donald Garza,11,16,12,2024,3,33.95714,-118.27497667,7,4.6,3.04048
76586,Jasmine Campbell,11,16,12,2024,3,34.08386,-118.46304,9,2.7,1.81997
15725,Christopher Rivera,11,16,12,2024,3,33.9149,-118.51433,3,1.7,1.15809
56923,Kathleen Rivera,11,16,12,2024,3,33.78818,-118.42884667,1,1.9,1.29334
34274,Roberto Klein,11,16,12,2024,3,33.99938,-118.25788,7,1.6,1.08592
50956,Courtney Hart,11,16,12,2024,3,33.76706,-118.48013667,1,0.8,0.55593
48156,Robert Gray,11,16,12,2024,3,34.10498,-118.24078333,10,13.3,8.88329
40453,Monica Barton,11,16,12,2024,3,34.04162,-118.41175,9,2.4,1.57661
41474,Laurie Watts,11,16,12,2024,3,34.08386,-118.25788,10,15.0,9.98683
39099,Thomas Walker,11,16,12,2024,3,34.08386,-118.42884667,9,3.5,2.31175
70064,Matthew Barnes,11,16,12,2024,3,34.04162,-118.30917,10,1.4,0.94856
65677,Sarah Gordon,11,16,12,2024,3,33.89378,-118.41175,3,2.9,1.9283
10671,Kayla Zuniga,11,16,12,2024,3,33.93602,-118.32626667,6,5.9,3.91563
39862,David Jackson,11,16,12,2024,3,33.93602,-118.46304,6,1.7,1.15901
65180,Katie Grimes,11,16,12,2024,3,33.93602,-118.27497667,7,4.6,3.04914
32349,Eugene Schultz,11,16,12,2024,3,33.7037,-118.41175,1,8.7,5.80818
18168,Mr. Benjamin Hall,11,16,12,2024,3,34.04162,-118.39465333,9,1.1,0.73774
70753,Jennifer Turner,11,16,12,2024,3,33.8093,-118.59981333,2,3.1,2.07196
81389,Nicholas Banks,11,16,12,2024,3,34.0205,-118.44594333,6,3.5,2.34482
65983,Catherine Soto,11,16,12,2024,3,33.78818,-118.59981333,2,0.2,0.14727
27094,Daniel Brown,11,16,12,2024,3,34.0205,-118.18949333,8,12.9,8.58895
59009,Patricia Rodriguez,11,16,12,2024,3,33.78818,-118.39465333,1,4.4,2.96093
37848,Brandy Montoya,11,16,12,2024,3,33.7037,-118.42884667,1,5.2,3.48115
89581,Michael Lucas,11,16,12,2024,3,33.87266,-118.30917,4,1.7,1.12639
30940,David Krueger,11,16,12,2024,3,33.78818,-118.30917,4,13.6,9.07989
53509,Pamela Welch,11,16,12,2024,3,33.89378,-118.44594333,3,3.2,2.13007
85521,Edgar Conway,11,16,12,2024,3,33.9149,-118.49723333,3,1.1,0.7337
44782,Donna Stephens,11,16,12,2024,3,33.89378,-118.22368667,8,2.5,1.68243
33278,Larry David,11,16,12,2024,3,33.87266,-118.58271667,2,1.3,0.8708
29302,Laura Crane,11,16,12,2024,3,33.8093,-118.32626667,4,11.7,7.81889
85680,Angela Thompson,11,16,12,2024,3,33.78818,-118.41175,1,1.3,0.85605
26481,Taylor Lowe,11,16,12,2024,3,34.31618,-118.29207333,11,57.8,38.56619
48893,Raymond Evans,11,16,12,2024,3,33.8093,-118.46304,1,0.8,0.5082
58561,Ricardo Fernandez PhD,11,16,12,2024,3,33.99938,-118.49723333,5,1.6,1.0763
35192,Julie Schwartz,11,16,12,2024,3,34.1261,-118.44594333,9,6.1,4.06763
19660,David Austin,11,16,12,2024,3,33.95714,-118.58271667,5,4.3,2.88035
27392,Dr. Jessica Carr,11,16,12,2024,3,33.93602,-118.29207333,7,5.3,3.52051
71026,Tracy Keller MD,11,16,12,2024,3,33.95714,-118.18949333,8,21.2,14.10107
73846,Jesse Mcmahon,11,16,12,2024,3,33.93602,-118.39465333,6,1.2,0.81826
27012,Grant Harris,11,16,12,2024,3,33.83042,-118.51433,3,3.3,2.19399
58656,Bobby Rowe,11,16,12,2024,3,34.08386,-118.41175,9,1.1,0.74123
64132,Tina Perez,11,16,12,2024,3,33.74594,-118.48013667,1,0.2,0.15872
10953,Joy Rowe,11,16,12,2024,3,33.95714,-118.46304,6,1.7,1.1199
25743,Kyle Small,11,16,12,2024,3,33.78818,-118.25788,4,14.0,9.32117
99506,Lawrence Anderson,11,16,12,2024,3,33.76706,-118.27497667,4,14.6,9.74936
23310,Paula Hernandez,11,16,12,2024,3,33.95714,-118.48013667,5,2.1,1.3781
53579,Grace Valenzuela,11,16,12,2024,3,34.14722,-118.27497667,11,12.9,8.62516
54969,Meredith Brown,11,16,12,2024,3,33.99938,-118.30917,7,1.0,0.6584
52161,Benjamin Myers,11,16,12,2024,3,33.93602,-118.49723333,5,2.2,1.49032
89556,Derrick Brown,11,16,12,2024,3,33.83042,-118.48013667,3,2.0,1.3063
74516,Kelly Vincent,11,16,12,2024,3,33.9149,-118.24078333,4,1.2,0.7843
95114,Joshua Schmidt,11,16,12,2024,3,33.89378,-118.49723333,3,1.2,0.80276
45865,Stephanie Rivera,11,16,12,2024,3,34.16834,-118.30917,11,13.6,9.06326
98927,April Salinas,11,16,12,2024,3,33.87266,-118.49723333,3,0.9,0.61033
59733,Mrs. Amy Horton,11,16,12,2024,3,33.93602,-118.22368667,8,1.1,0.72732
50534,Melissa Christian,11,16,12,2024,3,34.04162,-118.34336333,10,1.8,1.19017
20537,Jordan Flores,11,16,12,2024,3,33.9149,-118.53142667,3,0.9,0.57354
93605,Dr. Brian Williams,11,16,12,2024,3,34.06274,-118.36046,10,1.2,0.81242
76856,Brian Morris,11,16,12,2024,3,34.06274,-118.44594333,9,3.0,2.0123
59534,Chad Peterson,11,16,12,2024,3,33.99938,-118.36046,6,0.8,0.54959
24098,Susan Greene,11,16,12,2024,3,33.9149,-118.41175,3,1.4,0.95328
29807,Antonio Moody,11,16,12,2024,3,34.25282,-118.27497667,11,45.0,29.98884
79212,Miguel Watson,11,16,12,2024,3,34.06274,-118.42884667,9,3.2,2.13313
39531,Anna Brewer,11,16,12,2024,3,33.87266,-118.56562,2,0.3,0.17304
81279,Jessica Greer,11,16,12,2024,3,33.97826,-118.53142667,5,2.5,1.66212
77152,Kristen Anderson,11,16,12,2024,3,33.87266,-118.44594333,3,0.9,0.61907
50551,Nathan Hartman,11,16,12,2024,3,33.8093,-118.39465333,1,1.4,0.9113
93780,Robert Horne,11,16,12,2024,3,33.95714,-118.56562,5,1.0,0.65073
47142,Austin Kaufman,11,16,12,2024,3,33.99938,-118.46304,6,1.5,0.97002
42896,Patrick English,11,16,12,2024,3,33.99938,-118.24078333,7,7.6,5.09024
41830,Cynthia Murphy,11,16,12,2024,3,33.95714,-118.36046,6,3.7,2.47201
66647,Victor Young,11,16,12,2024,3,33.95714,-118.22368667,8,0.9,0.56755
99938,Todd Todd,11,16,12,2024,3,34.04162,-118.42884667,9,4.9,3.29065
85723,Vicki Crawford,11,16,12,2024,3,33.9149,-118.58271667,2,2.1,1.42951
20019,Elizabeth Hughes,11,16,12,2024,3,33.89378,-118.37755667,4,3.2,2.15416
81992,Erin Lee,11,16,12,2024,3,33.89378,-118.65110333,2,5.7,3.83157
48248,Anna Brewer,11,16,12,2024,3,33.87266,-118.6682,2,2.0,1.34716
65791,Travis Gomez,11,16,12,2024,3,33.74594,-118.54852333,1,3.3,2.1732
26716,Nancy Berger,11,16,12,2024,3,33.99938,-118.22368667,8,8.5,5.66548
22581,Leah Smith,11,16,12,2024,3,33.99938,-118.25788,7,1.6,1.0902
88107,Phillip Jones,11,16,12,2024,3,34.25282,-118.29207333,11,46.9,31.24013
11021,Daniel Kennedy,11,16,12,2024,3,33.83042,-118.49723333,3,1.9,1.29341
32743,Stefanie Cunningham,11,16,12,2024,3,33.99938,-118.34336333,6,1.0,0.63725
30533,Susan Porter,11,16,12,2024,3,33.83042,-118.53142667,3,0.9,0.62381
46621,Dawn Nelson,11,16,12,2024,3,34.21058,-118.27497667,11,42.4,28.24323
61246,Katelyn Wells,11,16,12,2024,3,34.08386,-118.49723333,9,12.1,8.05245
29861,Joshua Sawyer,11,16,12,2024,3,33.78818,-118.44594333,1,0.8,0.55746
60362,Cameron Bell,11,16,12,2024,3,33.87266,-118.29207333,4,0.8,0.52298
33230,Margaret Burns,11,16,12,2024,3,34.06274,-118.42884667,9,1.6,1.06316
12253,Christopher Bailey,11,16,12,2024,3,34.04162,-118.30917,10,1.1,0.729
87633,Nathan Carrillo,11,16,12,2024,3,33.85154,-118.44594333,3,2.9,1.94225
96318,Dr. Margaret Todd MD,11,16,12,2024,3,34.04162,-118.29207333,10,3.4,2.29332
60292,Michelle Wright,11,16,12,2024,3,33.8093,-118.46304,1,3.0,2.03175
26630,Raven Day,11,16,12,2024,3,33.95714,-118.39465333,6,1.6,1.07499
97709,Jeffrey Baker,11,16,12,2024,3,34.04162,-118.25788,10,0.6,0.41403
40120,Amanda Howard,11,16,12,2024,3,34.27394,-118.27497667,11,60.1,40.0821
16555,James Lozano,11,16,12,2024,3,33.89378,-118.54852333,2,1.5,0.98405
31267,Suzanne Harris,11,16,12,2024,3,34.3373,-118.25788,11,62.4,41.58664
76363,Marissa Butler,11,16,12,2024,3,33.93602,-118.49723333,5,0.8,0.54328
91399,Darrell Medina,11,16,12,2024,3,33.85154,-118.53142667,3,0.5,0.34244
73792,Angelica Fernandez,11,16,12,2024,3,34.21058,-118.27497667,11,41.2,27.45032
44945,Michael Ward,11,16,12,2024,3,33.89378,-118.34336333,4,2.5,1.64647
27431,Stephen Schneider,11,16,12,2024,3,33.76706,-118.34336333,4,14.5,9.68184
30078,Ms. Teresa Cervantes,11,16,12,2024,3,33.78818,-118.54852333,1,0.9,0.59038
31563,Mariah Johnson,11,16,12,2024,3,33.83042,-118.42884667,3,1.2,0.79212
26968,Michael Page,11,16,12,2024,3,33.95714,-118.29207333,7,0.6,0.38583
96487,Shannon Taylor,11,16,12,2024,3,34.0205,-118.51433,5,6.4,4.27066
69411,Steven Bowers,11,16,12,2024,3,34.16834,-118.30917,11,13.8,9.19385
98946,Angela Pratt,11,16,12,2024,3,33.93602,-118.32626667,6,2.7,1.79675
20956,Allison Hanson,11,16,12,2024,3,33.83042,-118.48013667,3,2.2,1.48908
14189,Robin Patel,11,16,12,2024,3,33.85154,-118.63400667,2,3.6,2.41225
20844,Johnathan Gibson,11,16,12,2024,3,34.06274,-118.34336333,10,3.0,1.96952
85605,Rodney Jacobs,11,16,12,2024,3,34.2317,-118.29207333,11,35.6,23.76403
39543,Daniel Carrillo,11,16,12,2024,3,33.97826,-118.36046,6,1.6,1.05382
11630,Melissa Brown,11,16,12,2024,3,34.0205,-118.27497667,7,5.0,3.3012
63868,Thomas Rush,11,16,12,2024,3,33.78818,-118.51433,1,0.9,0.59465
53422,Jessica Harmon,11,16,12,2024,3,33.72482,-118.42884667,1,2.8,1.85128
74137,Joshua Jacobs,11,16,12,2024,3,33.89378,-118.34336333,4,2.1,1.39587
81462,Michael Davis,11,16,12,2024,3,33.93602,-118.18949333,8,3.1,2.0808
27522,Rebecca Mckee,11,16,12,2024,3,34.1261,-118.29207333,10,2.4,1.59462
72049,Scott Washington,11,16,12,2024,3,33.95714,-118.32626667,6,1.2,0.80868
58040,Christine Jones,11,16,12,2024,3,34.08386,-118.30917,10,2.6,1.74575
53147,Victor Sharp,11,16,12,2024,3,33.8093,-118.37755667,4,4.0,2.68218
48741,Ryan Harrison,11,16,12,2024,3,33.83042,-118.58271667,2,0.7,0.45357
74636,Michelle Fuller,11,16,12,2024,3,33.8093,-118.59981333,2,3.6,2.37687
57293,Judith Banks,11,16,12,2024,3,33.95714,-118.25788,7,5.1,3.43178
51131,Shelly Larson,11,16,12,2024,3,33.85154,-118.48013667,3,1.5,0.98931
94447,Brian Ross,11,16,12,2024,3,34.2317,-118.29207333,11,41.5,27.66617
91006,Steven Butler,11,16,12,2024,3,33.95714,-118.51433,5,2.4,1.62633
59613,Laura Ford,11,16,12,2024,3,33.89378,-118.53142667,3,1.2,0.81729
45299,John Stewart PhD,11,16,12,2024,3,34.0205,-118.27497667,7,0.9,0.60792
33696,Joseph Jackson,11,16,12,2024,3,33.99938,-118.18949333,8,9.9,6.61646
99209,Shannon Marshall,11,16,12,2024,3,33.9149,-118.30917,4,0.9,0.60828
53605,Sandra Espinoza,11,16,12,2024,3,34.1261,-118.42884667,9,4.4,2.90342
43161,David Murphy,11,16,12,2024,3,33.87266,-118.65110333,2,8.4,5.60166
81621,Tony Smith MD,11,16,12,2024,3,33.83042,-118.39465333,3,1.2,0.78851
67710,Mary Moore,11,16,12,2024,3,33.87266,-118.54852333,2,1.1,0.7115
85423,Nicholas Rivera,11,16,12,2024,3,33.7037,-118.48013667,1,1.2,0.81847
68339,Kenneth Hill,11,16,12,2024,3,33.8093,-118.49723333,1,2.2,1.45461
83829,Erica Miller,11,16,12,2024,3,33.78818,-118.37755667,4,7.1,4.719
93830,Calvin Brown,11,16,12,2024,3,33.97826,-118.37755667,6,4.1,2.73485
18734,Sylvia Carter,11,16,12,2024,3,33.97826,-118.51433,5,2.1,1.41258
40080,Anthony Medina,11,16,12,2024,3,33.93602,-118.54852333,5,0.7,0.43474
86424,Julie Arnold,11,16,12,2024,3,34.0205,-118.49723333,5,6.8,4.51551
18420,Cody Hancock,11,16,12,2024,3,34.0205,-118.41175,6,2.1,1.42329
63003,Timothy Russell,11,16,12,2024,3,33.9149,-118.32626667,4,4.3,2.88517
45105,Tracey Rodriguez,11,16,12,2024,3,33.8093,-118.51433,1,1.7,1.14741
60347,Cody Nolan,11,16,12,2024,3,34.1261,-118.29207333,10,4.5,2.98067
40171,Vicki Harrison,11,16,12,2024,3,34.21058,-118.30917,11,14.3,9.55622
27742,John Ruiz,11,16,12,2024,3,34.04162,-118.24078333,10,4.4,2.93324
50116,Ethan Nichols,11,16,12,2024,3,33.99938,-118.30917,7,1.1,0.70505
13614,Ryan Hughes,11,16,12,2024,3,33.74594,-118.42884667,1,3.4,2.23975
23338,Dr. Melvin Wallace DVM,11,16,12,2024,3,33.83042,-118.61691,2,1.7,1.12845
74276,Jose Hull,11,16,12,2024,3,33.87266,-118.61691,2,0.4,0.26894
24758,Laura Gardner,11,16,12,2024,3,33.87266,-118.49723333,3,1.6,1.06097
20219,Crystal Griffith,11,16,12,2024,3,33.83042,-118.54852333,2,0.3,0.23157
12625,Sarah Huerta,11,16,12,2024,3,33.83042,-118.63400667,2,3.4,2.28229
90748,Shelby Jimenez,11,16,12,2024,3,34.1261,-118.27497667,10,11.4,7.61835
51978,Ronald Barry,11,16,12,2024,3,34.29506,-118.27497667,11,56.7,37.79569
63987,Charles Conner,11,16,12,2024,3,33.8093,-118.25788,4,9.7,6.45807
22449,Paula Sawyer,11,16,12,2024,3,33.89378,-118.58271667,2,0.6,0.38671
38664,William Cooper,11,16,12,2024,3,33.9149,-118.22368667,8,1.8,1.19168
10295,Judith Oneal,11,16,12,2024,3,33.8093,-118.48013667,1,1.6,1.08759
35782,Sherri Russell,11,16,12,2024,3,34.06274,-118.25788,10,2.1,1.43247
80970,Randy Wallace,11,16,12,2024,3,33.95714,-118.44594333,6,1.7,1.10175
72477,Joshua Wood,11,16,12,2024,3,33.99938,-118.30917,7,2.2,1.44233
98392,Melissa Diaz,11,16,12,2024,3,33.7037,-118.44594333,1,3.9,2.61723
95826,Collin Valdez,11,16,12,2024,3,34.06274,-118.32626667,10,2.3,1.5523
98242,Chelsea Moon,11,16,12,2024,3,34.08386,-118.22368667,10,14.7,9.79025
58536,Nicholas Norton,11,16,12,2024,3,33.9149,-118.29207333,4,8.8,5.89533
73504,Angela Tucker,11,16,12,2024,3,33.9149,-118.25788,4,2.6,1.7068
66406,Jason Roberts,11,16,12,2024,3,34.10498,-118.39465333,9,1.4,0.92779
37335,Jason Smith,11,16,12,2024,3,33.85154,-118.48013667,3,1.6,1.09008
20595,Shaun Lambert,11,16,12,2024,3,34.08386,-118.29207333,10,1.3,0.85563
42266,Bradley Banks,11,16,12,2024,3,33.8093,-118.44594333,1,5.0,3.34547
54880,Todd Wheeler,11,16,12,2024,3,34.25282,-118.29207333,11,55.6,37.09302
98941,Anna Choi,11,16,12,2024,3,34.25282,-118.22368667,11,49.8,33.21964
57017,Kelly Lee,11,16,12,2024,3,34.0205,-118.54852333,5,4.1,2.74818
25854,Jay Cole,11,16,12,2024,3,33.93602,-118.30917,7,3.5,2.34192
31342,Alicia Tran,11,16,12,2024,3,33.76706,-118.42884667,1,3.2,2.13535
41039,Amy Thomas,11,16,12,2024,3,33.76706,-118.56562,2,1.9,1.28121
92640,Amy Perkins,11,16,12,2024,3,34.2317,-118.22368667,11,49.7,33.10297
23058,Keith Jones,11,16,12,2024,3,33.9149,-118.46304,3,0.9,0.59198
61456,Jeremy Pierce,11,16,12,2024,3,34.06274,-118.49723333,9,8.7,5.82746
12677,Amy Figueroa,11,16,12,2024,3,33.93602,-118.25788,7,1.7,1.11107
45875,Jenna Frank,11,16,12,2024,3,33.93602,-118.30917,7,2.5,1.64462
37318,Tyler Smith,11,16,12,2024,3,33.97826,-118.56562,5,2.2,1.49887
25300,James Morris,11,16,12,2024,3,33.95714,-118.25788,7,0.6,0.41821
21938,Maria Rose,11,16,12,2024,3,34.10498,-118.22368667,10,11.6,7.70423
85232,Patricia Sanchez,11,16,12,2024,3,34.25282,-118.22368667,11,53.0,35.30015
58213,Meghan Austin,11,16,12,2024,3,34.31618,-118.25788,11,59.9,39.92027
48169,Jose Chase,11,16,12,2024,3,34.3373,-118.25788,11,61.3,40.89797
61519,Anthony Davenport,11,16,12,2024,3,33.89378,-118.56562,2,2.1,1.39825
77924,Ryan Allen,11,16,12,2024,3,33.78818,-118.58271667,2,2.1,1.41667
91451,Sheila Ford,11,16,12,2024,3,33.78818,-118.37755667,4,4.5,2.97257
10432,Kristina Jackson,11,16,12,2024,3,34.31618,-118.24078333,11,58.8,39.23162
13337,Amanda Phillips,11,16,12,2024,3,34.0205,-118.51433,5,7.1,4.72713
80841,Cindy Mann,11,16,12,2024,3,34.1261,-118.46304,9,1.2,0.82507
51697,Matthew Hughes,11,16,12,2024,3,33.76706,-118.54852333,1,3.1,2.09704
98061,Dana Lewis,11,16,12,2024,3,33.95714,-118.46304,6,1.3,0.83708
39997,Zachary Martinez,11,16,12,2024,3,33.74594,-118.56562,2,1.5,1.00846
43362,Mrs. Amanda Harris,11,16,12,2024,3,33.76706,-118.36046,4,12.3,8.2227
19062,Kelly Esparza,11,16,12,2024,3,33.99938,-118.48013667,5,3.2,2.13612
41094,Jodi Jimenez,11,16,12,2024,3,33.95714,-118.29207333,7,1.4,0.91678
14382,Joan Jones,11,16,12,2024,3,33.95714,-118.56562,5,0.6,0.39904
37273,Beverly Chang,11,16,12,2024,3,34.06274,-118.30917,10,2.7,1.77405
28451,Joy Hansen,11,16,12,2024,3,34.0205,-118.46304,6,1.1,0.71397
31255,Richard Warner,11,16,12,2024,3,33.97826,-118.18949333,8,13.8,9.16787
19174,Shawn Morgan,11,16,12,2024,3,34.06274,-118.51433,9,12.7,8.44661
56443,John Shaw,11,16,12,2024,3,33.85154,-118.59981333,2,1.3,0.84427
57713,Deborah Mahoney,11,16,12,2024,3,33.97826,-118.32626667,6,0.8,0.54488
10748,Sierra Kerr,11,16,12,2024,3,34.0205,-118.44594333,6,1.6,1.06052
94638,William Clark,11,16,12,2024,3,33.89378,-118.48013667,3,1.4,0.93764
94993,Ashlee Townsend,11,16,12,2024,3,33.8093,-118.58271667,2,1.4,0.91904
33859,Donna Sutton,11,16,12,2024,3,34.04162,-118.29207333,10,3.0,2.01712
70584,Thomas Collins,11,16,12,2024,3,33.97826,-118.48013667,5,0.4,0.29474
83768,Thomas Sharp,11,16,12,2024,3,33.76706,-118.32626667,4,13.0,8.66937
61997,Wayne Woods,11,16,12,2024,3,33.89378,-118.61691,2,2.7,1.81588
68205,Francisco Meyers,11,16,12,2024,3,33.87266,-118.36046,4,2.1,1.42465
87316,James Cole,11,16,12,2024,3,33.78818,-118.32626667,4,14.3,9.52293
20389,Teresa Robinson,11,16,12,2024,3,33.76706,-118.56562,2,0.3,0.18918
75333,Ryan Williams,11,16,12,2024,3,33.76706,-118.36046,4,8.5,5.63395
94809,Donald Williams,11,16,12,2024,3,33.78818,-118.27497667,4,13.1,8.73319
73921,Chad Hawkins,11,16,12,2024,3,33.9149,-118.48013667,3,2.7,1.8096
28476,Joe Wheeler,11,16,12,2024,3,34.2317,-118.27497667,11,43.5,28.98515
39083,Brad James DDS,11,16,12,2024,3,34.29506,-118.32626667,11,64.9,43.26098
92972,Rebecca Dominguez,11,16,12,2024,3,33.87266,-118.41175,3,1.5,1.00666
27003,Anthony Jones,11,16,12,2024,3,33.7037,-118.46304,1,3.4,2.29309
74427,Paul Horn,11,16,12,2024,3,34.08386,-118.44594333,9,3.2,2.13031
60169,Paige Jacobs,11,16,12,2024,3,33.97826,-118.36046,6,1.7,1.10834
25319,Brian Williams,11,16,12,2024,3,34.2317,-118.24078333,11,47.5,31.67577
47818,Alexandra Brown,11,16,12,2024,3,34.08386,-118.27497667,10,2.6,1.7161
13578,Amanda Tanner,11,16,12,2024,3,33.89378,-118.27497667,4,0.5,0.32925
16272,Devin Harrington,11,16,12,2024,3,33.87266,-118.63400667,2,5.7,3.81293
58713,James Watson,11,16,12,2024,3,33.9149,-118.34336333,4,2.4,1.62618
50415,John Love,11,16,12,2024,3,33.74594,-118.53142667,1,0.9,0.60487
60830,Aaron Kelley,11,16,12,2024,3,33.95714,-118.53142667,5,2.8,1.88544
51552,Tamara Meyer,11,16,12,2024,3,33.89378,-118.27497667,4,3.0,2.0015
29598,Michael Stephens,11,16,12,2024,3,33.99938,-118.56562,5,4.9,3.26921
98487,Mary Baker,11,16,12,2024,3,33.78818,-118.39465333,1,3.6,2.39056
80880,Erin Ellis,11,16,12,2024,3,34.0205,-118.39465333,6,1.6,1.04629
71107,Peter Bell,11,16,12,2024,3,33.95714,-118.39465333,6,0.5,0.35832
33506,Robin Williams,11,16,12,2024,3,34.29506,-118.30917,11,54.7,36.43494
70519,Deborah Rodgers DVM,11,16,12,2024,3,33.87266,-118.37755667,4,0.5,0.35974
23170,Christopher Davis,11,16,12,2024,3,33.89378,-118.53142667,3,2.4,1.61711
26107,Stacie Cruz,11,16,12,2024,3,33.99938,-118.36046,6,0.7,0.44051
43189,Kristin Arnold,11,16,12,2024,3,33.74594,-118.41175,1,5.3,3.51042
17449,Jeffrey Francis,11,16,12,2024,3,33.8093,-118.54852333,1,2.0,1.35535
71055,Scott Cisneros,11,16,12,2024,3,34.04162,-118.27497667,10,4.9,3.24264
53800,Christopher Dominguez,11,16,12,2024,3,33.78818,-118.46304,1,0.9,0.59242
27685,Sydney Thomas,11,16,12,2024,3,34.14722,-118.30917,11,7.9,5.27892
34302,Steven Park,11,16,12,2024,3,34.08386,-118.32626667,10,2.6,1.73765
99377,Luis Gardner,11,16,12,2024,3,33.95714,-118.51433,5,1.2,0.80135
49213,Jennifer Newman,11,16,12,2024,3,33.93602,-118.29207333,7,2.6,1.71492
33382,Jordan Faulkner,11,16,12,2024,3,34.08386,-118.48013667,9,8.7,5.809
21524,Natalie Davis,11,16,12,2024,3,33.83042,-118.6682,2,4.0,2.69521
25244,Kristin Sexton,11,16,12,2024,3,33.85154,-118.53142667,3,1.8,1.20906
92245,Haley Gibbs,11,16,12,2024,3,34.06274,-118.39465333,9,0.5,0.36364
41987,Zachary Garcia,11,16,12,2024,3,33.78818,-118.41175,1,2.0,1.33352
44689,Stephanie Yu,11,16,12,2024,3,33.95714,-118.32626667,6,2.4,1.6148
18538,Laurie Jones,11,16,12,2024,3,33.97826,-118.53142667,5,1.4,0.95108
40615,Heather Stephens,11,16,12,2024,3,33.99938,-118.48013667,5,0.4,0.24598
19572,Marissa Estrada,11,16,12,2024,3,33.8093,-118.63400667,2,5.7,3.79365
32802,Christopher Dunlap,11,16,12,2024,3,33.83042,-118.37755667,4,2.7,1.78288
57093,Sandra Santos,11,16,12,2024,3,33.95714,-118.17239667,8,18.9,12.59393
25453,John Martinez,11,16,12,2024,3,34.06274,-118.32626667,10,3.3,2.18403
19907,Bethany Webb,11,16,12,2024,3,33.93602,-118.30917,7,0.5,0.35103
71412,Shannon Martinez,11,16,12,2024,3,33.95714,-118.22368667,8,2.7,1.79471
67763,Debra Brandt DDS,11,16,12,2024,3,34.27394,-118.30917,11,43.4,28.90079
78812,Mary Everett,11,16,12,2024,3,33.87266,-118.39465333,3,1.0,0.6364
71070,Sherry Stewart,11,16,12,2024,3,33.83042,-118.42884667,3,1.2,0.80749
71868,David Bentley,11,16,12,2024,3,33.9149,-118.25788,4,3.4,2.28149
81825,Paul Acosta,11,16,12,2024,3,33.74594,-118.58271667,2,0.9,0.58815
57383,Cody Singh,11,16,12,2024,3,33.83042,-118.37755667,4,3.9,2.60908
10113,Derek Jacobs,11,16,12,2024,3,33.8093,-118.41175,1,0.9,0.58247
44160,Mr. Jonathan Hughes,11,16,12,2024,3,33.8093,-118.65110333,2,6.3,4.18491
49895,Mrs. Lindsey Martin MD,11,16,12,2024,3,33.99938,-118.53142667,5,2.1,1.37181
92040,John Reed,11,16,12,2024,3,33.95714,-118.37755667,6,2.0,1.36562
29916,Samantha Cochran,11,16,12,2024,3,34.08386,-118.49723333,9,7.2,4.80243
33320,Sarah Mccarthy,11,16,12,2024,3,34.25282,-118.30917,11,43.7,29.10467
38010,John Haynes,11,16,12,2024,3,33.89378,-118.18949333,8,0.2,0.11559
43426,Kimberly Taylor MD,11,16,12,2024,3,34.04162,-118.48013667,9,14.1,9.42198
23250,Donna Lee,11,16,12,2024,3,33.9149,-118.30917,4,7.3,4.88867
15898,Daniel Gonzales,11,16,12,2024,3,33.8093,-118.34336333,4,12.7,8.44821
