badge,name,shift,day,month,year,group,lat,lon,area,time_to_travel,distance
71102,Jerry Nelson,1,1,1,2024,1,33.8093,-118.56562,2,3.4,1.68489
46873,Donald Fernandez,1,1,1,2024,1,33.97826,-118.29207333,7,1.6,0.8209
33365,Chad Lee,1,1,1,2024,1,33.97826,-118.51433,5,40.8,20.41282
31537,Angela Livingston,1,1,1,2024,1,33.97826,-118.22368667,8,8.8,4.42108
30118,Alexandria Lucas,1,1,1,2024,1,33.83042,-118.59981333,2,8.8,4.39008
29097,Stephen Brady,1,1,1,2024,1,33.76706,-118.32626667,4,3.2,1.57504
23742,Melissa Holland,1,1,1,2024,1,33.76706,-118.63400667,2,6.4,3.20841
55062,Holly Johnson,1,1,1,2024,1,33.78818,-118.39465333,1,45.0,22.48118
48183,Frank Barton,1,1,1,2024,1,33.87266,-118.48013667,3,8.9,4.44632
87718,Brandy Pugh,1,1,1,2024,1,33.72482,-118.51433,1,1.2,0.62057
46344,Deborah Anderson,1,1,1,2024,1,33.89378,-118.36046,4,0.5,0.23548
62869,Sheila Faulkner,1,1,1,2024,1,34.04162,-118.51433,9,5.9,2.96587
10057,Jeffrey Kramer,1,1,1,2024,1,33.9149,-118.48013667,3,8.6,4.29485
66848,Carly Hobbs,1,1,1,2024,1,34.0205,-118.37755667,6,68.7,34.33151
97636,John Hicks,1,1,1,2024,1,33.83042,-118.36046,4,8.9,4.45073
92363,Gregory Porter,1,1,1,2024,1,33.97826,-118.17239667,8,6.0,2.99118
26687,John Francis,1,1,1,2024,1,34.06274,-118.34336333,10,7.5,3.73946
64586,Ryan Meyers,1,1,1,2024,1,33.87266,-118.58271667,2,33.3,16.6482
85399,Jacob Garza,1,1,1,2024,1,33.95714,-118.20659,8,1.3,0.65694
38680,Mr. Steve Elliott,1,1,1,2024,1,33.97826,-118.46304,6,8.2,4.11196
64743,Angela Smith,1,1,1,2024,1,33.76706,-118.44594333,1,6.5,3.2284
96014,Stephen Gordon,1,1,1,2024,1,34.06274,-118.39465333,9,1.3,0.65243
74672,Wendy Franklin,1,1,1,2024,1,34.04162,-118.24078333,10,6.8,3.40778
71449,Courtney Gonzalez,1,1,1,2024,1,33.85154,-118.48013667,3,100.9,50.43925
99096,Ana Brown,1,1,1,2024,1,33.93602,-118.46304,6,64.0,31.98429
72469,Vanessa Hubbard,1,1,1,2024,1,33.99938,-118.44594333,6,67.1,33.53705
81465,Michelle Cox,1,1,1,2024,1,33.87266,-118.46304,3,104.7,52.36187
31291,Garrett Sparks,1,1,1,2024,1,34.29506,-118.32626667,11,7.7,3.86301
71106,Todd Smith,1,1,1,2024,1,34.04162,-118.34336333,10,9.3,4.6574
64602,Lawrence Williams,1,1,1,2024,1,34.2317,-118.29207333,11,2.7,1.36013
35451,Scott Campbell,1,1,1,2024,1,33.85154,-118.41175,3,7.6,3.8122
49021,Alexandria Gomez,1,1,1,2024,1,33.7037,-118.48013667,1,9.4,4.69806
95549,Michael Taylor,1,1,1,2024,1,33.74594,-118.49723333,1,1.7,0.84702
28822,Devin Young,1,1,1,2024,1,33.99938,-118.24078333,7,9.2,4.61539
43500,Janice Ross,1,1,1,2024,1,34.31618,-118.30917,11,4.2,2.10775
37887,Robert Weaver,1,1,1,2024,1,33.8093,-118.30917,4,9.9,4.93067
71746,Kristin Bishop,1,1,1,2024,1,34.0205,-118.49723333,5,59.6,29.792
78518,Margaret Carrillo,1,1,1,2024,1,34.29506,-118.32626667,11,9.7,4.85078
35446,Heather Daniels,1,1,1,2024,1,34.0205,-118.18949333,8,6.7,3.33216
23812,Jonathan Baker,1,1,1,2024,1,34.0205,-118.20659,8,6.6,3.3155
40766,Sherry Padilla,1,1,1,2024,1,34.27394,-118.27497667,11,1.0,0.5123
74166,Casey Sims,1,1,1,2024,1,34.1261,-118.46304,9,5.9,2.96143
58146,David Cox,1,1,1,2024,1,33.8093,-118.44594333,1,49.7,24.85747
26121,Ethan Cervantes,1,1,1,2024,1,33.9149,-118.17239667,8,6.3,3.17165
29849,Nicholas Thompson,1,1,1,2024,1,33.99938,-118.24078333,7,6.3,3.14537
77548,Mary Carter,1,1,1,2024,1,34.16834,-118.30917,11,6.6,3.27638
38376,Richard Newman,1,1,1,2024,1,34.06274,-118.30917,10,43.3,21.64954
12293,James Mcintyre,1,1,1,2024,1,33.8093,-118.51433,1,5.4,2.69029
26107,Jonathan Henderson,1,1,1,2024,1,33.9149,-118.39465333,3,4.0,1.99648
68947,Michael Morrison,1,1,1,2024,1,34.04162,-118.49723333,9,7.4,3.68344
30852,Patrick Walters,1,1,1,2024,1,33.83042,-118.42884667,3,33.0,16.48306
99392,Erin Reed,1,1,1,2024,1,33.99938,-118.36046,6,6.1,3.03501
63953,Cody Williams,1,1,1,2024,1,33.72482,-118.42884667,1,9.1,4.56604
90996,Melissa Morales,1,1,1,2024,1,34.04162,-118.36046,10,29.0,14.48339
74152,Virginia Howell,1,1,1,2024,1,33.97826,-118.25788,7,1.0,0.48454
15593,Bryan Wong,1,1,1,2024,1,34.3373,-118.24078333,11,11.5,5.76722
72400,Donna Gonzalez,1,1,1,2024,1,33.83042,-118.39465333,3,8.5,4.22977
47061,Joel Hill,1,1,1,2024,1,33.95714,-118.48013667,5,81.6,40.78419
78273,Thomas Riley,1,1,1,2024,1,33.78818,-118.42884667,1,48.7,24.36546
31594,Joshua Butler,1,1,1,2024,1,33.97826,-118.24078333,7,1.2,0.59674
26580,Nathaniel Chavez,1,1,1,2024,1,34.3373,-118.25788,11,9.3,4.67071
48488,James Horn,1,1,1,2024,1,34.31618,-118.29207333,11,2.1,1.03845
28312,Tracy Wilson,1,1,1,2024,1,34.06274,-118.36046,10,7.8,3.9222
22931,Jake Graham,1,1,1,2024,1,34.06274,-118.42884667,9,31.8,15.91876
80452,Dawn Johnson,1,1,1,2024,1,33.9149,-118.32626667,4,0.3,0.15427
95378,Daniel Davis,1,1,1,2024,1,33.93602,-118.1553,8,0.9,0.43674
17774,William Kidd,1,1,1,2024,1,34.06274,-118.42884667,9,30.7,15.33741
76571,Joshua Hernandez,1,1,1,2024,1,33.72482,-118.48013667,1,6.7,3.33757
39290,Anna Martin,1,1,1,2024,1,34.04162,-118.46304,9,32.0,15.98704
96552,Matthew Mason,1,1,1,2024,1,33.72482,-118.49723333,1,42.7,21.33943
20575,Carl Edwards,1,1,1,2024,1,33.83042,-118.6682,2,2.6,1.27783
17880,Miguel Hunter,1,1,1,2024,1,33.74594,-118.56562,2,8.1,4.04785
56515,Sharon Williams,1,1,1,2024,1,33.85154,-118.6682,2,2.6,1.28696
95732,Nichole Walker,1,1,1,2024,1,33.8093,-118.48013667,1,5.2,2.57826
72761,Tony Davis,1,1,1,2024,1,33.87266,-118.48013667,3,93.9,46.96097
25233,Kevin Martin,1,1,1,2024,1,33.78818,-118.46304,1,5.1,2.55771
28946,Maria Ross,1,1,1,2024,1,33.76706,-118.41175,1,40.2,20.11521
37733,Alec Kelley,1,1,1,2024,1,33.87266,-118.46304,3,71.5,35.74929
86404,Lisa Russell,1,1,1,2024,1,33.76706,-118.46304,1,6.9,3.43443
44008,Nicole Maynard,1,1,1,2024,1,34.1261,-118.29207333,10,8.3,4.14532
72218,John Anderson,1,1,1,2024,1,34.14722,-118.29207333,11,9.1,4.53222
20221,Gregory West,1,1,1,2024,1,34.1261,-118.30917,10,8.7,4.36392
14120,Luke Moran,1,1,1,2024,1,34.18946,-118.30917,11,9.0,4.47546
61379,Richard Hogan,1,1,1,2024,1,33.74594,-118.59981333,2,5.3,2.62706
54837,Tony Watkins,1,1,1,2024,1,33.99938,-118.51433,5,8.3,4.1277
27896,Jacob Bryant,1,1,1,2024,1,34.08386,-118.30917,10,7.8,3.89351
34504,Darryl Brown,1,1,1,2024,1,33.93602,-118.44594333,6,61.7,30.83334
73565,Maurice Lopez,1,1,1,2024,1,33.97826,-118.36046,6,5.5,2.73367
52513,Lindsey Brady,1,1,1,2024,1,33.87266,-118.32626667,4,7.6,3.80034
96176,Leonard Garcia,1,1,1,2024,1,33.99938,-118.20659,8,7.5,3.77395
95359,Casey Aguilar,1,1,1,2024,1,34.10498,-118.41175,9,8.9,4.46735
48452,Wanda Potts,1,1,1,2024,1,34.31618,-118.27497667,11,0.7,0.32623
15995,Nicole Johnson,1,1,1,2024,1,33.99938,-118.56562,5,9.6,4.78441
45320,Jamie Anderson,1,1,1,2024,1,33.97826,-118.46304,6,62.0,30.99563
25485,Derek Beck,1,1,1,2024,1,34.16834,-118.29207333,11,5.1,2.57134
69489,Dustin Ford,1,1,1,2024,1,33.76706,-118.56562,2,3.5,1.72813
76272,Michael Stewart,1,1,1,2024,1,34.21058,-118.22368667,11,4.9,2.44294
66792,Jonathan Lopez,1,1,1,2024,1,34.25282,-118.24078333,11,8.1,4.05863
41922,John Nelson,1,1,1,2024,1,34.18946,-118.29207333,11,8.9,4.47087
36565,Cheryl Flores,1,1,1,2024,1,33.89378,-118.39465333,3,3.9,1.95031
26571,Andrew Moore,1,1,1,2024,1,33.85154,-118.49723333,3,8.4,4.20711
42712,Kathryn Fry,1,1,1,2024,1,34.16834,-118.30917,11,1.2,0.60256
71175,Veronica Campbell,1,1,1,2024,1,33.8093,-118.41175,1,8.8,4.40353
91633,Elizabeth Carroll,1,1,1,2024,1,33.9149,-118.36046,4,2.1,1.0277
59628,James Trevino MD,1,1,1,2024,1,34.3373,-118.25788,11,14.8,7.41028
34416,Christopher Gomez,1,1,1,2024,1,33.97826,-118.53142667,5,6.2,3.09384
23158,Christopher Perry,1,1,1,2024,1,33.9149,-118.49723333,3,4.3,2.12984
98562,Christopher Monroe,1,1,1,2024,1,33.7037,-118.49723333,1,3.9,1.95834
60960,Erika Welch,1,1,1,2024,1,33.74594,-118.29207333,4,5.6,2.81183
12023,Brenda Stafford,1,1,1,2024,1,33.8093,-118.42884667,1,9.7,4.84089
16900,Alicia Doyle,1,1,1,2024,1,34.08386,-118.42884667,9,9.0,4.50116
80498,Lisa Rodriguez,1,1,1,2024,1,33.99938,-118.54852333,5,39.2,19.62017
21679,Samuel Hancock,1,1,1,2024,1,33.97826,-118.30917,7,1.1,0.55407
75260,Sharon Turner,1,1,1,2024,1,33.8093,-118.58271667,2,8.1,4.05889
30185,Melissa Brown,1,1,1,2024,1,34.25282,-118.29207333,11,0.3,0.13789
97111,Dave Boyer,1,1,1,2024,1,33.85154,-118.36046,4,7.5,3.73709
11440,Douglas Arias,1,1,1,2024,1,33.99938,-118.30917,7,5.8,2.91914
31417,Evan Kirby,1,1,1,2024,1,33.72482,-118.49723333,1,8.1,4.05581
38096,Clayton Lynn,1,1,1,2024,1,33.93602,-118.39465333,6,7.1,3.55643
38809,Nicole Nichols,1,1,1,2024,1,34.04162,-118.48013667,9,6.9,3.45202
21111,Elizabeth Bell,1,1,1,2024,1,33.78818,-118.42884667,1,7.6,3.77929
92433,Kim Ho,1,1,1,2024,1,34.04162,-118.27497667,10,8.2,4.07761
35267,Angela Pierce,1,1,1,2024,1,34.2317,-118.22368667,11,7.9,3.9728
58425,Caroline Garcia,1,1,1,2024,1,34.06274,-118.49723333,9,8.9,4.4742
79731,Kristen Carpenter,1,1,1,2024,1,33.93602,-118.41175,6,8.1,4.0438
98261,Jody Friedman,1,1,1,2024,1,34.04162,-118.44594333,9,33.5,16.76048
12968,Kimberly Owens,1,1,1,2024,1,33.99938,-118.51433,5,39.2,19.61621
36795,Kevin Burgess,1,1,1,2024,1,33.76706,-118.46304,1,59.8,29.88138
46806,Eric Harvey,1,1,1,2024,1,34.04162,-118.24078333,10,8.9,4.43067
42567,Lisa Lopez,1,1,1,2024,1,33.76706,-118.56562,2,2.1,1.06975
91936,Janice Rivera,1,1,1,2024,1,33.9149,-118.53142667,3,8.1,4.06513
58186,Carmen Day,1,1,1,2024,1,34.31618,-118.32626667,11,2.3,1.15996
45780,Richard Levine,1,1,1,2024,1,33.8093,-118.54852333,1,60.7,30.35304
53497,Lindsay Clayton,1,1,1,2024,1,33.99938,-118.22368667,8,6.2,3.10342
27412,Catherine Sutton,1,1,1,2024,1,34.18946,-118.27497667,11,8.8,4.38438
75955,Heidi White,1,1,1,2024,1,33.9149,-118.41175,3,73.8,36.88046
69549,Ronald Murray,1,1,1,2024,1,34.31618,-118.24078333,11,13.0,6.49695
76489,William Gomez,1,1,1,2024,1,34.31618,-118.27497667,11,1.8,0.90401
22131,Stephanie Ortiz,1,1,1,2024,1,34.2317,-118.22368667,11,8.8,4.40402
55211,Alan Hart,1,1,1,2024,1,33.95714,-118.49723333,5,8.6,4.32071
15165,Mr. Kevin Walker,1,1,1,2024,1,34.0205,-118.49723333,5,71.9,35.96231
95669,David Williams,1,1,1,2024,1,33.76706,-118.36046,4,7.6,3.81096
72881,Karen Newton,1,1,1,2024,1,34.27394,-118.25788,11,20.7,10.32853
59852,Cynthia Miller,1,1,1,2024,1,33.89378,-118.37755667,4,3.7,1.85348
84693,Laura Kelley,1,1,1,2024,1,33.85154,-118.65110333,2,2.9,1.47139
99262,Marissa Davenport,1,1,1,2024,1,33.8093,-118.39465333,1,7.5,3.74103
36742,Emily Hays,1,1,1,2024,1,33.87266,-118.6682,2,1.4,0.69095
66943,Kenneth Hines,1,1,1,2024,1,33.99938,-118.27497667,7,5.6,2.79735
59723,Juan Graham,1,1,1,2024,1,34.0205,-118.39465333,6,45.3,22.66595
35311,Derrick Spencer,1,1,1,2024,1,33.7037,-118.42884667,1,28.1,14.05746
17510,Kevin Horne,1,1,1,2024,1,33.97826,-118.39465333,6,1.7,0.86997
46113,Mark Holmes,1,1,1,2024,1,33.97826,-118.32626667,6,1.1,0.54083
73182,Shawna Cortez,1,1,1,2024,1,33.8093,-118.61691,2,9.4,4.72294
33743,Glen Larsen,1,1,1,2024,1,33.93602,-118.27497667,7,1.1,0.55779
68255,Michael Farmer,1,1,1,2024,1,33.85154,-118.42884667,3,3.7,1.83102
38046,Roberto Harrington,1,1,1,2024,1,33.76706,-118.46304,1,53.7,26.8525
92720,Marc Oliver,1,1,1,2024,1,33.76706,-118.44594333,1,44.1,22.0455
53875,Cassandra Hester,1,1,1,2024,1,34.29506,-118.30917,11,4.7,2.33732
46231,Robert Beck,1,1,1,2024,1,34.2317,-118.25788,11,9.1,4.53522
47251,Emily Ward,1,1,1,2024,1,34.08386,-118.44594333,9,46.5,23.27299
13476,Beverly Richards,1,1,1,2024,1,34.06274,-118.41175,9,38.2,19.09592
56135,Derek Wade,1,1,1,2024,1,33.95714,-118.42884667,6,8.3,4.14305
64936,Danielle Moore,1,1,1,2024,1,34.06274,-118.34336333,10,24.9,12.45821
95637,Gary Hampton,1,1,1,2024,1,33.95714,-118.53142667,5,9.6,4.77568
67066,Julie Ingram,1,1,1,2024,1,33.76706,-118.48013667,1,8.5,4.2286
40524,Scott Ramsey,1,1,1,2024,1,33.72482,-118.51433,1,2.0,1.00616
17238,Jessica Adams,1,1,1,2024,1,33.76706,-118.27497667,4,9.1,4.56536
64259,Connor Rodriguez,1,1,1,2024,1,33.87266,-118.41175,3,1.1,0.55845
38331,Heather Miller,1,1,1,2024,1,34.14722,-118.27497667,11,6.7,3.3274
41964,Frederick Coleman,1,1,1,2024,1,33.99938,-118.48013667,5,3.5,1.75958
26289,Austin Ramsey,1,1,1,2024,1,33.95714,-118.17239667,8,1.5,0.72512
33307,Erica Perez,1,1,1,2024,1,34.10498,-118.37755667,9,7.3,3.65965
52293,Charles Steele,1,1,1,2024,1,33.87266,-118.59981333,2,22.0,10.98139
79318,Benjamin Copeland,1,1,1,2024,1,34.14722,-118.27497667,11,6.1,3.03658
83054,Sergio Robertson,1,1,1,2024,1,33.78818,-118.32626667,4,9.5,4.74052
79297,Christina Smith,1,1,1,2024,1,33.97826,-118.24078333,7,1.2,0.60644
29161,Anthony Foster,1,1,1,2024,1,33.99938,-118.46304,6,58.4,29.19639
68802,John Wilson,1,1,1,2024,1,33.8093,-118.51433,1,9.0,4.49309
66368,Katherine Lewis,1,1,1,2024,1,33.76706,-118.39465333,1,36.5,18.25089
19707,Tonya Ross,1,1,1,2024,1,33.78818,-118.49723333,1,5.5,2.73679
86542,Larry Miller,1,1,1,2024,1,34.06274,-118.30917,10,58.3,29.14168
70274,Lori Hernandez,1,1,1,2024,1,33.87266,-118.61691,2,8.0,3.98323
97175,Eugene Rubio,1,1,1,2024,1,34.2317,-118.25788,11,8.5,4.24685
12801,Jeffrey Davis,1,1,1,2024,1,33.87266,-118.48013667,3,4.3,2.14425
82292,David Richardson,1,1,1,2024,1,33.9149,-118.58271667,2,8.1,4.07492
82538,Nicole Hamilton,1,1,1,2024,1,33.93602,-118.29207333,7,1.4,0.69163
40615,Denise Garcia,1,1,1,2024,1,34.10498,-118.30917,10,8.2,4.0846
77987,Lisa Robinson,1,1,1,2024,1,34.08386,-118.41175,9,28.9,14.4418
51791,Amanda Beard,1,1,1,2024,1,33.7037,-118.49723333,1,4.4,2.20811
18913,Eric Torres,1,1,1,2024,1,33.87266,-118.49723333,3,71.8,35.89974
76555,Lori Watson,1,1,1,2024,1,33.97826,-118.51433,5,53.9,26.96145
63040,Karen Chambers,1,1,1,2024,1,33.78818,-118.42884667,1,50.1,25.06507
48051,Christian Stewart,1,1,1,2024,1,33.9149,-118.17239667,8,10.0,4.98866
65193,Chad Jefferson,1,1,1,2024,1,33.93602,-118.42884667,6,72.2,36.08097
67972,James Solis,1,1,1,2024,1,33.8093,-118.65110333,2,7.1,3.56568
43432,Jeffrey Bell,1,1,1,2024,1,33.9149,-118.48013667,3,88.5,44.26975
26686,Evan Garcia,1,1,1,2024,1,33.76706,-118.53142667,1,4.2,2.09863
35981,Mary Gallegos,1,1,1,2024,1,33.76706,-118.49723333,1,8.5,4.23574
64966,Rebekah Wheeler,1,1,1,2024,1,33.93602,-118.22368667,8,6.0,2.9961
59083,Cheryl Graves,1,1,1,2024,1,33.89378,-118.46304,3,7.4,3.70592
31483,Laura Cook,1,1,1,2024,1,34.10498,-118.24078333,10,6.0,2.99635
36210,Monica Parks,1,1,1,2024,1,34.08386,-118.29207333,10,1.0,0.48883
60300,Christina Martin,1,1,1,2024,1,33.87266,-118.59981333,2,9.3,4.62549
13391,Kim Lambert,1,1,1,2024,1,33.78818,-118.30917,4,9.7,4.82771
55101,Sara Trevino,1,1,1,2024,1,34.10498,-118.25788,10,21.1,10.56114
51934,John Carpenter,1,1,1,2024,1,33.83042,-118.44594333,3,3.3,1.63384
51570,Raymond Smith,1,1,1,2024,1,33.99938,-118.41175,6,60.1,30.07219
36760,Cindy Wallace,1,1,1,2024,1,33.76706,-118.29207333,4,9.7,4.84902
50626,Sarah Underwood,1,1,1,2024,1,34.27394,-118.29207333,11,7.2,3.6144
15004,Nicole Patel,1,1,1,2024,1,33.99938,-118.25788,7,2.3,1.13814
45109,Richard Solis,1,1,1,2024,1,34.06274,-118.24078333,10,1.7,0.84457
46887,Michael Garcia,1,1,1,2024,1,33.83042,-118.48013667,3,103.5,51.75433
54313,Kenneth King,1,1,1,2024,1,33.95714,-118.22368667,8,4.1,2.0262
64714,Aaron Ali,1,1,1,2024,1,33.8093,-118.59981333,2,2.1,1.04358
38311,Steven Jacobs,1,1,1,2024,1,33.7037,-118.44594333,1,33.6,16.77599
34237,Jeremy Mitchell,1,1,1,2024,1,34.16834,-118.29207333,11,9.8,4.90792
72739,Nicholas Scott,1,1,1,2024,1,33.83042,-118.46304,3,3.0,1.50638
85073,Anthony Hernandez,1,1,1,2024,1,33.76706,-118.48013667,1,9.1,4.56659
61420,Joshua Nguyen,1,1,1,2024,1,33.8093,-118.37755667,4,6.9,3.42728
67737,William Tyler,1,1,1,2024,1,33.72482,-118.41175,1,8.1,4.06453
89636,Stephanie Juarez,1,1,1,2024,1,33.8093,-118.25788,4,7.9,3.92779
95127,David Fields,1,1,1,2024,1,33.95714,-118.27497667,7,1.3,0.64202
77196,Katie Thompson,1,1,1,2024,1,33.83042,-118.58271667,2,8.1,4.05973
15232,Peggy Reeves,1,1,1,2024,1,33.74594,-118.51433,1,9.1,4.5634
15579,Jennifer Peters,1,1,1,2024,1,34.08386,-118.27497667,10,7.3,3.67418
23745,Linda Miller,1,1,1,2024,1,34.04162,-118.46304,9,61.3,30.63904
55605,Christine Garcia,1,1,1,2024,1,33.89378,-118.46304,3,9.3,4.673
10055,Benjamin Hill,1,1,1,2024,1,34.0205,-118.46304,6,45.0,22.50957
85636,Ana Stone,1,1,1,2024,1,33.93602,-118.17239667,8,19.6,9.79092
85415,Spencer Johnson,1,1,1,2024,1,33.93602,-118.51433,5,46.0,22.97757
16013,Michael Owens,1,1,1,2024,1,33.99938,-118.56562,5,9.7,4.87365
44438,Brad Hammond,1,1,1,2024,1,33.78818,-118.29207333,4,7.6,3.78333
63920,Christy Park,1,1,1,2024,1,33.83042,-118.41175,3,7.6,3.80416
60338,James Richardson,1,1,1,2024,1,33.72482,-118.44594333,1,41.2,20.59843
63702,Carol Nguyen,1,1,1,2024,1,33.99938,-118.25788,7,1.8,0.91838
37636,Ashley Lucas,1,1,1,2024,1,33.93602,-118.30917,7,2.1,1.05966
47491,Samantha Rocha,1,1,1,2024,1,33.78818,-118.54852333,1,5.1,2.53641
60016,Brandy Carey,1,1,1,2024,1,33.99938,-118.30917,7,6.5,3.2474
18563,Ashley Edwards,1,1,1,2024,1,33.8093,-118.34336333,4,8.7,4.33171
54358,Michael Adams,1,1,1,2024,1,33.99938,-118.32626667,6,2.8,1.39759
49281,Mark Phillips,1,1,1,2024,1,34.0205,-118.18949333,8,7.9,3.97283
58118,Wendy Shelton,1,1,1,2024,1,33.72482,-118.46304,1,59.9,29.955
83607,Ryan Barrett,1,1,1,2024,1,33.9149,-118.46304,3,79.3,39.63706
25727,Ashley Morgan,1,1,1,2024,1,33.93602,-118.54852333,5,40.3,20.1529
20117,Michael Brown,1,1,1,2024,1,33.89378,-118.18949333,8,6.7,3.34316
83935,Christina Williams,1,1,1,2024,1,34.14722,-118.25788,11,4.5,2.27315
20829,Lauren Alexander,1,1,1,2024,1,33.74594,-118.42884667,1,6.9,3.45739
88297,Trevor Jones,1,1,1,2024,1,33.83042,-118.58271667,2,2.1,1.04741
93435,Danielle Carey,1,1,1,2024,1,33.85154,-118.54852333,2,46.0,22.99848
28234,Samuel Rodriguez,1,1,1,2024,1,34.0205,-118.37755667,6,5.7,2.83882
85892,Kimberly Edwards,1,1,1,2024,1,33.9149,-118.48013667,3,52.7,26.327
16462,Cody Rodriguez,1,1,1,2024,1,33.78818,-118.29207333,4,8.7,4.3637
85567,Laura Bryant,1,1,1,2024,1,33.8093,-118.48013667,1,2.8,1.42101
17855,Leslie Rodriguez,1,1,1,2024,1,33.85154,-118.61691,2,9.6,4.82185
44214,Mr. Trevor Smith DVM,1,1,1,2024,1,33.83042,-118.51433,3,59.1,29.5313
83776,Tiffany Ramirez,1,1,1,2024,1,33.95714,-118.54852333,5,2.1,1.07486
68981,James Bates,1,1,1,2024,1,34.14722,-118.30917,11,7.4,3.72194
33256,Nichole Miller,1,1,1,2024,1,33.97826,-118.44594333,6,45.2,22.61779
75983,Dana Ponce,1,1,1,2024,1,33.97826,-118.49723333,5,4.4,2.17708
46197,James Snyder,1,1,1,2024,1,33.95714,-118.25788,7,2.1,1.06365
35110,Samantha Lawrence,1,1,1,2024,1,33.76706,-118.49723333,1,2.6,1.28645
11963,Andrew Brown,1,1,1,2024,1,33.78818,-118.48013667,1,2.5,1.27174
34071,Amber Mcdaniel,1,1,1,2024,1,34.08386,-118.32626667,10,1.1,0.56139
73460,Krista Palmer,1,1,1,2024,1,33.89378,-118.20659,8,9.4,4.68768
74508,Jose Clark,1,1,1,2024,1,33.95714,-118.49723333,5,6.8,3.39965
16741,Erik Henry,1,1,1,2024,1,34.0205,-118.20659,8,9.2,4.57735
16719,Steven Higgins,1,1,1,2024,1,33.78818,-118.30917,4,7.1,3.56981
45237,Deborah Garrison,1,1,1,2024,1,34.0205,-118.36046,6,58.5,29.24682
22512,Ashley Kline,1,1,1,2024,1,34.04162,-118.41175,9,29.8,14.88887
18551,Cynthia Hoffman,1,1,1,2024,1,34.10498,-118.46304,9,37.0,18.51326
99548,Laurie Perry,1,1,1,2024,1,34.08386,-118.37755667,9,36.2,18.10794
11319,Brian Jacobs,1,1,1,2024,1,33.93602,-118.18949333,8,2.4,1.18646
60446,Katelyn Floyd,1,1,1,2024,1,33.95714,-118.53142667,5,7.7,3.85922
83496,Brandon Murphy,1,1,1,2024,1,33.95714,-118.29207333,7,0.4,0.17574
46024,Jennifer Cruz,1,1,1,2024,1,33.8093,-118.53142667,1,6.9,3.43887
75008,Roger Bryant,1,1,1,2024,1,34.1261,-118.44594333,9,9.3,4.64317
44473,Brooke Hart,1,1,1,2024,1,34.27394,-118.25788,11,5.9,2.93546
24514,Sean Allen,1,1,1,2024,1,34.0205,-118.22368667,8,6.5,3.23483
26140,Julie Smith,1,1,1,2024,1,34.0205,-118.39465333,6,68.0,33.98221
32587,Bryan Reese,1,1,1,2024,1,33.83042,-118.44594333,3,1.4,0.70665
53453,Bradley Martinez,1,1,1,2024,1,33.99938,-118.48013667,5,77.5,38.75514
34612,Sarah Bradford,1,1,1,2024,1,33.89378,-118.22368667,8,6.8,3.42246
54588,Teresa Williams,1,1,1,2024,1,33.99938,-118.39465333,6,7.3,3.62684
43961,Beth Lee,1,1,1,2024,1,33.78818,-118.48013667,1,1.1,0.52888
95900,Diana Blevins,1,1,1,2024,1,33.9149,-118.25788,4,8.4,4.21349
13581,Daniel Gregory,1,1,1,2024,1,33.9149,-118.44594333,3,2.4,1.19741
22207,Amber Palmer DDS,1,1,1,2024,1,33.76706,-118.58271667,2,1.8,0.91156
16274,Debra Rodgers,1,1,1,2024,1,34.06274,-118.27497667,10,25.5,12.72611
87296,Thomas Bray,1,1,1,2024,1,34.14722,-118.29207333,11,7.8,3.89615
63730,Patricia Jones,1,1,1,2024,1,33.87266,-118.36046,4,7.2,3.57641
68078,Krista Cisneros,1,1,1,2024,1,33.9149,-118.39465333,3,6.7,3.32886
91827,Benjamin Rasmussen,1,1,1,2024,1,33.99938,-118.34336333,6,44.8,22.40482
39546,Nicole Klein,1,1,1,2024,1,33.76706,-118.51433,1,2.0,0.98275
75674,Ryan Chavez,1,1,1,2024,1,34.10498,-118.44594333,9,7.6,3.7869
99854,Erin Gordon,1,1,1,2024,1,33.9149,-118.18949333,8,7.5,3.76543
70740,Michael Larsen,1,1,1,2024,1,33.76706,-118.32626667,4,4.0,1.98126
57764,David Hansen,1,1,1,2024,1,33.87266,-118.44594333,3,6.2,3.1184
68253,Samantha Beltran,1,1,1,2024,1,33.97826,-118.42884667,6,54.6,27.31988
77772,Sherri Hernandez,1,1,1,2024,1,33.76706,-118.51433,1,0.5,0.2528
29603,Lori Nguyen,1,1,1,2024,1,34.0205,-118.25788,7,36.6,18.31696
46064,Jeffrey Clay,1,1,1,2024,1,34.0205,-118.42884667,6,39.5,19.76943
38675,Emily Ramirez,1,1,1,2024,1,33.99938,-118.49723333,5,5.8,2.89828
36909,Jeremy Bradshaw,1,1,1,2024,1,34.08386,-118.32626667,10,1.6,0.78585
34100,Keith Hill,1,1,1,2024,1,34.0205,-118.30917,7,5.9,2.96154
49721,Jamie Reeves,1,1,1,2024,1,33.78818,-118.51433,1,9.0,4.50386
85292,Cesar West,1,1,1,2024,1,34.1261,-118.27497667,10,7.7,3.82892
54371,Ivan Lee,1,1,1,2024,1,33.78818,-118.49723333,1,2.8,1.385
28416,Mary Murray,1,1,1,2024,1,33.8093,-118.32626667,4,9.4,4.7013
38410,Benjamin Melton,1,1,1,2024,1,33.85154,-118.48013667,3,2.0,1.01316
99692,Noah Beasley,1,1,1,2024,1,34.0205,-118.46304,6,73.3,36.6602
17119,Jose Rodriguez,1,1,1,2024,1,33.89378,-118.42884667,3,3.5,1.74815
23398,Valerie Reid,1,1,1,2024,1,33.8093,-118.54852333,1,52.5,26.23914
19492,Nathaniel Brock,1,1,1,2024,1,33.8093,-118.44594333,1,7.0,3.48415
93148,Jennifer Aguilar,1,1,1,2024,1,34.2317,-118.24078333,11,8.2,4.1045
99430,Wendy Martin,1,1,1,2024,1,33.99938,-118.53142667,5,3.5,1.75554
73445,Valerie Crawford,1,1,1,2024,1,33.89378,-118.65110333,2,9.7,4.83967
31099,Michael Evans,1,1,1,2024,1,33.89378,-118.49723333,3,48.5,24.23422
57322,Lori Vincent,1,1,1,2024,1,33.74594,-118.53142667,1,7.3,3.65943
37375,Melissa Davis,1,1,1,2024,1,33.95714,-118.51433,5,66.0,32.99041
72582,Whitney Wagner,1,1,1,2024,1,33.74594,-118.44594333,1,9.2,4.6144
27862,Jenna Hines,1,1,1,2024,1,34.27394,-118.24078333,11,8.2,4.07574
49164,Dawn Cantrell,1,1,1,2024,1,33.95714,-118.44594333,6,69.8,34.90919
74712,Jamie Copeland,1,1,1,2024,1,34.1261,-118.27497667,10,9.2,4.58638
88472,Joseph Williams,1,1,1,2024,1,33.85154,-118.39465333,3,8.0,4.00646
78476,Patricia Hill,1,1,1,2024,1,34.1261,-118.48013667,9,7.9,3.96248
64165,Mariah Peterson,1,1,1,2024,1,33.93602,-118.53142667,5,3.4,1.72111
53720,Cindy Williams,1,1,1,2024,1,33.87266,-118.44594333,3,8.8,4.4215
18841,Ashley White,1,1,1,2024,1,33.76706,-118.48013667,1,1.4,0.71148
30176,Tammy Morris MD,1,1,1,2024,1,33.78818,-118.41175,1,45.7,22.85154
43453,Krista Powers,1,1,1,2024,1,33.83042,-118.56562,2,42.0,20.98198
81335,Jacqueline Richardson,1,1,1,2024,1,33.83042,-118.44594333,3,1.6,0.78074
41709,Courtney Gonzales,1,1,1,2024,1,33.9149,-118.56562,2,32.7,16.36177
59297,Amy Mccormick,1,1,1,2024,1,33.95714,-118.46304,6,43.1,21.52787
21060,Jennifer Hobbs,1,1,1,2024,1,33.97826,-118.48013667,5,6.4,3.20021
94830,Dennis Baxter,1,1,1,2024,1,33.72482,-118.48013667,1,9.0,4.48835
88470,Michelle Aguilar,1,1,1,2024,1,33.97826,-118.44594333,6,51.2,25.58236
51563,Austin Acosta,1,1,1,2024,1,33.72482,-118.44594333,1,43.1,21.55294
63908,James Wilkerson,1,1,1,2024,1,33.8093,-118.56562,2,34.5,17.27406
79361,Allison Boyd,1,1,1,2024,1,33.97826,-118.41175,6,65.2,32.58155
86771,Felicia Hendrix,1,1,1,2024,1,33.74594,-118.39465333,1,2.2,1.08518
22822,Antonio James,1,1,1,2024,1,33.99938,-118.39465333,6,53.0,26.50404
86912,Jenna Becker,1,1,1,2024,1,33.93602,-118.42884667,6,76.4,38.19082
71465,Amy Johnston,1,1,1,2024,1,34.10498,-118.22368667,10,8.7,4.36325
13441,Shane Jenkins,1,1,1,2024,1,33.87266,-118.56562,2,5.6,2.80255
91463,Robert Romero,1,1,1,2024,1,34.0205,-118.53142667,5,73.1,36.53671
51987,William Wang,1,1,1,2024,1,34.31618,-118.25788,11,0.4,0.1806
56863,Amanda Stephens,1,1,1,2024,1,33.83042,-118.37755667,4,4.3,2.15401
84640,Benjamin Davis,1,1,1,2024,1,33.95714,-118.53142667,5,63.6,31.80099
65082,Sharon Baker,1,1,1,2024,1,33.89378,-118.32626667,4,3.1,1.53225
78756,Elizabeth Hill,1,1,1,2024,1,33.78818,-118.61691,2,1.5,0.73633
86997,Morgan Hickman,1,1,1,2024,1,33.93602,-118.44594333,6,52.1,26.0623
98696,Chad Patel,1,1,1,2024,1,34.10498,-118.48013667,9,5.9,2.92544
62738,Angela Hicks,1,1,1,2024,1,33.93602,-118.36046,6,2.3,1.16718
12256,Amanda Olsen,1,1,1,2024,1,33.76706,-118.34336333,4,5.1,2.54432
94874,Andrea Green,1,1,1,2024,1,33.74594,-118.44594333,1,50.9,25.44513
60562,William Rodriguez,1,1,1,2024,1,33.89378,-118.41175,3,6.0,2.99386
73738,Todd Walker,1,1,1,2024,1,34.18946,-118.30917,11,6.4,3.18744
23229,James Johns,1,1,1,2024,1,33.95714,-118.30917,7,4.6,2.31301
51237,Lawrence Adams,1,1,1,2024,1,34.06274,-118.41175,9,34.1,17.05116
10486,Kimberly Jones,1,1,1,2024,1,34.0205,-118.29207333,7,46.3,23.1483
29119,Kari Stephens,1,1,1,2024,1,33.9149,-118.36046,4,2.3,1.13837
52954,Mark Simpson,1,1,1,2024,1,33.74594,-118.41175,1,38.2,19.11671
87141,Adam Martin DDS,1,1,1,2024,1,33.89378,-118.20659,8,8.1,4.05711
26489,Justin Patel,1,1,1,2024,1,33.8093,-118.46304,1,1.2,0.60232
90200,Karen Bryant,1,1,1,2024,1,33.89378,-118.29207333,4,7.2,3.60841
78679,Jennifer Figueroa,1,1,1,2024,1,33.83042,-118.54852333,2,2.1,1.02716
13506,Joshua Singleton,1,1,1,2024,1,33.83042,-118.63400667,2,5.6,2.8223
46357,Robin Santiago,1,1,1,2024,1,33.87266,-118.58271667,2,37.0,18.52425
23186,Christopher Chavez,1,1,1,2024,1,33.8093,-118.27497667,4,8.8,4.38621
33735,Katie Perry,1,1,1,2024,1,33.99938,-118.46304,6,42.2,21.10865
20611,Mark Cole,1,1,1,2024,1,34.0205,-118.34336333,6,50.2,25.10806
77158,Jenny Brooks DDS,1,1,1,2024,1,34.16834,-118.27497667,11,8.2,4.08416
65283,Wendy Hudson,1,1,1,2024,1,34.08386,-118.49723333,9,9.6,4.78437
20520,Craig Fernandez,1,1,1,2024,1,33.9149,-118.22368667,8,9.7,4.8728
24325,Anthony Marshall,1,1,1,2024,1,33.9149,-118.20659,8,8.0,3.9821
65921,Morgan Rodriguez,1,1,1,2024,1,33.74594,-118.59981333,2,13.9,6.96548
72613,Tom Elliott,1,1,1,2024,1,34.10498,-118.27497667,10,9.7,4.86532
99014,Cynthia Miller,1,1,1,2024,1,33.85154,-118.46304,3,68.2,34.1187
73383,Dr. William Wilson,1,1,1,2024,1,33.76706,-118.49723333,1,7.7,3.85699
26061,Brittney Keller,1,1,1,2024,1,33.78818,-118.53142667,1,61.3,30.63989
61854,Joshua Nash,1,1,1,2024,1,33.97826,-118.56562,5,5.7,2.86348
97620,Alicia Jones,1,1,1,2024,1,34.0205,-118.48013667,5,2.6,1.30995
66247,Kristopher Watson,1,1,1,2024,1,34.2317,-118.30917,11,9.1,4.55386
64633,Daniel Clayton,1,1,1,2024,1,34.04162,-118.22368667,10,5.3,2.64755
72049,Geoffrey Nelson,1,1,1,2024,1,33.78818,-118.58271667,2,1.9,0.94173
26578,Joseph Williams,1,1,1,2024,1,33.95714,-118.42884667,6,8.9,4.4346
13500,Kenneth Graham,1,1,1,2024,1,34.10498,-118.48013667,9,7.4,3.71725
47935,Lori Washington,1,1,1,2024,1,34.25282,-118.30917,11,9.0,4.47885
78130,Donald Armstrong,1,1,1,2024,1,33.87266,-118.51433,3,6.7,3.35993
84742,Reginald Dunn,1,1,1,2024,1,34.06274,-118.24078333,10,9.3,4.63285
86072,Robert Anderson,1,1,1,2024,1,33.8093,-118.49723333,1,2.4,1.18466
10407,Thomas Mccall,1,1,1,2024,1,33.83042,-118.53142667,3,55.2,27.60496
47104,Edward Mclaughlin,1,1,1,2024,1,34.08386,-118.22368667,10,9.5,4.76896
71993,Brandon Leblanc,1,1,1,2024,1,33.99938,-118.54852333,5,0.9,0.44742
67440,Trevor Ramirez,1,1,1,2024,1,34.0205,-118.22368667,8,9.7,4.87173
44030,Andrew Clark,1,1,1,2024,1,34.1261,-118.29207333,10,7.0,3.52152
79308,Catherine Peters,1,1,1,2024,1,33.97826,-118.48013667,5,4.7,2.34302
16652,Matthew Roberts,1,1,1,2024,1,34.04162,-118.27497667,10,33.3,16.67311
75466,Jamie Jones,1,1,1,2024,1,33.89378,-118.42884667,3,3.2,1.61584
19175,Catherine Wilkins,1,1,1,2024,1,34.0205,-118.36046,6,33.6,16.81122
79395,Jon Smith,1,1,1,2024,1,33.93602,-118.1553,8,1.0,0.51554
21548,Alexis Martinez,1,1,1,2024,1,33.8093,-118.61691,2,9.8,4.91937
68016,Mr. Dennis Lin,1,1,1,2024,1,34.25282,-118.27497667,11,2.5,1.23991
33635,Christopher Thomas,1,1,1,2024,1,33.83042,-118.46304,3,2.6,1.30022
36437,Reginald Wood,1,1,1,2024,1,33.89378,-118.48013667,3,82.3,41.14585
35224,Mrs. Amanda Chapman,1,1,1,2024,1,34.08386,-118.39465333,9,8.0,4.02411
85431,Nathan Mack,1,1,1,2024,1,33.8093,-118.48013667,1,93.2,46.57966
73667,Connie Morton,1,1,1,2024,1,33.89378,-118.49723333,3,74.1,37.06239
10931,Brian Hardy,1,1,1,2024,1,33.95714,-118.32626667,6,2.0,0.9887
36736,Amanda Mcknight,1,1,1,2024,1,34.06274,-118.32626667,10,38.7,19.34435
12607,Mary Moore,1,1,1,2024,1,33.7037,-118.48013667,1,9.2,4.58096
15283,Tyler Castro,1,1,1,2024,1,33.87266,-118.46304,3,75.1,37.52575
14180,Meagan Berry,1,1,1,2024,1,33.89378,-118.56562,2,6.9,3.46651
77521,Ariel Cameron,1,1,1,2024,1,33.76706,-118.58271667,2,2.3,1.16435
39526,Nichole Johnson,1,1,1,2024,1,34.10498,-118.39465333,9,7.1,3.55677
10408,Troy Williams,1,1,1,2024,1,34.0205,-118.44594333,6,35.2,17.59433
63706,Tammy Santos,1,1,1,2024,1,33.74594,-118.48013667,1,9.2,4.61746
71450,Michael Myers,1,1,1,2024,1,33.95714,-118.36046,6,3.7,1.82801
11315,Lee Nguyen,1,1,1,2024,1,33.87266,-118.37755667,4,3.1,1.52619
34104,Alicia Weaver,1,1,1,2024,1,33.74594,-118.51433,1,30.1,15.02737
36838,Brian Garner,1,1,1,2024,1,33.85154,-118.39465333,3,7.2,3.60556
93484,Amy Melton,1,1,1,2024,1,34.1261,-118.25788,10,9.6,4.81075
64198,Phillip Dennis,1,1,1,2024,1,34.29506,-118.27497667,11,7.2,3.60307
69334,Mrs. Shannon Barnes,1,1,1,2024,1,34.04162,-118.30917,10,6.6,3.28697
30028,Charles Bryan,1,1,1,2024,1,33.93602,-118.51433,5,8.8,4.40029
81839,Rhonda Fields,1,1,1,2024,1,34.04162,-118.42884667,9,46.3,23.14187
48894,Brian Lopez,1,1,1,2024,1,34.04162,-118.49723333,9,5.5,2.74912
83822,Charles Lee,1,1,1,2024,1,33.97826,-118.17239667,8,9.1,4.55858
91737,Ann Pena,1,1,1,2024,1,33.78818,-118.39465333,1,8.8,4.38269
19360,Stacey Thornton,1,1,1,2024,1,33.72482,-118.42884667,1,44.1,22.03444
51863,Briana Turner,1,1,1,2024,1,33.7037,-118.42884667,1,21.0,10.48241
68567,Antonio Smith,1,1,1,2024,1,33.85154,-118.53142667,3,54.5,27.24838
38582,Sherri Wright,1,1,1,2024,1,34.08386,-118.22368667,10,4.8,2.38944
97171,Katie Russell,1,1,1,2024,1,33.93602,-118.42884667,6,68.1,34.02808
49706,Michael Andrews,1,1,1,2024,1,34.06274,-118.48013667,9,22.6,11.30957
80243,Dr. Charles Jefferson,1,1,1,2024,1,33.97826,-118.56562,5,5.1,2.56878
56629,Heather Rogers,1,1,1,2024,1,33.76706,-118.30917,4,8.6,4.29445
99726,Scott Phelps,1,1,1,2024,1,33.93602,-118.41175,6,87.9,43.95173
47597,Elizabeth Murray,1,1,1,2024,1,33.97826,-118.39465333,6,5.7,2.85632
33122,Lori Gordon,1,1,1,2024,1,33.8093,-118.37755667,4,9.1,4.57263
27244,Mrs. Kristin Webb,1,1,1,2024,1,33.78818,-118.25788,4,8.5,4.24673
96182,Paige Friedman,1,1,1,2024,1,34.04162,-118.32626667,10,2.9,1.4734
67369,James Warren,1,1,1,2024,1,34.25282,-118.25788,11,8.2,4.1186
89021,Christopher Fisher,1,1,1,2024,1,33.76706,-118.59981333,2,5.0,2.48965
10389,Jason Rosales,1,1,1,2024,1,33.99938,-118.37755667,6,4.3,2.15341
10611,Suzanne Adams,1,1,1,2024,1,33.74594,-118.54852333,1,9.0,4.50557
75650,Elizabeth Chang,1,1,1,2024,1,34.06274,-118.32626667,10,1.8,0.90491
50431,Kimberly Ruiz,1,1,1,2024,1,34.0205,-118.48013667,5,30.5,15.27186
85618,Courtney Hansen,1,1,1,2024,1,33.78818,-118.37755667,4,8.3,4.17436
25289,Lori Jordan,1,1,1,2024,1,33.97826,-118.44594333,6,47.9,23.96202
23150,Stacey Martin,1,1,1,2024,1,33.9149,-118.27497667,4,8.5,4.23579
65555,Ashley Gonzales,1,1,1,2024,1,34.14722,-118.27497667,11,6.7,3.36545
57583,Jay Todd,1,1,1,2024,1,34.04162,-118.34336333,10,2.0,1.00196
33416,Jennifer Williams,1,1,1,2024,1,33.78818,-118.44594333,1,50.0,25.00299
93240,Michael Howell,1,1,1,2024,1,33.78818,-118.46304,1,1.8,0.88418
97090,Lauren Hill,1,1,1,2024,1,33.89378,-118.44594333,3,74.0,36.99974
79625,Lori Maddox,1,1,1,2024,1,33.97826,-118.20659,8,9.9,4.94027
66032,Amy Perez,1,1,1,2024,1,34.06274,-118.29207333,10,53.6,26.77737
91938,Angela Nunez,1,1,1,2024,1,33.78818,-118.53142667,1,81.7,40.84176
63990,Michael Montes DDS,1,1,1,2024,1,34.25282,-118.29207333,11,1.0,0.49005
72494,Austin Bautista,1,1,1,2024,1,33.9149,-118.44594333,3,54.9,27.45734
20555,Timothy Mendoza,1,1,1,2024,1,33.9149,-118.24078333,4,0.1,0.03143
28625,Lance Mcdowell,1,1,1,2024,1,33.9149,-118.39465333,3,3.2,1.57775
39533,Timothy Hudson,1,1,1,2024,1,34.1261,-118.44594333,9,9.9,4.93577
97527,Regina Taylor,1,1,1,2024,1,33.7037,-118.44594333,1,21.1,10.53217
33357,Amanda Lopez,1,1,1,2024,1,33.93602,-118.34336333,6,3.8,1.87682
67431,Erik Wong,1,1,1,2024,1,34.2317,-118.27497667,11,3.3,1.63868
78195,Scott Dunn,1,1,1,2024,1,34.04162,-118.41175,9,46.7,23.33524
49955,Bruce Perez,1,1,1,2024,1,34.04162,-118.39465333,9,37.1,18.53649
64431,Carol Rivera,1,1,1,2024,1,33.9149,-118.42884667,3,75.0,37.4769
30710,Megan Brady,1,1,1,2024,1,34.3373,-118.24078333,11,7.3,3.64899
38001,Marcus Cobb,1,1,1,2024,1,33.7037,-118.46304,1,9.4,4.6834
34607,Sarah Marsh,1,1,1,2024,1,34.08386,-118.32626667,10,7.3,3.6429
89473,Andrew Greene,1,1,1,2024,1,33.74594,-118.46304,1,6.8,3.3758
94098,Karen Barnes,1,1,1,2024,1,33.97826,-118.34336333,6,4.1,2.04937
61880,Russell Walsh,1,1,1,2024,1,33.8093,-118.59981333,2,0.9,0.44049
26939,Lori Wood,1,1,1,2024,1,33.99938,-118.44594333,6,75.7,37.83272
81170,Samantha Diaz,1,1,1,2024,1,33.87266,-118.41175,3,2.4,1.20861
73862,Jonathan Smith,1,1,1,2024,1,34.14722,-118.30917,11,8.2,4.08022
80124,Kenneth Bradford,1,1,1,2024,1,33.9149,-118.41175,3,93.0,46.47559
18305,Joshua Schaefer,1,1,1,2024,1,33.89378,-118.49723333,3,6.8,3.41974
55765,Samuel Banks,1,1,1,2024,1,33.93602,-118.58271667,5,7.2,3.58197
54120,William Simon,1,1,1,2024,1,34.08386,-118.44594333,9,9.3,4.63293
48743,Michael Scott,1,1,1,2024,1,34.06274,-118.25788,10,9.1,4.5606
89399,Catherine Faulkner,1,1,1,2024,1,34.04162,-118.48013667,9,43.3,21.63437
80948,Edward Chambers,1,1,1,2024,1,33.76706,-118.53142667,1,9.1,4.57378
46416,Debra Nunez,1,1,1,2024,1,34.0205,-118.41175,6,61.1,30.55123
65487,Darren Wilson,1,1,1,2024,1,33.95714,-118.44594333,6,51.8,25.88688
35741,David Dunn,1,1,1,2024,1,34.27394,-118.27497667,11,2.4,1.20626
81595,Natalie Young,1,1,1,2024,1,33.93602,-118.44594333,6,91.3,45.6536
24641,Katie Noble,1,1,1,2024,1,33.95714,-118.34336333,6,3.6,1.81674
57352,Jaclyn Greer,1,1,1,2024,1,33.76706,-118.42884667,1,45.4,22.69797
69896,Allison Alexander,1,1,1,2024,1,34.16834,-118.30917,11,8.1,4.03287
65226,Jamie Bass,1,1,1,2024,1,33.99938,-118.34336333,6,0.9,0.43068
62056,Mrs. Debbie Davis PhD,1,1,1,2024,1,33.95714,-118.1553,8,1.6,0.80752
90075,Nicholas Ramirez,1,1,1,2024,1,34.21058,-118.29207333,11,8.1,4.06208
42256,Ricky Bailey,1,1,1,2024,1,33.95714,-118.37755667,6,5.9,2.97174
16247,Kimberly Levine,1,1,1,2024,1,33.9149,-118.56562,2,4.9,2.46358
36201,Victoria Massey,1,1,1,2024,1,33.99938,-118.51433,5,45.0,22.48779
67887,Tiffany Smith,1,1,1,2024,1,34.04162,-118.51433,9,7.1,3.54394
73197,Larry Mccormick,1,1,1,2024,1,34.08386,-118.42884667,9,4.9,2.43053
63220,Danielle Johnson,1,1,1,2024,1,33.9149,-118.37755667,4,1.9,0.93784
37604,Anna Camacho,1,1,1,2024,1,34.21058,-118.30917,11,7.3,3.63884
79532,Brianna Shelton,1,1,1,2024,1,33.87266,-118.54852333,2,52.4,26.20141
25541,Larry Craig,1,1,1,2024,1,33.76706,-118.29207333,4,9.1,4.53966
72661,Jonathan Riley,1,1,1,2024,1,33.99938,-118.49723333,5,8.9,4.44398
36813,Marissa Williams,1,1,1,2024,1,34.10498,-118.25788,10,6.9,3.45348
72236,Erica Curtis DDS,1,1,1,2024,1,33.87266,-118.53142667,3,9.2,4.57673
10842,Brianna Zhang,1,1,1,2024,1,33.8093,-118.29207333,4,8.7,4.33833
15320,Dominique Mcconnell,1,1,1,2024,1,33.97826,-118.20659,8,6.6,3.27616
33745,Kelly Farley,1,1,1,2024,1,33.97826,-118.37755667,6,55.7,27.85871
42685,Megan Reed,1,1,1,2024,1,33.74594,-118.49723333,1,4.7,2.33444
52296,Jonathan Shelton,1,1,1,2024,1,34.21058,-118.29207333,11,3.4,1.712
55978,Tyler Martin,1,1,1,2024,1,33.97826,-118.27497667,7,0.8,0.37607
42433,Jason Joyce,1,1,1,2024,1,33.99938,-118.27497667,7,45.6,22.78646
60767,Jason Miller,1,1,1,2024,1,33.95714,-118.39465333,6,60.2,30.09137
61341,Robert Oneill,1,1,1,2024,1,33.76706,-118.59981333,2,16.0,7.9924
14517,Zachary Moss,1,1,1,2024,1,33.95714,-118.24078333,7,3.1,1.54264
98711,Natalie Cruz,1,1,1,2024,1,34.27394,-118.29207333,11,3.8,1.91047
15176,George Lewis,1,1,1,2024,1,33.93602,-118.24078333,7,2.4,1.1974
65050,Maria Miller,1,1,1,2024,1,33.8093,-118.29207333,4,8.9,4.42632
50693,Jeffrey Drake,1,1,1,2024,1,33.99938,-118.37755667,6,53.0,26.52205
45819,Michelle Krueger,1,1,1,2024,1,33.9149,-118.41175,3,2.3,1.14301
19563,Michael Hubbard,1,1,1,2024,1,34.10498,-118.27497667,10,6.7,3.3347
34207,Jason Grant,1,1,1,2024,1,34.08386,-118.27497667,10,24.9,12.44981
51177,Lindsey Williams,1,1,1,2024,1,33.74594,-118.58271667,2,3.5,1.7574
75959,Linda Orozco,1,1,1,2024,1,33.83042,-118.53142667,3,74.0,37.01097
79954,Dr. Alicia Cruz DDS,1,1,1,2024,1,33.85154,-118.51433,3,7.7,3.87286
33621,Katherine Taylor,1,1,1,2024,1,33.87266,-118.51433,3,9.3,4.64634
39859,Lisa Meza,1,1,1,2024,1,33.93602,-118.37755667,6,0.8,0.42082
30661,Roger Buchanan,1,1,1,2024,1,33.83042,-118.56562,2,37.6,18.77612
34094,Janet Wood,1,1,1,2024,1,34.14722,-118.30917,11,9.1,4.56076
13252,Michael Patterson,1,1,1,2024,1,33.95714,-118.41175,6,85.3,42.66121
47152,Jessica Haney,1,1,1,2024,1,33.95714,-118.18949333,8,0.5,0.24955
65122,Stephen Johnson,1,1,1,2024,1,33.9149,-118.54852333,2,57.6,28.78615
75482,Kenneth Henderson,1,1,1,2024,1,33.85154,-118.58271667,2,6.1,3.03352
28712,Jerry Ross,1,1,1,2024,1,34.25282,-118.22368667,11,9.6,4.7958
54203,Gabrielle Gomez,1,1,1,2024,1,33.9149,-118.58271667,2,8.4,4.17854
68597,Brenda Walker,1,1,1,2024,1,33.95714,-118.41175,6,8.4,4.17731
19930,Katrina Reynolds,1,1,1,2024,1,34.2317,-118.27497667,11,1.1,0.56839
82174,Matthew Vargas,1,1,1,2024,1,34.06274,-118.48013667,9,9.5,4.76792
43106,Jennifer Wright,1,1,1,2024,1,33.99938,-118.18949333,8,25.5,12.75039
75613,Tiffany Rodriguez,1,1,1,2024,1,34.0205,-118.29207333,7,37.8,18.89649
67449,Steve Rice,1,1,1,2024,1,34.06274,-118.51433,9,10.0,4.98489
45486,Leonard Perry,1,1,1,2024,1,33.8093,-118.63400667,2,9.9,4.93896
32748,Keith Massey,1,1,1,2024,1,33.87266,-118.34336333,4,8.8,4.40309
81722,Amy Cardenas,1,1,1,2024,1,33.8093,-118.25788,4,4.0,1.97785
67909,Chloe Ali,1,1,1,2024,1,33.99938,-118.44594333,6,39.7,19.8676
98254,Elizabeth English,1,1,1,2024,1,34.0205,-118.36046,6,61.3,30.6337
65259,Brett Guzman,1,1,1,2024,1,33.78818,-118.59981333,2,5.9,2.93921
81191,Hunter Joyce,1,1,1,2024,1,34.0205,-118.41175,6,52.2,26.08357
59855,Cheryl Jones,1,1,1,2024,1,33.99938,-118.39465333,6,7.8,3.89957
75360,Amanda Williams,1,1,1,2024,1,33.9149,-118.29207333,4,3.3,1.67464
55442,Kelly Jones,1,1,1,2024,1,34.04162,-118.42884667,9,58.3,29.13837
51622,Jeffery Hodges,1,1,1,2024,1,33.78818,-118.34336333,4,9.8,4.91719
68202,Marie Wright,1,1,1,2024,1,34.0205,-118.42884667,6,39.9,19.93042
32403,Thomas Costa,1,1,1,2024,1,33.9149,-118.37755667,4,5.6,2.81774
85331,Molly Barnett,1,1,1,2024,1,33.74594,-118.48013667,1,2.8,1.39377
88056,Vickie Hughes,1,1,1,2024,1,34.2317,-118.29207333,11,9.3,4.65225
79710,Clinton Sanchez,1,1,1,2024,1,33.85154,-118.59981333,2,5.6,2.79211
37732,Mark Jensen,1,1,1,2024,1,33.83042,-118.54852333,2,5.9,2.92785
54906,Adam Reyes,1,1,1,2024,1,33.78818,-118.44594333,1,50.7,25.36638
46182,Nancy Smith,1,1,1,2024,1,34.0205,-118.27497667,7,5.1,2.57
99138,Tara Rivera,1,1,1,2024,1,34.29506,-118.24078333,11,7.6,3.79791
57221,Angela Porter,1,1,1,2024,1,34.08386,-118.24078333,10,8.3,4.13372
28629,Aaron Molina,1,1,1,2024,1,34.06274,-118.41175,9,41.4,20.72057
46619,Elizabeth Thompson,1,1,1,2024,1,34.31618,-118.30917,11,8.1,4.03822
82030,Susan Mclaughlin,1,1,1,2024,1,33.87266,-118.44594333,3,5.9,2.93767
41985,Glenda Lowery,1,1,1,2024,1,33.83042,-118.48013667,3,2.7,1.34472
34294,Alexandria Macias,1,1,1,2024,1,34.08386,-118.39465333,9,8.2,4.09804
28453,Christine Garcia,1,1,1,2024,1,33.93602,-118.34336333,6,2.7,1.35271
24979,Catherine Coleman,1,1,1,2024,1,33.95714,-118.54852333,5,46.6,23.28197
87527,Julie White,1,1,1,2024,1,33.97826,-118.18949333,8,30.1,15.05541
40168,Nathan Johnson,1,1,1,2024,1,33.8093,-118.58271667,2,8.7,4.33696
26922,Russell Singleton,1,1,1,2024,1,33.95714,-118.51433,5,9.0,4.48358
37506,Caleb Campbell,1,1,1,2024,1,34.2317,-118.30917,11,8.0,3.99543
82936,Nathan Turner,1,1,1,2024,1,33.9149,-118.51433,3,2.8,1.39661
16222,Michael Parker,1,1,1,2024,1,34.10498,-118.41175,9,8.2,4.12137
66463,Michelle Powers,1,1,1,2024,1,34.06274,-118.39465333,9,6.1,3.03656
23381,Haley Moore,1,1,1,2024,1,34.10498,-118.29207333,10,2.1,1.06057
49087,Mr. Andrew Butler,1,1,1,2024,1,34.06274,-118.39465333,9,5.3,2.64367
64459,Martin Williams,1,1,1,2024,1,33.99938,-118.48013667,5,9.7,4.82835
44143,Andrew Adams,1,1,1,2024,1,34.08386,-118.48013667,9,9.7,4.84079
71912,Jamie Schwartz,1,1,1,2024,1,33.8093,-118.41175,1,7.9,3.97098
86643,Phyllis Ruiz,1,1,1,2024,1,33.99938,-118.32626667,6,4.1,2.06398
67008,James Neal,1,1,1,2024,1,33.95714,-118.39465333,6,8.1,4.02996
87455,Alison Wheeler,1,1,1,2024,1,34.21058,-118.22368667,11,8.1,4.04718
84872,Rachel Long,1,1,1,2024,1,34.10498,-118.49723333,9,1.5,0.73648
92297,Erik Rogers,1,1,1,2024,1,33.89378,-118.48013667,3,63.1,31.53204
91975,Christopher Hammond,1,1,1,2024,1,33.89378,-118.42884667,3,2.5,1.23009
63347,April Wells,1,1,1,2024,1,34.04162,-118.44594333,9,44.2,22.12282
73473,Caleb Long,1,1,1,2024,1,33.83042,-118.48013667,3,91.8,45.89633
11607,Christopher Parker,1,1,1,2024,1,34.10498,-118.29207333,10,7.1,3.56791
82742,Michael Davis,1,1,1,2024,1,33.99938,-118.46304,6,4.3,2.1427
39429,Maria Burns,1,1,1,2024,1,34.1261,-118.30917,10,9.6,4.78974
65966,Nicole Miller,1,1,1,2024,1,33.9149,-118.18949333,8,9.9,4.96508
80711,Eric Mccormick,1,1,1,2024,1,34.10498,-118.37755667,9,9.0,4.50627
68288,Beverly Moore,1,1,1,2024,1,34.04162,-118.46304,9,2.4,1.21048
80988,David Tran,1,1,1,2024,1,33.83042,-118.61691,2,9.6,4.81531
23646,James Jones,1,1,1,2024,1,34.3373,-118.29207333,11,7.4,3.71926
44055,Todd Graham Jr.,1,1,1,2024,1,34.0205,-118.29207333,7,6.3,3.16947
29045,Stacy Anderson,1,1,1,2024,1,34.04162,-118.30917,10,7.0,3.50096
24272,Maria James,1,1,1,2024,1,34.0205,-118.54852333,5,8.9,4.4579
45239,Vanessa Jarvis,1,1,1,2024,1,34.06274,-118.51433,9,8.0,3.97657
21105,Crystal Rodriguez,1,1,1,2024,1,33.9149,-118.54852333,2,6.6,3.31922
95884,Jessica Martinez,1,1,1,2024,1,33.89378,-118.51433,3,9.0,4.51594
25384,William Hernandez,1,1,1,2024,1,33.87266,-118.39465333,3,0.6,0.29728
43705,Nicolas Frazier,1,1,1,2024,1,33.74594,-118.48013667,1,9.1,4.5541
66629,Andrew Chen,1,1,1,2024,1,33.87266,-118.65110333,2,6.7,3.34902
94930,Kimberly Porter,1,1,1,2024,1,34.18946,-118.27497667,11,1.9,0.9361
74688,Russell Mann,1,1,1,2024,1,34.04162,-118.32626667,10,62.7,31.3745
59304,Aaron Booker,1,1,1,2024,1,33.87266,-118.56562,2,1.6,0.81846
87894,Kristen Lloyd,1,1,1,2024,1,33.9149,-118.46304,3,0.4,0.19071
92484,Morgan Petersen,1,1,1,2024,1,33.76706,-118.54852333,1,2.5,1.25976
76096,Jonathan Sanchez,1,1,1,2024,1,33.74594,-118.51433,1,8.5,4.23413
31718,Alexander Harper,1,1,1,2024,1,33.76706,-118.61691,2,8.9,4.42564
16299,Adam Branch,1,1,1,2024,1,34.10498,-118.25788,10,36.5,18.27466
20735,Scott Hampton,1,1,1,2024,1,33.76706,-118.41175,1,40.3,20.15072
53716,Robert Brady,1,1,1,2024,1,34.08386,-118.37755667,9,6.4,3.2199
39469,Jeffery Holmes,1,1,1,2024,1,33.95714,-118.42884667,6,86.5,43.23587
99227,Edwin Newman,1,1,1,2024,1,34.04162,-118.41175,9,48.9,24.45729
12308,Jeremy Holmes,1,1,1,2024,1,34.29506,-118.29207333,11,6.1,3.05211
12697,Manuel Woods,1,1,1,2024,1,34.0205,-118.56562,5,8.1,4.07208
54106,Bobby Everett,1,1,1,2024,1,33.72482,-118.46304,1,27.7,13.87075
43332,Hannah Owens,1,1,1,2024,1,33.85154,-118.54852333,2,0.6,0.30068
98949,Mark Brennan,1,1,1,2024,1,33.78818,-118.36046,4,8.0,3.9771
78010,James Hamilton,1,1,1,2024,1,34.1261,-118.25788,10,9.1,4.55485
74169,Charles Marquez,1,1,1,2024,1,34.04162,-118.48013667,9,67.0,33.49678
63154,Derek Davis,1,1,1,2024,1,33.97826,-118.37755667,6,3.2,1.61183
50126,Alfred Galloway,1,1,1,2024,1,34.1261,-118.27497667,10,7.2,3.61152
88531,Steven Taylor,1,1,1,2024,1,33.85154,-118.48013667,3,9.2,4.60393
59862,Christopher Miller,1,1,1,2024,1,33.87266,-118.29207333,4,9.7,4.86764
30575,Matthew Bryant,1,1,1,2024,1,34.0205,-118.53142667,5,32.2,16.07677
51038,Stephanie Heath,1,1,1,2024,1,33.99938,-118.37755667,6,58.8,29.39477
56493,Michael Miller,1,1,1,2024,1,33.78818,-118.61691,2,1.0,0.51679
10973,Kelly Larson,1,1,1,2024,1,33.87266,-118.29207333,4,9.0,4.50053
97953,Kenneth Finley,1,1,1,2024,1,33.9149,-118.30917,4,7.5,3.76207
99904,Jessica Morris,1,1,1,2024,1,33.78818,-118.59981333,2,5.7,2.85084
54339,Anna Harper,1,1,1,2024,1,33.93602,-118.58271667,5,9.0,4.5119
81197,Miguel Rivera,1,1,1,2024,1,33.85154,-118.34336333,4,7.4,3.7113
93975,Dennis Brown,1,1,1,2024,1,33.89378,-118.61691,2,9.7,4.87201
25360,Elizabeth Rogers,1,1,1,2024,1,34.08386,-118.30917,10,9.5,4.73337
77218,Jennifer Robbins,1,1,1,2024,1,34.16834,-118.27497667,11,9.2,4.59465
46549,Bonnie Fernandez,1,1,1,2024,1,33.83042,-118.51433,3,73.0,36.4873
71317,Tim Munoz,1,1,1,2024,1,33.89378,-118.56562,2,5.2,2.59539
35135,Victor Johnson,1,1,1,2024,1,34.04162,-118.29207333,10,36.9,18.45901
60292,Wesley Wells,1,1,1,2024,1,33.95714,-118.37755667,6,4.1,2.06113
36421,Dana Yoder,1,1,1,2024,1,33.76706,-118.54852333,1,3.5,1.73238
61674,Patty Gonzalez,1,1,1,2024,1,33.89378,-118.53142667,3,3.5,1.75946
28935,Patrick Miller,1,1,1,2024,1,33.74594,-118.46304,1,50.5,25.24876
95067,Emily Higgins,1,1,1,2024,1,33.85154,-118.44594333,3,71.2,35.6172
99516,Stephen Mendoza,1,1,1,2024,1,34.3373,-118.30917,11,8.9,4.4461
61478,Robert Carson,1,1,1,2024,1,33.7037,-118.49723333,1,3.3,1.64171
52990,Kimberly Martinez,1,1,1,2024,1,33.85154,-118.46304,3,67.3,33.62966
80727,Matthew Brady,1,1,1,2024,1,33.83042,-118.49723333,3,4.2,2.08207
50454,Aaron Ross,1,1,1,2024,1,34.1261,-118.46304,9,8.0,4.02237
37194,Alan Brown,1,1,1,2024,1,34.29506,-118.27497667,11,7.3,3.63267
26200,John Kelly,1,1,1,2024,1,34.0205,-118.46304,6,68.4,34.2218
63657,Cynthia Allen,1,1,1,2024,1,33.78818,-118.48013667,1,0.5,0.26107
83143,Gabriella Velasquez,1,1,1,2024,1,33.95714,-118.56562,5,36.1,18.06864
36026,Sarah Jones,1,1,1,2024,1,33.78818,-118.25788,4,8.4,4.21054
58830,Robert Arroyo,1,1,1,2024,1,33.97826,-118.46304,6,62.0,30.97847
33030,Daniel Petersen,1,1,1,2024,1,34.08386,-118.29207333,10,3.9,1.9279
12182,Anthony Maddox,1,1,1,2024,1,34.10498,-118.44594333,9,8.8,4.41257
98909,Mark Rodriguez,1,1,1,2024,1,33.78818,-118.56562,2,4.4,2.19324
16167,Amanda Mccormick,1,1,1,2024,1,33.74594,-118.46304,1,53.0,26.51159
53276,Alexander Ayala,1,1,1,2024,1,34.1261,-118.30917,10,7.8,3.88219
11107,Matthew Gordon,1,1,1,2024,1,34.0205,-118.48013667,5,5.6,2.82251
90074,Jacob Sanchez,1,1,1,2024,1,34.08386,-118.39465333,9,9.2,4.60481
68425,Brandi Bowen,1,1,1,2024,1,33.89378,-118.18949333,8,7.6,3.81354
93964,Traci Glass,1,1,1,2024,1,33.83042,-118.37755667,4,6.9,3.44765
65194,Daniel Nelson,1,1,1,2024,1,33.89378,-118.41175,3,2.3,1.16168
84267,Noah Doyle,1,1,1,2024,1,33.93602,-118.46304,6,84.3,42.12616
13052,Rachel Dawson,1,1,1,2024,1,33.89378,-118.36046,4,1.1,0.56588
98001,Jessica Lee,1,1,1,2024,1,33.72482,-118.49723333,1,48.4,24.20344
94714,Miss Lisa Dillon MD,1,1,1,2024,1,34.04162,-118.39465333,9,38.8,19.41726
47094,Christine Craig,1,1,1,2024,1,33.87266,-118.54852333,2,54.2,27.10431
60242,Theresa Mcguire,1,1,1,2024,1,34.25282,-118.22368667,11,8.9,4.44659
99720,George Compton,1,1,1,2024,1,33.93602,-118.56562,5,8.9,4.47052
86636,Barbara Lopez,1,1,1,2024,1,33.76706,-118.34336333,4,9.3,4.65887
68035,Carol Garcia,1,1,1,2024,1,33.93602,-118.48013667,5,0.2,0.08921
17789,Steven Whitaker,1,1,1,2024,1,34.08386,-118.46304,9,8.1,4.05638
31435,Debbie Marquez,1,1,1,2024,1,34.0205,-118.41175,6,9.6,4.78386
27777,Sandra Wright,1,1,1,2024,1,33.8093,-118.36046,4,37.7,18.85698
29344,Angela Baker,1,1,1,2024,1,34.29506,-118.29207333,11,1.8,0.91154
79989,Joshua Barnett,1,1,1,2024,1,33.89378,-118.27497667,4,10.0,4.98668
36554,Dillon Brewer,1,1,1,2024,1,34.31618,-118.32626667,11,9.3,4.6482
39649,Bethany Cruz,1,1,1,2024,1,33.89378,-118.53142667,3,75.2,37.60861
66734,Tammy Rodriguez,1,1,1,2024,1,33.89378,-118.63400667,2,6.0,2.99036
83972,John Perkins,1,1,1,2024,1,34.06274,-118.22368667,10,22.7,11.3708
18306,Lauren Taylor,1,1,1,2024,1,34.10498,-118.39465333,9,8.2,4.09382
54529,Joshua Cisneros,1,1,1,2024,1,34.06274,-118.46304,9,9.8,4.91883
18983,Jessica Moore,1,1,1,2024,1,34.04162,-118.29207333,10,48.8,24.39129
12213,Michael Walter,1,1,1,2024,1,34.08386,-118.46304,9,5.9,2.94217
99248,Mallory Adams,1,1,1,2024,1,33.93602,-118.36046,6,1.3,0.64642
82414,Ryan Buck,1,1,1,2024,1,33.95714,-118.44594333,6,80.6,40.31837
31889,Suzanne Sims,1,1,1,2024,1,34.08386,-118.30917,10,54.1,27.03061
42853,Cynthia Crawford,1,1,1,2024,1,34.10498,-118.29207333,10,7.5,3.75535
77081,Todd Ross DVM,1,1,1,2024,1,34.04162,-118.32626667,10,4.5,2.24117
61900,Angela Nunez,1,1,1,2024,1,34.16834,-118.27497667,11,6.2,3.10508
29107,Timothy Moore,1,1,1,2024,1,34.18946,-118.29207333,11,8.1,4.0642
28617,Kenneth Montes,1,1,1,2024,1,33.76706,-118.37755667,4,39.1,19.53438
34550,Joseph Higgins MD,1,1,1,2024,1,33.8093,-118.46304,1,1.1,0.54878
26165,Anthony Hall,1,1,1,2024,1,33.87266,-118.49723333,3,5.3,2.67452
60572,Gloria Johnson,1,1,1,2024,1,33.89378,-118.65110333,2,6.9,3.44513
54664,Hannah Lee,1,1,1,2024,1,33.93602,-118.41175,6,61.5,30.7279
70182,Jeffrey Torres,1,1,1,2024,1,34.04162,-118.44594333,9,40.6,20.3092
67539,Eduardo Nguyen,1,1,1,2024,1,34.0205,-118.44594333,6,67.5,33.73494
85272,Timothy Mcmillan,1,1,1,2024,1,33.8093,-118.42884667,1,5.7,2.82807
46493,Martha Glenn,1,1,1,2024,1,34.0205,-118.24078333,7,9.8,4.92153
48563,James Smith,1,1,1,2024,1,34.0205,-118.54852333,5,51.8,25.89212
61059,Daniel Fleming,1,1,1,2024,1,33.89378,-118.34336333,4,1.9,0.9608
17598,Erica Torres,1,1,1,2024,1,34.06274,-118.22368667,10,9.9,4.93781
83299,Theodore Lindsey,1,1,1,2024,1,33.87266,-118.63400667,2,9.3,4.63433
17276,James Wilson,1,1,1,2024,1,33.95714,-118.34336333,6,3.3,1.65051
32311,Michelle Lawson,1,1,1,2024,1,33.99938,-118.34336333,6,40.0,20.00344
62143,Edwin Hicks,1,1,1,2024,1,34.08386,-118.29207333,10,4.1,2.05452
69037,Samantha Hughes,1,1,1,2024,1,33.7037,-118.48013667,1,27.6,13.79837
38259,Michael Garcia,1,1,1,2024,1,33.85154,-118.44594333,3,9.7,4.82604
99224,Natalie Williams,1,1,1,2024,1,34.0205,-118.30917,7,4.6,2.27679
92715,Chelsea Clark,1,1,1,2024,1,33.72482,-118.46304,1,50.5,25.24004
26842,Mandy Obrien,1,1,1,2024,1,34.0205,-118.49723333,5,57.4,28.68411
51745,Albert Carter,1,1,1,2024,1,34.06274,-118.36046,10,9.1,4.53669
23004,Derek Benitez,1,1,1,2024,1,33.99938,-118.49723333,5,2.9,1.46225
13711,Michael Wilson,1,1,1,2024,1,33.95714,-118.41175,6,83.6,41.79535
77639,Lisa Cain,1,1,1,2024,1,33.85154,-118.59981333,2,2.9,1.45525
83632,Charles Gomez,1,1,1,2024,1,33.9149,-118.24078333,4,5.8,2.89208
77073,Jonathan Strickland,1,1,1,2024,1,34.18946,-118.30917,11,9.9,4.94476
61705,Carol Scott,1,1,1,2024,1,33.89378,-118.48013667,3,51.9,25.93301
85211,Timothy Curry,1,1,1,2024,1,33.8093,-118.46304,1,2.8,1.37934
65363,Jaclyn Morrison,1,1,1,2024,1,34.08386,-118.27497667,10,2.7,1.34691
55832,Andrew Aguirre,1,1,1,2024,1,34.18946,-118.27497667,11,3.3,1.67052
26198,Donna Hicks,1,1,1,2024,1,33.83042,-118.49723333,3,9.6,4.80965
38069,Catherine Hamilton,1,1,1,2024,1,33.89378,-118.37755667,4,0.7,0.35389
33290,Amanda Perez,1,1,1,2024,1,33.9149,-118.51433,3,0.9,0.45672
18587,Guy Powell,1,1,1,2024,1,33.85154,-118.63400667,2,5.7,2.85014
33752,Samantha Burke,1,1,1,2024,1,34.04162,-118.39465333,9,8.3,4.13812
52961,Melissa Meyers,1,1,1,2024,1,33.85154,-118.46304,3,2.0,1.00756
59609,Cassandra Sweeney,1,1,1,2024,1,33.89378,-118.29207333,4,9.3,4.65366
80936,Richard Long,1,1,1,2024,1,33.93602,-118.37755667,6,6.7,3.32797
98589,Doris Johns,1,1,1,2024,1,33.78818,-118.53142667,1,49.7,24.86896
48386,Larry Villa,1,1,1,2024,1,33.78818,-118.54852333,1,5.3,2.65566
76503,William Howe,1,1,1,2024,1,33.93602,-118.39465333,6,4.2,2.10055
34765,John Smith,1,1,1,2024,1,34.06274,-118.25788,10,7.8,3.87907
67510,Hailey Pittman,1,1,1,2024,1,34.0205,-118.51433,5,29.3,14.67353
37996,Michael Collins,1,1,1,2024,1,34.31618,-118.25788,11,4.4,2.21207
92825,Brittany Mcfarland,1,1,1,2024,1,33.85154,-118.42884667,3,1.9,0.92616
99460,Jose Grant,1,1,1,2024,1,34.04162,-118.36046,10,50.7,25.35954
35867,Justin Odom,1,1,1,2024,1,34.08386,-118.48013667,9,7.9,3.9424
68590,Shane Thomas,1,1,1,2024,1,34.1261,-118.42884667,9,8.5,4.23256
13413,George Hodge,1,1,1,2024,1,33.97826,-118.48013667,5,39.5,19.73364
89055,Robin Jackson,1,1,1,2024,1,33.97826,-118.54852333,5,4.4,2.20204
62628,Robin Hernandez,1,1,1,2024,1,33.99938,-118.42884667,6,8.9,4.45897
97207,Becky Lopez,1,1,1,2024,1,33.83042,-118.32626667,4,8.4,4.20761
24910,Timothy Neal,1,1,1,2024,1,34.06274,-118.29207333,10,4.4,2.20168
65353,Melissa Davis,1,1,1,2024,1,33.95714,-118.36046,6,6.3,3.16877
42744,Kayla Lawson,1,1,1,2024,1,34.14722,-118.25788,11,5.0,2.5091
76804,Nicole Ross,1,1,1,2024,1,33.9149,-118.34336333,4,4.3,2.14894
87886,Valerie Griffin,1,1,1,2024,1,33.97826,-118.36046,6,1.1,0.57317
22629,Kyle Ford,1,1,1,2024,1,33.74594,-118.56562,2,8.5,4.22811
44571,Dylan Rose,1,1,1,2024,1,34.06274,-118.44594333,9,6.4,3.20899
61224,Tracy Mathis,1,1,1,2024,1,33.93602,-118.54852333,5,6.2,3.11945
42247,Brandon Murray,1,1,1,2024,1,33.76706,-118.61691,2,8.6,4.31203
86100,Danielle Holt,1,1,1,2024,1,34.0205,-118.51433,5,2.7,1.3288
82536,Brian Hogan,1,1,1,2024,1,33.97826,-118.32626667,6,4.2,2.12164
70806,Victoria Griffin,1,1,1,2024,1,33.8093,-118.44594333,1,0.9,0.43083
91658,Richard Pham,1,1,1,2024,1,33.97826,-118.1553,8,23.0,11.50155
78640,Emily Khan,1,1,1,2024,1,33.85154,-118.44594333,3,9.2,4.60985
37527,Michael Davis,1,1,1,2024,1,33.74594,-118.29207333,4,8.7,4.3523
90324,Derek Acevedo,1,1,1,2024,1,33.97826,-118.34336333,6,2.2,1.11969
92287,Carlos Rogers,1,1,1,2024,1,34.0205,-118.25788,7,3.2,1.59622
86142,Amanda Peck MD,1,1,1,2024,1,33.93602,-118.53142667,5,7.4,3.69
68377,Laura Stone,1,1,1,2024,1,33.78818,-118.27497667,4,9.4,4.72387
27580,Jill Cantrell,1,1,1,2024,1,33.78818,-118.44594333,1,54.0,26.99408
86795,Casey Lynn,1,1,1,2024,1,34.25282,-118.30917,11,9.4,4.71419
21525,William Nguyen,1,1,1,2024,1,34.04162,-118.42884667,9,58.8,29.39875
72113,Dr. Joshua Pham,1,1,1,2024,1,34.18946,-118.29207333,11,6.8,3.39511
94583,Matthew Ford,1,1,1,2024,1,33.97826,-118.1553,8,4.6,2.31829
87190,Brenda Padilla,1,1,1,2024,1,33.99938,-118.53142667,5,68.1,34.03681
83604,Keith Briggs,1,1,1,2024,1,34.06274,-118.27497667,10,7.6,3.8104
96277,Kenneth Myers,1,1,1,2024,1,33.74594,-118.53142667,1,9.2,4.59551
24594,Jessica Clarke,1,1,1,2024,1,33.97826,-118.18949333,8,27.0,13.47821
98953,Marcus Williams,1,1,1,2024,1,34.10498,-118.30917,10,9.0,4.51401
66070,Linda Smith,1,1,1,2024,1,33.97826,-118.30917,7,0.7,0.35682
58555,Allison Sanders,1,1,1,2024,1,33.97826,-118.54852333,5,2.5,1.23789
25460,Aaron Pope,1,1,1,2024,1,33.87266,-118.37755667,4,8.3,4.16202
38295,Amanda Drake,1,1,1,2024,1,34.06274,-118.30917,10,58.1,29.06039
63305,Charles Le,1,1,1,2024,1,34.04162,-118.29207333,10,37.3,18.63757
24378,Margaret Rowland,1,1,1,2024,1,34.10498,-118.24078333,10,9.0,4.51418
63190,Jeanette Cobb,1,1,1,2024,1,33.87266,-118.42884667,3,4.5,2.25201
38682,Diana Bullock,1,1,1,2024,1,34.31618,-118.29207333,11,3.4,1.68205
41444,Angela Diaz,1,1,1,2024,1,33.83042,-118.41175,3,39.3,19.67016
10747,Robert Martinez,1,1,1,2024,1,34.31618,-118.24078333,11,5.7,2.84281
59217,Richard Chan,1,1,1,2024,1,33.95714,-118.17239667,8,25.9,12.94322
68313,Ashley Martinez,1,1,1,2024,1,34.06274,-118.44594333,9,39.9,19.93427
59265,Dawn Bradley,1,1,1,2024,1,33.9149,-118.49723333,3,8.3,4.16801
57724,Arthur Hernandez,1,1,1,2024,1,33.78818,-118.49723333,1,4.6,2.28696
73224,Tammy Rice,1,1,1,2024,1,34.10498,-118.30917,10,4.0,2.01033
18084,Edward Wright,1,1,1,2024,1,33.85154,-118.56562,2,54.3,27.12545
28326,Jordan Moore,1,1,1,2024,1,34.0205,-118.37755667,6,55.2,27.5998
19192,Taylor Paul,1,1,1,2024,1,33.83042,-118.61691,2,7.1,3.56355
88935,Christopher Johnston,1,1,1,2024,1,34.04162,-118.36046,10,2.7,1.35817
16762,Steven Stevens,1,1,1,2024,1,34.1261,-118.25788,10,9.8,4.9164
78050,Samantha Reed,1,1,1,2024,1,33.83042,-118.42884667,3,37.6,18.78189
56668,Peter Carter,1,1,1,2024,1,33.8093,-118.39465333,1,9.8,4.92304
72847,Gregory Sanders,1,1,1,2024,1,33.87266,-118.41175,3,4.7,2.37094
78646,Kelly Keller,1,1,1,2024,1,33.74594,-118.41175,1,7.0,3.52113
45375,Sarah Williams,1,1,1,2024,1,34.08386,-118.49723333,9,5.8,2.8978
50314,Christopher Foster,1,1,1,2024,1,33.87266,-118.39465333,3,1.4,0.72422
79636,Michael Robinson,1,1,1,2024,1,34.04162,-118.25788,10,8.9,4.45269
38712,Anthony Jones,1,1,1,2024,1,34.27394,-118.30917,11,5.8,2.8971
43565,Taylor Williams,1,1,1,2024,1,33.85154,-118.41175,3,7.3,3.65691
26804,Robert Freeman,1,1,1,2024,1,33.95714,-118.56562,5,53.9,26.94225
82951,Scott Davis,1,1,1,2024,1,34.1261,-118.48013667,9,9.5,4.72905
19036,Charles Brown,1,1,1,2024,1,34.08386,-118.41175,9,43.6,21.808
19663,James Coleman,1,1,1,2024,1,33.87266,-118.36046,4,9.0,4.5131
72752,Scott Hardin,1,1,1,2024,1,34.27394,-118.24078333,11,4.3,2.13091
41834,Angela Joseph,1,1,1,2024,1,33.7037,-118.41175,1,26.5,13.27246
15186,Chad Scott,1,1,1,2024,1,34.16834,-118.29207333,11,3.7,1.83587
77238,Stephanie Stewart,1,1,1,2024,1,33.99938,-118.18949333,8,23.2,11.59309
61206,Jose Holmes,1,1,1,2024,1,34.3373,-118.29207333,11,5.1,2.52924
85460,Joseph Clements,1,1,1,2024,1,33.93602,-118.49723333,5,39.8,19.91677
49027,Scott Adams,1,1,1,2024,1,34.10498,-118.46304,9,5.1,2.53481
71684,Rebecca Willis,1,1,1,2024,1,33.83042,-118.49723333,3,7.2,3.60177
13894,Elaine Hamilton,1,1,1,2024,1,33.99938,-118.36046,6,36.0,17.99875
68438,Benjamin Vega,1,1,1,2024,1,34.29506,-118.25788,11,13.6,6.81658
31946,Jose Whitehead,1,1,1,2024,1,34.04162,-118.30917,10,7.1,3.54089
28587,Samantha Hinton,1,1,1,2024,1,33.8093,-118.49723333,1,2.4,1.20512
11692,Brian Martin,1,1,1,2024,1,34.21058,-118.27497667,11,2.4,1.17921
42158,Gabrielle Williams,1,1,1,2024,1,33.85154,-118.49723333,3,6.0,3.00435
99114,Jeffrey Miller,1,1,1,2024,1,33.89378,-118.41175,3,2.2,1.10209
69746,Brooke Marks,1,1,1,2024,1,33.97826,-118.49723333,5,35.9,17.94695
17656,Adam Bradley,1,1,1,2024,1,33.95714,-118.58271667,5,5.2,2.59561
48372,Karen Peters,1,1,1,2024,1,33.76706,-118.42884667,1,40.0,20.02184
72059,Dennis Bonilla,1,1,1,2024,1,33.83042,-118.65110333,2,4.4,2.22302
69240,Levi Turner,1,1,1,2024,1,33.76706,-118.27497667,4,3.9,1.97198
20995,Donna Benson,1,1,1,2024,1,33.74594,-118.42884667,1,4.6,2.28086
15438,Paul Lopez,1,1,1,2024,1,34.14722,-118.25788,11,8.4,4.1887
43564,Anthony Bradley,1,1,1,2024,1,33.89378,-118.54852333,2,38.7,19.368
85782,Adam Curtis,1,1,1,2024,1,33.99938,-118.32626667,6,4.8,2.41648
68607,Melissa Turner,1,1,1,2024,1,33.95714,-118.46304,6,9.9,4.9674
92289,Margaret Zimmerman,1,1,1,2024,1,33.97826,-118.25788,7,0.5,0.23371
78444,David Wright,1,1,1,2024,1,34.29506,-118.25788,11,6.3,3.15011
43284,Sarah Woodward,1,1,1,2024,1,34.29506,-118.24078333,11,7.6,3.79122
13332,Kathleen Cooper,1,1,1,2024,1,33.76706,-118.51433,1,1.6,0.80636
42456,Brittany Lowe,1,1,1,2024,1,33.95714,-118.58271667,5,20.5,10.26772
61875,Dale Carter,1,1,1,2024,1,33.83042,-118.34336333,4,8.9,4.46246
63479,Debra Vazquez,1,1,1,2024,1,33.72482,-118.51433,1,0.4,0.20447
68640,Alyssa Wallace,1,1,1,2024,1,34.08386,-118.37755667,9,4.1,2.06088
54414,Daniel Brown,1,1,1,2024,1,34.04162,-118.37755667,9,66.0,32.98299
96355,Steve Brown,1,1,1,2024,1,33.9149,-118.46304,3,9.1,4.56825
76241,John Berry,1,1,1,2024,1,34.06274,-118.42884667,9,1.6,0.82144
39048,Dr. Alicia Hutchinson,1,1,1,2024,1,34.08386,-118.25788,10,7.8,3.91026
88238,Jacob Johnson,1,1,1,2024,1,34.0205,-118.34336333,6,61.4,30.72497
65650,Mary Weeks,1,1,1,2024,1,33.74594,-118.54852333,1,9.3,4.66718
63027,Curtis Sanchez,1,1,1,2024,1,34.0205,-118.27497667,7,9.7,4.86147
27320,Linda Robinson,1,1,1,2024,1,33.78818,-118.27497667,4,9.8,4.88664
64375,Chelsea Lamb,1,1,1,2024,1,33.89378,-118.30917,4,6.8,3.40133
46183,Alan Hayes,1,1,1,2024,1,33.72482,-118.39465333,1,31.8,15.88232
23507,Theresa Tyler,1,1,1,2024,1,33.85154,-118.53142667,3,3.6,1.81474
83328,Tony House,1,1,1,2024,1,33.83042,-118.59981333,2,28.6,14.29212
37589,Jacob King,1,1,1,2024,1,33.85154,-118.51433,3,67.8,33.90218
41521,Veronica Taylor,1,1,1,2024,1,33.76706,-118.30917,4,7.3,3.66919
16736,Elizabeth Freeman,1,1,1,2024,1,33.76706,-118.44594333,1,50.0,24.98016
38676,Joshua Johnston,1,1,1,2024,1,34.04162,-118.37755667,9,42.2,21.11868
72253,Robert Warner,1,1,1,2024,1,34.29506,-118.30917,11,9.6,4.79705
88723,Justin Bailey,1,1,1,2024,1,33.93602,-118.56562,5,27.4,13.70559
22527,Sean Davila,1,1,1,2024,1,34.0205,-118.34336333,6,57.4,28.72252
54528,Lisa Andersen,1,1,1,2024,1,33.97826,-118.22368667,8,4.1,2.0722
38878,Jennifer Franklin,1,1,1,2024,1,33.9149,-118.44594333,3,82.6,41.31
17638,Daniel Hunter,1,1,1,2024,1,33.99938,-118.22368667,8,2.9,1.45998
99282,Ronald Smith,1,1,1,2024,1,33.95714,-118.39465333,6,83.5,41.75901
50485,Kyle Barnes,1,1,1,2024,1,33.95714,-118.48013667,5,85.2,42.61388
14768,Sergio Adams,1,1,1,2024,1,33.89378,-118.39465333,3,1.4,0.69053
77247,Joseph Kramer,1,1,1,2024,1,33.85154,-118.42884667,3,2.6,1.32189
88170,Mr. Jason Martinez MD,1,1,1,2024,1,33.97826,-118.41175,6,8.0,4.00674
66829,Anne Alexander,1,1,1,2024,1,33.99938,-118.29207333,7,48.7,24.32905
16896,Sarah Tanner,1,1,1,2024,1,34.06274,-118.37755667,9,3.1,1.54773
98450,John Guerra,1,1,1,2024,1,34.10498,-118.27497667,10,6.2,3.09918
44114,Kyle Bullock,1,1,1,2024,1,33.93602,-118.46304,6,88.0,44.02015
56393,Melissa Walters,1,1,1,2024,1,33.89378,-118.46304,3,54.1,27.04977
85495,Mary Lewis,1,1,1,2024,1,33.76706,-118.63400667,2,2.2,1.12099
34513,David Love,1,1,1,2024,1,34.0205,-118.32626667,6,2.2,1.07595
65395,Mr. Brian Turner,1,1,1,2024,1,33.89378,-118.22368667,8,7.0,3.51587
21815,Chase Blake,1,1,1,2024,1,33.78818,-118.51433,1,5.9,2.96381
55784,Jeremiah Oneill,1,1,1,2024,1,33.9149,-118.53142667,3,8.7,4.35987
84800,Crystal Campbell MD,1,1,1,2024,1,33.89378,-118.58271667,2,35.8,17.92176
60943,Linda Henry,1,1,1,2024,1,33.78818,-118.58271667,2,4.8,2.3882
26361,Jennifer Strickland,1,1,1,2024,1,34.0205,-118.42884667,6,63.7,31.85331
36059,Christopher Hopkins,1,1,1,2024,1,33.76706,-118.53142667,1,64.2,32.08907
67259,Jaime Walters,1,1,1,2024,1,33.9149,-118.42884667,3,69.0,34.5181
41123,Dr. Nicole Lopez,1,1,1,2024,1,34.10498,-118.37755667,9,6.6,3.32491
34584,Ryan Campbell,1,1,1,2024,1,33.89378,-118.54852333,2,4.0,2.00659
18173,Thomas Smith,1,1,1,2024,1,33.93602,-118.20659,8,2.9,1.43655
38858,Adam Wu,1,1,1,2024,1,34.08386,-118.25788,10,9.1,4.56411
54577,Michael Martin,1,1,1,2024,1,33.78818,-118.51433,1,6.8,3.38253
75054,Danny Houston,1,1,1,2024,1,34.06274,-118.37755667,9,37.2,18.60306
33974,Samantha Blake,1,1,1,2024,1,33.85154,-118.56562,2,44.7,22.35318
48001,Caleb Murphy,1,1,1,2024,1,33.89378,-118.51433,3,2.7,1.35901
47443,Cory Patrick,1,1,1,2024,1,33.93602,-118.25788,7,2.8,1.38526
41655,Luke Casey,1,1,1,2024,1,33.78818,-118.41175,1,7.4,3.69798
17403,Vanessa Cunningham,1,1,1,2024,1,34.21058,-118.29207333,11,1.9,0.94539
86496,Amanda Romero,1,1,1,2024,1,33.89378,-118.44594333,3,68.5,34.24786
83098,John Hood,1,1,1,2024,1,33.99938,-118.36046,6,1.2,0.61545
17663,Sandra Hall,1,1,1,2024,1,34.27394,-118.30917,11,8.3,4.14159
68350,Diane Levy,1,1,1,2024,1,33.8093,-118.53142667,1,79.9,39.92708
48325,Johnny Jackson,1,1,1,2024,1,34.3373,-118.27497667,11,1.6,0.78671
14746,Kevin Williamson,1,1,1,2024,1,33.99938,-118.20659,8,7.9,3.93082
47383,Sonya Cruz,1,1,1,2024,1,33.97826,-118.51433,5,74.9,37.44022
63733,Wayne Todd,1,1,1,2024,1,33.95714,-118.54852333,5,33.2,16.60005
68104,Christian Boyd DDS,1,1,1,2024,1,33.85154,-118.58271667,2,25.6,12.77532
12192,Rachel Richard,1,1,1,2024,1,34.0205,-118.32626667,6,54.2,27.10063
34364,William Gates,1,1,1,2024,1,34.10498,-118.49723333,9,9.8,4.91259
30283,Sean Brown,1,1,1,2024,1,33.97826,-118.53142667,5,75.4,37.68025
66614,Gary Perez,1,1,1,2024,1,34.06274,-118.29207333,10,49.7,24.85076
93627,Kelly Pruitt,1,1,1,2024,1,34.3373,-118.30917,11,8.8,4.39448
29916,William Garcia,1,1,1,2024,1,33.8093,-118.30917,4,8.1,4.04228
50650,Kenneth Hill,1,1,1,2024,1,33.93602,-118.49723333,5,46.6,23.28562
24543,Sean Pham,1,1,1,2024,1,33.99938,-118.42884667,6,5.8,2.89052
42044,John Haney,1,1,1,2024,1,34.0205,-118.32626667,6,3.1,1.54657
65415,John Strickland,1,1,1,2024,1,34.0205,-118.24078333,7,33.3,16.67489
90355,Joseph Peterson,1,1,1,2024,1,33.85154,-118.49723333,3,8.0,3.98028
20900,Jorge Williams,1,1,1,2024,1,33.83042,-118.46304,3,90.1,45.03421
56638,Matthew Yu,1,1,1,2024,1,33.83042,-118.39465333,3,9.3,4.64937
78596,John Meadows,1,1,1,2024,1,34.0205,-118.44594333,6,42.5,21.2546
50308,Mark Garcia,1,1,1,2024,1,33.87266,-118.53142667,3,59.6,29.79513
62982,Lance Reid,1,1,1,2024,1,34.06274,-118.46304,9,5.5,2.77077
38883,Andrea Thomas,1,1,1,2024,1,33.74594,-118.49723333,1,4.1,2.06189
39397,Tim Pittman,1,1,1,2024,1,34.10498,-118.42884667,9,7.0,3.50954
22983,Melissa Dickerson,1,1,1,2024,1,34.04162,-118.37755667,9,5.9,2.92722
70249,Amanda Herrera,1,1,1,2024,1,34.04162,-118.34336333,10,9.3,4.65937
52483,Joshua Gonzales,1,1,1,2024,1,33.95714,-118.1553,8,5.4,2.69087
66810,Alexandra Chambers,1,1,1,2024,1,33.97826,-118.53142667,5,0.6,0.32437
54318,Lori Todd,1,1,1,2024,1,33.99938,-118.41175,6,48.1,24.03746
48540,Nicole Castillo,1,1,1,2024,1,34.21058,-118.27497667,11,5.6,2.77995
88805,Alexis White,1,1,1,2024,1,33.9149,-118.25788,4,8.2,4.11118
42313,Victoria Chapman,1,1,1,2024,1,33.74594,-118.58271667,2,5.3,2.63444
62046,Victoria Cruz,1,1,1,2024,1,33.72482,-118.48013667,1,6.5,3.24879
20640,John Wolfe,1,1,1,2024,1,33.89378,-118.44594333,3,9.4,4.70395
29621,Tricia Sherman,1,1,1,2024,1,34.06274,-118.37755667,9,55.4,27.67654
97688,Cody Young,1,1,1,2024,1,34.10498,-118.42884667,9,5.6,2.82442
87737,Jaime Miller,1,1,1,2024,1,33.83042,-118.51433,3,68.4,34.21119
37029,Joshua Beck,1,1,1,2024,1,34.0205,-118.39465333,6,53.3,26.65101
18185,Tina Butler,1,1,1,2024,1,33.9149,-118.42884667,3,96.2,48.09538
46639,Dr. Elizabeth Jones,1,1,1,2024,1,33.85154,-118.37755667,4,7.4,3.71949
56159,Caleb Nelson,1,1,1,2024,1,34.0205,-118.30917,7,4.5,2.25496
71194,Katelyn Kerr,1,1,1,2024,1,33.99938,-118.41175,6,61.9,30.93571
18189,Samantha Jackson,1,1,1,2024,1,33.97826,-118.27497667,7,2.9,1.44635
10673,Michele Jones,1,1,1,2024,1,33.78818,-118.56562,2,4.8,2.40565
12215,James Wilson MD,1,1,1,2024,1,34.06274,-118.32626667,10,55.7,27.83593
75233,Paul Riley,1,1,1,2024,1,33.7037,-118.46304,1,29.7,14.84257
97053,Amanda Jones,1,1,1,2024,1,34.3373,-118.27497667,11,2.7,1.33017
98835,Margaret Williams,1,1,1,2024,1,33.8093,-118.51433,1,81.0,40.48536
75968,Deborah Holmes,1,1,1,2024,1,33.87266,-118.42884667,3,4.9,2.43059
90654,Jamie Davis,1,1,1,2024,1,33.76706,-118.39465333,1,45.7,22.82815
13868,Kim Williams,1,1,1,2024,1,34.21058,-118.30917,11,9.3,4.65245
98504,Katrina Mitchell,1,1,1,2024,1,34.06274,-118.36046,10,5.8,2.90064
18710,Elizabeth Walker,1,1,1,2024,1,34.06274,-118.34336333,10,8.0,3.9949
83011,Ashley Schneider,1,1,1,2024,1,33.99938,-118.42884667,6,2.7,1.37131
26607,Joanna Nichols,1,1,1,2024,1,33.87266,-118.49723333,3,64.3,32.13579
18516,Natasha Barton,1,1,1,2024,1,34.04162,-118.25788,10,4.7,2.33433
61361,Jeffrey Ruiz,1,1,1,2024,1,33.87266,-118.30917,4,7.3,3.65274
95062,Elizabeth Harrison,1,1,1,2024,1,33.93602,-118.32626667,6,2.3,1.15506
71753,Joshua Douglas,1,1,1,2024,1,34.1261,-118.29207333,10,9.9,4.97316
35468,Mrs. Sarah Gonzalez,1,1,1,2024,1,33.83042,-118.42884667,3,40.6,20.30044
84955,Charles Wyatt,1,1,1,2024,1,33.72482,-118.41175,1,7.8,3.88682
78557,Christine Morton,1,1,1,2024,1,33.99938,-118.29207333,7,48.3,24.1496
98731,Cindy Cox,1,1,1,2024,1,34.0205,-118.56562,5,5.4,2.70976
77250,Joe Martinez,1,1,1,2024,1,33.89378,-118.59981333,2,9.3,4.67354
97788,Lisa Lee,1,1,1,2024,1,33.89378,-118.27497667,4,9.4,4.70656
75546,Patrick Garcia,1,1,1,2024,1,34.21058,-118.27497667,11,8.8,4.40731
18130,Matthew Weaver,1,1,1,2024,1,33.93602,-118.48013667,5,2.3,1.16357
12777,Caitlin Parker,1,1,1,2024,1,33.78818,-118.32626667,4,9.4,4.70779
32358,Nicholas Simmons,1,1,1,2024,1,33.78818,-118.46304,1,51.8,25.91124
89884,Seth Powell,1,1,1,2024,1,34.14722,-118.29207333,11,6.4,3.20694
71002,Shawn Salinas,1,1,1,2024,1,33.85154,-118.51433,3,68.5,34.26008
53079,Brooke George,1,1,1,2024,1,34.2317,-118.24078333,11,9.3,4.67443
51200,Patrick Pratt,1,1,1,2024,1,34.06274,-118.49723333,9,6.6,3.31565
47231,Lisa Davis,1,1,1,2024,1,33.85154,-118.41175,3,29.1,14.543
68697,Jay Smith,1,1,1,2024,1,33.97826,-118.49723333,5,64.6,32.3146
62297,Michaela Miller,1,1,1,2024,1,33.9149,-118.22368667,8,8.5,4.25947
52364,Tanya Carroll,1,1,1,2024,1,33.89378,-118.58271667,2,9.1,4.55872
16806,Amanda Frost,1,1,1,2024,1,33.99938,-118.30917,7,7.8,3.88103
93190,Paul Fisher,1,1,1,2024,1,33.85154,-118.37755667,4,8.9,4.45154
73589,Elizabeth Craig,1,1,1,2024,1,33.9149,-118.20659,8,6.5,3.25405
88318,Paul Boyd,1,1,1,2024,1,34.10498,-118.22368667,10,9.3,4.62778
93934,Juan Jones,1,1,1,2024,1,33.97826,-118.42884667,6,54.1,27.0357
37415,Morgan Johnson,1,1,1,2024,1,34.1261,-118.42884667,9,8.1,4.03295
84919,Michael Dudley,1,1,1,2024,1,33.8093,-118.49723333,1,4.5,2.25622
81471,Michael Thomas,1,1,1,2024,1,33.93602,-118.39465333,6,6.1,3.03057
16204,Gary Li,1,1,1,2024,1,34.04162,-118.22368667,10,7.3,3.66781
60841,Thomas Perez,1,1,1,2024,1,34.25282,-118.27497667,11,5.0,2.5038
73200,Heather Diaz,1,1,1,2024,1,33.8093,-118.42884667,1,8.0,4.01457
43225,Andre Flynn,1,1,1,2024,1,33.8093,-118.27497667,4,9.2,4.58147
21392,Kaitlin Rose,1,1,1,2024,1,33.87266,-118.42884667,3,3.2,1.60122
54392,Christopher Ortiz,1,1,1,2024,1,34.25282,-118.24078333,11,3.0,1.50633
39892,Tiffany Cole,1,1,1,2024,1,34.08386,-118.24078333,10,8.4,4.22182
65275,Peter Wells,1,1,1,2024,1,34.25282,-118.25788,11,3.1,1.55834
24286,Cynthia Thomas,1,1,1,2024,1,34.06274,-118.27497667,10,7.0,3.5156
79543,Kellie Velasquez,1,1,1,2024,1,33.74594,-118.53142667,1,26.6,13.27588
90721,Susan Chambers,2,1,1,2024,2,34.08386,-118.29207333,10,1.4,0.70411
32408,William Allen,2,1,1,2024,2,34.04162,-118.51433,9,58.0,29.00104
61872,Russell Perkins,2,1,1,2024,2,34.1261,-118.29207333,10,29.1,14.56904
80013,Andrew Mullins,2,1,1,2024,2,33.78818,-118.42884667,1,43.4,21.68076
86168,Clifford Chan,2,1,1,2024,2,34.1261,-118.29207333,10,6.1,3.04735
57800,Jimmy Hunt,2,1,1,2024,2,34.04162,-118.41175,9,0.9,0.43996
34413,James Zimmerman,2,1,1,2024,2,33.76706,-118.63400667,2,3.0,1.47848
93026,Alexandra Caldwell,2,1,1,2024,2,33.9149,-118.49723333,3,44.8,22.39471
48508,Dr. Jane Howard,2,1,1,2024,2,33.9149,-118.20659,8,4.0,1.99467
30978,Dale Friedman,2,1,1,2024,2,33.99938,-118.34336333,6,6.4,3.19619
61767,Hector Flores,2,1,1,2024,2,34.06274,-118.30917,10,4.3,2.12768
43474,Carrie Brown,2,1,1,2024,2,33.9149,-118.20659,8,2.1,1.03951
87646,Timothy Riley,2,1,1,2024,2,34.0205,-118.29207333,7,3.6,1.7873
36646,Timothy Nicholson,2,1,1,2024,2,33.8093,-118.41175,1,46.2,23.09415
42805,Robert Pruitt,2,1,1,2024,2,33.83042,-118.42884667,3,43.9,21.93461
88803,Diane Robbins,2,1,1,2024,2,34.21058,-118.30917,11,8.5,4.27465
79033,Gary Berry,2,1,1,2024,2,34.0205,-118.39465333,6,7.4,3.71153
83412,Tonya Moore,2,1,1,2024,2,34.10498,-118.42884667,9,8.9,4.4383
24595,Anne Moreno,2,1,1,2024,2,33.83042,-118.44594333,3,74.3,37.15179
58506,Shane Johnson,2,1,1,2024,2,33.8093,-118.61691,2,3.0,1.48086
46509,Andrew Russell,2,1,1,2024,2,34.25282,-118.27497667,11,5.1,2.52576
10153,Anthony Solomon,2,1,1,2024,2,34.04162,-118.44594333,9,0.5,0.25745
41605,John Miller,2,1,1,2024,2,34.0205,-118.27497667,7,1.2,0.58795
95310,Alison Armstrong,2,1,1,2024,2,33.85154,-118.58271667,2,9.6,4.78257
61882,Dylan Johnson,2,1,1,2024,2,33.93602,-118.30917,7,7.3,3.67208
55796,George Parker,2,1,1,2024,2,33.87266,-118.48013667,3,7.2,3.60146
12537,Terry Stewart,2,1,1,2024,2,33.72482,-118.41175,1,7.5,3.74743
34372,Brandi Dyer,2,1,1,2024,2,34.31618,-118.27497667,11,1.7,0.84249
53591,Erin Arellano,2,1,1,2024,2,34.25282,-118.27497667,11,5.3,2.62866
63302,Deanna Beltran,2,1,1,2024,2,33.9149,-118.37755667,4,6.2,3.09534
93275,Robin Santos,2,1,1,2024,2,34.2317,-118.29207333,11,0.3,0.13209
51306,Hayden Black,2,1,1,2024,2,34.08386,-118.44594333,9,5.3,2.6289
98167,Jeff Anderson,2,1,1,2024,2,33.93602,-118.17239667,8,3.6,1.77919
25765,William Williams,2,1,1,2024,2,33.72482,-118.39465333,1,8.6,4.27994
64456,Rebecca Scott,2,1,1,2024,2,33.85154,-118.44594333,3,6.9,3.47455
55619,Edward Richards,2,1,1,2024,2,33.95714,-118.25788,7,0.9,0.43935
83053,Jay Jones,2,1,1,2024,2,33.95714,-118.39465333,6,6.6,3.29526
12635,Tiffany Rodriguez,2,1,1,2024,2,33.74594,-118.58271667,2,7.8,3.90591
10099,Scott Carter,2,1,1,2024,2,34.27394,-118.27497667,11,3.4,1.72476
88746,Mark Martinez,2,1,1,2024,2,33.7037,-118.48013667,1,5.2,2.62334
44920,Lori Hansen,2,1,1,2024,2,34.04162,-118.46304,9,59.6,29.78068
74841,Mark Dixon,2,1,1,2024,2,34.06274,-118.48013667,9,4.4,2.22252
61855,Cynthia Wilson,2,1,1,2024,2,34.08386,-118.46304,9,23.0,11.49407
65015,Mrs. Marie Gibson,2,1,1,2024,2,34.06274,-118.42884667,9,7.9,3.96383
51755,Jack Gibbs,2,1,1,2024,2,33.76706,-118.53142667,1,5.8,2.88461
96952,Andrew Smith,2,1,1,2024,2,33.97826,-118.53142667,5,7.4,3.70241
76713,Adam Martinez,2,1,1,2024,2,33.97826,-118.44594333,6,42.4,21.18201
92156,Matthew Henderson,2,1,1,2024,2,33.89378,-118.42884667,3,54.8,27.41668
34352,Amber Hooper,2,1,1,2024,2,33.9149,-118.17239667,8,2.3,1.13713
23832,Laura Miller,2,1,1,2024,2,34.06274,-118.44594333,9,62.6,31.31274
55955,Joseph Matthews,2,1,1,2024,2,34.18946,-118.27497667,11,1.3,0.63387
78370,Charles Wilson,2,1,1,2024,2,33.89378,-118.20659,8,0.8,0.42314
57926,Nancy Parker DDS,2,1,1,2024,2,33.95714,-118.41175,6,5.0,2.49303
57891,Yvonne Meyer,2,1,1,2024,2,34.04162,-118.29207333,10,1.1,0.54194
74920,Tami Carroll,2,1,1,2024,2,34.0205,-118.51433,5,41.9,20.94846
89271,Brandon Smith,2,1,1,2024,2,34.10498,-118.39465333,9,43.0,21.47532
70263,Sheila Perry,2,1,1,2024,2,33.9149,-118.41175,3,4.0,2.0207
99844,Donna Moore,2,1,1,2024,2,33.7037,-118.46304,1,5.3,2.66718
73727,Natasha Randall,2,1,1,2024,2,33.76706,-118.27497667,4,2.9,1.47302
42033,Jennifer Miller,2,1,1,2024,2,34.25282,-118.22368667,11,11.6,5.81087
51289,Mr. Steven Frank,2,1,1,2024,2,34.08386,-118.42884667,9,4.7,2.34808
86594,Mrs. Denise Li,2,1,1,2024,2,33.95714,-118.39465333,6,6.2,3.09809
13429,Angela Graves,2,1,1,2024,2,33.9149,-118.48013667,3,5.3,2.63037
61479,Jeffrey Phillips,2,1,1,2024,2,34.08386,-118.24078333,10,8.5,4.24502
89966,Raymond Stone,2,1,1,2024,2,33.97826,-118.48013667,5,9.4,4.68464
22352,Joan Jackson,2,1,1,2024,2,33.85154,-118.58271667,2,8.5,4.24048
32497,Danielle Compton,2,1,1,2024,2,33.74594,-118.48013667,1,5.0,2.47673
76806,Jason Chan,2,1,1,2024,2,34.25282,-118.25788,11,17.2,8.59749
85471,Keith Petersen,2,1,1,2024,2,33.8093,-118.48013667,1,53.8,26.89665
87392,Yvonne Smith,2,1,1,2024,2,34.06274,-118.22368667,10,16.4,8.209
82602,Donna Lawson,2,1,1,2024,2,34.0205,-118.54852333,5,3.0,1.50928
24055,Breanna Thornton,2,1,1,2024,2,33.74594,-118.46304,1,3.6,1.82055
40579,David Santiago,2,1,1,2024,2,34.27394,-118.30917,11,8.3,4.16728
19246,Sean Perez,2,1,1,2024,2,33.85154,-118.42884667,3,3.7,1.82634
13634,Charles Hill,2,1,1,2024,2,33.78818,-118.37755667,4,8.8,4.40791
40823,Cynthia Lin,2,1,1,2024,2,33.83042,-118.53142667,3,7.1,3.53555
66689,Bruce Mcdonald,2,1,1,2024,2,33.83042,-118.59981333,2,3.2,1.62375
88675,Lauren Berg,2,1,1,2024,2,34.25282,-118.29207333,11,38.7,19.33599
44223,Laurie Morris,2,1,1,2024,2,34.0205,-118.36046,6,43.1,21.53604
40998,Stacey Estrada,2,1,1,2024,2,33.89378,-118.48013667,3,1.6,0.80808
35802,Douglas Robinson,2,1,1,2024,2,33.89378,-118.41175,3,85.7,42.85277
57078,Daniel Miller,2,1,1,2024,2,34.21058,-118.30917,11,23.8,11.89706
61607,Christina Krause,2,1,1,2024,2,33.72482,-118.42884667,1,49.9,24.92552
67744,Noah Peterson,2,1,1,2024,2,33.9149,-118.53142667,3,6.3,3.15985
32313,Karen Avila,2,1,1,2024,2,34.31618,-118.32626667,11,24.2,12.11524
52248,Mrs. Jill Washington,2,1,1,2024,2,33.7037,-118.41175,1,33.4,16.70548
11114,Mike Parker,2,1,1,2024,2,34.10498,-118.39465333,9,6.5,3.24344
76302,Albert Terry,2,1,1,2024,2,34.25282,-118.29207333,11,7.1,3.53104
77852,Brianna Mcdonald,2,1,1,2024,2,34.04162,-118.22368667,10,0.5,0.23614
64147,Jeremiah Anderson,2,1,1,2024,2,34.0205,-118.20659,8,2.6,1.28517
21837,Susan Mendez,2,1,1,2024,2,34.14722,-118.30917,11,9.1,4.52651
39228,Rebecca Murphy,2,1,1,2024,2,33.7037,-118.42884667,1,46.5,23.2474
59900,Cathy Gonzales,2,1,1,2024,2,33.74594,-118.53142667,1,8.6,4.29438
66352,Joseph Park,2,1,1,2024,2,34.2317,-118.25788,11,4.2,2.10228
30253,Elizabeth Moody,2,1,1,2024,2,33.89378,-118.18949333,8,7.3,3.65031
41406,Christina Henson,2,1,1,2024,2,34.04162,-118.32626667,10,3.6,1.81658
32521,Ms. Kathy Fernandez,2,1,1,2024,2,33.76706,-118.27497667,4,9.8,4.89112
85956,Daniel Reeves,2,1,1,2024,2,33.87266,-118.32626667,4,6.1,3.06088
81100,Christopher Butler,2,1,1,2024,2,33.76706,-118.41175,1,9.0,4.49791
86039,Mrs. Dawn Walters,2,1,1,2024,2,34.06274,-118.29207333,10,3.3,1.66842
30211,Sandra Nelson,2,1,1,2024,2,34.25282,-118.29207333,11,23.5,11.72674
28609,Emily Williams,2,1,1,2024,2,33.89378,-118.37755667,4,4.5,2.26752
75618,Jennifer Howard,2,1,1,2024,2,33.85154,-118.36046,4,9.3,4.64117
79871,Bryan Cantrell,2,1,1,2024,2,33.72482,-118.42884667,1,7.1,3.57402
20711,Jessica Mendez,2,1,1,2024,2,34.06274,-118.51433,9,2.1,1.03406
47878,Sydney Stewart,2,1,1,2024,2,34.04162,-118.48013667,9,4.8,2.39414
15391,Jared Norman,2,1,1,2024,2,34.06274,-118.41175,9,27.0,13.51825
68018,Mr. Eric Wright,2,1,1,2024,2,34.1261,-118.25788,10,2.5,1.26481
54093,Thomas Welch,2,1,1,2024,2,34.06274,-118.51433,9,47.1,23.55404
12854,Carolyn Orr,2,1,1,2024,2,34.29506,-118.25788,11,0.9,0.47344
54336,Kerry Mosley,2,1,1,2024,2,33.76706,-118.32626667,4,9.3,4.65735
22449,John Williams,2,1,1,2024,2,33.89378,-118.44594333,3,4.5,2.26872
11803,Jacob Robertson,2,1,1,2024,2,33.97826,-118.39465333,6,2.2,1.10557
23772,Taylor Abbott,2,1,1,2024,2,33.93602,-118.54852333,5,8.0,3.99713
86519,Audrey Tyler,2,1,1,2024,2,33.87266,-118.46304,3,7.2,3.58742
46983,Tommy Davis,2,1,1,2024,2,33.93602,-118.27497667,7,8.0,4.0219
24028,Michelle Martinez,2,1,1,2024,2,33.78818,-118.51433,1,9.8,4.88558
52387,Zachary Morris,2,1,1,2024,2,33.89378,-118.27497667,4,4.9,2.44263
46876,Jon Johnson,2,1,1,2024,2,34.04162,-118.27497667,10,5.6,2.78535
24905,Allison Green,2,1,1,2024,2,34.0205,-118.25788,7,5.4,2.68136
30992,Donna Gentry,2,1,1,2024,2,33.97826,-118.42884667,6,9.6,4.77686
31004,Aaron Mendez,2,1,1,2024,2,33.97826,-118.30917,7,1.3,0.62971
86682,Tara Jimenez,2,1,1,2024,2,33.89378,-118.22368667,8,0.5,0.25558
33620,Teresa Russell,2,1,1,2024,2,33.87266,-118.54852333,2,8.8,4.37508
16759,Jesse Hudson,2,1,1,2024,2,33.95714,-118.18949333,8,1.1,0.54944
22516,Cheyenne Reese,2,1,1,2024,2,34.29506,-118.29207333,11,3.2,1.59876
99473,Tyler White,2,1,1,2024,2,34.0205,-118.29207333,7,6.7,3.35635
77407,Jason Frazier,2,1,1,2024,2,33.9149,-118.54852333,2,6.0,3.00159
25343,Christopher White MD,2,1,1,2024,2,34.06274,-118.41175,9,37.2,18.61041
44720,Anna Ramirez,2,1,1,2024,2,34.08386,-118.39465333,9,43.3,21.63047
52343,Robert Crawford,2,1,1,2024,2,34.31618,-118.29207333,11,24.0,12.00627
65548,Tara Ramirez,2,1,1,2024,2,34.29506,-118.30917,11,7.7,3.82532
92798,Jean Pena,2,1,1,2024,2,33.93602,-118.42884667,6,94.7,47.36592
45655,Alicia Vaughn,2,1,1,2024,2,34.10498,-118.37755667,9,10.6,5.31761
61250,Robert Davis,2,1,1,2024,2,33.85154,-118.51433,3,7.4,3.69916
18334,Michael Smith,2,1,1,2024,2,34.0205,-118.18949333,8,9.2,4.59043
16046,Kellie Robinson,2,1,1,2024,2,33.9149,-118.24078333,4,1.2,0.59036
34939,Maria Wright,2,1,1,2024,2,33.89378,-118.46304,3,3.0,1.49249
24570,Brian Hanson,2,1,1,2024,2,34.14722,-118.27497667,11,26.6,13.28538
84521,Jennifer Davies,2,1,1,2024,2,33.95714,-118.54852333,5,43.8,21.91825
96135,Johnathan Gonzalez,2,1,1,2024,2,34.10498,-118.22368667,10,8.0,3.99841
55468,Katherine Montoya,2,1,1,2024,2,33.85154,-118.46304,3,71.7,35.83787
11412,Jessica Lane,2,1,1,2024,2,33.8093,-118.32626667,4,1.7,0.87061
62853,Joy Patterson,2,1,1,2024,2,33.85154,-118.56562,2,3.6,1.82021
51642,Katherine Schmidt,2,1,1,2024,2,33.74594,-118.59981333,2,9.5,4.73783
48459,Scott Gonzalez,2,1,1,2024,2,33.93602,-118.39465333,6,1.5,0.74181
94001,Michael Cox,2,1,1,2024,2,34.0205,-118.30917,7,7.9,3.92639
98619,John Sanders,2,1,1,2024,2,33.83042,-118.36046,4,8.8,4.40744
21285,Katherine Jackson,2,1,1,2024,2,33.87266,-118.53142667,3,42.6,21.28269
85124,Hailey Smith,2,1,1,2024,2,33.9149,-118.34336333,4,9.4,4.68515
75334,Yolanda Thomas,2,1,1,2024,2,33.76706,-118.39465333,1,42.7,21.36059
80625,Michael Bennett,2,1,1,2024,2,33.7037,-118.48013667,1,2.9,1.43075
22591,Lisa Hopkins,2,1,1,2024,2,34.08386,-118.42884667,9,7.1,3.52873
21993,Mr. Daniel Diaz,2,1,1,2024,2,34.06274,-118.42884667,9,4.7,2.34503
59260,Thomas Ayala,2,1,1,2024,2,34.31618,-118.24078333,11,6.6,3.3165
53833,Tracy Garrison,2,1,1,2024,2,33.97826,-118.18949333,8,1.7,0.85957
65074,Monica Price,2,1,1,2024,2,34.06274,-118.39465333,9,47.3,23.67066
15605,Matthew Duran,2,1,1,2024,2,33.8093,-118.39465333,1,9.3,4.66285
25047,Megan Johnston,2,1,1,2024,2,33.9149,-118.37755667,4,3.2,1.60672
63929,Kevin Montgomery,2,1,1,2024,2,34.14722,-118.30917,11,2.4,1.19998
49940,Robert Miller,2,1,1,2024,2,33.72482,-118.49723333,1,9.8,4.89338
45167,Anne Weaver,2,1,1,2024,2,33.83042,-118.65110333,2,3.6,1.78114
76399,Heidi Bennett,2,1,1,2024,2,33.78818,-118.46304,1,1.0,0.50277
41566,Christopher Villarreal,2,1,1,2024,2,34.18946,-118.30917,11,9.7,4.86066
14539,Peter Parks,2,1,1,2024,2,34.10498,-118.25788,10,15.9,7.92981
26545,Brittany Garcia,2,1,1,2024,2,34.10498,-118.22368667,10,7.9,3.95717
26806,William Lopez,2,1,1,2024,2,34.14722,-118.29207333,11,7.6,3.77513
46761,Jennifer Brown,2,1,1,2024,2,33.95714,-118.51433,5,55.6,27.79304
70095,Samantha Thompson,2,1,1,2024,2,33.8093,-118.25788,4,7.0,3.48308
40763,Jose Rodriguez,2,1,1,2024,2,34.08386,-118.48013667,9,57.8,28.9227
41965,Michelle Kelley,2,1,1,2024,2,34.14722,-118.30917,11,8.1,4.07411
13493,Chloe Moore,2,1,1,2024,2,34.18946,-118.27497667,11,2.6,1.28658
54004,Nathaniel Mccoy,2,1,1,2024,2,34.18946,-118.30917,11,8.2,4.07533
26959,Jessica Cox,2,1,1,2024,2,33.9149,-118.36046,4,7.8,3.87857
84979,Paul Holden,2,1,1,2024,2,34.0205,-118.54852333,5,7.2,3.57779
46792,Matthew Sanchez,2,1,1,2024,2,33.83042,-118.42884667,3,51.5,25.72685
31690,Brian Gonzalez,2,1,1,2024,2,33.89378,-118.39465333,3,4.8,2.40319
25467,James Sawyer,2,1,1,2024,2,34.14722,-118.30917,11,17.2,8.62108
54242,Eric Foster,2,1,1,2024,2,33.76706,-118.63400667,2,2.7,1.34857
88622,Courtney Hudson,2,1,1,2024,2,33.83042,-118.48013667,3,53.4,26.7035
77560,David Aguirre,2,1,1,2024,2,33.89378,-118.41175,3,92.0,45.98581
46519,Brianna Howard,2,1,1,2024,2,33.95714,-118.24078333,7,0.9,0.46235
92662,Sylvia Morris,2,1,1,2024,2,33.8093,-118.25788,4,1.3,0.66552
94171,Ronald Foster,2,1,1,2024,2,33.83042,-118.41175,3,8.8,4.41144
10213,Pamela Lee,2,1,1,2024,2,33.78818,-118.54852333,1,2.3,1.1665
62952,Sean Lamb,2,1,1,2024,2,34.25282,-118.27497667,11,4.1,2.0494
99962,Kelly Conrad,2,1,1,2024,2,34.04162,-118.49723333,9,40.0,19.99261
29668,Joshua Davenport,2,1,1,2024,2,34.06274,-118.49723333,9,45.4,22.71763
51379,Mark Meyer,2,1,1,2024,2,33.85154,-118.34336333,4,9.7,4.85541
57607,Angela Lee,2,1,1,2024,2,34.3373,-118.25788,11,20.0,10.01815
30579,Bill Freeman,2,1,1,2024,2,33.9149,-118.46304,3,8.1,4.02808
98898,Carla Davis,2,1,1,2024,2,33.93602,-118.20659,8,1.8,0.89262
44549,Courtney Rogers,2,1,1,2024,2,33.76706,-118.30917,4,8.7,4.37099
26650,Tracy Raymond,2,1,1,2024,2,34.18946,-118.30917,11,2.6,1.32019
81705,Amy Miller,2,1,1,2024,2,34.10498,-118.42884667,9,5.7,2.8309
79646,Lucas Harvey,2,1,1,2024,2,34.1261,-118.30917,10,0.2,0.0756
10561,Zachary Cruz,2,1,1,2024,2,34.25282,-118.30917,11,7.6,3.77976
72911,Christian Torres,2,1,1,2024,2,33.76706,-118.42884667,1,9.5,4.72626
51778,Rebekah Olson,2,1,1,2024,2,34.29506,-118.25788,11,14.3,7.134
87326,Melinda Bauer,2,1,1,2024,2,33.89378,-118.58271667,2,5.2,2.6201
23654,Alexandra Miles,2,1,1,2024,2,33.78818,-118.49723333,1,2.1,1.05514
64001,Robert Anderson,2,1,1,2024,2,34.3373,-118.27497667,11,4.0,1.9751
19878,Brandon Gomez,2,1,1,2024,2,34.0205,-118.53142667,5,20.3,10.12552
43171,Jennifer Powell,2,1,1,2024,2,33.85154,-118.37755667,4,42.8,21.38928
65926,John Price,2,1,1,2024,2,34.06274,-118.46304,9,59.6,29.80837
39197,Samuel Dennis,2,1,1,2024,2,33.89378,-118.27497667,4,4.2,2.11272
58820,Laura Gray,2,1,1,2024,2,33.83042,-118.49723333,3,5.0,2.49157
92249,Ronald Lee,2,1,1,2024,2,33.9149,-118.25788,4,2.8,1.38073
74792,Mackenzie Gonzalez,2,1,1,2024,2,33.89378,-118.53142667,3,6.0,3.02263
13281,Briana Zavala,2,1,1,2024,2,33.76706,-118.39465333,1,37.8,18.90572
31986,Jennifer White,2,1,1,2024,2,33.85154,-118.44594333,3,7.0,3.49642
74913,Paula Leonard,2,1,1,2024,2,34.08386,-118.37755667,9,35.2,17.57578
24005,Joshua Gomez,2,1,1,2024,2,34.08386,-118.42884667,9,7.5,3.73772
15576,Justin Ramos,2,1,1,2024,2,33.9149,-118.39465333,3,1.8,0.90218
97712,Lori Hall,2,1,1,2024,2,33.95714,-118.54852333,5,9.3,4.6379
22776,Justin Richardson,2,1,1,2024,2,33.74594,-118.42884667,1,51.4,25.71569
58038,Eric Moore,2,1,1,2024,2,34.18946,-118.29207333,11,4.5,2.22899
92032,Joel Gates,2,1,1,2024,2,33.8093,-118.42884667,1,0.1,0.07416
19891,Sean Moon,2,1,1,2024,2,34.10498,-118.41175,9,7.0,3.49319
49647,Mr. David Maynard MD,2,1,1,2024,2,34.06274,-118.25788,10,1.2,0.58984
11538,Emily Russell,2,1,1,2024,2,33.74594,-118.53142667,1,1.0,0.51055
68324,Shane Wolfe,2,1,1,2024,2,33.95714,-118.48013667,5,62.6,31.2875
21481,Walter Mathis,2,1,1,2024,2,34.0205,-118.34336333,6,1.4,0.71314
25489,Barbara Reyes,2,1,1,2024,2,33.76706,-118.51433,1,0.7,0.34481
86452,Heather Anderson,2,1,1,2024,2,34.08386,-118.25788,10,8.7,4.34838
92882,Eric Peterson,2,1,1,2024,2,33.99938,-118.30917,7,1.7,0.8331
61821,Tony Lee,2,1,1,2024,2,33.99938,-118.56562,5,7.4,3.67689
51994,Kayla Lyons,2,1,1,2024,2,34.21058,-118.29207333,11,31.3,15.65466
72003,Todd Harper,2,1,1,2024,2,33.74594,-118.54852333,1,7.0,3.49025
89498,Michael Stewart,2,1,1,2024,2,33.8093,-118.56562,2,1.1,0.55292
10273,Marcus Hughes,2,1,1,2024,2,33.74594,-118.56562,2,8.8,4.38305
89185,Lisa Mendez,2,1,1,2024,2,34.08386,-118.41175,9,30.6,15.29171
82429,Elizabeth Miller,2,1,1,2024,2,34.27394,-118.25788,11,15.3,7.62991
94667,Amy Duncan,2,1,1,2024,2,34.10498,-118.27497667,10,3.3,1.63347
93744,Lisa Peterson,2,1,1,2024,2,33.93602,-118.36046,6,8.5,4.26664
61453,Beth Wu,2,1,1,2024,2,33.74594,-118.54852333,1,22.0,10.97944
51419,Megan Benjamin,2,1,1,2024,2,34.0205,-118.48013667,5,63.8,31.89813
11181,Vincent Olson,2,1,1,2024,2,34.06274,-118.36046,10,9.8,4.9136
62117,Robert Brown,2,1,1,2024,2,33.85154,-118.41175,3,0.3,0.14264
45362,Michael Watson,2,1,1,2024,2,33.78818,-118.61691,2,5.2,2.57599
59942,James Russell,2,1,1,2024,2,33.9149,-118.18949333,8,9.5,4.72881
17906,Mrs. Lisa Johnson,2,1,1,2024,2,34.06274,-118.22368667,10,16.9,8.43106
15911,Brian Harris,2,1,1,2024,2,34.0205,-118.51433,5,8.6,4.32171
84636,Regina Bates MD,2,1,1,2024,2,33.85154,-118.56562,2,30.3,15.16419
93801,Lisa Nichols,2,1,1,2024,2,33.83042,-118.48013667,3,8.0,4.00366
32441,Thomas Jones,2,1,1,2024,2,33.83042,-118.34336333,4,9.9,4.9747
43914,Edward King,2,1,1,2024,2,34.10498,-118.30917,10,17.7,8.84961
37632,Debbie Chavez,2,1,1,2024,2,33.87266,-118.29207333,4,8.8,4.38452
13617,Jessica Mcgee,2,1,1,2024,2,33.8093,-118.63400667,2,2.0,0.97947
59235,Jasmine Johnson,2,1,1,2024,2,33.9149,-118.51433,3,57.6,28.82011
61519,Tyler Howard,2,1,1,2024,2,34.3373,-118.29207333,11,3.4,1.68352
92457,Russell Brown,2,1,1,2024,2,34.1261,-118.42884667,9,9.0,4.499
11587,David Lambert,2,1,1,2024,2,34.1261,-118.27497667,10,3.2,1.58089
73923,William Nolan,2,1,1,2024,2,33.97826,-118.36046,6,58.7,29.35815
49172,Janice Gonzalez,2,1,1,2024,2,33.74594,-118.46304,1,3.8,1.88789
84820,Anthony Stevens,2,1,1,2024,2,33.8093,-118.29207333,4,0.7,0.3305
42480,William Morgan,2,1,1,2024,2,33.83042,-118.58271667,2,2.5,1.25049
63830,John Fernandez,2,1,1,2024,2,33.89378,-118.59981333,2,5.7,2.8685
66176,David Harper,2,1,1,2024,2,33.89378,-118.34336333,4,9.8,4.88514
19346,Samuel Ward,2,1,1,2024,2,34.04162,-118.34336333,10,0.4,0.18852
48182,Mark Smith,2,1,1,2024,2,33.95714,-118.36046,6,2.5,1.23459
55589,Jimmy Davis,2,1,1,2024,2,33.89378,-118.37755667,4,8.0,3.99486
14080,Deborah Andrews,2,1,1,2024,2,34.10498,-118.48013667,9,9.2,4.62455
57946,Shane Gardner,2,1,1,2024,2,33.9149,-118.44594333,3,88.4,44.20326
88667,Stacey Rivera,2,1,1,2024,2,33.99938,-118.46304,6,5.5,2.74528
78404,Dr. Robert Freeman,2,1,1,2024,2,33.95714,-118.48013667,5,4.5,2.2726
58132,Holly Benton,2,1,1,2024,2,33.8093,-118.53142667,1,7.4,3.70568
26368,Dale Jones,2,1,1,2024,2,33.83042,-118.41175,3,7.9,3.92619
90822,Sean Carroll,2,1,1,2024,2,34.2317,-118.27497667,11,2.3,1.14034
90433,Lori Walker,2,1,1,2024,2,33.87266,-118.58271667,2,6.7,3.36913
61099,Cody Kaufman,2,1,1,2024,2,33.93602,-118.44594333,6,2.6,1.29496
26765,Joshua Lewis,2,1,1,2024,2,34.25282,-118.25788,11,5.7,2.85191
58269,Kevin Allen,2,1,1,2024,2,33.93602,-118.49723333,5,3.5,1.76257
91268,Mackenzie Mckenzie,2,1,1,2024,2,34.08386,-118.39465333,9,49.5,24.75154
23005,Brianna Campbell,2,1,1,2024,2,33.99938,-118.25788,7,1.6,0.81781
53306,Donna Carlson,2,1,1,2024,2,33.7037,-118.44594333,1,24.6,12.28674
14204,Alison Rocha,2,1,1,2024,2,33.99938,-118.22368667,8,1.0,0.48705
33098,Dr. Mary James,2,1,1,2024,2,33.99938,-118.41175,6,51.9,25.92845
26183,Stephanie Ruiz,2,1,1,2024,2,33.95714,-118.18949333,8,1.5,0.75474
66748,Cheryl Hunter,2,1,1,2024,2,33.83042,-118.56562,2,8.4,4.21402
61904,Amanda Brown,2,1,1,2024,2,34.04162,-118.29207333,10,2.3,1.16385
50199,Karen Cochran,2,1,1,2024,2,33.99938,-118.44594333,6,5.8,2.89172
86154,Heather Galvan,2,1,1,2024,2,33.76706,-118.30917,4,9.7,4.82811
19038,Betty Brooks,2,1,1,2024,2,34.10498,-118.42884667,9,8.3,4.1315
39317,Holly Martinez,2,1,1,2024,2,33.9149,-118.44594333,3,89.2,44.6182
24047,Joshua Murphy,2,1,1,2024,2,34.06274,-118.27497667,10,1.8,0.90642
11910,Jennifer Harris,2,1,1,2024,2,33.9149,-118.42884667,3,1.7,0.85355
38460,Brian Duke,2,1,1,2024,2,34.1261,-118.29207333,10,33.5,16.73605
73830,Renee Taylor,2,1,1,2024,2,34.06274,-118.32626667,10,7.5,3.74444
95759,Susan Fuller,2,1,1,2024,2,34.04162,-118.30917,10,4.4,2.21849
47876,Andrew Jones,2,1,1,2024,2,33.8093,-118.51433,1,6.0,2.98895
46755,Brittany Rodriguez,2,1,1,2024,2,33.89378,-118.39465333,3,95.8,47.91407
71177,Jennifer Dominguez,2,1,1,2024,2,34.10498,-118.41175,9,5.7,2.84728
53759,Hannah Meyers,2,1,1,2024,2,34.21058,-118.29207333,11,2.3,1.13632
10900,Timothy Chen,2,1,1,2024,2,34.08386,-118.37755667,9,3.8,1.92287
38665,Stephanie Aguirre,2,1,1,2024,2,34.16834,-118.30917,11,33.5,16.73259
99625,Eric Cooper,2,1,1,2024,2,34.06274,-118.42884667,9,4.8,2.37608
39024,Christine Simpson,2,1,1,2024,2,33.74594,-118.48013667,1,0.9,0.46062
67475,Sandra Mooney,2,1,1,2024,2,34.2317,-118.25788,11,7.6,3.78139
11174,Patrick Hardy,2,1,1,2024,2,34.08386,-118.49723333,9,49.2,24.58655
28597,Nancy Williams,2,1,1,2024,2,34.08386,-118.42884667,9,1.8,0.91117
92231,Daniel Pham,2,1,1,2024,2,33.9149,-118.22368667,8,3.3,1.63701
12591,Robert Weaver,2,1,1,2024,2,34.06274,-118.22368667,10,12.7,6.3746
23591,Miss Betty Trevino,2,1,1,2024,2,34.04162,-118.48013667,9,5.7,2.83235
92762,Austin Davis,2,1,1,2024,2,33.74594,-118.41175,1,8.6,4.29898
31645,Lance Frost,2,1,1,2024,2,33.95714,-118.17239667,8,2.4,1.19742
95093,Mary Freeman,2,1,1,2024,2,34.08386,-118.39465333,9,23.5,11.77026
31119,Caroline Bailey,2,1,1,2024,2,33.85154,-118.61691,2,8.3,4.13177
99023,Dorothy Walton,2,1,1,2024,2,34.04162,-118.46304,9,47.1,23.57266
48549,Carla Morales,2,1,1,2024,2,33.78818,-118.34336333,4,8.0,3.98953
81820,William Hicks,2,1,1,2024,2,33.97826,-118.53142667,5,46.0,22.99345
76185,Christian Hodges,2,1,1,2024,2,34.04162,-118.41175,9,0.4,0.21267
39798,Sarah Bell,2,1,1,2024,2,33.89378,-118.54852333,2,9.2,4.58387
51310,Scott Castaneda,2,1,1,2024,2,34.2317,-118.24078333,11,4.2,2.10343
74494,Tasha Simmons,2,1,1,2024,2,34.2317,-118.30917,11,7.8,3.89166
61288,Russell Dunlap,2,1,1,2024,2,33.87266,-118.44594333,3,6.7,3.33062
60316,Justin Reyes,2,1,1,2024,2,33.89378,-118.20659,8,8.5,4.23958
68498,Laurie Knight,2,1,1,2024,2,33.99938,-118.48013667,5,77.9,38.92951
14895,Valerie Thompson,2,1,1,2024,2,34.04162,-118.51433,9,39.6,19.81229
50571,Anthony Lewis,2,1,1,2024,2,34.04162,-118.24078333,10,2.8,1.4102
34203,Dr. Toni Morris,2,1,1,2024,2,33.89378,-118.56562,2,37.1,18.57079
76673,Linda Green,2,1,1,2024,2,33.85154,-118.46304,3,69.3,34.66104
33906,Logan Gonzalez,2,1,1,2024,2,34.1261,-118.27497667,10,6.7,3.32898
78023,Rachel Shea,2,1,1,2024,2,34.10498,-118.37755667,9,6.7,3.32675
89048,Debbie Cochran,2,1,1,2024,2,33.97826,-118.1553,8,3.2,1.61733
14690,Joseph Hester,2,1,1,2024,2,33.83042,-118.53142667,3,6.3,3.13635
82033,Mark Edwards,2,1,1,2024,2,33.76706,-118.58271667,2,9.8,4.9005
97489,Mary Phillips,2,1,1,2024,2,34.04162,-118.46304,9,66.0,33.01747
54889,Scott Miller,2,1,1,2024,2,33.9149,-118.27497667,4,6.4,3.18922
87839,Roy Powell,2,1,1,2024,2,33.9149,-118.51433,3,41.3,20.65488
64445,David Reilly,2,1,1,2024,2,34.1261,-118.44594333,9,8.4,4.19643
29623,Amy Reed,2,1,1,2024,2,33.83042,-118.44594333,3,1.1,0.56931
87259,Javier Leon,2,1,1,2024,2,33.78818,-118.51433,1,3.1,1.54662
70028,Arthur Banks,2,1,1,2024,2,33.95714,-118.32626667,6,9.7,4.8678
29665,David Wright,2,1,1,2024,2,33.93602,-118.37755667,6,4.1,2.04287
23727,John Mann,2,1,1,2024,2,33.85154,-118.54852333,2,4.8,2.39239
74719,Mary Simmons,2,1,1,2024,2,33.9149,-118.54852333,2,6.9,3.42883
58528,Maurice Rodriguez,2,1,1,2024,2,33.8093,-118.36046,4,8.7,4.36759
35282,Cynthia Moore,2,1,1,2024,2,33.89378,-118.65110333,2,8.9,4.4526
45741,Angela Parker,2,1,1,2024,2,34.31618,-118.24078333,11,8.6,4.31432
81864,Tyler Dean,2,1,1,2024,2,33.95714,-118.46304,6,58.2,29.08033
73051,Allison Williams,2,1,1,2024,2,33.93602,-118.53142667,5,5.9,2.92632
55736,Daniel Brooks,2,1,1,2024,2,33.76706,-118.44594333,1,6.9,3.45298
23259,Kayla Smith,2,1,1,2024,2,34.25282,-118.30917,11,24.1,12.05556
48711,Maria Hicks,2,1,1,2024,2,33.89378,-118.46304,3,8.1,4.04796
30748,Valerie Montgomery,2,1,1,2024,2,33.74594,-118.39465333,1,8.9,4.46439
55431,Julie Rivas,2,1,1,2024,2,33.83042,-118.51433,3,2.1,1.05993
34702,Jeremy Harris,2,1,1,2024,2,33.76706,-118.59981333,2,9.1,4.56728
84807,Mark Lane,2,1,1,2024,2,33.93602,-118.24078333,7,2.1,1.03391
24454,John Rios,2,1,1,2024,2,33.89378,-118.27497667,4,9.8,4.92191
38856,Matthew Reid,2,1,1,2024,2,33.97826,-118.17239667,8,1.3,0.66759
21928,Samuel Martinez,2,1,1,2024,2,34.06274,-118.46304,9,34.9,17.43317
37789,Mark Garcia,2,1,1,2024,2,34.27394,-118.27497667,11,5.7,2.84501
89147,Karen Murphy,2,1,1,2024,2,33.95714,-118.58271667,5,8.7,4.36375
36578,Sean Barnes,2,1,1,2024,2,34.08386,-118.22368667,10,8.8,4.37787
74690,Amanda Clements,2,1,1,2024,2,33.74594,-118.58271667,2,8.5,4.2316
18940,Sarah Curry,2,1,1,2024,2,33.8093,-118.41175,1,40.4,20.18081
75673,Craig Long,2,1,1,2024,2,33.76706,-118.36046,4,9.7,4.86841
12729,Sandra Alexander,2,1,1,2024,2,34.2317,-118.25788,11,2.1,1.0456
71386,John Murphy,2,1,1,2024,2,34.2317,-118.24078333,11,3.8,1.87769
51688,Victoria Jones,2,1,1,2024,2,33.78818,-118.48013667,1,5.7,2.8312
55741,Victoria King,2,1,1,2024,2,33.93602,-118.37755667,6,8.0,3.98065
56418,George Adams,2,1,1,2024,2,34.08386,-118.27497667,10,19.3,9.63681
14256,Jennifer Perez,2,1,1,2024,2,34.1261,-118.25788,10,1.8,0.89417
73833,Catherine Kennedy,2,1,1,2024,2,33.74594,-118.39465333,1,4.1,2.02859
97438,Andrew Smith,2,1,1,2024,2,33.89378,-118.18949333,8,7.8,3.87871
60667,Ana Combs,2,1,1,2024,2,34.10498,-118.44594333,9,10.0,4.98168
67891,Daniel Morales,2,1,1,2024,2,34.04162,-118.42884667,9,0.6,0.32443
64510,Lance Anderson,2,1,1,2024,2,33.99938,-118.51433,5,33.8,16.89068
14255,Amy Lewis PhD,2,1,1,2024,2,33.97826,-118.49723333,5,5.7,2.86907
66358,Kim Hunter,2,1,1,2024,2,33.85154,-118.54852333,2,33.9,16.95295
47045,James Miller,2,1,1,2024,2,34.3373,-118.30917,11,38.6,19.28793
88751,Cassandra Raymond,2,1,1,2024,2,34.16834,-118.30917,11,18.7,9.34913
45508,Nancy Monroe,2,1,1,2024,2,33.8093,-118.29207333,4,7.2,3.57773
47302,Melissa Collins,2,1,1,2024,2,33.97826,-118.46304,6,63.5,31.77462
55712,Kenneth Gross,2,1,1,2024,2,34.1261,-118.46304,9,6.2,3.08439
30740,Breanna Matthews,2,1,1,2024,2,33.85154,-118.42884667,3,2.4,1.19452
35673,Jerry Ellis,2,1,1,2024,2,34.25282,-118.25788,11,19.1,9.5535
35735,Cindy Anthony,2,1,1,2024,2,33.76706,-118.54852333,1,8.1,4.06508
61684,Shannon Perry,2,1,1,2024,2,33.78818,-118.25788,4,7.9,3.92601
18370,Jennifer Peters,2,1,1,2024,2,34.08386,-118.30917,10,2.1,1.04683
10887,Shelby Goodwin,2,1,1,2024,2,33.99938,-118.29207333,7,4.8,2.40059
53890,Teresa Ray,2,1,1,2024,2,33.87266,-118.56562,2,8.8,4.37569
32628,Rachael Carlson,2,1,1,2024,2,33.78818,-118.53142667,1,3.1,1.56129
70400,Gwendolyn Rogers,2,1,1,2024,2,33.74594,-118.49723333,1,4.7,2.36047
92827,Emily Rivera,2,1,1,2024,2,34.0205,-118.49723333,5,6.4,3.22329
52852,Jeffrey Brown,2,1,1,2024,2,33.9149,-118.56562,2,4.2,2.08946
86327,Robin Santiago,2,1,1,2024,2,33.76706,-118.46304,1,6.5,3.26237
29379,Robin Bradshaw,2,1,1,2024,2,34.0205,-118.56562,5,7.4,3.69318
60635,Stephen Barr,2,1,1,2024,2,33.97826,-118.42884667,6,9.0,4.49818
31275,Matthew Castaneda,2,1,1,2024,2,34.04162,-118.36046,10,31.7,15.84959
37924,Lisa Jordan,2,1,1,2024,2,33.72482,-118.46304,1,4.5,2.2344
14699,Victoria Adkins,2,1,1,2024,2,33.78818,-118.39465333,1,8.0,3.97908
40679,Eric Morales,2,1,1,2024,2,34.0205,-118.53142667,5,31.7,15.8505
96779,Thomas Chavez,2,1,1,2024,2,34.31618,-118.32626667,11,8.9,4.47486
99139,Daniel Boyd,2,1,1,2024,2,34.1261,-118.46304,9,8.8,4.39708
74819,Thomas Archer,2,1,1,2024,2,34.18946,-118.29207333,11,29.0,14.48379
52968,Mark Petersen,2,1,1,2024,2,34.0205,-118.34336333,6,8.0,3.99185
95437,Jacqueline Morris,2,1,1,2024,2,33.93602,-118.18949333,8,1.5,0.73849
68860,Cathy Johnson,2,1,1,2024,2,33.8093,-118.49723333,1,2.0,0.98584
21762,Kimberly Pena,2,1,1,2024,2,33.85154,-118.36046,4,7.7,3.86524
36219,Lindsey Sanders,2,1,1,2024,2,33.97826,-118.34336333,6,3.3,1.63771
17444,Suzanne Lopez,2,1,1,2024,2,33.72482,-118.48013667,1,33.0,16.48074
44533,Tracy Sellers,2,1,1,2024,2,34.10498,-118.49723333,9,7.4,3.69528
75920,Gabriel Wallace,2,1,1,2024,2,34.0205,-118.48013667,5,7.2,3.58947
95952,Gary Hamilton,2,1,1,2024,2,33.97826,-118.41175,6,2.4,1.19246
29046,Brandon Perez,2,1,1,2024,2,34.06274,-118.32626667,10,4.4,2.20034
58345,Natasha Miranda,2,1,1,2024,2,33.76706,-118.41175,1,49.6,24.8049
47945,Gabriela Harrell,2,1,1,2024,2,33.89378,-118.32626667,4,5.4,2.68372
20841,Nicholas Russell,2,1,1,2024,2,34.14722,-118.27497667,11,23.2,11.61084
77257,Ryan Gilbert,2,1,1,2024,2,34.1261,-118.42884667,9,8.3,4.16533
40695,Kyle Villanueva,2,1,1,2024,2,33.83042,-118.37755667,4,7.3,3.67253
28022,Ricky Davis,2,1,1,2024,2,33.99938,-118.53142667,5,9.9,4.93633
78486,James Wilson,2,1,1,2024,2,33.97826,-118.54852333,5,45.8,22.90442
54987,Adrian Bell,2,1,1,2024,2,34.29506,-118.24078333,11,8.8,4.41559
74945,Gary Murphy,2,1,1,2024,2,33.89378,-118.41175,3,71.8,35.90423
69611,Brandon Clark,2,1,1,2024,2,34.2317,-118.22368667,11,3.4,1.69298
31891,David Marquez,2,1,1,2024,2,34.1261,-118.30917,10,17.8,8.91685
42523,Casey Schultz,2,1,1,2024,2,34.04162,-118.34336333,10,3.8,1.88071
23581,Mark Jones,2,1,1,2024,2,33.93602,-118.58271667,5,9.3,4.66977
30136,Darlene Perez,2,1,1,2024,2,33.8093,-118.44594333,1,2.8,1.41359
56316,Cheryl Zimmerman,2,1,1,2024,2,33.85154,-118.37755667,4,42.3,21.13998
23749,Susan Hartman,2,1,1,2024,2,33.89378,-118.42884667,3,101.7,50.87295
82019,Tara Mcdaniel,2,1,1,2024,2,33.87266,-118.51433,3,43.6,21.78162
10511,Miranda Zavala,2,1,1,2024,2,33.83042,-118.48013667,3,7.0,3.48201
44639,Sarah Stout,2,1,1,2024,2,34.25282,-118.24078333,11,5.6,2.80862
41181,Christina Allen,2,1,1,2024,2,33.9149,-118.17239667,8,6.3,3.17131
81272,Cody Gonzalez,2,1,1,2024,2,34.08386,-118.27497667,10,8.3,4.13139
77792,Jennifer Clark,2,1,1,2024,2,34.04162,-118.39465333,9,6.4,3.17531
62709,Michael Mcgee,2,1,1,2024,2,33.95714,-118.42884667,6,74.0,36.99496
57174,Eric Avila,2,1,1,2024,2,33.83042,-118.39465333,3,4.8,2.40945
43029,Edward Salazar,2,1,1,2024,2,34.1261,-118.25788,10,2.6,1.31902
94323,Paul Blankenship,2,1,1,2024,2,34.10498,-118.24078333,10,15.8,7.92111
94567,Brittany Reed,2,1,1,2024,2,33.85154,-118.48013667,3,69.0,34.51289
57711,James Aguirre,2,1,1,2024,2,33.83042,-118.32626667,4,8.4,4.19311
51359,John Turner,2,1,1,2024,2,33.76706,-118.49723333,1,2.9,1.44847
38977,Regina Castro,2,1,1,2024,2,34.10498,-118.25788,10,4.4,2.1825
20969,Corey Wilson,2,1,1,2024,2,34.06274,-118.27497667,10,2.9,1.46994
42858,Wendy Hamilton,2,1,1,2024,2,34.04162,-118.25788,10,0.7,0.33334
21014,Bryan Hicks,2,1,1,2024,2,33.76706,-118.42884667,1,6.8,3.41115
95687,Sarah Evans,2,1,1,2024,2,33.89378,-118.56562,2,37.8,18.90695
89609,Robert Austin,2,1,1,2024,2,34.21058,-118.27497667,11,2.7,1.33005
71856,Robert Rocha,2,1,1,2024,2,33.85154,-118.53142667,3,4.5,2.26854
52050,Angelica York,2,1,1,2024,2,33.93602,-118.29207333,7,2.5,1.25387
90961,Sara Hill,2,1,1,2024,2,34.27394,-118.24078333,11,0.9,0.44368
85961,Jeffrey Fox,2,1,1,2024,2,33.85154,-118.49723333,3,6.3,3.1344
96022,Vicki Chambers,2,1,1,2024,2,33.89378,-118.54852333,2,6.9,3.44673
34515,Casey Conner,2,1,1,2024,2,34.2317,-118.29207333,11,15.7,7.85303
63623,William Pennington,2,1,1,2024,2,33.93602,-118.48013667,5,76.1,38.05096
60167,Amanda Mccormick,2,1,1,2024,2,34.16834,-118.29207333,11,36.5,18.23866
80605,Dawn Taylor,2,1,1,2024,2,33.93602,-118.22368667,8,2.3,1.17466
69904,Christopher Rosario,2,1,1,2024,2,33.87266,-118.54852333,2,9.9,4.95392
86149,William Baker,2,1,1,2024,2,33.83042,-118.61691,2,2.0,1.00906
67961,Daniel Thompson,2,1,1,2024,2,34.29506,-118.27497667,11,7.9,3.95751
12034,Kimberly Thomas,2,1,1,2024,2,34.10498,-118.46304,9,22.8,11.42333
85611,John Lawrence,2,1,1,2024,2,33.95714,-118.32626667,6,8.2,4.08571
67501,Daniel Mills,2,1,1,2024,2,33.9149,-118.48013667,3,2.2,1.10065
48518,Angela Todd,2,1,1,2024,2,33.89378,-118.61691,2,2.8,1.40263
76815,Rachel Deleon,2,1,1,2024,2,33.78818,-118.61691,2,2.4,1.20451
36792,Deborah Schwartz,2,1,1,2024,2,33.99938,-118.34336333,6,1.7,0.86107
12743,Julia Holmes,2,1,1,2024,2,33.87266,-118.63400667,2,4.4,2.17671
46919,Adam Thomas,2,1,1,2024,2,33.76706,-118.27497667,4,4.4,2.19931
37537,Brian Thomas,2,1,1,2024,2,33.99938,-118.42884667,6,70.0,35.00657
99947,Nicholas Wolfe,2,1,1,2024,2,33.95714,-118.37755667,6,4.7,2.34174
39678,Valerie Flores,2,1,1,2024,2,33.95714,-118.56562,5,1.1,0.52663
17495,Brian Coleman,2,1,1,2024,2,33.87266,-118.41175,3,1.8,0.92036
89477,Michael Mitchell,2,1,1,2024,2,33.97826,-118.20659,8,1.4,0.70713
30618,Jeffrey Green,2,1,1,2024,2,33.83042,-118.44594333,3,93.3,46.64376
71812,Linda Watson,2,1,1,2024,2,34.10498,-118.37755667,9,4.6,2.29072
61731,Pamela Myers,2,1,1,2024,2,34.0205,-118.42884667,6,8.5,4.238
72243,John Parker,2,1,1,2024,2,33.89378,-118.44594333,3,47.6,23.78178
49690,Richard Johns,2,1,1,2024,2,34.08386,-118.39465333,9,35.8,17.88594
35024,Steven Kim,2,1,1,2024,2,34.29506,-118.29207333,11,25.6,12.78424
37388,Lisa Roberts,2,1,1,2024,2,34.08386,-118.46304,9,32.6,16.28622
21727,Tara Jones,2,1,1,2024,2,33.99938,-118.36046,6,64.6,32.30151
87003,Christina Thompson,2,1,1,2024,2,33.8093,-118.63400667,2,3.9,1.94071
47561,Daniel Williamson,2,1,1,2024,2,33.9149,-118.18949333,8,2.7,1.3584
87801,Michael Graham,2,1,1,2024,2,33.9149,-118.58271667,2,7.2,3.60174
81242,Lawrence Kim,2,1,1,2024,2,34.1261,-118.29207333,10,33.1,16.54045
61282,Melinda Morgan,2,1,1,2024,2,34.06274,-118.34336333,10,45.0,22.50704
86993,Victor Williams,2,1,1,2024,2,33.93602,-118.32626667,6,8.5,4.2427
86269,Donald White,2,1,1,2024,2,34.3373,-118.24078333,11,16.3,8.14749
54068,Michael Jones,2,1,1,2024,2,33.85154,-118.6682,2,4.7,2.37094
78341,Elizabeth Smith,2,1,1,2024,2,34.06274,-118.46304,9,52.7,26.33845
48402,Christopher Bailey,2,1,1,2024,2,33.93602,-118.48013667,5,50.7,25.34947
98458,Jonathan Stephens,2,1,1,2024,2,33.83042,-118.54852333,2,7.1,3.52567
33923,Susan Barr,2,1,1,2024,2,33.99938,-118.37755667,6,9.2,4.61879
82175,James Gibbs,2,1,1,2024,2,34.21058,-118.22368667,11,9.9,4.97482
47888,David Massey,2,1,1,2024,2,33.8093,-118.61691,2,1.4,0.70893
73939,Kevin Oconnor,2,1,1,2024,2,34.06274,-118.48013667,9,60.1,30.07089
21093,Michael Gonzalez,2,1,1,2024,2,33.7037,-118.41175,1,44.1,22.03375
55799,Sharon Lane,2,1,1,2024,2,34.08386,-118.41175,9,56.7,28.35803
70733,Matthew Martin,2,1,1,2024,2,34.29506,-118.25788,11,1.9,0.95713
91466,Matthew Graham,2,1,1,2024,2,34.2317,-118.24078333,11,3.7,1.82838
80564,Wyatt Taylor,2,1,1,2024,2,34.10498,-118.27497667,10,7.2,3.62434
33513,Erika Diaz MD,2,1,1,2024,2,33.85154,-118.48013667,3,75.1,37.547
80981,Jimmy Hamilton,2,1,1,2024,2,33.8093,-118.48013667,1,2.4,1.18001
91344,Jean Marquez,2,1,1,2024,2,33.89378,-118.49723333,3,8.6,4.29736
97401,Brittany Willis,2,1,1,2024,2,33.85154,-118.65110333,2,6.2,3.08011
38300,Sherry Smith,2,1,1,2024,2,34.16834,-118.30917,11,30.4,15.19467
84386,Mary Pena,2,1,1,2024,2,34.27394,-118.27497667,11,2.4,1.18722
35629,Ronnie Martinez,2,1,1,2024,2,33.76706,-118.53142667,1,7.8,3.9223
87237,Mark Adams,2,1,1,2024,2,33.95714,-118.30917,7,2.0,0.98513
98335,John Woodward,2,1,1,2024,2,33.85154,-118.59981333,2,6.1,3.07143
71524,George Rios,2,1,1,2024,2,34.27394,-118.24078333,11,1.3,0.63053
14414,Jennifer Atkins,2,1,1,2024,2,33.87266,-118.42884667,3,91.7,45.85793
89422,Christopher Sawyer,2,1,1,2024,2,33.8093,-118.48013667,1,5.7,2.85568
12439,Robert Tran,2,1,1,2024,2,34.0205,-118.32626667,6,1.1,0.52862
12272,Donna Howard,2,1,1,2024,2,34.21058,-118.22368667,11,5.2,2.58397
71318,Jasmin Macdonald,2,1,1,2024,2,34.21058,-118.22368667,11,8.5,4.24336
77369,Stephanie Moses,2,1,1,2024,2,33.97826,-118.25788,7,3.5,1.7597
95529,Melinda Golden,2,1,1,2024,2,34.04162,-118.51433,9,8.5,4.25763
52319,Nicholas Mitchell,2,1,1,2024,2,33.87266,-118.49723333,3,55.1,27.56073
41885,Robert Cooper,2,1,1,2024,2,33.9149,-118.29207333,4,3.8,1.89058
13608,Matthew Marshall,2,1,1,2024,2,33.95714,-118.44594333,6,43.8,21.89797
96246,Joshua Bell,2,1,1,2024,2,34.04162,-118.46304,9,68.3,34.17026
13321,Nancy Gonzales,2,1,1,2024,2,33.99938,-118.56562,5,8.4,4.2203
17619,Tanya Sutton,2,1,1,2024,2,34.3373,-118.29207333,11,3.7,1.86169
73354,Christopher Kirby,2,1,1,2024,2,34.06274,-118.51433,9,19.6,9.80242
57358,Michael Johnson,2,1,1,2024,2,33.76706,-118.29207333,4,2.6,1.31773
60485,Sharon May,2,1,1,2024,2,33.89378,-118.49723333,3,65.3,32.66097
77826,Karen Lewis,2,1,1,2024,2,33.85154,-118.48013667,3,57.1,28.54357
52579,Courtney Martinez,2,1,1,2024,2,33.97826,-118.29207333,7,4.0,1.98163
44265,Susan Martinez,2,1,1,2024,2,33.9149,-118.53142667,3,42.1,21.0733
97349,Isabella Smith,2,1,1,2024,2,33.8093,-118.30917,4,8.5,4.25739
55920,Maria Hale,2,1,1,2024,2,33.9149,-118.24078333,4,1.8,0.87765
78760,Alexis Thomas,2,1,1,2024,2,34.16834,-118.27497667,11,8.7,4.33335
18410,Michelle Cruz,2,1,1,2024,2,34.0205,-118.36046,6,0.8,0.41718
86394,Sean Johnson,2,1,1,2024,2,33.89378,-118.44594333,3,8.5,4.2341
48081,Charles Murray,2,1,1,2024,2,33.83042,-118.59981333,2,3.1,1.55272
78088,Kristina Bradshaw,2,1,1,2024,2,33.93602,-118.42884667,6,77.1,38.55251
35190,Daniel Bradley,2,1,1,2024,2,33.99938,-118.24078333,7,3.9,1.93061
69668,Annette Holt,2,1,1,2024,2,34.06274,-118.30917,10,1.2,0.62227
34625,Larry Velez,2,1,1,2024,2,33.93602,-118.44594333,6,60.3,30.14386
92741,Jennifer Massey,2,1,1,2024,2,33.9149,-118.44594333,3,7.6,3.77543
84229,Benjamin Lowe DDS,2,1,1,2024,2,34.1261,-118.46304,9,8.6,4.31597
95457,Michael Armstrong,2,1,1,2024,2,33.89378,-118.51433,3,47.3,23.64022
55611,Colton Salinas,2,1,1,2024,2,34.29506,-118.30917,11,4.8,2.4149
27581,Darren Riley,2,1,1,2024,2,33.93602,-118.51433,5,1.3,0.6629
61312,Sarah Wright,2,1,1,2024,2,34.29506,-118.24078333,11,11.5,5.73308
21795,John Flores,2,1,1,2024,2,33.93602,-118.36046,6,7.5,3.74414
68368,Gina Smith,2,1,1,2024,2,34.2317,-118.30917,11,5.2,2.58299
58993,Timothy Morton,2,1,1,2024,2,33.8093,-118.25788,4,9.4,4.70755
43734,Dawn Patterson,2,1,1,2024,2,33.85154,-118.41175,3,1.9,0.96445
65712,John Lee,2,1,1,2024,2,33.99938,-118.36046,6,52.5,26.2744
69739,Tina Allen,2,1,1,2024,2,33.76706,-118.56562,2,9.7,4.85615
14062,Lisa Townsend,2,1,1,2024,2,33.9149,-118.42884667,3,78.1,39.06932
91201,Monica Smith,2,1,1,2024,2,34.06274,-118.44594333,9,37.7,18.83647
17678,Lauren Anderson,2,1,1,2024,2,33.87266,-118.46304,3,3.2,1.62162
22803,Allison Vasquez,2,1,1,2024,2,33.76706,-118.56562,2,8.2,4.078
53948,Richard Gutierrez,2,1,1,2024,2,34.08386,-118.48013667,9,2.2,1.07938
87902,Victoria Alvarado,2,1,1,2024,2,33.72482,-118.51433,1,2.3,1.13489
34005,James Dickerson,2,1,1,2024,2,34.08386,-118.49723333,9,49.9,24.96386
81884,Michael Bradford,2,1,1,2024,2,33.89378,-118.18949333,8,9.5,4.76557
13370,Travis Mclaughlin,2,1,1,2024,2,34.06274,-118.29207333,10,2.6,1.30337
25174,David Hayes,2,1,1,2024,2,33.74594,-118.51433,1,5.6,2.79842
40422,Pamela Allen,2,1,1,2024,2,34.21058,-118.29207333,11,40.0,19.98376
26662,Joshua Caldwell,2,1,1,2024,2,34.14722,-118.25788,11,10.0,4.97964
96370,Karen Wagner,2,1,1,2024,2,34.0205,-118.46304,6,5.7,2.83646
87666,Mary Edwards,2,1,1,2024,2,33.95714,-118.44594333,6,4.9,2.46862
63293,Michael Frank,2,1,1,2024,2,34.21058,-118.27497667,11,2.0,0.98587
54268,Shelly Ramirez,2,1,1,2024,2,33.93602,-118.51433,5,42.1,21.0341
71017,Stephen Hines,2,1,1,2024,2,33.99938,-118.49723333,5,68.1,34.02659
59518,Tonya Weaver,2,1,1,2024,2,34.27394,-118.29207333,11,18.6,9.32306
25132,Ryan Anderson,2,1,1,2024,2,34.3373,-118.27497667,11,4.1,2.06735
68616,Diane Young,2,1,1,2024,2,33.9149,-118.22368667,8,1.9,0.96442
31723,Alexis Jones,2,1,1,2024,2,33.89378,-118.22368667,8,1.0,0.47776
15243,John Carter,2,1,1,2024,2,33.8093,-118.46304,1,69.1,34.53652
33585,Joseph Ross,2,1,1,2024,2,33.87266,-118.30917,4,2.1,1.06412
94137,Lisa Lynch,2,1,1,2024,2,34.0205,-118.54852333,5,23.0,11.50392
80925,Cody Clements,2,1,1,2024,2,34.10498,-118.44594333,9,8.5,4.22775
61743,Bradley Thomas,2,1,1,2024,2,33.97826,-118.24078333,7,2.8,1.41409
97444,Ronald Young,2,1,1,2024,2,33.89378,-118.29207333,4,4.0,2.00475
45736,Robin Mccormick,2,1,1,2024,2,33.99938,-118.44594333,6,71.2,35.58113
79122,Denise Lane,2,1,1,2024,2,33.7037,-118.44594333,1,35.5,17.72594
32965,Jorge Randall,2,1,1,2024,2,33.74594,-118.56562,2,9.1,4.53276
25169,Eric Robinson,2,1,1,2024,2,33.89378,-118.48013667,3,66.0,32.98701
45580,Karen Boone,2,1,1,2024,2,33.85154,-118.39465333,3,44.6,22.2822
56360,Patrick Brown,2,1,1,2024,2,34.10498,-118.48013667,9,8.4,4.18122
29062,Steve Fuentes,2,1,1,2024,2,34.0205,-118.56562,5,7.7,3.84455
83131,Susan Kelly,2,1,1,2024,2,34.27394,-118.29207333,11,5.1,2.55873
12838,Johnny Hill,2,1,1,2024,2,34.16834,-118.27497667,11,5.5,2.72787
62929,Rickey Meyer,2,1,1,2024,2,33.76706,-118.34336333,4,9.7,4.8411
77125,Robert Figueroa,2,1,1,2024,2,34.3373,-118.29207333,11,7.1,3.55679
37122,Christopher Alexander,2,1,1,2024,2,33.78818,-118.58271667,2,8.9,4.45207
14764,Patrick Fields,2,1,1,2024,2,33.95714,-118.22368667,8,3.5,1.73299
65883,Billy Mcdonald,2,1,1,2024,2,33.93602,-118.56562,5,8.4,4.21134
61823,Christopher Saunders,2,1,1,2024,2,33.9149,-118.34336333,4,8.2,4.10909
30328,Phillip Snyder,2,1,1,2024,2,34.08386,-118.49723333,9,32.1,16.0454
95389,Jennifer Morgan,2,1,1,2024,2,33.99938,-118.27497667,7,0.5,0.2645
29615,Linda Rice,2,1,1,2024,2,34.25282,-118.22368667,11,8.3,4.17114
47522,Joseph Pitts,2,1,1,2024,2,33.85154,-118.51433,3,1.4,0.72175
30772,Jonathan Carter,2,1,1,2024,2,33.76706,-118.29207333,4,3.9,1.96723
77921,Michael Smith,2,1,1,2024,2,34.04162,-118.27497667,10,4.9,2.44636
75392,James English,2,1,1,2024,2,33.9149,-118.41175,3,80.8,40.40115
26857,Audrey Lucas,2,1,1,2024,2,34.06274,-118.44594333,9,7.7,3.86247
22871,Jeffrey Melendez,2,1,1,2024,2,34.0205,-118.46304,6,42.0,21.00742
94943,Ashley Kelley,2,1,1,2024,2,34.10498,-118.22368667,10,8.5,4.23277
54728,Ashley Spears,2,1,1,2024,2,33.8093,-118.65110333,2,2.9,1.43476
88066,Jason Ruiz,2,1,1,2024,2,33.97826,-118.18949333,8,1.9,0.94975
79057,James Johnson,2,1,1,2024,2,33.95714,-118.58271667,5,9.3,4.63938
87747,Leslie Klein,2,1,1,2024,2,33.93602,-118.25788,7,4.7,2.37085
31620,Heather Perez,2,1,1,2024,2,34.10498,-118.44594333,9,9.6,4.81147
58299,Mark Hernandez,2,1,1,2024,2,33.93602,-118.1553,8,4.7,2.33548
42564,Paul Gardner,2,1,1,2024,2,34.14722,-118.27497667,11,1.6,0.82019
14123,Noah Avery,2,1,1,2024,2,34.1261,-118.30917,10,9.6,4.82282
79231,Angela Powell,2,1,1,2024,2,33.9149,-118.58271667,2,6.4,3.21921
20530,Kelly Escobar,2,1,1,2024,2,33.78818,-118.27497667,4,2.4,1.22236
25446,Pamela Ortiz,2,1,1,2024,2,33.83042,-118.58271667,2,3.0,1.48377
48530,John Horton,2,1,1,2024,2,33.99938,-118.51433,5,4.2,2.11322
89466,Caitlin Ward,2,1,1,2024,2,34.29506,-118.27497667,11,8.0,4.00908
61583,Jay Brown,2,1,1,2024,2,34.31618,-118.25788,11,1.9,0.94768
10781,Carmen Lopez,2,1,1,2024,2,34.04162,-118.49723333,9,44.9,22.45329
47233,Michael Davenport,2,1,1,2024,2,33.87266,-118.59981333,2,8.1,4.06237
39941,Nicole Schneider,2,1,1,2024,2,33.97826,-118.49723333,5,4.1,2.06725
42877,Michelle Martinez,2,1,1,2024,2,34.06274,-118.24078333,10,7.7,3.87257
72012,Linda Steele,2,1,1,2024,2,33.95714,-118.53142667,5,58.1,29.04032
28372,Christopher Quinn,2,1,1,2024,2,33.74594,-118.44594333,1,8.9,4.4702
74406,Tanner Davidson,2,1,1,2024,2,33.83042,-118.49723333,3,4.9,2.45138
13026,Richard Hopkins,2,1,1,2024,2,34.31618,-118.30917,11,8.6,4.31712
49595,Anthony Herring,2,1,1,2024,2,34.14722,-118.29207333,11,25.5,12.72659
76832,Jacob Turner,2,1,1,2024,2,34.27394,-118.29207333,11,8.8,4.38041
12902,Nathaniel Johnston,2,1,1,2024,2,33.83042,-118.63400667,2,4.2,2.10514
96169,Jennifer Gay,2,1,1,2024,2,33.78818,-118.39465333,1,8.7,4.34771
13120,Brandy Collins,2,1,1,2024,2,34.25282,-118.22368667,11,6.1,3.05378
15711,Jill Allen,2,1,1,2024,2,33.72482,-118.44594333,1,52.2,26.10898
28645,Diana Castillo,2,1,1,2024,2,33.87266,-118.36046,4,9.5,4.74132
95469,Richard Gibson,2,1,1,2024,2,33.9149,-118.56562,2,3.6,1.82467
57260,Dustin Williams,2,1,1,2024,2,34.04162,-118.49723333,9,6.6,3.28544
88631,Michael Hernandez,2,1,1,2024,2,33.8093,-118.37755667,4,8.1,4.06167
52905,William Williamson,2,1,1,2024,2,34.2317,-118.27497667,11,0.4,0.22153
30847,Jennifer Ochoa,2,1,1,2024,2,34.3373,-118.30917,11,19.1,9.55361
94715,Kristy Lewis,2,1,1,2024,2,34.08386,-118.24078333,10,9.5,4.77241
17484,Beth Hernandez,2,1,1,2024,2,34.0205,-118.44594333,6,54.1,27.04383
89550,Stacy Adams,2,1,1,2024,2,33.93602,-118.46304,6,1.8,0.89164
22729,Mary Stephenson,2,1,1,2024,2,33.99938,-118.18949333,8,1.0,0.50647
31368,Karen Perry,2,1,1,2024,2,34.0205,-118.18949333,8,7.2,3.61442
67249,Ernest Reeves,2,1,1,2024,2,33.78818,-118.36046,4,5.4,2.71476
46601,Michele Montgomery,2,1,1,2024,2,33.87266,-118.59981333,2,22.6,11.323
68334,Katherine Cameron,2,1,1,2024,2,33.9149,-118.24078333,4,0.4,0.19842
12930,Jeremy Wood,2,1,1,2024,2,33.87266,-118.56562,2,7.1,3.56947
25544,Kurt Delacruz,2,1,1,2024,2,34.10498,-118.39465333,9,9.5,4.75528
53867,Amanda Mason,2,1,1,2024,2,34.10498,-118.30917,10,22.8,11.4103
75833,Phillip Smith,2,1,1,2024,2,33.78818,-118.44594333,1,47.4,23.69021
47114,Heather Valenzuela,2,1,1,2024,2,33.89378,-118.36046,4,37.0,18.51368
10940,Michelle Fernandez,2,1,1,2024,2,33.74594,-118.59981333,2,4.9,2.42875
13922,Leslie Monroe,2,1,1,2024,2,33.93602,-118.53142667,5,8.8,4.37644
97777,Kelly Burton,2,1,1,2024,2,34.27394,-118.30917,11,7.8,3.90741
72315,Christie Miller,2,1,1,2024,2,34.06274,-118.48013667,9,48.4,24.21691
86578,Chad Murphy,2,1,1,2024,2,34.31618,-118.24078333,11,8.4,4.18292
74788,Mr. Cody Brown,2,1,1,2024,2,33.8093,-118.37755667,4,8.0,3.98234
90232,David Steele,2,1,1,2024,2,34.29506,-118.30917,11,7.2,3.60364
51257,Amber Johnson,2,1,1,2024,2,33.78818,-118.46304,1,3.6,1.78673
11482,Taylor Diaz,2,1,1,2024,2,33.87266,-118.39465333,3,7.6,3.82017
19209,Kimberly Logan,2,1,1,2024,2,33.99938,-118.46304,6,50.2,25.09568
87623,Courtney Harris,2,1,1,2024,2,33.83042,-118.6682,2,1.9,0.93961
54583,Pamela Dixon,2,1,1,2024,2,33.76706,-118.61691,2,6.5,3.22906
86911,Darlene Mcgee,2,1,1,2024,2,34.04162,-118.39465333,9,69.1,34.57283
76795,Elizabeth Robinson,2,1,1,2024,2,34.06274,-118.41175,9,32.9,16.46371
58102,Stephen Novak,2,1,1,2024,2,33.97826,-118.51433,5,2.6,1.27576
79325,Ryan Cruz,2,1,1,2024,2,34.1261,-118.30917,10,3.3,1.62982
39824,Vanessa Watson,2,1,1,2024,2,34.25282,-118.24078333,11,16.1,8.03234
47352,Denise Smith,2,1,1,2024,2,34.29506,-118.27497667,11,3.3,1.62786
17512,Colleen Davis,2,1,1,2024,2,33.76706,-118.59981333,2,9.7,4.87281
24506,Stephen Boyle,2,1,1,2024,2,33.8093,-118.58271667,2,3.4,1.68866
20168,Juan Conley Jr.,2,1,1,2024,2,33.95714,-118.34336333,6,5.1,2.53089
82667,Timothy Ryan,2,1,1,2024,2,33.78818,-118.25788,4,6.3,3.16476
94212,David Kramer,2,1,1,2024,2,34.08386,-118.41175,9,24.0,12.02314
75011,Jack Wilson,2,1,1,2024,2,33.97826,-118.37755667,6,8.0,3.98871
53603,Erin Bird,2,1,1,2024,2,34.08386,-118.22368667,10,15.7,7.83585
87320,Robert King,2,1,1,2024,2,33.87266,-118.34336333,4,9.4,4.71254
74861,Marc Avery,2,1,1,2024,2,33.7037,-118.49723333,1,26.7,13.32948
57280,Phillip Lara,2,1,1,2024,2,34.0205,-118.49723333,5,6.7,3.33578
97441,Anthony Stewart,2,1,1,2024,2,34.14722,-118.29207333,11,32.1,16.07395
63827,Adam Smith Jr.,2,1,1,2024,2,34.31618,-118.30917,11,36.3,18.16214
42388,Cassandra Castro,2,1,1,2024,2,33.8093,-118.44594333,1,4.2,2.1032
85811,Jeremy Smith PhD,2,1,1,2024,2,34.18946,-118.27497667,11,8.8,4.39825
13705,Nancy Bennett,2,1,1,2024,2,33.74594,-118.29207333,4,8.2,4.09892
83029,Sarah Hobbs,2,1,1,2024,2,34.2317,-118.22368667,11,9.8,4.88872
51887,William Garcia,2,1,1,2024,2,33.99938,-118.32626667,6,4.7,2.32791
81802,David Flores,2,1,1,2024,2,33.85154,-118.53142667,3,52.4,26.18563
55202,Michelle Jordan,2,1,1,2024,2,34.04162,-118.49723333,9,1.9,0.93215
35572,Anna Collins,2,1,1,2024,2,34.08386,-118.37755667,9,9.4,4.6928
80934,Tiffany Ramos,2,1,1,2024,2,34.08386,-118.29207333,10,5.0,2.49979
94448,Austin Ramirez,2,1,1,2024,2,34.14722,-118.25788,11,15.7,7.85762
41412,Mrs. Kristin Peters,2,1,1,2024,2,33.85154,-118.63400667,2,6.0,2.97977
71575,Regina Allen,2,1,1,2024,2,33.76706,-118.44594333,1,9.6,4.82047
17243,Danielle Conway,2,1,1,2024,2,33.87266,-118.6682,2,22.7,11.32741
80766,Miguel Miller,2,1,1,2024,2,33.83042,-118.46304,3,0.4,0.21362
33137,Jacob Nelson,2,1,1,2024,2,34.10498,-118.24078333,10,10.7,5.36195
68744,David Martin,2,1,1,2024,2,33.87266,-118.39465333,3,6.7,3.33117
34623,Joseph Vargas,2,1,1,2024,2,33.83042,-118.37755667,4,8.1,4.0317
44539,Mark Bright,2,1,1,2024,2,34.2317,-118.25788,11,5.3,2.63419
53467,Janet Moss MD,2,1,1,2024,2,33.87266,-118.44594333,3,90.8,45.39328
76963,Patty Lane,2,1,1,2024,2,34.10498,-118.49723333,9,9.9,4.95497
72468,Kelly Ballard,2,1,1,2024,2,34.2317,-118.27497667,11,3.8,1.87864
93384,Erica Coffey,2,1,1,2024,2,33.95714,-118.49723333,5,7.0,3.52037
74031,Lauren Gonzalez,2,1,1,2024,2,33.8093,-118.49723333,1,2.7,1.32731
35746,James Brooks,2,1,1,2024,2,34.10498,-118.25788,10,25.8,12.90185
56645,Samantha Hill,2,1,1,2024,2,33.99938,-118.20659,8,2.5,1.25609
66570,Julie Garcia,2,1,1,2024,2,33.93602,-118.34336333,6,9.3,4.65751
84543,Joshua Walker MD,2,1,1,2024,2,33.78818,-118.29207333,4,3.0,1.51364
24721,Kelly Schultz,2,1,1,2024,2,34.08386,-118.32626667,10,0.9,0.46108
56969,Matthew French,2,1,1,2024,2,34.18946,-118.30917,11,8.7,4.35393
42678,Antonio Davidson,2,1,1,2024,2,33.7037,-118.46304,1,1.9,0.95237
18187,Lauren Le,2,1,1,2024,2,33.7037,-118.42884667,1,8.3,4.16651
28632,Heather Gray,2,1,1,2024,2,34.14722,-118.29207333,11,22.9,11.45746
22866,Christina Walker,2,1,1,2024,2,33.97826,-118.32626667,6,5.0,2.5087
25296,Bryan Mitchell,2,1,1,2024,2,34.06274,-118.37755667,9,55.8,27.90266
10382,Jeremy Hines,2,1,1,2024,2,33.76706,-118.48013667,1,2.9,1.43986
25997,Regina Mckenzie,2,1,1,2024,2,33.8093,-118.51433,1,9.6,4.78522
14239,Alexander Martinez,2,1,1,2024,2,33.95714,-118.42884667,6,81.9,40.97072
21948,Paul Barr,2,1,1,2024,2,34.21058,-118.29207333,11,20.8,10.41138
36969,Jose Gonzalez,2,1,1,2024,2,34.0205,-118.39465333,6,1.8,0.89501
55194,Dennis Kidd,2,1,1,2024,2,34.16834,-118.27497667,11,23.1,11.55802
72603,Adrian Wilkinson DDS,2,1,1,2024,2,34.31618,-118.29207333,11,42.7,21.33758
18184,Nicole Lindsey,2,1,1,2024,2,33.87266,-118.37755667,4,9.2,4.61809
30070,Henry Murphy,2,1,1,2024,2,33.74594,-118.51433,1,0.8,0.41672
12210,Jennifer Osborne,2,1,1,2024,2,33.93602,-118.58271667,5,4.1,2.0737
62166,Robert Anderson,2,1,1,2024,2,33.97826,-118.32626667,6,1.1,0.53211
10652,Sherri Blackwell,2,1,1,2024,2,33.8093,-118.53142667,1,7.2,3.5946
80184,Mary Morgan,2,1,1,2024,2,33.74594,-118.44594333,1,49.1,24.52864
95192,Lindsay Sanchez,2,1,1,2024,2,34.04162,-118.32626667,10,42.8,21.37652
41924,Melissa Wilson,2,1,1,2024,2,33.97826,-118.37755667,6,1.4,0.70362
76567,Glenn Williams,2,1,1,2024,2,33.99938,-118.32626667,6,4.6,2.2781
72330,Matthew Tate,2,1,1,2024,2,34.10498,-118.30917,10,17.9,8.9487
64548,Deborah Charles,2,1,1,2024,2,33.76706,-118.48013667,1,2.8,1.37954
76964,Robert Wright,2,1,1,2024,2,34.2317,-118.22368667,11,0.2,0.08308
61441,Kenneth Dixon,2,1,1,2024,2,34.06274,-118.37755667,9,7.8,3.9056
50764,Laura Mcguire,2,1,1,2024,2,33.72482,-118.51433,1,6.6,3.31628
41397,Edward Shaffer,2,1,1,2024,2,34.04162,-118.42884667,9,9.5,4.7402
15699,Katherine Rodgers,2,1,1,2024,2,33.97826,-118.27497667,7,4.8,2.40685
58612,Timothy Schultz,2,1,1,2024,2,33.78818,-118.59981333,2,3.9,1.96
67453,David Ferguson,2,1,1,2024,2,34.0205,-118.56562,5,9.4,4.70033
22432,Chelsea Savage,2,1,1,2024,2,33.78818,-118.48013667,1,3.7,1.86205
23214,Robert Lowe,2,1,1,2024,2,34.27394,-118.25788,11,1.8,0.88673
99137,April Williams,2,1,1,2024,2,33.9149,-118.22368667,8,1.2,0.591
69362,Karen Weaver,2,1,1,2024,2,33.93602,-118.42884667,6,81.5,40.75542
76484,Julia Jones,2,1,1,2024,2,34.18946,-118.29207333,11,27.9,13.97137
95492,Edward Taylor,2,1,1,2024,2,33.78818,-118.46304,1,7.3,3.6749
21366,Tara Stark,2,1,1,2024,2,33.89378,-118.51433,3,4.8,2.38669
27695,Erika Cobb,2,1,1,2024,2,33.8093,-118.54852333,1,3.0,1.50847
73858,Gabriel Eaton,2,1,1,2024,2,34.10498,-118.41175,9,9.5,4.77271
22899,Sharon Bautista,2,1,1,2024,2,34.10498,-118.30917,10,2.6,1.28266
64335,Diane Green,2,1,1,2024,2,33.8093,-118.39465333,1,7.6,3.82463
45824,Rodney Garcia,2,1,1,2024,2,33.76706,-118.30917,4,2.1,1.05306
11387,Andre Douglas,2,1,1,2024,2,33.9149,-118.46304,3,73.0,36.49217
45290,Ana Byrd,2,1,1,2024,2,34.21058,-118.27497667,11,1.9,0.95711
51999,Misty Smith,2,1,1,2024,2,33.95714,-118.34336333,6,7.0,3.51428
13629,Jennifer White,2,1,1,2024,2,33.95714,-118.46304,6,55.9,27.95261
57509,Adrienne Jones,2,1,1,2024,2,34.31618,-118.25788,11,3.8,1.89474
30359,Kathryn Allen,2,1,1,2024,2,34.16834,-118.27497667,11,9.4,4.70563
64236,Jennifer Matthews,2,1,1,2024,2,33.87266,-118.65110333,2,9.7,4.87287
45229,Nicole Allison,2,1,1,2024,2,33.9149,-118.25788,4,7.8,3.88937
18384,Alexis Knight,2,1,1,2024,2,34.06274,-118.44594333,9,49.0,24.48475
81255,Samuel Miller,2,1,1,2024,2,34.2317,-118.29207333,11,7.2,3.6184
93971,Christina Brown,2,1,1,2024,2,34.1261,-118.42884667,9,9.1,4.54039
21881,Ashlee Wright,2,1,1,2024,2,34.1261,-118.27497667,10,6.9,3.44308
70175,Edwin Wright,2,1,1,2024,2,33.89378,-118.53142667,3,8.0,4.00013
56890,Dennis Williams,2,1,1,2024,2,34.29506,-118.24078333,11,4.7,2.35019
64519,Felicia Vargas,2,1,1,2024,2,33.97826,-118.39465333,6,8.8,4.38282
70777,Dennis Malone,2,1,1,2024,2,34.06274,-118.36046,10,6.9,3.45169
88043,Joseph Marks,2,1,1,2024,2,33.78818,-118.44594333,1,1.4,0.71486
28783,Taylor Ford,2,1,1,2024,2,33.8093,-118.59981333,2,3.6,1.79045
50369,Jason Rodriguez,2,1,1,2024,2,33.95714,-118.41175,6,59.0,29.48907
34500,Matthew Harrison,2,1,1,2024,2,33.85154,-118.61691,2,3.3,1.65346
63146,Karen Castillo,2,1,1,2024,2,33.99938,-118.39465333,6,5.1,2.56701
85449,Charles Harris,2,1,1,2024,2,34.31618,-118.32626667,11,15.0,7.50267
84018,Trevor Fuller,2,1,1,2024,2,33.89378,-118.58271667,2,4.8,2.4049
93083,Eddie Lam,2,1,1,2024,2,34.06274,-118.48013667,9,58.7,29.34581
70403,Mary Obrien,2,1,1,2024,2,33.89378,-118.63400667,2,6.9,3.47479
40984,Kenneth Young,2,1,1,2024,2,34.08386,-118.44594333,9,4.7,2.36212
76563,Stephen Johnson,2,1,1,2024,2,33.9149,-118.39465333,3,8.0,3.9768
17327,Debra Harding,2,1,1,2024,2,33.9149,-118.20659,8,0.9,0.45648
96711,Christopher Grimes,2,1,1,2024,2,33.99938,-118.39465333,6,3.1,1.56341
86883,Heather Kim,2,1,1,2024,2,34.06274,-118.42884667,9,7.9,3.96467
12487,Susan Hoover,2,1,1,2024,2,33.8093,-118.46304,1,62.9,31.45083
17713,Alicia Torres,2,1,1,2024,2,34.10498,-118.29207333,10,1.1,0.57307
34495,Jennifer Martin,2,1,1,2024,2,34.3373,-118.25788,11,4.5,2.26838
32573,Carol Morton,2,1,1,2024,2,34.10498,-118.48013667,9,9.1,4.56916
18527,Albert Saunders,2,1,1,2024,2,33.9149,-118.30917,4,9.3,4.64491
80705,Eric Johnson,2,1,1,2024,2,34.10498,-118.25788,10,5.5,2.75759
87762,Yvette Wang,2,1,1,2024,2,33.78818,-118.41175,1,41.4,20.70113
96187,Jessica Davenport,2,1,1,2024,2,34.10498,-118.37755667,9,6.9,3.44753
85934,Craig Guzman,2,1,1,2024,2,33.8093,-118.54852333,1,2.6,1.3198
10860,Michelle Ellis,2,1,1,2024,2,34.31618,-118.29207333,11,16.8,8.38371
92620,Nicole Kelly,2,1,1,2024,2,33.9149,-118.36046,4,8.1,4.04241
42401,William Foley,2,1,1,2024,2,33.87266,-118.58271667,2,5.3,2.63544
28656,Julia Schaefer,2,1,1,2024,2,34.25282,-118.24078333,11,4.0,1.98435
95837,Cassandra English,2,1,1,2024,2,34.06274,-118.49723333,9,33.9,16.96162
44412,Peter Arnold,2,1,1,2024,2,33.8093,-118.59981333,2,0.3,0.14555
82049,Karen Hutchinson,2,1,1,2024,2,33.99938,-118.56562,5,9.1,4.56201
76199,Ellen Foster,2,1,1,2024,2,33.9149,-118.49723333,3,57.9,28.96956
21656,Stephanie Thompson,2,1,1,2024,2,34.14722,-118.27497667,11,0.6,0.30376
27939,Margaret Garrett,2,1,1,2024,2,33.78818,-118.27497667,4,6.0,3.00672
97855,Eric Coleman,2,1,1,2024,2,34.14722,-118.25788,11,22.3,11.14221
28230,Richard Navarro,2,1,1,2024,2,34.0205,-118.30917,7,1.8,0.89837
38356,Toni Brooks MD,2,1,1,2024,2,33.87266,-118.48013667,3,9.1,4.56918
31434,Aaron Reed,2,1,1,2024,2,34.08386,-118.48013667,9,22.8,11.41665
66001,Melissa Soto,2,1,1,2024,2,33.97826,-118.41175,6,80.1,40.05646
84245,Traci Rogers,2,1,1,2024,2,34.31618,-118.30917,11,30.7,15.34894
98405,Sean Chavez,2,1,1,2024,2,33.93602,-118.46304,6,79.0,39.50176
28446,Jason Perez,2,1,1,2024,2,33.8093,-118.34336333,4,7.1,3.5268
60983,Stephanie Walker,2,1,1,2024,2,34.29506,-118.32626667,11,24.6,12.29995
10799,Jacqueline Peterson,2,1,1,2024,2,34.27394,-118.24078333,11,13.4,6.70697
54844,Savannah Lee,2,1,1,2024,2,34.1261,-118.27497667,10,2.8,1.38848
40617,Madeline Little,2,1,1,2024,2,33.97826,-118.48013667,5,8.2,4.08192
90462,Paula Moreno,2,1,1,2024,2,33.97826,-118.56562,5,7.2,3.6168
13611,Elizabeth Smith,2,1,1,2024,2,34.08386,-118.46304,9,55.9,27.96918
56138,Anthony Harvey,2,1,1,2024,2,33.99938,-118.37755667,6,5.0,2.50509
36561,Cheryl Flores,2,1,1,2024,2,34.16834,-118.29207333,11,31.4,15.72196
84146,David Mack,2,1,1,2024,2,33.87266,-118.53142667,3,7.3,3.65977
58709,Jillian Graves,2,1,1,2024,2,34.06274,-118.34336333,10,1.9,0.93593
29178,Kevin Fox,2,1,1,2024,2,34.0205,-118.18949333,8,1.9,0.95902
90501,Crystal Sullivan,2,1,1,2024,2,33.87266,-118.49723333,3,8.6,4.28796
47278,Adam Jones,2,1,1,2024,2,34.10498,-118.49723333,9,8.0,3.99724
64142,William Alvarado,2,1,1,2024,2,34.1261,-118.48013667,9,5.7,2.86467
83995,Elizabeth Perez,2,1,1,2024,2,33.99938,-118.41175,6,42.0,21.01745
59717,John Kemp,2,1,1,2024,2,33.89378,-118.36046,4,4.7,2.3588
70425,Emily West,2,1,1,2024,2,34.2317,-118.27497667,11,31.7,15.85026
99952,Nicole Rodriguez,2,1,1,2024,2,34.16834,-118.29207333,11,2.2,1.09897
65147,Amanda Golden,2,1,1,2024,2,34.04162,-118.36046,10,1.0,0.48304
55641,Anthony Richards,2,1,1,2024,2,33.95714,-118.37755667,6,64.3,32.14807
51461,Jessica Browning,2,1,1,2024,2,33.8093,-118.27497667,4,7.0,3.47674
19261,Joel Gray,2,1,1,2024,2,33.95714,-118.20659,8,0.3,0.15696
75915,Emily Smith,2,1,1,2024,2,33.7037,-118.49723333,1,8.2,4.08654
67549,William Johnston,2,1,1,2024,2,34.06274,-118.41175,9,4.9,2.46439
74420,Erin Boyd,2,1,1,2024,2,33.85154,-118.46304,3,7.5,3.7498
53133,Lisa Palmer,2,1,1,2024,2,33.87266,-118.36046,4,9.7,4.86812
81249,Theresa Hopkins,2,1,1,2024,2,33.9149,-118.32626667,4,8.5,4.2268
81701,Rebecca Sanchez,2,1,1,2024,2,33.78818,-118.30917,4,0.5,0.26712
22126,Miss Andrea Johnson,2,1,1,2024,2,34.29506,-118.32626667,11,23.3,11.6262
58604,Jacob Mitchell,2,1,1,2024,2,33.97826,-118.44594333,6,7.6,3.82426
43035,Juan Hayes,2,1,1,2024,2,34.0205,-118.22368667,8,2.5,1.2599
12534,Brian Peters,2,1,1,2024,2,33.76706,-118.46304,1,5.7,2.84094
13350,Brenda Johnson,2,1,1,2024,2,34.16834,-118.30917,11,12.8,6.41917
41569,Erica Smith,2,1,1,2024,2,34.0205,-118.41175,6,2.9,1.43543
63106,Eric Scott DDS,2,1,1,2024,2,33.9149,-118.18949333,8,9.3,4.6267
72735,Alec Cooper,2,1,1,2024,2,33.83042,-118.51433,3,6.3,3.14158
73988,David Moore,2,1,1,2024,2,33.8093,-118.27497667,4,1.1,0.54557
87826,Jennifer Mack,2,1,1,2024,2,33.95714,-118.56562,5,9.6,4.80879
96855,Brandon Rubio,2,1,1,2024,2,33.93602,-118.22368667,8,1.2,0.59853
41469,Nicolas Mcguire,2,1,1,2024,2,33.78818,-118.48013667,1,1.2,0.60468
71428,Deborah Morris,2,1,1,2024,2,33.89378,-118.59981333,2,9.0,4.48376
23717,Jill Taylor,2,1,1,2024,2,34.31618,-118.25788,11,2.1,1.06799
35957,Karen Thompson,2,1,1,2024,2,33.85154,-118.39465333,3,3.6,1.82
70511,Crystal Hughes,2,1,1,2024,2,33.83042,-118.46304,3,63.7,31.84074
31761,Larry Lester MD,2,1,1,2024,2,33.97826,-118.22368667,8,1.6,0.77617
28246,Carol Gomez,2,1,1,2024,2,34.18946,-118.27497667,11,9.5,4.74515
97328,Laura Wolfe,2,1,1,2024,2,34.1261,-118.25788,10,4.1,2.06211
47399,Richard Stevens,2,1,1,2024,2,34.0205,-118.53142667,5,33.7,16.83719
84890,Emily Jackson,2,1,1,2024,2,33.89378,-118.42884667,3,60.2,30.10264
62454,William Gonzalez,2,1,1,2024,2,33.78818,-118.53142667,1,2.1,1.05639
43114,Dr. Jaime Torres,2,1,1,2024,2,34.06274,-118.49723333,9,6.4,3.20315
99727,Jason Bishop,2,1,1,2024,2,34.1261,-118.48013667,9,22.7,11.35342
38383,Charles Padilla,2,1,1,2024,2,33.76706,-118.58271667,2,0.9,0.46901
62324,Michael Martinez,2,1,1,2024,2,33.76706,-118.49723333,1,5.1,2.53332
10118,Dean Lee,2,1,1,2024,2,33.99938,-118.54852333,5,9.1,4.53256
71388,Nicole Sullivan,2,1,1,2024,2,33.74594,-118.49723333,1,9.1,4.57128
31142,Angela Gonzales,2,1,1,2024,2,34.10498,-118.24078333,10,16.1,8.07081
27401,Cynthia Smith,2,1,1,2024,2,33.87266,-118.42884667,3,60.2,30.08236
71586,Melissa Bautista,2,1,1,2024,2,33.76706,-118.51433,1,3.6,1.78232
38823,Lindsey Jones,2,1,1,2024,2,34.10498,-118.46304,9,3.5,1.76362
68252,Jeffrey Gutierrez,2,1,1,2024,2,33.99938,-118.53142667,5,0.7,0.35613
22786,William Copeland,2,1,1,2024,2,34.29506,-118.32626667,11,9.5,4.77393
59538,Jill Rollins,2,1,1,2024,2,34.2317,-118.30917,11,5.9,2.93947
77289,Ruth Willis,2,1,1,2024,2,33.87266,-118.29207333,4,5.0,2.48671
99873,Kelly Watson,2,1,1,2024,2,34.0205,-118.24078333,7,1.8,0.89918
52709,Emily Wells,2,1,1,2024,2,34.1261,-118.44594333,9,9.7,4.84187
29447,Travis Rangel,2,1,1,2024,2,33.72482,-118.44594333,1,9.9,4.92813
14799,Steven Obrien MD,2,1,1,2024,2,33.99938,-118.30917,7,2.6,1.31794
24867,David Miller,2,1,1,2024,2,33.97826,-118.54852333,5,5.0,2.52026
38971,Madison Greene,2,1,1,2024,2,33.78818,-118.44594333,1,5.8,2.90612
74463,Carly Bradley,2,1,1,2024,2,33.99938,-118.48013667,5,79.5,39.76631
85047,Melissa Wilkins DVM,2,1,1,2024,2,34.3373,-118.24078333,11,16.0,7.98548
56713,Justin Alvarez,2,1,1,2024,2,33.87266,-118.61691,2,16.3,8.15767
26553,Kenneth Phelps,2,1,1,2024,2,34.21058,-118.27497667,11,9.1,4.53313
86579,Marc Garza,2,1,1,2024,2,34.08386,-118.32626667,10,20.2,10.11781
68379,April Garcia,2,1,1,2024,2,33.83042,-118.42884667,3,5.5,2.7306
42221,Kevin York,2,1,1,2024,2,33.76706,-118.61691,2,1.9,0.957
41708,Carolyn Santos,2,1,1,2024,2,34.04162,-118.37755667,9,57.5,28.75939
44414,Ashley Berry,2,1,1,2024,2,34.27394,-118.25788,11,1.4,0.69771
36511,Christopher Combs,2,1,1,2024,2,34.25282,-118.27497667,11,1.4,0.72051
19019,Kimberly Martin,2,1,1,2024,2,33.95714,-118.49723333,5,8.7,4.34836
12977,Elizabeth Smith,2,1,1,2024,2,34.08386,-118.37755667,9,42.8,21.38675
61949,Ana Moran,2,1,1,2024,2,34.21058,-118.30917,11,9.2,4.59106
27957,Denise Thompson,2,1,1,2024,2,33.9149,-118.25788,4,4.3,2.17052
96610,Lindsay Bean,2,1,1,2024,2,34.10498,-118.29207333,10,0.7,0.36452
84381,Jeffery Lopez,2,1,1,2024,2,33.8093,-118.44594333,1,2.4,1.1961
88804,Meghan Smith,2,1,1,2024,2,33.72482,-118.46304,1,0.9,0.47009
73334,Jacob Wright,2,1,1,2024,2,33.78818,-118.25788,4,6.3,3.15164
48190,Angela Carter,2,1,1,2024,2,34.18946,-118.29207333,11,27.8,13.92229
91992,Leslie Rodriguez,2,1,1,2024,2,34.04162,-118.30917,10,1.0,0.51274
13872,Gary Miller,2,1,1,2024,2,33.74594,-118.48013667,1,6.5,3.24913
87597,Cheryl Holland,2,1,1,2024,2,33.87266,-118.51433,3,42.7,21.37151
83798,Jeffrey Dunn,2,1,1,2024,2,33.87266,-118.42884667,3,56.9,28.45968
76113,Breanna Schneider,2,1,1,2024,2,33.93602,-118.49723333,5,2.4,1.21386
17503,Jasmine Simmons,2,1,1,2024,2,34.10498,-118.46304,9,34.0,16.98187
86437,Danielle Roberts,2,1,1,2024,2,34.3373,-118.27497667,11,3.6,1.80513
64007,Amy Sullivan,2,1,1,2024,2,33.97826,-118.46304,6,72.0,35.99412
84656,Connie Gonzalez,2,1,1,2024,2,33.93602,-118.41175,6,61.9,30.95236
54925,Tanya Johnson,2,1,1,2024,2,33.89378,-118.30917,4,3.1,1.53555
15396,Robert Carter,2,1,1,2024,2,33.72482,-118.41175,1,8.2,4.09182
39710,Richard Houston,2,1,1,2024,2,34.10498,-118.39465333,9,9.8,4.91405
12472,Christian Vang,2,1,1,2024,2,33.78818,-118.56562,2,3.6,1.78616
94359,Mrs. Norma Andrews DVM,2,1,1,2024,2,34.1261,-118.48013667,9,6.9,3.44147
22133,Cody Randolph,2,1,1,2024,2,34.27394,-118.30917,11,9.4,4.691
22847,Sara Morgan,2,1,1,2024,2,33.87266,-118.41175,3,100.1,50.03379
97434,Audrey Hanson,2,1,1,2024,2,33.9149,-118.17239667,8,8.2,4.08154
71366,Joshua Mueller,2,1,1,2024,2,33.76706,-118.29207333,4,8.3,4.14738
12814,Carol Hickman,2,1,1,2024,2,33.85154,-118.42884667,3,82.2,41.09419
75530,Sydney Perry MD,2,1,1,2024,2,33.74594,-118.29207333,4,6.1,3.0512
82701,Natalie Franklin,2,1,1,2024,2,33.8093,-118.46304,1,72.3,36.16116
50784,Shannon Jackson,2,1,1,2024,2,33.78818,-118.56562,2,1.0,0.47509
29703,Gail Mcclain,2,1,1,2024,2,33.78818,-118.49723333,1,4.3,2.16984
46296,Jill Rodriguez,2,1,1,2024,2,33.97826,-118.34336333,6,4.2,2.11708
50566,John Ramirez,2,1,1,2024,2,34.04162,-118.48013667,9,67.6,33.77826
75837,Robert Farrell,2,1,1,2024,2,33.8093,-118.27497667,4,9.9,4.96513
34952,Larry Parsons,2,1,1,2024,2,33.87266,-118.37755667,4,7.1,3.54431
88194,Michael Knox,2,1,1,2024,2,34.0205,-118.41175,6,35.4,17.7155
77394,Rose Bell,2,1,1,2024,2,34.0205,-118.37755667,6,55.9,27.95632
68477,Walter Flores,2,1,1,2024,2,33.9149,-118.42884667,3,64.9,32.44619
33996,Chase Ward,2,1,1,2024,2,33.93602,-118.39465333,6,5.9,2.95142
46008,Gregory Wu,2,1,1,2024,2,33.95714,-118.51433,5,9.3,4.67084
39704,Leah Brown,2,1,1,2024,2,33.89378,-118.20659,8,3.5,1.76184
79794,Jeffery Barrett,2,1,1,2024,2,33.78818,-118.27497667,4,9.6,4.82256
56191,Michael Bryant,2,1,1,2024,2,34.0205,-118.32626667,6,3.0,1.49876
20088,Victoria Bradley,2,1,1,2024,2,33.87266,-118.44594333,3,50.7,25.34494
55455,Bradley Wade,2,1,1,2024,2,34.04162,-118.44594333,9,67.1,33.56786
77850,Angela Hale,2,1,1,2024,2,34.3373,-118.24078333,11,8.1,4.07003
81343,Daniel Davila,2,1,1,2024,2,33.78818,-118.41175,1,42.6,21.28806
54924,Calvin Torres,2,1,1,2024,2,33.78818,-118.58271667,2,2.8,1.39014
84753,Anthony Walsh,2,1,1,2024,2,33.97826,-118.36046,6,6.9,3.44632
65541,Michael Montgomery,2,1,1,2024,2,33.95714,-118.53142667,5,7.7,3.86002
46758,Henry Logan,2,1,1,2024,2,33.8093,-118.56562,2,0.9,0.43117
93289,David Henderson,2,1,1,2024,2,33.8093,-118.29207333,4,1.8,0.92318
60168,Kristen Reynolds,2,1,1,2024,2,34.29506,-118.29207333,11,34.3,17.13741
70636,Steve Roberts,2,1,1,2024,2,33.97826,-118.30917,7,5.2,2.58042
19005,Erik Peterson,2,1,1,2024,2,33.76706,-118.37755667,4,9.4,4.72327
18414,Tracie Andrews,2,1,1,2024,2,34.16834,-118.29207333,11,36.8,18.40701
89778,Rebecca Nolan,2,1,1,2024,2,33.95714,-118.29207333,7,0.4,0.21126
70141,Deborah Patterson,2,1,1,2024,2,34.1261,-118.44594333,9,6.7,3.3557
59326,Dean Barrett,2,1,1,2024,2,33.83042,-118.39465333,3,7.2,3.58278
27248,Joshua Miller,2,1,1,2024,2,33.83042,-118.61691,2,4.0,2.01526
71566,Frederick Schroeder,2,1,1,2024,2,33.97826,-118.51433,5,9.0,4.51767
51806,Ryan Miller,2,1,1,2024,2,34.14722,-118.25788,11,6.2,3.09325
90257,Susan Ferguson,2,1,1,2024,2,34.0205,-118.37755667,6,7.9,3.96901
77800,Jill Hernandez,2,1,1,2024,2,33.95714,-118.27497667,7,2.2,1.11501
11669,Kiara Smith,2,1,1,2024,2,33.78818,-118.59981333,2,0.4,0.17672
95915,Marie Martinez,2,1,1,2024,2,34.21058,-118.30917,11,30.2,15.10874
52308,Emily Jenkins,2,1,1,2024,2,33.9149,-118.41175,3,59.1,29.54172
35966,Kimberly Richards,2,1,1,2024,2,34.04162,-118.37755667,9,43.8,21.9045
54451,Tina Watkins,2,1,1,2024,2,34.0205,-118.42884667,6,8.6,4.28364
66370,James Bryan,2,1,1,2024,2,33.93602,-118.56562,5,26.1,13.04459
26351,Lisa Miller,2,1,1,2024,2,33.74594,-118.42884667,1,51.8,25.88227
34406,Sarah Hughes,2,1,1,2024,2,34.31618,-118.27497667,11,2.0,0.98827
84950,Mark Ingram,2,1,1,2024,2,33.83042,-118.56562,2,0.7,0.34633
44058,Kristen Murphy,2,1,1,2024,2,33.78818,-118.54852333,1,3.2,1.58942
88155,Wendy Mitchell,2,1,1,2024,2,34.08386,-118.25788,10,19.6,9.77765
54274,Derek Gibson,2,1,1,2024,2,34.06274,-118.46304,9,60.6,30.30347
42681,Shawn Brennan,2,1,1,2024,2,33.78818,-118.42884667,1,1.8,0.88522
73058,Kenneth Cabrera,2,1,1,2024,2,33.95714,-118.1553,8,3.6,1.78349
34846,Suzanne Brown,2,1,1,2024,2,33.74594,-118.29207333,4,6.1,3.04928
95724,Lindsey Fuller,2,1,1,2024,2,33.83042,-118.54852333,2,8.2,4.10411
20275,Francisco Cain,2,1,1,2024,2,33.8093,-118.58271667,2,1.0,0.52314
39361,Nicole Mccormick,2,1,1,2024,2,34.0205,-118.44594333,6,34.3,17.15783
67083,Brian Perry,2,1,1,2024,2,33.99938,-118.49723333,5,4.2,2.09361
20225,Taylor Smith,2,1,1,2024,2,34.08386,-118.41175,9,47.6,23.80018
39707,Thomas Garner,2,1,1,2024,2,34.06274,-118.39465333,9,2.3,1.16917
14949,Amanda Hubbard,2,1,1,2024,2,34.31618,-118.27497667,11,1.5,0.77246
31682,Mr. William Kemp,2,1,1,2024,2,33.93602,-118.34336333,6,7.6,3.8103
87246,Heather Camacho,2,1,1,2024,2,34.04162,-118.48013667,9,4.9,2.45705
67486,Kevin Hurst,2,1,1,2024,2,33.76706,-118.54852333,1,2.8,1.41624
19105,Thomas West,2,1,1,2024,2,33.85154,-118.49723333,3,7.9,3.93311
34174,Amanda Jackson,2,1,1,2024,2,33.99938,-118.42884667,6,2.3,1.16749
42645,Jennifer Adams PhD,2,1,1,2024,2,34.25282,-118.30917,11,7.2,3.59088
83795,Curtis Glass,2,1,1,2024,2,33.76706,-118.46304,1,57.0,28.52341
17833,Terry Wells,2,1,1,2024,2,33.95714,-118.36046,6,9.5,4.74612
65101,Steven Morton,2,1,1,2024,2,33.93602,-118.41175,6,90.5,45.24718
28021,Joseph Lopez,2,1,1,2024,2,33.78818,-118.32626667,4,3.2,1.57923
13932,Cory Bryant,2,1,1,2024,2,33.83042,-118.46304,3,75.4,37.71224
76750,Scott Welch,2,1,1,2024,2,33.72482,-118.48013667,1,0.8,0.37764
26359,Lisa Powell,2,1,1,2024,2,33.74594,-118.41175,1,7.2,3.6209
98976,Catherine Russell,2,1,1,2024,2,34.08386,-118.22368667,10,9.8,4.89649
24234,Barry Martinez,2,1,1,2024,2,33.76706,-118.48013667,1,2.5,1.23549
56614,Raymond Velez,2,1,1,2024,2,34.08386,-118.30917,10,5.4,2.70346
80591,Emily Martinez,2,1,1,2024,2,33.95714,-118.58271667,5,9.3,4.6697
86895,Sandra Smith,2,1,1,2024,2,34.08386,-118.24078333,10,17.9,8.95847
78335,Brett Monroe,2,1,1,2024,2,33.72482,-118.49723333,1,9.1,4.5451
41163,Samantha Dixon,2,1,1,2024,2,33.93602,-118.54852333,5,26.0,13.0045
22653,Kari Simmons,2,1,1,2024,2,34.3373,-118.30917,11,22.2,11.08336
78893,Kim Hawkins,2,1,1,2024,2,34.3373,-118.25788,11,7.7,3.83987
66931,Chad Martinez,2,1,1,2024,2,33.89378,-118.46304,3,60.8,30.40188
34501,Jeff Fry,2,1,1,2024,2,34.2317,-118.29207333,11,9.0,4.51145
63099,Charles Pierce,2,1,1,2024,2,33.87266,-118.46304,3,3.7,1.82797
84721,Jeanne Martin,2,1,1,2024,2,33.8093,-118.42884667,1,6.9,3.43151
81462,Christopher Beck,2,1,1,2024,2,33.85154,-118.44594333,3,88.7,44.33386
53177,Jacqueline Torres,2,1,1,2024,2,33.89378,-118.22368667,8,1.6,0.81904
52067,Lacey Myers,2,1,1,2024,2,34.08386,-118.44594333,9,4.6,2.30222
45611,Ronald Cardenas,2,1,1,2024,2,33.85154,-118.59981333,2,5.4,2.67634
50205,Phillip Gibson,3,1,1,2024,3,33.89378,-118.61691,2,9.9,4.94067
82301,Ashley Rasmussen,3,1,1,2024,3,33.9149,-118.56562,2,9.7,4.83827
94990,William Henderson,3,1,1,2024,3,34.0205,-118.42884667,6,0.4,0.18264
73965,Elizabeth Warren,3,1,1,2024,3,34.29506,-118.25788,11,1.8,0.892
94901,Alicia Everett,3,1,1,2024,3,33.89378,-118.34336333,4,4.9,2.46242
17799,Jonathan Glenn,3,1,1,2024,3,33.87266,-118.41175,3,6.4,3.19707
56117,Louis Franco,3,1,1,2024,3,34.0205,-118.20659,8,1.0,0.52242
99690,Yvonne Trujillo,3,1,1,2024,3,34.2317,-118.24078333,11,6.5,3.23434
84002,Patrick Mclean,3,1,1,2024,3,33.76706,-118.59981333,2,6.7,3.35942
74057,John Acosta,3,1,1,2024,3,33.93602,-118.51433,5,39.3,19.6581
65433,Laura Henderson,3,1,1,2024,3,34.0205,-118.56562,5,9.2,4.60709
57801,Willie Black,3,1,1,2024,3,34.14722,-118.30917,11,9.5,4.73759
72757,Felicia Knight,3,1,1,2024,3,33.8093,-118.32626667,4,26.4,13.19205
70304,Christina Bauer,3,1,1,2024,3,34.06274,-118.48013667,9,1.2,0.57783
45870,James Kelley,3,1,1,2024,3,34.10498,-118.48013667,9,41.8,20.89131
33180,Sarah Salazar,3,1,1,2024,3,34.31618,-118.24078333,11,6.1,3.06998
45207,Logan Bowers,3,1,1,2024,3,34.08386,-118.41175,9,23.1,11.56392
57895,Thomas Singh,3,1,1,2024,3,34.06274,-118.22368667,10,7.2,3.61054
82580,Amber Johnson,3,1,1,2024,3,33.97826,-118.1553,8,24.6,12.31466
76510,Joyce Reed,3,1,1,2024,3,34.0205,-118.30917,7,3.1,1.54598
41593,Mrs. Linda Hampton MD,3,1,1,2024,3,33.87266,-118.42884667,3,3.5,1.74767
55242,Mary Olsen,3,1,1,2024,3,33.78818,-118.59981333,2,7.4,3.67746
63499,Laura Duran,3,1,1,2024,3,33.97826,-118.46304,6,5.8,2.92375
34158,Jeffrey Poole,3,1,1,2024,3,33.9149,-118.46304,3,5.4,2.72355
88325,Casey Ross,3,1,1,2024,3,33.85154,-118.39465333,3,9.7,4.82691
88084,Alison Barnes,3,1,1,2024,3,34.08386,-118.25788,10,5.4,2.69086
28522,Beth Lutz,3,1,1,2024,3,33.83042,-118.41175,3,8.6,4.30973
15436,Jessica Parker,3,1,1,2024,3,34.1261,-118.44594333,9,36.9,18.44592
17865,Michael Jackson,3,1,1,2024,3,34.04162,-118.32626667,10,2.0,0.99058
40209,Christopher Grant,3,1,1,2024,3,33.74594,-118.54852333,1,1.4,0.6876
13469,Mark Farmer,3,1,1,2024,3,33.8093,-118.61691,2,2.7,1.36249
33268,Douglas Park,3,1,1,2024,3,34.08386,-118.42884667,9,7.1,3.52622
37758,Katie Rojas,3,1,1,2024,3,34.21058,-118.30917,11,33.7,16.84013
66710,Ana Wagner,3,1,1,2024,3,33.85154,-118.46304,3,5.6,2.81551
78809,Derek Warren,3,1,1,2024,3,33.8093,-118.30917,4,10.0,4.99284
70059,Nicole Cordova,3,1,1,2024,3,33.95714,-118.44594333,6,6.9,3.46793
86485,Richard Wagner,3,1,1,2024,3,33.72482,-118.48013667,1,0.1,0.06802
95882,Traci White,3,1,1,2024,3,34.1261,-118.44594333,9,17.1,8.56735
50172,Kathy Mcpherson,3,1,1,2024,3,33.7037,-118.46304,1,9.5,4.7384
39531,Lisa Khan,3,1,1,2024,3,33.85154,-118.41175,3,9.4,4.69442
91775,Dawn Drake,3,1,1,2024,3,33.97826,-118.54852333,5,9.6,4.82033
66790,Shari Wang,3,1,1,2024,3,33.87266,-118.42884667,3,71.3,35.64861
70258,Catherine Morgan,3,1,1,2024,3,33.76706,-118.39465333,1,8.3,4.15335
58342,David Morrison,3,1,1,2024,3,34.2317,-118.27497667,11,4.0,2.02344
21468,Jason Jackson,3,1,1,2024,3,33.9149,-118.58271667,2,8.9,4.47453
52688,Michael Hines,3,1,1,2024,3,33.78818,-118.58271667,2,6.1,3.03298
88433,Christopher Foley MD,3,1,1,2024,3,33.78818,-118.54852333,1,2.0,1.01218
68788,Justin Washington,3,1,1,2024,3,34.1261,-118.42884667,9,7.7,3.84624
18269,Richard Martin,3,1,1,2024,3,33.72482,-118.41175,1,35.1,17.52795
43103,Leah Mccoy,3,1,1,2024,3,34.31618,-118.27497667,11,4.4,2.17904
16058,Dakota Smith,3,1,1,2024,3,34.04162,-118.44594333,9,9.6,4.8204
44075,Andrew Decker,3,1,1,2024,3,33.89378,-118.53142667,3,5.3,2.65505
32518,Michael Baldwin,3,1,1,2024,3,33.9149,-118.37755667,4,7.6,3.78452
31318,Bridget Butler,3,1,1,2024,3,33.95714,-118.48013667,5,5.9,2.94056
14735,Richard Martin,3,1,1,2024,3,33.95714,-118.54852333,5,9.9,4.96214
32994,Joshua Pollard,3,1,1,2024,3,33.76706,-118.36046,4,9.6,4.77682
88245,Darrell Watkins,3,1,1,2024,3,33.9149,-118.41175,3,0.8,0.41106
44474,Victoria Blanchard,3,1,1,2024,3,33.95714,-118.41175,6,88.3,44.1376
87881,Kelly Galloway,3,1,1,2024,3,34.31618,-118.32626667,11,7.6,3.80227
69832,Brenda Austin,3,1,1,2024,3,33.76706,-118.56562,2,7.9,3.93778
97022,Jacob Martinez,3,1,1,2024,3,33.9149,-118.20659,8,0.5,0.23683
79417,Charles Ware,3,1,1,2024,3,33.8093,-118.41175,1,1.4,0.71206
28931,Richard Williams,3,1,1,2024,3,34.10498,-118.41175,9,9.1,4.52993
24205,Christopher Garcia,3,1,1,2024,3,33.97826,-118.34336333,6,1.3,0.66621
53749,Anna Nichols,3,1,1,2024,3,33.76706,-118.53142667,1,0.7,0.35173
21648,Chelsey Webb,3,1,1,2024,3,34.10498,-118.44594333,9,6.7,3.34755
13884,Jennifer Anderson,3,1,1,2024,3,33.78818,-118.49723333,1,3.6,1.82251
63679,Ryan White,3,1,1,2024,3,33.89378,-118.41175,3,4.5,2.26034
69007,Linda Wilson,3,1,1,2024,3,34.29506,-118.29207333,11,34.9,17.47323
78835,Vincent Gordon,3,1,1,2024,3,33.99938,-118.20659,8,1.2,0.58851
76418,Kelly Robinson,3,1,1,2024,3,33.97826,-118.42884667,6,47.0,23.49957
19355,Cody Wiggins,3,1,1,2024,3,33.72482,-118.44594333,1,6.7,3.36371
67422,Angela Adams,3,1,1,2024,3,33.83042,-118.36046,4,33.7,16.82853
17809,Angela Stark,3,1,1,2024,3,34.10498,-118.30917,10,2.0,1.02206
16445,Robert Hale,3,1,1,2024,3,33.83042,-118.46304,3,3.5,1.74049
18374,David Hopkins,3,1,1,2024,3,34.29506,-118.29207333,11,27.0,13.52077
36531,Michael Dominguez,3,1,1,2024,3,33.78818,-118.29207333,4,3.7,1.83432
64926,Gregory Davis,3,1,1,2024,3,34.10498,-118.44594333,9,40.7,20.34265
84400,Carla Barrera,3,1,1,2024,3,34.25282,-118.22368667,11,9.9,4.93549
75691,Christina Weber,3,1,1,2024,3,33.95714,-118.41175,6,49.3,24.62991
33280,Ryan Hernandez,3,1,1,2024,3,33.9149,-118.34336333,4,9.6,4.78365
28212,Cheyenne Atkinson,3,1,1,2024,3,33.87266,-118.56562,2,5.1,2.52962
74199,Mary Davis,3,1,1,2024,3,34.10498,-118.42884667,9,35.9,17.97057
24868,Kenneth Fox,3,1,1,2024,3,33.99938,-118.25788,7,3.8,1.8766
85577,Sharon Jackson,3,1,1,2024,3,34.0205,-118.18949333,8,12.4,6.20678
65888,Elizabeth Thompson,3,1,1,2024,3,33.85154,-118.44594333,3,3.6,1.81768
81006,Joseph Buck,3,1,1,2024,3,33.9149,-118.42884667,3,4.6,2.32287
87537,Nancy Ortiz,3,1,1,2024,3,33.85154,-118.49723333,3,50.1,25.05904
57200,Sharon Sloan,3,1,1,2024,3,33.99938,-118.39465333,6,3.8,1.90215
94302,Whitney Bryant,3,1,1,2024,3,34.08386,-118.39465333,9,8.3,4.16906
53096,Anthony Logan,3,1,1,2024,3,33.87266,-118.44594333,3,54.0,27.01347
99712,Alvin Lopez,3,1,1,2024,3,34.31618,-118.30917,11,39.6,19.7882
76700,Anthony Beck,3,1,1,2024,3,34.06274,-118.42884667,9,2.1,1.04632
96878,Jason Campos,3,1,1,2024,3,33.87266,-118.41175,3,5.6,2.79094
39122,Victoria Martin,3,1,1,2024,3,34.06274,-118.49723333,9,8.1,4.06747
95014,Thomas Ramos,3,1,1,2024,3,33.99938,-118.27497667,7,3.2,1.59836
25418,Karen Lee,3,1,1,2024,3,34.04162,-118.22368667,10,6.0,3.00265
87386,Anthony Clayton,3,1,1,2024,3,33.78818,-118.37755667,4,7.9,3.95809
90878,Christina Calderon,3,1,1,2024,3,34.06274,-118.51433,9,8.9,4.42843
13517,Emily Dixon,3,1,1,2024,3,33.83042,-118.44594333,3,2.7,1.36609
73747,Bradley Keller,3,1,1,2024,3,33.87266,-118.49723333,3,69.5,34.77044
74961,Megan Davis,3,1,1,2024,3,33.95714,-118.54852333,5,8.9,4.44637
26678,Lindsey Jones MD,3,1,1,2024,3,33.87266,-118.54852333,2,30.5,15.26757
94957,Jonathan Barnes,3,1,1,2024,3,33.72482,-118.51433,1,6.0,2.99365
96188,Collin Mueller,3,1,1,2024,3,33.8093,-118.37755667,4,2.8,1.39555
67140,Chloe Ruiz,3,1,1,2024,3,33.74594,-118.51433,1,5.3,2.66514
66678,Shannon Pope,3,1,1,2024,3,33.78818,-118.61691,2,5.9,2.93392
53312,Richard Huffman,3,1,1,2024,3,33.9149,-118.42884667,3,3.9,1.95662
76213,Nicholas Schultz,3,1,1,2024,3,33.9149,-118.48013667,3,7.3,3.64561
63006,John Carter,3,1,1,2024,3,34.25282,-118.30917,11,24.0,11.98942
65337,Susan Baker,3,1,1,2024,3,34.1261,-118.30917,10,7.6,3.77794
85621,Julie Buckley,3,1,1,2024,3,34.25282,-118.22368667,11,7.9,3.93078
37663,Jenna Tucker,3,1,1,2024,3,33.9149,-118.29207333,4,6.9,3.46226
51151,Casey Ryan,3,1,1,2024,3,33.8093,-118.25788,4,9.3,4.64325
42716,Scott Jennings,3,1,1,2024,3,33.87266,-118.53142667,3,9.5,4.74044
94736,Jordan Quinn,3,1,1,2024,3,33.85154,-118.56562,2,1.0,0.48892
14234,Angela Fleming,3,1,1,2024,3,33.78818,-118.34336333,4,8.6,4.30486
15645,Ashley Myers,3,1,1,2024,3,34.21058,-118.29207333,11,33.4,16.6914
38688,Carla Doyle,3,1,1,2024,3,34.08386,-118.44594333,9,58.1,29.04117
75012,Katie Anderson,3,1,1,2024,3,33.78818,-118.42884667,1,48.2,24.11388
48694,Craig Morrison,3,1,1,2024,3,33.87266,-118.39465333,3,9.1,4.54558
20837,Jeremy Mcdonald,3,1,1,2024,3,33.76706,-118.29207333,4,1.7,0.84706
62857,Andrew Gonzalez,3,1,1,2024,3,33.85154,-118.6682,2,19.5,9.77403
48588,Dale Wells,3,1,1,2024,3,33.97826,-118.44594333,6,82.3,41.15289
21603,Amy Richardson,3,1,1,2024,3,33.78818,-118.39465333,1,36.3,18.15085
96859,Theresa Russell,3,1,1,2024,3,33.8093,-118.27497667,4,7.2,3.57937
10551,David Rivera,3,1,1,2024,3,33.97826,-118.41175,6,6.2,3.10357
44399,Kaylee Chavez,3,1,1,2024,3,33.76706,-118.32626667,4,9.6,4.79359
74132,Mary Collins,3,1,1,2024,3,34.10498,-118.24078333,10,2.3,1.17386
73837,Amanda Guzman,3,1,1,2024,3,33.78818,-118.51433,1,2.9,1.46921
44991,Shane Jones,3,1,1,2024,3,33.8093,-118.39465333,1,1.0,0.48895
11802,Michael York,3,1,1,2024,3,34.10498,-118.39465333,9,8.8,4.37927
88367,Sean Tran,3,1,1,2024,3,34.04162,-118.48013667,9,42.7,21.33075
24307,Samuel Robbins,3,1,1,2024,3,34.25282,-118.27497667,11,2.1,1.06684
85542,Mark Ramirez,3,1,1,2024,3,34.06274,-118.44594333,9,5.6,2.82028
58114,Crystal Mcintyre,3,1,1,2024,3,34.08386,-118.24078333,10,5.5,2.73884
11957,Jacob Brown,3,1,1,2024,3,34.04162,-118.37755667,9,6.6,3.31134
72726,Melanie Nolan MD,3,1,1,2024,3,33.97826,-118.18949333,8,2.7,1.33355
19272,Denise Medina,3,1,1,2024,3,33.76706,-118.51433,1,3.7,1.84521
52980,Daniel Crawford,3,1,1,2024,3,33.89378,-118.37755667,4,6.3,3.17328
76406,Christopher Jenkins,3,1,1,2024,3,33.78818,-118.53142667,1,1.2,0.59982
41173,Kara Davenport,3,1,1,2024,3,34.06274,-118.49723333,9,9.0,4.52087
17210,April Tran,3,1,1,2024,3,33.93602,-118.56562,5,9.0,4.50476
36233,Mrs. Linda Robles,3,1,1,2024,3,34.25282,-118.30917,11,7.8,3.90126
74701,Cassandra Oconnor,3,1,1,2024,3,33.93602,-118.51433,5,6.9,3.44159
89456,Michelle Bruce,3,1,1,2024,3,33.9149,-118.32626667,4,3.5,1.75986
82095,Ashley Matthews,3,1,1,2024,3,34.08386,-118.41175,9,7.2,3.59413
38513,David Hill,3,1,1,2024,3,33.74594,-118.29207333,4,8.2,4.08901
36513,Candace Maldonado,3,1,1,2024,3,33.99938,-118.46304,6,5.6,2.8008
89718,Ashley Gallagher,3,1,1,2024,3,33.95714,-118.29207333,7,3.5,1.7263
91114,Jonathan Day,3,1,1,2024,3,34.04162,-118.49723333,9,25.9,12.97138
79408,John Johnson,3,1,1,2024,3,34.2317,-118.24078333,11,14.2,7.10829
77966,Michelle Wolfe,3,1,1,2024,3,33.99938,-118.56562,5,7.4,3.71633
77468,Jamie Robinson,3,1,1,2024,3,34.16834,-118.29207333,11,2.4,1.22431
78738,James Morgan,3,1,1,2024,3,33.76706,-118.59981333,2,6.7,3.35996
13601,Jason Chavez,3,1,1,2024,3,33.99938,-118.39465333,6,1.9,0.94354
44298,Carol Yang,3,1,1,2024,3,34.2317,-118.25788,11,20.5,10.26174
30338,Danielle Miller,3,1,1,2024,3,34.0205,-118.27497667,7,1.8,0.89383
52365,Jacqueline Haynes,3,1,1,2024,3,34.18946,-118.29207333,11,33.8,16.8858
60516,Laura Webb,3,1,1,2024,3,34.10498,-118.29207333,10,3.9,1.96292
33612,Stephanie Brooks,3,1,1,2024,3,33.72482,-118.41175,1,18.1,9.039
74629,Lauren Gonzalez,3,1,1,2024,3,33.87266,-118.46304,3,54.9,27.44367
85459,Rhonda Hernandez,3,1,1,2024,3,33.76706,-118.44594333,1,45.0,22.50117
22138,Shelia Thompson,3,1,1,2024,3,33.95714,-118.27497667,7,2.8,1.41462
67609,Amanda Mccall,3,1,1,2024,3,34.18946,-118.30917,11,9.5,4.77126
20650,Bradley Burgess,3,1,1,2024,3,33.8093,-118.25788,4,7.5,3.74479
82173,Dana Stewart,3,1,1,2024,3,34.21058,-118.22368667,11,9.4,4.70033
62936,Ann Miller,3,1,1,2024,3,33.89378,-118.22368667,8,9.8,4.89637
21308,James Rollins,3,1,1,2024,3,33.87266,-118.59981333,2,5.5,2.72659
25550,Benjamin Williams,3,1,1,2024,3,34.3373,-118.29207333,11,29.7,14.86043
10451,James Moore,3,1,1,2024,3,34.08386,-118.46304,9,29.2,14.58471
75432,Amber Phillips,3,1,1,2024,3,33.95714,-118.49723333,5,8.5,4.25105
43363,Amy Hood,3,1,1,2024,3,33.78818,-118.46304,1,1.7,0.83393
12290,Nathan Townsend,3,1,1,2024,3,33.85154,-118.54852333,2,5.3,2.63617
42274,Stephanie Ryan,3,1,1,2024,3,33.95714,-118.17239667,8,4.5,2.22787
81152,James Jenkins,3,1,1,2024,3,33.99938,-118.22368667,8,4.8,2.40184
58347,Kathleen Mitchell,3,1,1,2024,3,34.29506,-118.29207333,11,9.9,4.94414
56662,Anna Fernandez,3,1,1,2024,3,34.08386,-118.42884667,9,21.9,10.94887
77831,Joseph Diaz,3,1,1,2024,3,34.16834,-118.29207333,11,1.2,0.59008
31231,Joshua Miller,3,1,1,2024,3,33.95714,-118.30917,7,5.6,2.81558
42439,Jessica Blackburn MD,3,1,1,2024,3,33.9149,-118.41175,3,1.7,0.85869
66576,Robert Gordon,3,1,1,2024,3,34.0205,-118.46304,6,5.6,2.7966
20696,Jessica Myers,3,1,1,2024,3,33.74594,-118.49723333,1,6.4,3.19696
38444,Jessica Graham,3,1,1,2024,3,33.85154,-118.56562,2,6.9,3.45098
16389,Amber Wheeler,3,1,1,2024,3,33.97826,-118.36046,6,3.2,1.59462
91066,David Sims,3,1,1,2024,3,34.0205,-118.20659,8,1.2,0.5758
99204,Timothy Davis,3,1,1,2024,3,34.0205,-118.29207333,7,2.1,1.07281
42559,Philip Miranda,3,1,1,2024,3,33.85154,-118.63400667,2,5.6,2.77938
43901,Daniel Briggs,3,1,1,2024,3,34.25282,-118.27497667,11,51.5,25.77486
46995,Walter Carter,3,1,1,2024,3,34.2317,-118.24078333,11,7.9,3.95734
57785,Sandra Delacruz,3,1,1,2024,3,34.27394,-118.27497667,11,2.2,1.10618
22687,William Hudson,3,1,1,2024,3,34.16834,-118.30917,11,23.6,11.80714
87064,Jordan Savage,3,1,1,2024,3,33.89378,-118.63400667,2,9.7,4.83679
89504,Melissa Thompson,3,1,1,2024,3,33.95714,-118.20659,8,1.9,0.95086
98867,Kimberly Baker,3,1,1,2024,3,34.0205,-118.41175,6,0.7,0.36814
65231,Matthew Anderson,3,1,1,2024,3,34.25282,-118.25788,11,15.5,7.75887
17864,Michaela Brown,3,1,1,2024,3,34.10498,-118.42884667,9,24.9,12.43387
57681,Eric Landry,3,1,1,2024,3,34.06274,-118.48013667,9,22.4,11.18702
20413,Courtney Carter,3,1,1,2024,3,34.18946,-118.27497667,11,20.9,10.43682
61839,Jodi Black,3,1,1,2024,3,33.9149,-118.24078333,4,5.5,2.76248
91283,Diana Nash,3,1,1,2024,3,33.78818,-118.56562,2,4.2,2.10681
81261,Jared Farmer,3,1,1,2024,3,33.85154,-118.46304,3,5.6,2.81801
44528,Duane Kelly,3,1,1,2024,3,33.83042,-118.51433,3,5.5,2.73885
84143,Richard Velasquez,3,1,1,2024,3,33.89378,-118.54852333,2,9.5,4.74664
83164,Joanne Moody,3,1,1,2024,3,34.10498,-118.29207333,10,7.1,3.55227
54191,Christopher Garcia,3,1,1,2024,3,33.78818,-118.36046,4,38.5,19.24407
89582,Marcus Alexander,3,1,1,2024,3,33.89378,-118.46304,3,50.9,25.4577
40574,Julia Shaw,3,1,1,2024,3,33.85154,-118.53142667,3,42.8,21.42027
91235,Samuel Maxwell,3,1,1,2024,3,33.78818,-118.48013667,1,5.8,2.89604
76003,William Evans,3,1,1,2024,3,34.0205,-118.34336333,6,1.4,0.68082
70374,Jack Brooks,3,1,1,2024,3,33.87266,-118.32626667,4,9.2,4.59643
89109,John Cook,3,1,1,2024,3,33.7037,-118.49723333,1,7.4,3.67717
19205,Shelley Lee,3,1,1,2024,3,33.97826,-118.37755667,6,3.8,1.88295
32675,Jessica Ritter,3,1,1,2024,3,33.97826,-118.42884667,6,71.2,35.59562
33153,David Jones,3,1,1,2024,3,34.06274,-118.32626667,10,30.0,15.00463
15455,Jill Lowe,3,1,1,2024,3,34.3373,-118.29207333,11,9.2,4.59148
94999,Michele Stevens,3,1,1,2024,3,34.08386,-118.25788,10,8.4,4.20441
14849,Maria Peters,3,1,1,2024,3,34.06274,-118.34336333,10,4.2,2.09056
50039,Anne Nash,3,1,1,2024,3,33.99938,-118.49723333,5,0.8,0.39295
43403,Mr. David Jackson,3,1,1,2024,3,33.89378,-118.51433,3,54.6,27.28282
41695,Ruth Keller,3,1,1,2024,3,33.78818,-118.48013667,1,2.8,1.40599
46294,Linda Green,3,1,1,2024,3,33.8093,-118.51433,1,6.6,3.32214
91894,Mark Webster DVM,3,1,1,2024,3,33.83042,-118.56562,2,1.8,0.90433
25676,Priscilla Silva,3,1,1,2024,3,34.29506,-118.27497667,11,50.5,25.23023
15875,Johnny Thomas,3,1,1,2024,3,34.10498,-118.22368667,10,1.0,0.49786
16141,Karen Barnes,3,1,1,2024,3,34.06274,-118.29207333,10,5.8,2.91522
74850,Kyle Morgan,3,1,1,2024,3,34.08386,-118.48013667,9,44.3,22.14795
91902,Steven Murphy,3,1,1,2024,3,34.04162,-118.49723333,9,57.3,28.64244
27641,Lori Craig,3,1,1,2024,3,33.89378,-118.44594333,3,4.7,2.3469
89269,Heather Caldwell,3,1,1,2024,3,33.97826,-118.53142667,5,3.5,1.74222
27438,Joel Stafford,3,1,1,2024,3,34.0205,-118.56562,5,10.0,4.99475
23906,Loretta Martinez,3,1,1,2024,3,33.99938,-118.42884667,6,44.3,22.1488
59768,Elijah Tate,3,1,1,2024,3,33.95714,-118.58271667,5,9.5,4.72545
21193,Michele Johnson,3,1,1,2024,3,33.89378,-118.65110333,2,5.1,2.57278
58499,Ana Murillo,3,1,1,2024,3,33.87266,-118.36046,4,6.5,3.26624
37257,Michelle Wilkerson DVM,3,1,1,2024,3,33.78818,-118.39465333,1,9.3,4.63878
95088,Clifford Brown,3,1,1,2024,3,33.8093,-118.37755667,4,7.3,3.66403
36584,Julia Hancock,3,1,1,2024,3,33.7037,-118.48013667,1,32.6,16.32312
81833,Steven Kennedy,3,1,1,2024,3,34.21058,-118.22368667,11,9.5,4.7317
40459,Brandon Berg,3,1,1,2024,3,34.25282,-118.24078333,11,6.5,3.25764
11491,John Walker,3,1,1,2024,3,34.04162,-118.46304,9,49.2,24.6173
46650,Danielle Simmons,3,1,1,2024,3,34.21058,-118.27497667,11,9.9,4.95017
97983,John Daniels,3,1,1,2024,3,33.78818,-118.37755667,4,8.3,4.15369
15738,Sue Ponce,3,1,1,2024,3,34.0205,-118.51433,5,3.6,1.80124
25871,Douglas Turner,3,1,1,2024,3,33.7037,-118.41175,1,14.2,7.07792
89009,Ashlee Zimmerman,3,1,1,2024,3,33.93602,-118.34336333,6,8.9,4.45105
47666,Brent Marshall,3,1,1,2024,3,33.89378,-118.30917,4,8.5,4.25519
49870,Erin Contreras,3,1,1,2024,3,34.0205,-118.32626667,6,2.6,1.29711
63939,Cody Calderon,3,1,1,2024,3,33.95714,-118.36046,6,5.4,2.68093
71590,Peter Wilson,3,1,1,2024,3,33.97826,-118.34336333,6,3.7,1.86717
97165,Robert Schultz,3,1,1,2024,3,33.78818,-118.27497667,4,7.5,3.73255
81127,Regina Hale,3,1,1,2024,3,33.78818,-118.27497667,4,4.3,2.16776
25464,Anthony King DVM,3,1,1,2024,3,34.25282,-118.24078333,11,15.8,7.87732
62589,Norma Holloway,3,1,1,2024,3,34.2317,-118.25788,11,1.5,0.75076
59590,Kelly Butler,3,1,1,2024,3,34.04162,-118.44594333,9,33.3,16.67415
36262,Megan Johnson,3,1,1,2024,3,34.08386,-118.22368667,10,8.8,4.39776
61230,Julia Watson,3,1,1,2024,3,34.1261,-118.25788,10,20.1,10.06141
51584,James White,3,1,1,2024,3,33.83042,-118.41175,3,5.4,2.71333
15982,Eddie Hudson,3,1,1,2024,3,34.10498,-118.48013667,9,35.0,17.52257
43476,Megan King DVM,3,1,1,2024,3,34.10498,-118.37755667,9,6.5,3.2332
77215,Richard Payne,3,1,1,2024,3,33.99938,-118.49723333,5,6.6,3.30526
38040,Michele Gaines,3,1,1,2024,3,34.06274,-118.36046,10,6.6,3.30371
16615,Caitlin Simmons,3,1,1,2024,3,33.7037,-118.42884667,1,6.9,3.46859
93599,Adam May,3,1,1,2024,3,34.25282,-118.22368667,11,9.8,4.88937
96775,James Meyer,3,1,1,2024,3,34.0205,-118.48013667,5,63.3,31.66565
84514,Heather Williams,3,1,1,2024,3,33.93602,-118.44594333,6,71.7,35.8295
46982,Michael Franco,3,1,1,2024,3,33.85154,-118.59981333,2,5.9,2.94403
24152,Diana Morales,3,1,1,2024,3,33.99938,-118.56562,5,8.7,4.36012
78874,Jade Myers,3,1,1,2024,3,34.04162,-118.36046,10,5.7,2.86724
36984,Sarah Manning,3,1,1,2024,3,34.1261,-118.46304,9,43.3,21.62606
61527,Jessica Richardson,3,1,1,2024,3,33.8093,-118.39465333,1,1.7,0.8257
78650,Dave Gibson,3,1,1,2024,3,33.76706,-118.41175,1,42.8,21.42004
68819,Joshua Kirk,3,1,1,2024,3,33.9149,-118.27497667,4,9.6,4.78601
15428,Dillon Walters,3,1,1,2024,3,34.10498,-118.46304,9,34.6,17.2843
79092,Timothy Morris,3,1,1,2024,3,34.08386,-118.44594333,9,24.4,12.18051
87501,Dominique Miller,3,1,1,2024,3,33.87266,-118.61691,2,8.3,4.15689
42913,Rebecca Davila,3,1,1,2024,3,34.25282,-118.27497667,11,22.4,11.1919
64750,Christine Jackson,3,1,1,2024,3,33.85154,-118.42884667,3,3.2,1.58639
26163,Ms. Samantha Floyd,3,1,1,2024,3,33.74594,-118.44594333,1,9.5,4.73283
72377,Mitchell Parker,3,1,1,2024,3,33.76706,-118.34336333,4,9.2,4.59096
15014,Lisa Franklin,3,1,1,2024,3,33.74594,-118.54852333,1,8.6,4.3156
64474,Mitchell Stephens,3,1,1,2024,3,34.0205,-118.49723333,5,51.6,25.81925
29973,Candice Harrell,3,1,1,2024,3,34.16834,-118.27497667,11,2.1,1.05974
66339,Johnny Blevins,3,1,1,2024,3,34.0205,-118.53142667,5,48.7,24.32814
55356,Jonathan Green,3,1,1,2024,3,33.78818,-118.54852333,1,1.1,0.54491
76508,Elijah Little,3,1,1,2024,3,33.76706,-118.63400667,2,8.3,4.13326
73488,Kevin Charles,3,1,1,2024,3,33.99938,-118.44594333,6,1.6,0.79963
55203,Kevin Lopez,3,1,1,2024,3,33.9149,-118.18949333,8,2.8,1.40012
24186,Anthony Myers,3,1,1,2024,3,33.76706,-118.48013667,1,2.8,1.37555
50987,Alan Smith,3,1,1,2024,3,33.78818,-118.46304,1,5.1,2.5654
69145,Glenda Combs,3,1,1,2024,3,34.08386,-118.41175,9,40.0,20.01593
84054,Judith Hartman,3,1,1,2024,3,33.87266,-118.44594333,3,65.2,32.61384
88532,Melissa Herrera,3,1,1,2024,3,33.78818,-118.32626667,4,9.0,4.50458
59744,Gregory Cox,3,1,1,2024,3,33.93602,-118.20659,8,2.6,1.29147
33466,Michael Webb,3,1,1,2024,3,34.3373,-118.25788,11,18.4,9.19845
22499,Vincent Jones,3,1,1,2024,3,33.76706,-118.58271667,2,2.1,1.04431
51323,John Wilson,3,1,1,2024,3,33.8093,-118.59981333,2,5.0,2.47759
82780,Christopher White,3,1,1,2024,3,33.89378,-118.22368667,8,6.3,3.16075
97496,Jeremy Miles,3,1,1,2024,3,34.08386,-118.30917,10,3.2,1.6054
20912,Jesse Rogers,3,1,1,2024,3,34.06274,-118.46304,9,9.3,4.62557
90621,Bridget Sanders,3,1,1,2024,3,33.9149,-118.48013667,3,52.3,26.1475
22845,Kim Gomez,3,1,1,2024,3,34.10498,-118.25788,10,5.3,2.65421
19182,Patricia Harrington,3,1,1,2024,3,33.97826,-118.24078333,7,2.9,1.45579
22252,Joshua Patterson,3,1,1,2024,3,34.08386,-118.32626667,10,28.4,14.18167
25739,Laurie Benitez,3,1,1,2024,3,33.7037,-118.42884667,1,7.3,3.66553
41169,Julia Lopez,3,1,1,2024,3,33.93602,-118.48013667,5,8.6,4.32193
30962,Kevin Johnson,3,1,1,2024,3,34.04162,-118.48013667,9,24.5,12.25556
71835,David Brooks,3,1,1,2024,3,34.16834,-118.30917,11,18.0,8.99535
92686,Christian Hale,3,1,1,2024,3,34.04162,-118.27497667,10,6.6,3.27687
73012,Samantha Mitchell,3,1,1,2024,3,33.95714,-118.39465333,6,88.5,44.24723
66534,Ronald Marshall,3,1,1,2024,3,34.08386,-118.29207333,10,2.3,1.14199
59370,Vickie Wright,3,1,1,2024,3,34.04162,-118.51433,9,9.9,4.93925
42370,Elizabeth Lewis,3,1,1,2024,3,33.9149,-118.51433,3,9.6,4.77824
70451,Robert Brown,3,1,1,2024,3,33.74594,-118.46304,1,5.6,2.81478
62127,Eric Gould,3,1,1,2024,3,34.27394,-118.25788,11,6.6,3.30822
24822,Dylan Smith,3,1,1,2024,3,34.0205,-118.53142667,5,21.7,10.83584
79637,Lisa Ward,3,1,1,2024,3,33.85154,-118.41175,3,5.2,2.6227
44234,Mrs. Brandy Perez,3,1,1,2024,3,34.08386,-118.25788,10,5.0,2.50367
73574,Katrina Dominguez,3,1,1,2024,3,33.8093,-118.44594333,1,5.2,2.62078
83583,Lori Mendez,3,1,1,2024,3,33.97826,-118.36046,6,1.1,0.5724
22962,Carlos Frost,3,1,1,2024,3,34.04162,-118.25788,10,2.8,1.38577
45650,Diana Pollard,3,1,1,2024,3,33.89378,-118.18949333,8,9.1,4.56826
54215,Joseph Ortiz,3,1,1,2024,3,33.93602,-118.42884667,6,6.6,3.28516
43048,Stephanie Mcguire,3,1,1,2024,3,33.97826,-118.41175,6,4.4,2.17911
50245,Jennifer Alvarez,3,1,1,2024,3,34.2317,-118.29207333,11,34.3,17.16291
25717,Mary Conley,3,1,1,2024,3,34.06274,-118.51433,9,10.0,4.97593
19080,Wyatt Frederick,3,1,1,2024,3,34.18946,-118.29207333,11,32.5,16.23543
77052,Melissa Vazquez,3,1,1,2024,3,33.95714,-118.24078333,7,2.0,1.00736
90035,Alejandra Fletcher,3,1,1,2024,3,34.14722,-118.30917,11,4.1,2.05379
63024,Kim Hood,3,1,1,2024,3,34.08386,-118.49723333,9,41.5,20.74235
98452,Kayla Freeman,3,1,1,2024,3,33.99938,-118.54852333,5,45.2,22.59956
36577,Nathaniel Alexander,3,1,1,2024,3,34.1261,-118.25788,10,6.1,3.05109
36902,Kiara Chan,3,1,1,2024,3,33.8093,-118.48013667,1,6.7,3.3389
60976,Haley Mcdaniel,3,1,1,2024,3,34.10498,-118.27497667,10,2.6,1.29262
98290,Ashley Golden,3,1,1,2024,3,33.85154,-118.58271667,2,6.9,3.46624
51531,Kelly Shepherd,3,1,1,2024,3,34.18946,-118.30917,11,9.4,4.67672
42231,Anthony James,3,1,1,2024,3,33.97826,-118.56562,5,8.6,4.32425
95452,Rachel Stevenson,3,1,1,2024,3,33.97826,-118.25788,7,4.0,2.02453
55877,Chelsea Young,3,1,1,2024,3,33.97826,-118.32626667,6,8.1,4.06222
82611,Laurie Larson,3,1,1,2024,3,33.76706,-118.27497667,4,8.9,4.44712
16786,Bryan Hudson,3,1,1,2024,3,34.25282,-118.29207333,11,7.0,3.48393
69287,Douglas Lewis,3,1,1,2024,3,33.8093,-118.53142667,1,4.5,2.23687
89071,Scott Jones,3,1,1,2024,3,34.06274,-118.30917,10,3.5,1.75662
49329,Kimberly Shaffer,3,1,1,2024,3,34.3373,-118.29207333,11,16.7,8.34286
37408,Amanda Moore,3,1,1,2024,3,34.2317,-118.30917,11,17.9,8.93954
60985,Karen Wolfe,3,1,1,2024,3,34.3373,-118.25788,11,16.4,8.22343
44364,Scott Montgomery,3,1,1,2024,3,33.72482,-118.48013667,1,2.2,1.11618
91067,Christine Young,3,1,1,2024,3,34.0205,-118.51433,5,28.7,14.34071
64276,Kelsey Bean,3,1,1,2024,3,33.78818,-118.44594333,1,45.2,22.60907
15395,Leah Valdez,3,1,1,2024,3,33.83042,-118.63400667,2,3.0,1.48647
96726,Julie Martin,3,1,1,2024,3,34.04162,-118.39465333,9,5.1,2.52662
41948,Jason Walker,3,1,1,2024,3,33.95714,-118.34336333,6,1.3,0.64785
54937,Christopher Price,3,1,1,2024,3,33.9149,-118.53142667,3,9.6,4.77729
38543,Peter Rodriguez,3,1,1,2024,3,34.2317,-118.22368667,11,8.0,4.00019
17274,Amy Shelton,3,1,1,2024,3,33.99938,-118.34336333,6,4.3,2.15626
83408,Jennifer Bowen,3,1,1,2024,3,33.9149,-118.22368667,8,2.1,1.02606
73047,Lynn Anderson,3,1,1,2024,3,34.0205,-118.48013667,5,46.6,23.28551
86011,Duane Trujillo,3,1,1,2024,3,33.74594,-118.41175,1,33.1,16.53135
96316,Paul Cobb,3,1,1,2024,3,33.76706,-118.30917,4,9.0,4.51741
12334,Cheryl Thompson,3,1,1,2024,3,33.85154,-118.37755667,4,33.0,16.47612
86733,James Hall,3,1,1,2024,3,33.97826,-118.46304,6,54.3,27.12833
71555,Hayley Carrillo,3,1,1,2024,3,33.9149,-118.56562,2,9.3,4.63827
63387,Ian Cherry,3,1,1,2024,3,34.10498,-118.39465333,9,9.6,4.80278
12200,Vincent Hall,3,1,1,2024,3,33.78818,-118.61691,2,9.0,4.47934
86700,Joseph Wolf,3,1,1,2024,3,34.25282,-118.29207333,11,9.8,4.88037
39913,Beth Kennedy,3,1,1,2024,3,33.85154,-118.42884667,3,7.0,3.48841
68367,John Welch,3,1,1,2024,3,33.78818,-118.51433,1,3.7,1.87208
43574,Veronica Graham,3,1,1,2024,3,33.93602,-118.56562,5,36.3,18.13329
10059,Benjamin Lane,3,1,1,2024,3,34.29506,-118.27497667,11,2.3,1.15073
16455,Joel Schwartz,3,1,1,2024,3,34.31618,-118.30917,11,33.6,16.81105
20845,John Lewis,3,1,1,2024,3,34.10498,-118.22368667,10,9.1,4.55731
14347,Natalie Weiss,3,1,1,2024,3,33.7037,-118.46304,1,4.2,2.07747
70775,Courtney Hoover,3,1,1,2024,3,33.93602,-118.53142667,5,49.4,24.71858
33872,Theresa Chapman,3,1,1,2024,3,33.99938,-118.44594333,6,8.2,4.11764
22079,Sabrina Vaughn PhD,3,1,1,2024,3,34.06274,-118.32626667,10,2.7,1.33287
33899,Christine Marshall,3,1,1,2024,3,34.06274,-118.41175,9,1.9,0.95396
44315,Daniel Zamora,3,1,1,2024,3,34.31618,-118.24078333,11,7.1,3.54708
95925,Chad Carpenter,3,1,1,2024,3,33.87266,-118.29207333,4,9.8,4.89718
76536,Diana King DVM,3,1,1,2024,3,34.2317,-118.25788,11,2.0,1.00629
69452,James Nguyen,3,1,1,2024,3,33.83042,-118.48013667,3,5.6,2.81976
36152,Gabriel Tran DDS,3,1,1,2024,3,33.95714,-118.51433,5,5.1,2.56315
61000,Brandon Munoz,3,1,1,2024,3,34.04162,-118.24078333,10,4.3,2.16669
39303,Larry Humphrey,3,1,1,2024,3,34.06274,-118.42884667,9,66.2,33.0852
72174,Robert Green,3,1,1,2024,3,33.74594,-118.39465333,1,8.0,3.97992
52884,Sarah Alvarez,3,1,1,2024,3,34.29506,-118.32626667,11,7.6,3.81303
47809,Andre Barker,3,1,1,2024,3,34.0205,-118.29207333,7,0.8,0.39641
85996,Veronica James,3,1,1,2024,3,33.76706,-118.48013667,1,62.2,31.10553
80365,Matthew Evans,3,1,1,2024,3,33.95714,-118.58271667,5,8.6,4.29538
45830,Joseph Malone,3,1,1,2024,3,33.87266,-118.36046,4,8.3,4.15672
70644,Jeff Holland,3,1,1,2024,3,34.06274,-118.34336333,10,39.2,19.58091
28922,Deanna Blackwell,3,1,1,2024,3,34.14722,-118.29207333,11,3.3,1.64568
84042,Elizabeth Roberson,3,1,1,2024,3,34.27394,-118.30917,11,7.2,3.60266
75877,Jean Archer,3,1,1,2024,3,34.0205,-118.54852333,5,41.8,20.91768
86905,Carly Medina,3,1,1,2024,3,33.85154,-118.53142667,3,38.2,19.09748
82146,Danny Hurst,3,1,1,2024,3,34.08386,-118.49723333,9,38.7,19.34092
47696,Crystal Brown,3,1,1,2024,3,34.18946,-118.29207333,11,15.3,7.64591
25344,Jessica Beasley,3,1,1,2024,3,33.97826,-118.30917,7,3.9,1.92828
38522,Crystal Thompson MD,3,1,1,2024,3,34.04162,-118.51433,9,30.6,15.31191
71632,Vicki Richard,3,1,1,2024,3,34.25282,-118.27497667,11,2.5,1.23085
79307,Wayne Chung,3,1,1,2024,3,34.27394,-118.27497667,11,5.2,2.57559
13605,Christopher Vasquez,3,1,1,2024,3,34.3373,-118.24078333,11,16.3,8.17048
31695,Daniel Jackson,3,1,1,2024,3,34.1261,-118.42884667,9,13.1,6.5343
78004,Yolanda Foster,3,1,1,2024,3,33.83042,-118.65110333,2,0.6,0.30307
81356,Edward Duran,3,1,1,2024,3,33.89378,-118.42884667,3,75.5,37.76419
83004,Sheena Wilson,3,1,1,2024,3,33.95714,-118.42884667,6,4.9,2.43269
97872,Jonathan Clark,3,1,1,2024,3,34.16834,-118.27497667,11,2.3,1.16133
39486,Krystal Mckay,3,1,1,2024,3,33.83042,-118.46304,3,2.3,1.17368
67388,Dan Garcia,3,1,1,2024,3,34.27394,-118.29207333,11,8.5,4.26458
46310,Glen Davis,3,1,1,2024,3,34.27394,-118.30917,11,38.0,18.97853
40651,Mark Wright,3,1,1,2024,3,33.83042,-118.42884667,3,9.0,4.50751
30611,Amanda Edwards,3,1,1,2024,3,34.29506,-118.32626667,11,8.1,4.05197
88186,Paul Smith,3,1,1,2024,3,33.87266,-118.63400667,2,7.7,3.85931
31370,Jessica Ramirez,3,1,1,2024,3,34.18946,-118.30917,11,0.8,0.40201
18753,Melinda Knapp,3,1,1,2024,3,33.85154,-118.54852333,2,5.5,2.7498
75644,Samuel Fisher,3,1,1,2024,3,34.3373,-118.30917,11,21.3,10.65757
33343,Sean Wilson,3,1,1,2024,3,34.04162,-118.27497667,10,4.0,2.01527
32649,Kyle Hunt,3,1,1,2024,3,33.89378,-118.37755667,4,7.2,3.57936
88953,Gary Moran,3,1,1,2024,3,34.06274,-118.46304,9,2.9,1.45122
35216,Rachel Ruiz,3,1,1,2024,3,33.85154,-118.39465333,3,9.2,4.58133
88068,Matthew Middleton,3,1,1,2024,3,33.83042,-118.59981333,2,8.7,4.32656
20247,Elizabeth Hall,3,1,1,2024,3,34.16834,-118.27497667,11,3.7,1.86523
77350,James Booth,3,1,1,2024,3,34.3373,-118.24078333,11,12.9,6.4396
46851,Laura Mitchell,3,1,1,2024,3,34.06274,-118.22368667,10,9.3,4.65353
65030,Carol Rodriguez,3,1,1,2024,3,33.72482,-118.42884667,1,51.9,25.94439
20882,Hannah Taylor,3,1,1,2024,3,34.1261,-118.27497667,10,9.2,4.60561
44880,Michelle Barnes,3,1,1,2024,3,33.74594,-118.51433,1,1.6,0.78924
24564,Toni West,3,1,1,2024,3,33.74594,-118.29207333,4,10.0,4.98334
50138,Briana Hancock,3,1,1,2024,3,33.78818,-118.56562,2,1.1,0.54632
59653,Alex Villarreal,3,1,1,2024,3,33.76706,-118.49723333,1,2.6,1.30037
55117,Courtney Short,3,1,1,2024,3,33.9149,-118.39465333,3,2.3,1.15602
55904,Lisa Hess,3,1,1,2024,3,33.83042,-118.42884667,3,8.6,4.27526
54195,Jessica Soto,3,1,1,2024,3,33.85154,-118.48013667,3,65.4,32.72026
80551,Christina Ward,3,1,1,2024,3,33.97826,-118.32626667,6,1.2,0.60028
92015,Joseph Watson,3,1,1,2024,3,33.93602,-118.24078333,7,4.1,2.05388
83198,John Lee,3,1,1,2024,3,34.25282,-118.25788,11,5.9,2.92644
93023,Julia Thomas,3,1,1,2024,3,33.76706,-118.32626667,4,8.5,4.26582
47772,Douglas Perez,3,1,1,2024,3,34.04162,-118.41175,9,38.3,19.14696
27218,Robert Sanders,3,1,1,2024,3,34.2317,-118.30917,11,2.8,1.40127
19867,John Moore,3,1,1,2024,3,33.9149,-118.22368667,8,1.3,0.67069
61067,Daniel Lee,3,1,1,2024,3,33.93602,-118.58271667,5,7.1,3.56935
96082,Jacob Craig,3,1,1,2024,3,33.7037,-118.44594333,1,9.2,4.57645
13920,Brian Herrera,3,1,1,2024,3,34.18946,-118.27497667,11,4.8,2.42138
73873,Sandra Black,3,1,1,2024,3,33.89378,-118.41175,3,3.0,1.47569
69067,Michael Smith,3,1,1,2024,3,33.83042,-118.59981333,2,1.8,0.92209
76126,Kelsey Carroll,3,1,1,2024,3,33.95714,-118.46304,6,5.2,2.57736
21659,Dan Brown,3,1,1,2024,3,33.89378,-118.32626667,4,9.3,4.63475
79574,Kelly Robbins,3,1,1,2024,3,33.74594,-118.39465333,1,8.6,4.32356
14915,Gina Greene,3,1,1,2024,3,34.04162,-118.49723333,9,56.0,27.9976
84563,Adam Myers,3,1,1,2024,3,33.8093,-118.54852333,1,5.3,2.64381
74043,Kathy Stanley,3,1,1,2024,3,34.2317,-118.29207333,11,39.0,19.48159
11391,Nicole Rowland,3,1,1,2024,3,34.08386,-118.29207333,10,6.7,3.33993
12821,Nicholas Cervantes,3,1,1,2024,3,33.8093,-118.29207333,4,9.8,4.87658
36697,Tracey Johnson,3,1,1,2024,3,34.0205,-118.36046,6,7.9,3.96031
57164,Andrew Gutierrez,3,1,1,2024,3,33.87266,-118.65110333,2,7.0,3.49324
36490,Maria Brooks,3,1,1,2024,3,34.04162,-118.29207333,10,7.3,3.65433
93679,Daisy Watts,3,1,1,2024,3,34.2317,-118.27497667,11,8.6,4.31504
38293,Joan Martin,3,1,1,2024,3,34.29506,-118.24078333,11,10.4,5.20962
88937,Renee Hubbard,3,1,1,2024,3,33.89378,-118.48013667,3,6.3,3.1356
39775,Michael Ross,3,1,1,2024,3,33.93602,-118.32626667,6,8.1,4.02769
32904,Ronald Lowery,3,1,1,2024,3,33.9149,-118.44594333,3,54.4,27.20179
12102,Debra Jones,3,1,1,2024,3,34.1261,-118.25788,10,15.9,7.96903
55913,Larry Black,3,1,1,2024,3,34.06274,-118.37755667,9,9.7,4.86278
78880,Gerald Miller,3,1,1,2024,3,33.83042,-118.48013667,3,6.3,3.15354
73156,Christopher King,3,1,1,2024,3,34.2317,-118.25788,11,8.4,4.18499
29231,Christina Parker,3,1,1,2024,3,33.85154,-118.61691,2,9.5,4.74473
95557,Scott Davis,3,1,1,2024,3,34.1261,-118.27497667,10,24.4,12.2197
28490,Jennifer Berry,3,1,1,2024,3,33.85154,-118.42884667,3,9.1,4.53585
47575,Eric Wilson,3,1,1,2024,3,33.8093,-118.44594333,1,3.4,1.71236
83805,Kristy Brown,3,1,1,2024,3,33.93602,-118.54852333,5,48.0,24.01623
64887,Barbara Powell,3,1,1,2024,3,34.10498,-118.49723333,9,54.8,27.37972
72314,Elizabeth Trevino,3,1,1,2024,3,34.1261,-118.42884667,9,6.9,3.45312
32915,Jeremy Rojas,3,1,1,2024,3,33.97826,-118.30917,7,2.2,1.08665
67869,Michele Sanchez,3,1,1,2024,3,34.06274,-118.44594333,9,46.0,22.97926
23496,Christopher Nichols,3,1,1,2024,3,33.85154,-118.46304,3,1.5,0.75841
85566,Rebecca Bailey,3,1,1,2024,3,33.74594,-118.29207333,4,10.0,4.97696
55729,Emily Garza,3,1,1,2024,3,33.95714,-118.32626667,6,3.5,1.76309
72366,Matthew Lewis,3,1,1,2024,3,33.78818,-118.29207333,4,6.3,3.14907
79882,Mary Keith,3,1,1,2024,3,34.2317,-118.22368667,11,10.8,5.42373
49305,Tanya Davis,3,1,1,2024,3,33.78818,-118.44594333,1,4.4,2.21147
90248,Alexander Gutierrez,3,1,1,2024,3,33.83042,-118.53142667,3,8.1,4.06744
48473,Hunter Lin,3,1,1,2024,3,33.89378,-118.42884667,3,5.1,2.54826
66855,Sarah Edwards,3,1,1,2024,3,34.2317,-118.27497667,11,2.2,1.11113
15350,Scott Ward,3,1,1,2024,3,34.10498,-118.46304,9,56.8,28.42118
37412,David Young,3,1,1,2024,3,33.87266,-118.58271667,2,9.1,4.5482
94062,Julia Collins,3,1,1,2024,3,34.10498,-118.27497667,10,21.1,10.56411
40014,David Flores,3,1,1,2024,3,33.8093,-118.44594333,1,52.1,26.06095
47361,Valerie West,3,1,1,2024,3,34.04162,-118.48013667,9,60.5,30.26076
70673,Victor Hunter,3,1,1,2024,3,33.8093,-118.48013667,1,70.2,35.08877
18441,Mr. Andre Sims,3,1,1,2024,3,33.87266,-118.48013667,3,3.4,1.71885
92982,Antonio Fisher,3,1,1,2024,3,33.78818,-118.29207333,4,5.6,2.82371
82960,Stephanie Osborne,3,1,1,2024,3,34.31618,-118.29207333,11,54.4,27.22346
23796,Brian English,3,1,1,2024,3,33.99938,-118.30917,7,5.2,2.61913
26940,Brendan Burns,3,1,1,2024,3,34.3373,-118.30917,11,31.1,15.53976
83746,Mrs. Donna Harvey,3,1,1,2024,3,33.76706,-118.41175,1,4.4,2.21732
61306,Jeremy Ramos,3,1,1,2024,3,33.95714,-118.44594333,6,8.4,4.19189
93721,Christina Ferguson,3,1,1,2024,3,33.74594,-118.42884667,1,8.8,4.41558
56652,Carolyn Garcia,3,1,1,2024,3,34.10498,-118.46304,9,21.4,10.69447
21479,William Long,3,1,1,2024,3,33.89378,-118.18949333,8,3.8,1.90183
61643,Theresa Brewer,3,1,1,2024,3,33.8093,-118.51433,1,9.0,4.52042
26004,Lisa Gallagher,3,1,1,2024,3,33.97826,-118.53142667,5,5.3,2.6415
36355,Deanna Hawkins,3,1,1,2024,3,34.10498,-118.48013667,9,9.8,4.8917
20844,Zachary Black,3,1,1,2024,3,34.29506,-118.32626667,11,17.2,8.58303
42057,Kathy Sanchez,3,1,1,2024,3,34.14722,-118.25788,11,17.2,8.60755
24414,Laura Gallagher DVM,3,1,1,2024,3,34.31618,-118.24078333,11,13.5,6.75754
52945,Jessica Escobar,3,1,1,2024,3,33.8093,-118.48013667,1,55.4,27.71074
66547,Lisa King,3,1,1,2024,3,34.08386,-118.24078333,10,8.9,4.44186
17337,Lisa Farmer,3,1,1,2024,3,33.93602,-118.42884667,6,8.1,4.04859
91406,Carol Anderson,3,1,1,2024,3,33.8093,-118.42884667,1,46.0,23.0221
84503,Cody Campbell,3,1,1,2024,3,34.06274,-118.41175,9,6.4,3.19531
81806,Steven Watson,3,1,1,2024,3,33.89378,-118.39465333,3,4.2,2.12489
73916,Joseph Acosta,3,1,1,2024,3,33.99938,-118.51433,5,3.4,1.72261
94189,John Frost,3,1,1,2024,3,34.0205,-118.42884667,6,10.0,4.99275
76872,Robert Ferguson,3,1,1,2024,3,33.95714,-118.49723333,5,5.0,2.5226
89493,Judy Bowman,3,1,1,2024,3,33.85154,-118.65110333,2,21.2,10.58992
57140,Aaron Green,3,1,1,2024,3,34.0205,-118.22368667,8,1.5,0.74933
65026,Kelly Henson,3,1,1,2024,3,33.76706,-118.54852333,1,2.4,1.2101
41344,Katelyn Hernandez,3,1,1,2024,3,33.89378,-118.18949333,8,9.9,4.93865
27086,Amber Bartlett,3,1,1,2024,3,34.0205,-118.25788,7,9.5,4.72821
75869,Jeremy Shelton,3,1,1,2024,3,33.93602,-118.42884667,6,8.7,4.34692
31614,Robert Jones,3,1,1,2024,3,34.04162,-118.42884667,9,53.1,26.54574
30965,Dr. Sarah Riggs,3,1,1,2024,3,33.89378,-118.53142667,3,9.2,4.61775
37332,Alexandra Cook,3,1,1,2024,3,33.95714,-118.48013667,5,5.2,2.58834
49961,Laura Paul,3,1,1,2024,3,34.04162,-118.46304,9,48.5,24.26559
45873,Brian Taylor,3,1,1,2024,3,34.0205,-118.34336333,6,2.4,1.18377
59243,Ashley Madden,3,1,1,2024,3,34.31618,-118.29207333,11,39.1,19.55642
68763,Mr. Thomas Bean,3,1,1,2024,3,33.87266,-118.30917,4,6.8,3.38241
95299,Brian Holmes,3,1,1,2024,3,33.93602,-118.41175,6,74.7,37.33924
89763,Ms. Cynthia Stewart,3,1,1,2024,3,33.97826,-118.51433,5,5.5,2.77246
82476,Melissa Reyes,3,1,1,2024,3,34.10498,-118.27497667,10,9.0,4.49879
28064,Kristine Gallagher,3,1,1,2024,3,33.99938,-118.29207333,7,4.3,2.13355
87125,Julie Williams,3,1,1,2024,3,33.99938,-118.18949333,8,2.9,1.46493
91967,Stephen Lyons,3,1,1,2024,3,34.0205,-118.32626667,6,1.3,0.66125
61513,Heather Kramer,3,1,1,2024,3,34.08386,-118.41175,9,34.5,17.25305
84904,Samuel Phillips,3,1,1,2024,3,34.08386,-118.42884667,9,37.2,18.61561
92845,Gregory Myers,3,1,1,2024,3,33.8093,-118.29207333,4,8.2,4.07989
70415,Gloria Deleon,3,1,1,2024,3,34.04162,-118.34336333,10,4.3,2.12613
76981,Krystal Rodriguez,3,1,1,2024,3,33.8093,-118.56562,2,5.7,2.87442
28818,Paul Martinez,3,1,1,2024,3,33.9149,-118.58271667,2,9.1,4.54787
36548,Angelica Jackson,3,1,1,2024,3,34.3373,-118.27497667,11,9.3,4.63088
60216,Gary Lee,3,1,1,2024,3,34.06274,-118.37755667,9,39.9,19.95069
38213,David Flores,3,1,1,2024,3,33.89378,-118.44594333,3,84.8,42.41223
46844,Lisa Wolf,3,1,1,2024,3,33.74594,-118.49723333,1,0.4,0.218
55111,Brianna Morris,3,1,1,2024,3,33.8093,-118.53142667,1,1.4,0.71454
94883,Robert Campbell,3,1,1,2024,3,34.06274,-118.25788,10,9.8,4.90671
92054,Michelle Lopez,3,1,1,2024,3,34.25282,-118.24078333,11,9.2,4.58717
86427,Luis Hernandez,3,1,1,2024,3,33.85154,-118.49723333,3,66.0,32.98096
36617,James Mack,3,1,1,2024,3,33.83042,-118.42884667,3,9.8,4.90903
50216,Michele Yang,3,1,1,2024,3,33.99938,-118.51433,5,6.1,3.06394
19145,Sara Willis,3,1,1,2024,3,33.89378,-118.59981333,2,8.4,4.22181
63270,Shannon Hurley,3,1,1,2024,3,33.93602,-118.58271667,5,4.9,2.45486
93815,Jesse Miller,3,1,1,2024,3,33.87266,-118.6682,2,5.8,2.92477
12946,Nancy Reed,3,1,1,2024,3,34.06274,-118.49723333,9,5.3,2.62736
48710,Christian Hayes,3,1,1,2024,3,33.83042,-118.61691,2,8.0,4.00021
32990,Traci Guerra,3,1,1,2024,3,34.2317,-118.29207333,11,6.1,3.07209
65675,Kathleen Harrison,3,1,1,2024,3,34.06274,-118.46304,9,1.8,0.89343
49134,Patricia Davis,3,1,1,2024,3,34.31618,-118.25788,11,3.1,1.57127
94360,Mark Duncan,3,1,1,2024,3,34.0205,-118.49723333,5,49.9,24.93458
39304,Andrew Smith,3,1,1,2024,3,34.1261,-118.29207333,10,26.3,13.16452
41067,James Stephenson,3,1,1,2024,3,34.04162,-118.32626667,10,2.1,1.054
84205,Olivia Mcdonald,3,1,1,2024,3,33.74594,-118.41175,1,7.9,3.95569
84423,Stephen Jordan,3,1,1,2024,3,33.87266,-118.51433,3,42.7,21.33903
20589,Cameron Lewis,3,1,1,2024,3,33.95714,-118.37755667,6,4.2,2.09748
56214,Kenneth Little,3,1,1,2024,3,33.76706,-118.27497667,4,7.5,3.77175
94612,Taylor Boyd,3,1,1,2024,3,34.29506,-118.25788,11,5.1,2.55556
35760,Barbara Jarvis,3,1,1,2024,3,34.06274,-118.42884667,9,4.8,2.39966
61332,Colleen Briggs,3,1,1,2024,3,33.8093,-118.46304,1,3.5,1.7255
32933,Mr. Ralph Murphy,3,1,1,2024,3,34.10498,-118.39465333,9,3.4,1.70701
44432,Emily House,3,1,1,2024,3,34.21058,-118.22368667,11,6.5,3.2666
75621,Katherine Brown,3,1,1,2024,3,34.18946,-118.29207333,11,25.8,12.92276
23363,Scott Clark,3,1,1,2024,3,33.74594,-118.42884667,1,8.6,4.32153
71311,Stacy Johnson,3,1,1,2024,3,33.9149,-118.25788,4,8.6,4.28439
21633,Thomas Benitez,3,1,1,2024,3,34.3373,-118.30917,11,4.5,2.2451
49817,Scott Weber,3,1,1,2024,3,33.87266,-118.44594333,3,5.8,2.9173
99995,Steven Cunningham,3,1,1,2024,3,33.97826,-118.48013667,5,6.1,3.05341
34124,Rachel Dunlap,3,1,1,2024,3,33.85154,-118.51433,3,50.9,25.42759
76865,Maureen Nielsen,3,1,1,2024,3,34.3373,-118.25788,11,15.7,7.85101
67860,Adam Perkins,3,1,1,2024,3,34.10498,-118.37755667,9,4.3,2.16583
10555,Robert Johnson,3,1,1,2024,3,34.04162,-118.29207333,10,3.9,1.9745
35398,Trevor Owens,3,1,1,2024,3,33.85154,-118.58271667,2,2.4,1.2008
49710,Connie George,3,1,1,2024,3,33.78818,-118.46304,1,7.9,3.92528
58978,Misty Wilkerson,3,1,1,2024,3,33.9149,-118.39465333,3,4.6,2.29957
53913,Christopher Harris,3,1,1,2024,3,33.89378,-118.46304,3,69.9,34.93171
44272,Jose Mcintosh,3,1,1,2024,3,33.76706,-118.63400667,2,1.4,0.72048
53511,Sandra Henderson,3,1,1,2024,3,33.87266,-118.39465333,3,4.8,2.40496
71114,Karen Dunn,3,1,1,2024,3,33.93602,-118.54852333,5,46.8,23.42449
96219,William Jones,3,1,1,2024,3,34.29506,-118.24078333,11,14.4,7.21597
62162,Todd Short,3,1,1,2024,3,33.95714,-118.32626667,6,5.8,2.91135
58346,Wesley Turner,3,1,1,2024,3,33.76706,-118.53142667,1,1.4,0.71323
72953,Renee Zimmerman,3,1,1,2024,3,33.76706,-118.27497667,4,9.2,4.6233
24521,Cory Jackson,3,1,1,2024,3,34.08386,-118.22368667,10,7.4,3.70835
62826,Lauren Gallegos,3,1,1,2024,3,33.78818,-118.53142667,1,0.5,0.23404
38242,Wendy Lewis,3,1,1,2024,3,34.10498,-118.41175,9,19.5,9.77258
78138,Steven Frey,3,1,1,2024,3,34.14722,-118.27497667,11,4.1,2.06319
39041,Christian Cole,3,1,1,2024,3,33.93602,-118.46304,6,9.0,4.4999
95658,David White,3,1,1,2024,3,33.78818,-118.30917,4,9.4,4.71285
87491,Grant Hunter,3,1,1,2024,3,33.83042,-118.49723333,3,6.8,3.40722
98810,Zachary Obrien,3,1,1,2024,3,33.8093,-118.46304,1,3.8,1.87597
89712,Ashley Knight,3,1,1,2024,3,33.99938,-118.41175,6,7.6,3.80125
41846,Monica Johnson,3,1,1,2024,3,33.87266,-118.37755667,4,9.7,4.86943
51080,Ashley Kelly,3,1,1,2024,3,33.87266,-118.56562,2,25.5,12.76861
19368,Sarah Mills,3,1,1,2024,3,33.99938,-118.30917,7,5.2,2.59701
79704,Jacob Burgess,3,1,1,2024,3,33.83042,-118.44594333,3,4.8,2.37777
21381,Michael Perry,3,1,1,2024,3,33.89378,-118.49723333,3,8.4,4.20841
31696,Mrs. Gail Taylor,3,1,1,2024,3,34.10498,-118.44594333,9,18.7,9.34698
22513,David Lee,3,1,1,2024,3,33.93602,-118.41175,6,1.6,0.80888
54126,Jenna Ramirez,3,1,1,2024,3,33.89378,-118.56562,2,9.2,4.58867
52279,Tina Thomas,3,1,1,2024,3,33.76706,-118.29207333,4,6.7,3.36529
64907,Margaret Martin,3,1,1,2024,3,33.7037,-118.49723333,1,9.5,4.74746
43117,Carol Gregory,3,1,1,2024,3,33.99938,-118.29207333,7,0.6,0.32176
20630,Vincent Christian,3,1,1,2024,3,34.08386,-118.27497667,10,5.9,2.96887
14521,David Jackson,3,1,1,2024,3,34.2317,-118.27497667,11,7.9,3.94602
99439,Paul Walker,3,1,1,2024,3,33.95714,-118.34336333,6,2.3,1.16318
98091,Deborah Jefferson,3,1,1,2024,3,33.99938,-118.54852333,5,5.6,2.79238
21410,John Rose,3,1,1,2024,3,33.9149,-118.30917,4,6.5,3.26701
81950,Glen Brooks,3,1,1,2024,3,34.08386,-118.44594333,9,9.2,4.59007
90139,Gary Salazar,3,1,1,2024,3,34.14722,-118.25788,11,14.8,7.38185
69981,Derrick Adams,3,1,1,2024,3,34.31618,-118.32626667,11,7.7,3.84424
66437,Curtis Massey,3,1,1,2024,3,34.04162,-118.51433,9,4.8,2.38037
14616,Rebecca Blackwell,3,1,1,2024,3,34.1261,-118.30917,10,3.5,1.73753
41114,Bradley Morris,3,1,1,2024,3,33.7037,-118.44594333,1,56.3,28.15296
34797,Kristina Allen,3,1,1,2024,3,34.08386,-118.30917,10,8.7,4.33448
79380,Matthew Little,3,1,1,2024,3,33.7037,-118.48013667,1,41.0,20.47785
11640,Katherine Stevens,3,1,1,2024,3,33.74594,-118.46304,1,5.8,2.91484
74398,William Harris,3,1,1,2024,3,34.31618,-118.29207333,11,33.6,16.81909
79218,Jason Cooper,3,1,1,2024,3,33.89378,-118.29207333,4,6.6,3.32311
29889,Christina English,3,1,1,2024,3,33.8093,-118.49723333,1,2.3,1.14007
11054,Allen Davis,3,1,1,2024,3,33.74594,-118.53142667,1,9.1,4.55699
19658,Wanda Marshall,3,1,1,2024,3,33.93602,-118.49723333,5,7.0,3.51392
47254,Samuel Roach,3,1,1,2024,3,33.74594,-118.53142667,1,3.8,1.91203
15413,Brooke White,3,1,1,2024,3,33.9149,-118.42884667,3,76.7,38.33302
98652,Laura Washington,3,1,1,2024,3,34.1261,-118.27497667,10,5.4,2.71158
81444,Austin Gentry,3,1,1,2024,3,33.76706,-118.30917,4,6.4,3.18169
89779,Bruce Schultz,3,1,1,2024,3,33.72482,-118.44594333,1,8.6,4.30126
74621,Ashley Robinson,3,1,1,2024,3,34.08386,-118.39465333,9,0.6,0.29058
51375,Joan Ortiz,3,1,1,2024,3,34.10498,-118.24078333,10,9.8,4.91978
11523,Rodney Bartlett,3,1,1,2024,3,33.97826,-118.48013667,5,47.0,23.52335
79206,Kimberly Brady,3,1,1,2024,3,33.83042,-118.39465333,3,39.6,19.782
96707,Justin Turner,3,1,1,2024,3,34.04162,-118.44594333,9,61.5,30.73967
34543,Joseph Anderson,3,1,1,2024,3,33.99938,-118.36046,6,1.2,0.58098
91042,Carl Mitchell,3,1,1,2024,3,34.10498,-118.42884667,9,7.4,3.7233
44632,George Lewis,3,1,1,2024,3,33.89378,-118.54852333,2,7.2,3.57807
46405,Danielle Weber,3,1,1,2024,3,33.74594,-118.48013667,1,8.8,4.40655
81520,Dr. Laura Mendoza,3,1,1,2024,3,34.10498,-118.25788,10,5.3,2.62611
96667,Sara Duncan PhD,3,1,1,2024,3,34.21058,-118.30917,11,23.4,11.68468
96080,Jennifer Smith,3,1,1,2024,3,34.16834,-118.29207333,11,8.1,4.07091
61074,Christopher Trujillo,3,1,1,2024,3,33.95714,-118.46304,6,8.5,4.26907
94687,Melissa Miles,3,1,1,2024,3,33.83042,-118.51433,3,6.4,3.18639
93763,Steven Jones,3,1,1,2024,3,34.08386,-118.37755667,9,4.0,2.01269
20232,Kara Burke,3,1,1,2024,3,34.21058,-118.30917,11,17.8,8.91623
81584,William Santos,3,1,1,2024,3,33.8093,-118.58271667,2,1.5,0.75826
20387,Matthew Horne,3,1,1,2024,3,33.78818,-118.42884667,1,47.7,23.85988
10134,Kyle Wilson,3,1,1,2024,3,33.74594,-118.59981333,2,8.2,4.08661
90840,Christopher Edwards,3,1,1,2024,3,33.97826,-118.49723333,5,9.2,4.61527
42921,Brian Gilmore,3,1,1,2024,3,34.14722,-118.27497667,11,4.4,2.18201
98578,Benjamin Vaughan,3,1,1,2024,3,33.9149,-118.17239667,8,15.5,7.74546
53822,Karen Lee,3,1,1,2024,3,34.1261,-118.48013667,9,7.8,3.91707
50736,Joshua Hopkins,3,1,1,2024,3,34.04162,-118.44594333,9,5.8,2.8987
94818,Travis Johnson,3,1,1,2024,3,33.93602,-118.39465333,6,3.3,1.63724
89984,Robert Kidd,3,1,1,2024,3,33.93602,-118.17239667,8,5.0,2.50558
86789,Rachel Ward,3,1,1,2024,3,33.89378,-118.20659,8,8.2,4.11165
78198,Ashley Ali,3,1,1,2024,3,34.06274,-118.41175,9,8.8,4.38756
29713,Jacob Garcia,3,1,1,2024,3,33.74594,-118.48013667,1,2.6,1.29407
82322,Travis Orr,3,1,1,2024,3,33.78818,-118.41175,1,50.4,25.18198
48691,Brenda King,3,1,1,2024,3,33.97826,-118.37755667,6,4.6,2.3138
56630,Tanya Meyer,3,1,1,2024,3,33.9149,-118.36046,4,1.2,0.58828
62220,Edward Frank,3,1,1,2024,3,33.78818,-118.49723333,1,2.4,1.20424
20718,Omar Jensen,3,1,1,2024,3,33.87266,-118.58271667,2,9.4,4.68162
58736,Danielle Chavez,3,1,1,2024,3,33.72482,-118.49723333,1,2.9,1.42989
84996,Jill Gomez,3,1,1,2024,3,34.31618,-118.30917,11,50.3,25.13381
44172,Mr. Daryl Burnett,3,1,1,2024,3,34.10498,-118.37755667,9,5.3,2.65144
12030,Jessica Ross,3,1,1,2024,3,33.93602,-118.44594333,6,5.4,2.70559
21507,Michele Hogan,3,1,1,2024,3,33.74594,-118.56562,2,8.5,4.24228
19545,Amy Wilson,3,1,1,2024,3,33.95714,-118.22368667,8,0.9,0.45246
85679,Julie Cummings,3,1,1,2024,3,33.95714,-118.51433,5,4.9,2.44938
31372,Adrian Johnson,3,1,1,2024,3,33.9149,-118.44594333,3,4.9,2.43945
71406,Kenneth Guerrero,3,1,1,2024,3,34.21058,-118.27497667,11,23.7,11.85253
81419,Mrs. Meredith Brown,3,1,1,2024,3,34.25282,-118.29207333,11,43.6,21.78758
36725,Brittany Hughes,3,1,1,2024,3,34.06274,-118.48013667,9,6.2,3.07959
32003,Alexandra Maldonado,3,1,1,2024,3,33.85154,-118.61691,2,5.6,2.79015
75544,Jane Johnson,3,1,1,2024,3,33.76706,-118.44594333,1,7.1,3.54415
74183,Amy Thomas,3,1,1,2024,3,33.89378,-118.48013667,3,42.7,21.33557
97201,Daniel Reeves,3,1,1,2024,3,33.8093,-118.46304,1,1.9,0.94627
48672,Jay Schwartz,3,1,1,2024,3,33.83042,-118.6682,2,4.7,2.33095
72454,Ralph Peters,3,1,1,2024,3,34.06274,-118.51433,9,31.5,15.7563
62523,Tracy Wong,3,1,1,2024,3,34.27394,-118.30917,11,45.2,22.59702
57886,Joyce Byrd,3,1,1,2024,3,33.87266,-118.49723333,3,59.0,29.48285
84479,Scott Khan,3,1,1,2024,3,33.8093,-118.49723333,1,5.1,2.56156
37906,Rebecca Pierce,3,1,1,2024,3,34.06274,-118.44594333,9,56.9,28.43135
69958,Susan Sanchez MD,3,1,1,2024,3,33.8093,-118.34336333,4,9.9,4.9736
47501,Andrea Jefferson,3,1,1,2024,3,33.93602,-118.39465333,6,69.6,34.78022
13129,Richard Jenkins,3,1,1,2024,3,33.9149,-118.54852333,2,8.1,4.02509
49805,Andrew Smith,3,1,1,2024,3,33.93602,-118.34336333,6,3.5,1.75609
50327,Deborah Kramer,3,1,1,2024,3,33.99938,-118.48013667,5,35.3,17.64167
99230,Nicholas Leon,3,1,1,2024,3,33.99938,-118.53142667,5,5.2,2.58716
61531,Deanna Macdonald,3,1,1,2024,3,33.83042,-118.39465333,3,38.1,19.07102
57393,Amanda Lopez,3,1,1,2024,3,34.08386,-118.37755667,9,36.8,18.3926
57649,Diana Hodges,3,1,1,2024,3,33.74594,-118.59981333,2,5.5,2.74234
47273,Austin Todd,3,1,1,2024,3,33.83042,-118.44594333,3,4.7,2.34546
24036,Jennifer Martinez,3,1,1,2024,3,33.8093,-118.63400667,2,6.9,3.44765
76440,Monique Neal,3,1,1,2024,3,34.0205,-118.18949333,8,18.8,9.41581
60156,Tamara Bond,3,1,1,2024,3,34.2317,-118.30917,11,16.8,8.4105
51872,Brett Johnson,3,1,1,2024,3,33.95714,-118.53142667,5,4.5,2.27037
92146,Eric Henderson,3,1,1,2024,3,34.27394,-118.24078333,11,8.0,3.97786
20000,Julian Miller,3,1,1,2024,3,33.85154,-118.51433,3,55.6,27.79039
11008,Tammy Santos,3,1,1,2024,3,33.89378,-118.44594333,3,85.9,42.93846
80021,Todd Gutierrez,3,1,1,2024,3,34.14722,-118.29207333,11,2.9,1.4339
49837,Heather Rodriguez,3,1,1,2024,3,33.76706,-118.49723333,1,3.1,1.57342
67129,Erik Martin,3,1,1,2024,3,33.76706,-118.58271667,2,6.0,2.98071
59604,Andrea Casey,3,1,1,2024,3,33.72482,-118.42884667,1,40.8,20.40643
25076,Amber Ross,3,1,1,2024,3,33.89378,-118.56562,2,5.5,2.76662
83712,Gabriel Moon,3,1,1,2024,3,34.04162,-118.41175,9,50.7,25.34584
28989,Joseph Daniels,3,1,1,2024,3,33.89378,-118.36046,4,7.4,3.69539
86694,Jessica Gentry,3,1,1,2024,3,33.78818,-118.25788,4,8.2,4.10599
26546,Mary Fowler,3,1,1,2024,3,33.83042,-118.61691,2,9.2,4.57535
40661,Christina Rodriguez,3,1,1,2024,3,33.95714,-118.37755667,6,66.8,33.41177
65558,Victor Thomas,3,1,1,2024,3,33.93602,-118.46304,6,8.2,4.11656
37929,Douglas Jones,3,1,1,2024,3,33.99938,-118.56562,5,38.6,19.28185
81064,Martin Rodriguez,3,1,1,2024,3,34.27394,-118.24078333,11,7.4,3.70627
96615,Jacqueline Gonzalez,3,1,1,2024,3,33.93602,-118.48013667,5,6.0,3.01775
97045,Ashley Villa,3,1,1,2024,3,33.95714,-118.1553,8,2.3,1.16722
26964,Kathleen Gallagher,3,1,1,2024,3,33.97826,-118.44594333,6,39.9,19.94349
94343,Destiny Aguilar,3,1,1,2024,3,33.8093,-118.25788,4,9.0,4.50652
35755,Andrew Hernandez,3,1,1,2024,3,33.9149,-118.49723333,3,6.1,3.04174
84402,David Cooke,3,1,1,2024,3,33.7037,-118.41175,1,47.4,23.71712
47695,Brittany Garcia,3,1,1,2024,3,34.29506,-118.24078333,11,7.1,3.52736
89945,Christine Mcclure,3,1,1,2024,3,33.83042,-118.34336333,4,7.4,3.67856
68428,Mario Perez,3,1,1,2024,3,34.0205,-118.54852333,5,8.8,4.38025
54076,Jordan Knight,3,1,1,2024,3,33.72482,-118.46304,1,5.6,2.78198
93845,Derrick Nelson,3,1,1,2024,3,34.1261,-118.48013667,9,5.5,2.74186
13831,Michelle Garza,3,1,1,2024,3,33.8093,-118.59981333,2,5.2,2.59505
78936,Michelle Smith,3,1,1,2024,3,34.21058,-118.27497667,11,20.4,10.19031
13387,Kylie Walker,3,1,1,2024,3,34.10498,-118.30917,10,0.4,0.20726
14563,Ellen Velasquez,3,1,1,2024,3,33.76706,-118.46304,1,5.6,2.82453
56887,Brian Jones DDS,3,1,1,2024,3,33.85154,-118.36046,4,7.7,3.85222
50681,Janet Williams,3,1,1,2024,3,34.21058,-118.29207333,11,48.7,24.36345
99584,John Bender,3,1,1,2024,3,34.29506,-118.30917,11,42.9,21.46798
54995,Sarah Thompson,3,1,1,2024,3,33.89378,-118.20659,8,3.5,1.72923
71132,Chelsea Flores,3,1,1,2024,3,33.99938,-118.32626667,6,1.5,0.76323
64096,Laurie Young,3,1,1,2024,3,33.83042,-118.53142667,3,6.8,3.41796
19288,Thomas Miller,3,1,1,2024,3,33.89378,-118.20659,8,3.5,1.77022
15575,Jennifer Prince,3,1,1,2024,3,34.29506,-118.30917,11,32.3,16.14245
51410,Jeremy Allen,3,1,1,2024,3,34.06274,-118.39465333,9,2.8,1.40343
47190,Alicia Holland,3,1,1,2024,3,34.08386,-118.46304,9,4.5,2.23649
14771,David Lin,3,1,1,2024,3,34.0205,-118.51433,5,51.7,25.83627
99269,Lori Jones DDS,3,1,1,2024,3,34.16834,-118.29207333,11,17.8,8.91262
84664,Geoffrey Cohen Jr.,3,1,1,2024,3,33.72482,-118.51433,1,2.8,1.3939
77496,Carol Wilson,3,1,1,2024,3,34.18946,-118.27497667,11,5.3,2.63481
61903,Stephen Schmidt,3,1,1,2024,3,33.87266,-118.37755667,4,8.6,4.29156
84905,Stacy Jimenez,3,1,1,2024,3,33.72482,-118.46304,1,25.9,12.94873
64529,Joel Woods,3,1,1,2024,3,33.9149,-118.44594333,3,72.4,36.18448
37841,Brad Hartman,3,1,1,2024,3,33.9149,-118.51433,3,38.9,19.44197
71165,Alex Hatfield,3,1,1,2024,3,34.0205,-118.53142667,5,41.9,20.92952
78826,Dennis Gonzalez,3,1,1,2024,3,34.0205,-118.44594333,6,4.5,2.24074
24144,Kristina Duke,3,1,1,2024,3,34.08386,-118.49723333,9,6.5,3.24522
67986,Rachel Boyd DVM,3,1,1,2024,3,33.9149,-118.37755667,4,4.8,2.38976
59913,Jennifer Phelps,3,1,1,2024,3,34.29506,-118.25788,11,3.8,1.902
61383,Kenneth Taylor,3,1,1,2024,3,34.21058,-118.29207333,11,7.9,3.96518
17325,Linda Moore,3,1,1,2024,3,33.83042,-118.56562,2,3.9,1.93002
42970,Michael Greer,3,1,1,2024,3,34.14722,-118.29207333,11,4.0,2.00402
10757,Tina Brown,3,1,1,2024,3,33.76706,-118.30917,4,7.1,3.53627
46757,Amy Vaughan,3,1,1,2024,3,34.16834,-118.30917,11,4.9,2.46661
22483,Jill Hobbs,3,1,1,2024,3,33.87266,-118.46304,3,7.2,3.59097
13893,Vickie Kramer,3,1,1,2024,3,33.85154,-118.34336333,4,8.6,4.27516
93725,Daniel Hayes,3,1,1,2024,3,33.74594,-118.48013667,1,1.0,0.48555
97311,Todd Reynolds,3,1,1,2024,3,33.74594,-118.58271667,2,5.2,2.59818
66603,Shawn Cunningham,3,1,1,2024,3,34.10498,-118.22368667,10,9.5,4.72759
82420,Joseph Myers,3,1,1,2024,3,34.0205,-118.20659,8,8.1,4.03162
51287,Samantha Lutz,3,1,1,2024,3,34.04162,-118.36046,10,34.0,16.99132
75660,Tracy Sherman,3,1,1,2024,3,34.0205,-118.51433,5,57.3,28.6393
90136,Ryan Terry,3,1,1,2024,3,33.74594,-118.56562,2,5.0,2.49656
13221,Timothy Ortega,3,1,1,2024,3,33.76706,-118.39465333,1,34.0,16.98875
63329,Elizabeth Barrera,3,1,1,2024,3,34.3373,-118.24078333,11,3.3,1.66018
79338,Kyle Bird,3,1,1,2024,3,34.0205,-118.36046,6,10.0,4.98014
11222,Katie Hebert,3,1,1,2024,3,33.76706,-118.51433,1,3.5,1.73148
23999,Wendy Rodriguez,3,1,1,2024,3,34.1261,-118.27497667,10,21.9,10.94425
45653,Catherine Cruz,3,1,1,2024,3,34.04162,-118.22368667,10,1.4,0.706
98185,Eileen Moses,3,1,1,2024,3,33.95714,-118.56562,5,7.1,3.57343
37783,Isaiah Rose,3,1,1,2024,3,33.76706,-118.54852333,1,9.5,4.7421
13752,Erica Jackson,3,1,1,2024,3,33.93602,-118.37755667,6,2.4,1.19957
14781,Dylan Russo,3,1,1,2024,3,33.8093,-118.54852333,1,9.5,4.75811
41897,Karen Morales,3,1,1,2024,3,34.04162,-118.37755667,9,3.2,1.58162
74316,Heather Patel,3,1,1,2024,3,34.0205,-118.44594333,6,2.6,1.31597
53981,Jennifer Rogers,3,1,1,2024,3,34.31618,-118.25788,11,9.9,4.97199
34342,Daniel Rodriguez,3,1,1,2024,3,33.83042,-118.37755667,4,42.2,21.1086
73387,Nicholas Mcgee,3,1,1,2024,3,34.10498,-118.25788,10,7.5,3.77491
38699,Erica Pitts,3,1,1,2024,3,34.06274,-118.36046,10,8.7,4.34526
13595,Derek Farrell,3,1,1,2024,3,34.1261,-118.25788,10,14.1,7.07196
42928,Andrew Davis,3,1,1,2024,3,34.14722,-118.27497667,11,3.8,1.8755
81818,Cody Caldwell,3,1,1,2024,3,34.0205,-118.37755667,6,2.0,0.98292
91294,Brent Shaw,3,1,1,2024,3,34.08386,-118.24078333,10,6.6,3.32465
71968,Jennifer Bullock,3,1,1,2024,3,34.16834,-118.27497667,11,6.2,3.08459
64398,Ashlee Rich,3,1,1,2024,3,34.14722,-118.27497667,11,20.3,10.13115
62873,John Mccann,3,1,1,2024,3,33.95714,-118.56562,5,9.0,4.49996
81657,Olivia Wheeler,3,1,1,2024,3,33.97826,-118.17239667,8,6.1,3.0327
96673,Lisa Haynes,3,1,1,2024,3,33.76706,-118.29207333,4,6.2,3.10752
37458,George Davila,3,1,1,2024,3,33.74594,-118.44594333,1,6.7,3.34269
46364,Lisa Mendoza,3,1,1,2024,3,33.8093,-118.27497667,4,5.6,2.78544
60637,Isaac Roberts,3,1,1,2024,3,34.08386,-118.27497667,10,4.5,2.27133
27764,John Stephenson,3,1,1,2024,3,34.27394,-118.25788,11,8.3,4.12827
98668,Richard Rangel MD,3,1,1,2024,3,33.87266,-118.54852333,2,37.4,18.67788
78153,Lee Meyer,3,1,1,2024,3,34.04162,-118.30917,10,3.1,1.53405
68152,Joseph Mcguire,3,1,1,2024,3,34.3373,-118.27497667,11,9.3,4.62794
17896,Jerome Bradley,3,1,1,2024,3,34.06274,-118.29207333,10,8.5,4.23922
55432,Derrick Norman,3,1,1,2024,3,34.04162,-118.42884667,9,0.4,0.19709
56894,Lori Randall,3,1,1,2024,3,33.89378,-118.49723333,3,7.5,3.77066
36485,Dr. Kimberly Hunter,3,1,1,2024,3,33.89378,-118.58271667,2,9.6,4.78567
51998,Patricia White,3,1,1,2024,3,34.18946,-118.30917,11,6.1,3.06194
82321,Scott Kennedy,3,1,1,2024,3,33.95714,-118.25788,7,2.5,1.27018
57633,Christina Jones,3,1,1,2024,3,34.1261,-118.48013667,9,49.4,24.70637
49146,Mrs. Holly Joseph,3,1,1,2024,3,34.06274,-118.39465333,9,47.5,23.72661
49911,Robert Hill,3,1,1,2024,3,34.25282,-118.30917,11,1.5,0.74477
21313,Logan Arnold,3,1,1,2024,3,34.08386,-118.48013667,9,54.6,27.27894
44515,Alyssa Little,3,1,1,2024,3,33.99938,-118.54852333,5,38.0,19.01565
23634,Linda Rice,3,1,1,2024,3,33.89378,-118.46304,3,63.2,31.6142
24628,Lisa Woodard,3,1,1,2024,3,34.10498,-118.25788,10,7.5,3.77218
56920,Allen Moyer,3,1,1,2024,3,34.10498,-118.27497667,10,25.8,12.89904
90656,Victoria Lambert,3,1,1,2024,3,34.21058,-118.30917,11,20.8,10.40078
38873,Rachel Miller,3,1,1,2024,3,33.72482,-118.49723333,1,0.8,0.41955
40175,Stacy Brown,3,1,1,2024,3,33.9149,-118.54852333,2,3.5,1.72957
82832,William Obrien,3,1,1,2024,3,34.0205,-118.37755667,6,1.7,0.85985
83900,Gina Dudley,3,1,1,2024,3,33.87266,-118.59981333,2,3.9,1.94099
18118,Jared Brock,3,1,1,2024,3,34.14722,-118.30917,11,1.2,0.6113
58981,Alan Harris,3,1,1,2024,3,34.1261,-118.44594333,9,30.3,15.16118
25753,Jessica Phillips,3,1,1,2024,3,34.08386,-118.32626667,10,22.0,10.977
37872,Patricia Harrison,3,1,1,2024,3,34.06274,-118.24078333,10,6.9,3.47353
66741,Troy Gray,3,1,1,2024,3,34.0205,-118.24078333,7,1.0,0.47839
14271,Margaret Johnson,3,1,1,2024,3,34.2317,-118.22368667,11,9.5,4.77467
80371,Katherine Mcdonald,3,1,1,2024,3,33.99938,-118.32626667,6,3.5,1.73314
46820,Breanna Hill,3,1,1,2024,3,34.0205,-118.46304,6,6.7,3.37294
31065,Brianna Taylor,3,1,1,2024,3,34.25282,-118.25788,11,3.1,1.56321
52103,Sean Olson,3,1,1,2024,3,33.85154,-118.48013667,3,6.5,3.27085
89207,Sydney Bell,3,1,1,2024,3,34.0205,-118.39465333,6,54.6,27.30706
69470,Victoria Butler,3,1,1,2024,3,33.76706,-118.48013667,1,4.1,2.04685
34634,Mark Gates,3,1,1,2024,3,33.89378,-118.42884667,3,56.0,27.97532
82515,Laura Patterson,3,1,1,2024,3,33.9149,-118.41175,3,7.6,3.78388
48370,Jackie Martin,3,1,1,2024,3,33.87266,-118.34336333,4,9.5,4.75156
79052,Stuart Ortiz,3,1,1,2024,3,33.93602,-118.37755667,6,3.8,1.90567
45756,James Huber,3,1,1,2024,3,34.1261,-118.29207333,10,32.6,16.31415
62313,Katie Jackson,3,1,1,2024,3,34.16834,-118.30917,11,4.7,2.32801
72265,Terry Rubio,3,1,1,2024,3,33.83042,-118.58271667,2,4.0,2.02353
86539,Erika Wilkins,3,1,1,2024,3,34.06274,-118.48013667,9,62.8,31.39217
97870,Mrs. Denise Barnes,3,1,1,2024,3,33.83042,-118.49723333,3,6.2,3.10208
86503,Michael Leonard,3,1,1,2024,3,33.97826,-118.39465333,6,4.6,2.29597
87047,Robert Ross,3,1,1,2024,3,34.04162,-118.48013667,9,25.9,12.93148
87568,Beth Johnson,3,1,1,2024,3,33.95714,-118.53142667,5,3.3,1.66239
92366,Tony Sanchez,3,1,1,2024,3,33.97826,-118.54852333,5,7.6,3.7914
29019,Crystal Warner,3,1,1,2024,3,34.31618,-118.27497667,11,1.1,0.57321
83869,Carol Moore,3,1,1,2024,3,33.89378,-118.58271667,2,9.7,4.8625
13659,Barbara Willis,3,1,1,2024,3,34.06274,-118.24078333,10,3.4,1.71255
83578,Roger Robbins,3,1,1,2024,3,34.0205,-118.41175,6,6.3,3.17223
56849,Penny Obrien,3,1,1,2024,3,33.85154,-118.48013667,3,9.1,4.57301
41866,Megan Murphy,3,1,1,2024,3,33.87266,-118.51433,3,49.3,24.63845
40344,Danielle Griffith,3,1,1,2024,3,34.04162,-118.30917,10,3.0,1.50019
94623,Mr. Joshua Williams,3,1,1,2024,3,33.9149,-118.53142667,3,6.4,3.21402
97961,Rebecca Leon,3,1,1,2024,3,34.0205,-118.56562,5,7.3,3.65313
35025,Kristen Turner,3,1,1,2024,3,33.76706,-118.42884667,1,47.5,23.72603
25744,Eric Hardin,3,1,1,2024,3,33.97826,-118.22368667,8,3.0,1.51262
23822,Connor Harper,3,1,1,2024,3,34.06274,-118.42884667,9,45.3,22.6602
64939,James Miller,3,1,1,2024,3,33.78818,-118.48013667,1,2.9,1.43968
39741,Barbara Webb,3,1,1,2024,3,34.04162,-118.46304,9,47.9,23.94215
45492,Hannah Williams,3,1,1,2024,3,33.85154,-118.44594333,3,3.2,1.58524
63534,Mark Hughes,3,1,1,2024,3,33.89378,-118.59981333,2,9.9,4.93271
14477,Erica Mack,3,1,1,2024,3,33.99938,-118.48013667,5,50.2,25.09305
43122,Dustin Williams,3,1,1,2024,3,33.9149,-118.49723333,3,6.6,3.28036
99476,Morgan Norris,3,1,1,2024,3,33.76706,-118.46304,1,6.9,3.4605
65891,Brenda Chavez,3,1,1,2024,3,33.85154,-118.36046,4,9.7,4.83619
42892,Kimberly Martin,3,1,1,2024,3,33.78818,-118.59981333,2,8.3,4.15737
10871,Travis Mullins,3,1,1,2024,3,34.27394,-118.29207333,11,45.7,22.83818
15495,Jason Chen,3,1,1,2024,3,33.8093,-118.42884667,1,8.9,4.46542
44910,Elaine Long,3,1,1,2024,3,33.76706,-118.37755667,4,8.0,4.01619
76758,Darrell Navarro,3,1,1,2024,3,33.93602,-118.30917,7,7.4,3.70144
68514,John West,3,1,1,2024,3,33.99938,-118.46304,6,4.7,2.3459
76906,Kristen Wilson,3,1,1,2024,3,33.76706,-118.42884667,1,46.8,23.39623
20270,Blake Hodges,3,1,1,2024,3,33.87266,-118.48013667,3,66.6,33.28621
52227,Pamela Middleton,3,1,1,2024,3,33.8093,-118.65110333,2,1.7,0.83513
47451,Gabriela Obrien,3,1,1,2024,3,34.06274,-118.27497667,10,4.9,2.43302
58898,Trevor Jones,3,1,1,2024,3,33.93602,-118.36046,6,4.3,2.1568
48715,Alexander Erickson,3,1,1,2024,3,33.95714,-118.42884667,6,6.7,3.33666
11785,Guy Reilly,3,1,1,2024,3,33.89378,-118.22368667,8,8.9,4.44339
70025,Dylan Evans,3,1,1,2024,3,33.8093,-118.36046,4,3.7,1.83552
79305,Chelsea Buchanan,3,1,1,2024,3,33.95714,-118.36046,6,2.0,1.0243
75303,Kevin Davidson,3,1,1,2024,3,33.93602,-118.27497667,7,2.7,1.36641
81061,Elijah Bruce,3,1,1,2024,3,34.21058,-118.27497667,11,1.2,0.62085
11591,Patrick Winters,3,1,1,2024,3,33.78818,-118.25788,4,9.1,4.56295
22699,Alejandro Cook,3,1,1,2024,3,34.0205,-118.18949333,8,7.5,3.77098
11139,Allison Wood,3,1,1,2024,3,34.1261,-118.30917,10,5.4,2.68206
40363,Chris Woods,3,1,1,2024,3,34.06274,-118.27497667,10,8.6,4.29003
64917,Timothy Brown Jr.,3,1,1,2024,3,33.83042,-118.58271667,2,41.5,20.73327
45303,Jennifer Collins,3,1,1,2024,3,34.14722,-118.25788,11,9.5,4.73288
51744,Katelyn James,3,1,1,2024,3,34.27394,-118.27497667,11,1.9,0.96648
76281,Denise Lee,3,1,1,2024,3,33.76706,-118.61691,2,2.6,1.30913
61627,Mark David,3,1,1,2024,3,33.78818,-118.41175,1,46.3,23.16309
77615,Gail Mcguire,3,1,1,2024,3,33.87266,-118.42884667,3,3.1,1.53904
25715,Calvin Hughes,3,1,1,2024,3,34.0205,-118.39465333,6,6.9,3.4722
70996,Stephanie Lewis,3,1,1,2024,3,34.08386,-118.37755667,9,30.1,15.07472
44494,Ryan Ryan,3,1,1,2024,3,34.04162,-118.34336333,10,7.6,3.81367
51309,Katrina Moore,3,1,1,2024,3,34.08386,-118.39465333,9,23.6,11.7975
36985,Lynn Juarez,3,1,1,2024,3,33.99938,-118.36046,6,1.4,0.70409
27138,Andrew Cook,3,1,1,2024,3,34.0205,-118.54852333,5,38.0,19.00164
58713,Jason Gilmore,3,1,1,2024,3,33.83042,-118.54852333,2,4.7,2.33462
81352,John Lopez,3,1,1,2024,3,33.83042,-118.37755667,4,41.3,20.62816
14682,Miranda Powell,3,1,1,2024,3,33.99938,-118.53142667,5,49.1,24.54678
64757,Harry Lewis,3,1,1,2024,3,34.0205,-118.49723333,5,2.0,1.0021
39779,Philip Jones,3,1,1,2024,3,34.31618,-118.27497667,11,32.6,16.32477
58600,Cheryl Watson,3,1,1,2024,3,33.97826,-118.20659,8,1.3,0.66494
82028,Chloe Harding,3,1,1,2024,3,33.97826,-118.27497667,7,4.3,2.13049
98050,Marilyn Clark,3,1,1,2024,3,34.21058,-118.29207333,11,25.6,12.77854
58705,Samantha Harrison,3,1,1,2024,3,34.29506,-118.30917,11,31.5,15.74575
95046,Sherry Estrada,3,1,1,2024,3,33.87266,-118.53142667,3,36.2,18.0954
12925,Erika Foster,3,1,1,2024,3,34.06274,-118.24078333,10,1.7,0.83547
80891,Debra Rogers,3,1,1,2024,3,33.85154,-118.44594333,3,6.6,3.28743
96873,Antonio Huff,3,1,1,2024,3,33.89378,-118.36046,4,5.5,2.74536
58229,Matthew Roberts,3,1,1,2024,3,34.10498,-118.41175,9,5.2,2.59117
33696,Susan Crawford,3,1,1,2024,3,34.14722,-118.30917,11,13.9,6.93161
67025,Robin Walker,3,1,1,2024,3,34.08386,-118.39465333,9,1.5,0.75506
72877,Michael Duncan,3,1,1,2024,3,33.93602,-118.29207333,7,7.0,3.47825
15319,Kelly Gibson,3,1,1,2024,3,34.10498,-118.37755667,9,9.7,4.83467
70827,Alan Callahan,3,1,1,2024,3,33.93602,-118.18949333,8,4.0,2.00899
70720,David Hall,3,1,1,2024,3,33.89378,-118.51433,3,7.3,3.6347
60424,Matthew Livingston,3,1,1,2024,3,33.93602,-118.53142667,5,5.8,2.89802
28407,Taylor Sweeney,3,1,1,2024,3,33.8093,-118.63400667,2,3.0,1.51374
95735,Jamie Shannon,3,1,1,2024,3,34.08386,-118.25788,10,6.3,3.17252
78206,Shannon Walker,3,1,1,2024,3,34.0205,-118.30917,7,1.0,0.51372
42584,Kimberly Harris,3,1,1,2024,3,33.83042,-118.48013667,3,9.9,4.95195
42458,Justin Curtis,3,1,1,2024,3,33.95714,-118.18949333,8,3.0,1.50143
71601,Dawn Walker,3,1,1,2024,3,33.89378,-118.27497667,4,9.6,4.78095
44459,Vanessa Yang,3,1,1,2024,3,33.99938,-118.37755667,6,8.5,4.2713
33473,Jonathan Murray,3,1,1,2024,3,34.2317,-118.29207333,11,1.5,0.77397
38689,James Brown,3,1,1,2024,3,34.06274,-118.46304,9,51.1,25.56333
26969,Raymond Fischer,3,1,1,2024,3,34.04162,-118.39465333,9,0.3,0.13604
91379,Robert Parsons,3,1,1,2024,3,33.93602,-118.49723333,5,8.0,4.01125
83240,Michael Brown,3,1,1,2024,3,34.27394,-118.29207333,11,7.7,3.86719
28742,John Taylor,3,1,1,2024,3,34.14722,-118.29207333,11,3.6,1.81121
88835,Cameron Murphy,3,1,1,2024,3,33.72482,-118.39465333,1,9.9,4.9505
89209,Amanda Stewart,3,1,1,2024,3,33.97826,-118.39465333,6,66.6,33.28292
45078,Candace Barr,3,1,1,2024,3,33.83042,-118.46304,3,0.1,0.07294
88343,Christina Bowers,3,1,1,2024,3,33.83042,-118.54852333,2,4.6,2.30751
15698,Sean Pitts,3,1,1,2024,3,34.3373,-118.27497667,11,3.3,1.64398
67610,Ms. Holly Williams,3,1,1,2024,3,34.1261,-118.30917,10,9.0,4.50577
89140,Vanessa Gutierrez,3,1,1,2024,3,33.76706,-118.61691,2,9.8,4.91599
41512,Douglas Howe,3,1,1,2024,3,33.8093,-118.61691,2,3.8,1.91988
51966,David Macias MD,3,1,1,2024,3,33.83042,-118.32626667,4,6.9,3.43458
45243,Angela Gonzales,3,1,1,2024,3,33.9149,-118.36046,4,1.7,0.86017
42749,Jesse Cline,3,1,1,2024,3,33.89378,-118.41175,3,6.2,3.08748
89611,Daniel Cooper,3,1,1,2024,3,34.14722,-118.25788,11,6.6,3.31177
63891,Jacob Archer,3,1,1,2024,3,33.87266,-118.46304,3,77.0,38.48951
59781,Denise Salazar,3,1,1,2024,3,34.04162,-118.22368667,10,6.5,3.25608
67073,Brian Hodge,3,1,1,2024,3,33.95714,-118.39465333,6,55.0,27.49772
35542,Phillip Bates,3,1,1,2024,3,34.0205,-118.49723333,5,6.0,2.97619
81231,Valerie Burton,3,1,1,2024,3,33.85154,-118.59981333,2,6.9,3.44139
11388,Jennifer Swanson,3,1,1,2024,3,34.08386,-118.37755667,9,30.8,15.42495
29187,Amy Le,3,1,1,2024,3,34.06274,-118.22368667,10,9.5,4.72969
52723,Mary Fisher,3,1,1,2024,3,33.8093,-118.27497667,4,3.5,1.75196
53892,David Smith,3,1,1,2024,3,33.97826,-118.49723333,5,35.9,17.93998
28889,Dominic Strickland,3,1,1,2024,3,33.9149,-118.46304,3,3.7,1.8551
25851,Emily Gomez,3,1,1,2024,3,33.85154,-118.37755667,4,9.8,4.92349
84269,Timothy Ray,3,1,1,2024,3,34.10498,-118.24078333,10,7.8,3.91112
74167,Roy Rios,3,1,1,2024,3,34.10498,-118.39465333,9,32.6,16.29686
16031,Brian Long,3,1,1,2024,3,33.74594,-118.58271667,2,5.3,2.63336
25277,Amy Warren,3,1,1,2024,3,34.31618,-118.25788,11,4.4,2.19602
93195,Brittney Haley,3,1,1,2024,3,33.99938,-118.24078333,7,1.9,0.94251
69536,Amanda Andrews,3,1,1,2024,3,33.97826,-118.29207333,7,4.7,2.35082
28275,Kimberly Schwartz,3,1,1,2024,3,33.99938,-118.37755667,6,2.7,1.33857
93556,Brittany Allen,3,1,1,2024,3,33.93602,-118.1553,8,6.4,3.19684
80670,Brandon Lam,3,1,1,2024,3,34.08386,-118.48013667,9,60.5,30.24601
43665,Curtis Terry,3,1,1,2024,3,34.06274,-118.30917,10,1.9,0.95019
57543,Misty Lopez,3,1,1,2024,3,33.8093,-118.56562,2,1.4,0.71027
92929,Carlos Smith,3,1,1,2024,3,33.99938,-118.41175,6,9.2,4.61669
79363,Robert Reynolds,3,1,1,2024,3,33.97826,-118.51433,5,49.3,24.65786
99853,Logan Hall,3,1,1,2024,3,33.99938,-118.34336333,6,2.5,1.23823
20795,Albert Baldwin,3,1,1,2024,3,34.04162,-118.49723333,9,9.1,4.55635
17857,Tracey Rivera,3,1,1,2024,3,34.18946,-118.27497667,11,6.1,3.03139
19394,Leah Burns,3,1,1,2024,3,34.08386,-118.46304,9,54.2,27.09947
19386,James Wright,3,1,1,2024,3,34.08386,-118.22368667,10,7.7,3.8381
28059,Ruben Jones,3,1,1,2024,3,33.9149,-118.34336333,4,1.2,0.59503
77212,William Russell,3,1,1,2024,3,34.29506,-118.27497667,11,48.3,24.14463
11654,Mark Morrison,3,1,1,2024,3,34.10498,-118.49723333,9,40.7,20.36512
80624,Miss Autumn Cruz,3,1,1,2024,3,34.1261,-118.46304,9,48.1,24.04288
33707,Katie Kelly MD,3,1,1,2024,3,33.78818,-118.58271667,2,4.3,2.16764
29634,Nicole Carey,3,1,1,2024,3,34.06274,-118.44594333,9,65.3,32.65769
80147,Preston Hubbard,3,1,1,2024,3,34.06274,-118.41175,9,52.3,26.13294
46181,Mrs. Christie Morris MD,3,1,1,2024,3,33.76706,-118.56562,2,2.7,1.357
59581,Julie Mccoy,3,1,1,2024,3,34.31618,-118.32626667,11,7.5,3.73101
36170,Karla Hill,3,1,1,2024,3,34.04162,-118.46304,9,5.4,2.72426
78433,John Giles,3,1,1,2024,3,33.99938,-118.42884667,6,75.9,37.94428
66762,Hannah Bennett,3,1,1,2024,3,33.78818,-118.27497667,4,7.7,3.84377
36422,Jennifer Marsh,3,1,1,2024,3,33.93602,-118.22368667,8,0.2,0.11804
59185,Kristina Vasquez,3,1,1,2024,3,33.8093,-118.58271667,2,1.0,0.48009
88645,Brenda Donaldson,3,1,1,2024,3,34.10498,-118.49723333,9,1.0,0.4951
96112,Shelly Jimenez,3,1,1,2024,3,33.93602,-118.36046,6,2.5,1.24552
12007,Lisa Delgado,3,1,1,2024,3,34.27394,-118.25788,11,4.4,2.17974
31785,Debbie Herman,3,1,1,2024,3,33.76706,-118.46304,1,55.4,27.68463
82238,Charlene Ramirez,3,1,1,2024,3,33.93602,-118.25788,7,8.5,4.2563
17577,Angela Sawyer,3,1,1,2024,3,33.89378,-118.39465333,3,7.0,3.5225
76153,Michael Johnson,3,1,1,2024,3,34.1261,-118.46304,9,0.7,0.36595
46272,Evelyn Gonzalez,3,1,1,2024,3,33.78818,-118.25788,4,6.8,3.42366
25940,Amanda Bauer,3,1,1,2024,3,33.8093,-118.41175,1,44.2,22.11632
66342,Timothy Parsons,3,1,1,2024,3,34.08386,-118.42884667,9,4.1,2.07241
14856,Jordan Thompson,3,1,1,2024,3,34.27394,-118.24078333,11,9.1,4.53988
41523,Malik Marsh,3,1,1,2024,3,34.25282,-118.25788,11,15.0,7.48012
