hour,day,month,year,day_of_week,fix_lat,fix_lon,crime_occurrence,hour_sin,hour_cos,day_sin,day_cos,month_sin,month_cos,day_of_week_sin,day_of_week_cos
21.0,2.0,9.0,0.0,0.0,-1.6770509831248515,-1.6770509844432795,1.0,-0.7071067811865477,0.7071067811865474,0.39435585511331855,0.9189578116202306,-1.0,-1.8369701987210297e-16,0.0,1.0
21.0,2.0,9.0,0.0,0.0,-1.5652475842498443,-1.6770509844432795,1.0,-0.7071067811865477,0.7071067811865474,0.39435585511331855,0.9189578116202306,-1.0,-1.8369701987210297e-16,0.0,1.0
21.0,2.0,9.0,0.0,0.0,-1.4534441853748747,-1.6770509844432795,1.0,-0.7071067811865477,0.7071067811865474,0.39435585511331855,0.9189578116202306,-1.0,-1.8369701987210297e-16,0.0,1.0
21.0,2.0,9.0,0.0,0.0,-1.3416407864998676,-1.6770509844432795,1.0,-0.7071067811865477,0.7071067811865474,0.39435585511331855,0.9189578116202306,-1.0,-1.8369701987210297e-16,0.0,1.0
21.0,2.0,9.0,0.0,0.0,-1.2298373876248982,-1.6770509844432795,1.0,-0.7071067811865477,0.7071067811865474,0.39435585511331855,0.9189578116202306,-1.0,-1.8369701987210297e-16,0.0,1.0
21.0,2.0,9.0,0.0,0.0,-1.118033988749891,-1.6770509844432795,1.0,-0.7071067811865477,0.7071067811865474,0.39435585511331855,0.9189578116202306,-1.0,-1.8369701987210297e-16,0.0,1.0
21.0,2.0,9.0,0.0,0.0,-1.0062305898749215,-1.6770509844432795,1.0,-0.7071067811865477,0.7071067811865474,0.39435585511331855,0.9189578116202306,-1.0,-1.8369701987210297e-16,0.0,1.0
21.0,2.0,9.0,0.0,0.0,-0.8944271909999142,-1.6770509844432795,1.0,-0.7071067811865477,0.7071067811865474,0.39435585511331855,0.9189578116202306,-1.0,-1.8369701987210297e-16,0.0,1.0
21.0,2.0,9.0,0.0,0.0,-0.7826237921249071,-1.6770509844432795,1.0,-0.7071067811865477,0.7071067811865474,0.39435585511331855,0.9189578116202306,-1.0,-1.8369701987210297e-16,0.0,1.0
21.0,2.0,9.0,0.0,0.0,-0.6708203932499375,-1.6770509844432795,1.0,-0.7071067811865477,0.7071067811865474,0.39435585511331855,0.9189578116202306,-1.0,-1.8369701987210297e-16,0.0,1.0
21.0,2.0,9.0,0.0,0.0,-0.5590169943749304,-1.6770509844432795,1.0,-0.7071067811865477,0.7071067811865474,0.39435585511331855,0.9189578116202306,-1.0,-1.8369701987210297e-16,0.0,1.0
21.0,2.0,9.0,0.0,0.0,-0.44721359549996076,-1.6770509844432795,1.0,-0.7071067811865477,0.7071067811865474,0.39435585511331855,0.9189578116202306,-1.0,-1.8369701987210297e-16,0.0,1.0
21.0,2.0,9.0,0.0,0.0,-0.3354101966249536,-1.6770509844432795,1.0,-0.7071067811865477,0.7071067811865474,0.39435585511331855,0.9189578116202306,-1.0,-1.8369701987210297e-16,0.0,1.0
21.0,2.0,9.0,0.0,0.0,-0.22360679774998402,-1.6770509844432795,1.0,-0.7071067811865477,0.7071067811865474,0.39435585511331855,0.9189578116202306,-1.0,-1.8369701987210297e-16,0.0,1.0
21.0,2.0,9.0,0.0,0.0,-0.11180339887497684,-1.6770509844432795,1.0,-0.7071067811865477,0.7071067811865474,0.39435585511331855,0.9189578116202306,-1.0,-1.8369701987210297e-16,0.0,1.0
21.0,2.0,9.0,0.0,0.0,-7.286817571146605e-15,-1.6770509844432795,1.0,-0.7071067811865477,0.7071067811865474,0.39435585511331855,0.9189578116202306,-1.0,-1.8369701987210297e-16,0.0,1.0
21.0,2.0,9.0,0.0,0.0,0.11180339887499989,-1.6770509844432795,1.0,-0.7071067811865477,0.7071067811865474,0.39435585511331855,0.9189578116202306,-1.0,-1.8369701987210297e-16,0.0,1.0
21.0,2.0,9.0,0.0,0.0,0.22360679774996944,-1.6770509844432795,1.0,-0.7071067811865477,0.7071067811865474,0.39435585511331855,0.9189578116202306,-1.0,-1.8369701987210297e-16,0.0,1.0
21.0,2.0,9.0,0.0,0.0,0.3354101966249766,-1.6770509844432795,1.0,-0.7071067811865477,0.7071067811865474,0.39435585511331855,0.9189578116202306,-1.0,-1.8369701987210297e-16,0.0,1.0
21.0,2.0,9.0,0.0,0.0,0.44721359549994616,-1.6770509844432795,1.0,-0.7071067811865477,0.7071067811865474,0.39435585511331855,0.9189578116202306,-1.0,-1.8369701987210297e-16,0.0,1.0
21.0,2.0,9.0,0.0,0.0,0.5590169943749533,-1.6770509844432795,1.0,-0.7071067811865477,0.7071067811865474,0.39435585511331855,0.9189578116202306,-1.0,-1.8369701987210297e-16,0.0,1.0
21.0,2.0,9.0,0.0,0.0,0.6708203932499229,-1.6770509844432795,1.0,-0.7071067811865477,0.7071067811865474,0.39435585511331855,0.9189578116202306,-1.0,-1.8369701987210297e-16,0.0,1.0
21.0,2.0,9.0,0.0,0.0,0.78262379212493,-1.6770509844432795,1.0,-0.7071067811865477,0.7071067811865474,0.39435585511331855,0.9189578116202306,-1.0,-1.8369701987210297e-16,0.0,1.0
21.0,2.0,9.0,0.0,0.0,0.8944271909998996,-1.6770509844432795,1.0,-0.7071067811865477,0.7071067811865474,0.39435585511331855,0.9189578116202306,-1.0,-1.8369701987210297e-16,0.0,1.0
21.0,2.0,9.0,0.0,0.0,1.0062305898749069,-1.6770509844432795,1.0,-0.7071067811865477,0.7071067811865474,0.39435585511331855,0.9189578116202306,-1.0,-1.8369701987210297e-16,0.0,1.0
21.0,2.0,9.0,0.0,0.0,1.1180339887498765,-1.6770509844432795,1.0,-0.7071067811865477,0.7071067811865474,0.39435585511331855,0.9189578116202306,-1.0,-1.8369701987210297e-16,0.0,1.0
21.0,2.0,9.0,0.0,0.0,1.2298373876248836,-1.6770509844432795,1.0,-0.7071067811865477,0.7071067811865474,0.39435585511331855,0.9189578116202306,-1.0,-1.8369701987210297e-16,0.0,1.0
21.0,2.0,9.0,0.0,0.0,1.3416407864998907,-1.6770509844432795,1.0,-0.7071067811865477,0.7071067811865474,0.39435585511331855,0.9189578116202306,-1.0,-1.8369701987210297e-16,0.0,1.0
21.0,2.0,9.0,0.0,0.0,1.4534441853748603,-1.6770509844432795,1.0,-0.7071067811865477,0.7071067811865474,0.39435585511331855,0.9189578116202306,-1.0,-1.8369701987210297e-16,0.0,1.0
21.0,2.0,9.0,0.0,0.0,1.5652475842498674,-1.6770509844432795,1.0,-0.7071067811865477,0.7071067811865474,0.39435585511331855,0.9189578116202306,-1.0,-1.8369701987210297e-16,0.0,1.0
21.0,2.0,9.0,0.0,0.0,1.677050983124837,-1.6770509844432795,1.0,-0.7071067811865477,0.7071067811865474,0.39435585511331855,0.9189578116202306,-1.0,-1.8369701987210297e-16,0.0,1.0
21.0,2.0,9.0,0.0,0.0,-1.6770509831248515,-1.5652475636821042,1.0,-0.7071067811865477,0.7071067811865474,0.39435585511331855,0.9189578116202306,-1.0,-1.8369701987210297e-16,0.0,1.0
21.0,2.0,9.0,0.0,0.0,-1.5652475842498443,-1.5652475636821042,1.0,-0.7071067811865477,0.7071067811865474,0.39435585511331855,0.9189578116202306,-1.0,-1.8369701987210297e-16,0.0,1.0
21.0,2.0,9.0,0.0,0.0,-1.4534441853748747,-1.5652475636821042,1.0,-0.7071067811865477,0.7071067811865474,0.39435585511331855,0.9189578116202306,-1.0,-1.8369701987210297e-16,0.0,1.0
21.0,2.0,9.0,0.0,0.0,-1.3416407864998676,-1.5652475636821042,1.0,-0.7071067811865477,0.7071067811865474,0.39435585511331855,0.9189578116202306,-1.0,-1.8369701987210297e-16,0.0,1.0
21.0,2.0,9.0,0.0,0.0,-1.2298373876248982,-1.5652475636821042,1.0,-0.7071067811865477,0.7071067811865474,0.39435585511331855,0.9189578116202306,-1.0,-1.8369701987210297e-16,0.0,1.0
21.0,2.0,9.0,0.0,0.0,-1.118033988749891,-1.5652475636821042,1.0,-0.7071067811865477,0.7071067811865474,0.39435585511331855,0.9189578116202306,-1.0,-1.8369701987210297e-16,0.0,1.0
21.0,2.0,9.0,0.0,0.0,-1.0062305898749215,-1.5652475636821042,1.0,-0.7071067811865477,0.7071067811865474,0.39435585511331855,0.9189578116202306,-1.0,-1.8369701987210297e-16,0.0,1.0
21.0,2.0,9.0,0.0,0.0,-0.8944271909999142,-1.5652475636821042,1.0,-0.7071067811865477,0.7071067811865474,0.39435585511331855,0.9189578116202306,-1.0,-1.8369701987210297e-16,0.0,1.0
21.0,2.0,9.0,0.0,0.0,-0.7826237921249071,-1.5652475636821042,1.0,-0.7071067811865477,0.7071067811865474,0.39435585511331855,0.9189578116202306,-1.0,-1.8369701987210297e-16,0.0,1.0
21.0,2.0,9.0,0.0,0.0,-0.6708203932499375,-1.5652475636821042,1.0,-0.7071067811865477,0.7071067811865474,0.39435585511331855,0.9189578116202306,-1.0,-1.8369701987210297e-16,0.0,1.0
21.0,2.0,9.0,0.0,0.0,-0.5590169943749304,-1.5652475636821042,1.0,-0.7071067811865477,0.7071067811865474,0.39435585511331855,0.9189578116202306,-1.0,-1.8369701987210297e-16,0.0,1.0
21.0,2.0,9.0,0.0,0.0,-0.44721359549996076,-1.5652475636821042,1.0,-0.7071067811865477,0.7071067811865474,0.39435585511331855,0.9189578116202306,-1.0,-1.8369701987210297e-16,0.0,1.0
21.0,2.0,9.0,0.0,0.0,-0.3354101966249536,-1.5652475636821042,1.0,-0.7071067811865477,0.7071067811865474,0.39435585511331855,0.9189578116202306,-1.0,-1.8369701987210297e-16,0.0,1.0
21.0,2.0,9.0,0.0,0.0,-0.22360679774998402,-1.5652475636821042,1.0,-0.7071067811865477,0.7071067811865474,0.39435585511331855,0.9189578116202306,-1.0,-1.8369701987210297e-16,0.0,1.0
21.0,2.0,9.0,0.0,0.0,-0.11180339887497684,-1.5652475636821042,1.0,-0.7071067811865477,0.7071067811865474,0.39435585511331855,0.9189578116202306,-1.0,-1.8369701987210297e-16,0.0,1.0
21.0,2.0,9.0,0.0,0.0,-7.286817571146605e-15,-1.5652475636821042,1.0,-0.7071067811865477,0.7071067811865474,0.39435585511331855,0.9189578116202306,-1.0,-1.8369701987210297e-16,0.0,1.0
21.0,2.0,9.0,0.0,0.0,0.11180339887499989,-1.5652475636821042,1.0,-0.7071067811865477,0.7071067811865474,0.39435585511331855,0.9189578116202306,-1.0,-1.8369701987210297e-16,0.0,1.0
21.0,2.0,9.0,0.0,0.0,0.22360679774996944,-1.5652475636821042,1.0,-0.7071067811865477,0.7071067811865474,0.39435585511331855,0.9189578116202306,-1.0,-1.8369701987210297e-16,0.0,1.0
21.0,2.0,9.0,0.0,0.0,0.3354101966249766,-1.5652475636821042,1.0,-0.7071067811865477,0.7071067811865474,0.39435585511331855,0.9189578116202306,-1.0,-1.8369701987210297e-16,0.0,1.0
21.0,2.0,9.0,0.0,0.0,0.44721359549994616,-1.5652475636821042,1.0,-0.7071067811865477,0.7071067811865474,0.39435585511331855,0.9189578116202306,-1.0,-1.8369701987210297e-16,0.0,1.0
21.0,2.0,9.0,0.0,0.0,0.5590169943749533,-1.5652475636821042,1.0,-0.7071067811865477,0.7071067811865474,0.39435585511331855,0.9189578116202306,-1.0,-1.8369701987210297e-16,0.0,1.0
21.0,2.0,9.0,0.0,0.0,0.6708203932499229,-1.5652475636821042,1.0,-0.7071067811865477,0.7071067811865474,0.39435585511331855,0.9189578116202306,-1.0,-1.8369701987210297e-16,0.0,1.0
21.0,2.0,9.0,0.0,0.0,0.78262379212493,-1.5652475636821042,1.0,-0.7071067811865477,0.7071067811865474,0.39435585511331855,0.9189578116202306,-1.0,-1.8369701987210297e-16,0.0,1.0
21.0,2.0,9.0,0.0,0.0,0.8944271909998996,-1.5652475636821042,1.0,-0.7071067811865477,0.7071067811865474,0.39435585511331855,0.9189578116202306,-1.0,-1.8369701987210297e-16,0.0,1.0
21.0,2.0,9.0,0.0,0.0,1.0062305898749069,-1.5652475636821042,1.0,-0.7071067811865477,0.7071067811865474,0.39435585511331855,0.9189578116202306,-1.0,-1.8369701987210297e-16,0.0,1.0
21.0,2.0,9.0,0.0,0.0,1.1180339887498765,-1.5652475636821042,1.0,-0.7071067811865477,0.7071067811865474,0.39435585511331855,0.9189578116202306,-1.0,-1.8369701987210297e-16,0.0,1.0
21.0,2.0,9.0,0.0,0.0,1.2298373876248836,-1.5652475636821042,1.0,-0.7071067811865477,0.7071067811865474,0.39435585511331855,0.9189578116202306,-1.0,-1.8369701987210297e-16,0.0,1.0
21.0,2.0,9.0,0.0,0.0,1.3416407864998907,-1.5652475636821042,1.0,-0.7071067811865477,0.7071067811865474,0.39435585511331855,0.9189578116202306,-1.0,-1.8369701987210297e-16,0.0,1.0
21.0,2.0,9.0,0.0,0.0,1.4534441853748603,-1.5652475636821042,1.0,-0.7071067811865477,0.7071067811865474,0.39435585511331855,0.9189578116202306,-1.0,-1.8369701987210297e-16,0.0,1.0
21.0,2.0,9.0,0.0,0.0,1.5652475842498674,-1.5652475636821042,1.0,-0.7071067811865477,0.7071067811865474,0.39435585511331855,0.9189578116202306,-1.0,-1.8369701987210297e-16,0.0,1.0
21.0,2.0,9.0,0.0,0.0,1.677050983124837,-1.5652475636821042,1.0,-0.7071067811865477,0.7071067811865474,0.39435585511331855,0.9189578116202306,-1.0,-1.8369701987210297e-16,0.0,1.0
21.0,2.0,9.0,0.0,0.0,-1.6770509831248515,-1.453444208315833,1.0,-0.7071067811865477,0.7071067811865474,0.39435585511331855,0.9189578116202306,-1.0,-1.8369701987210297e-16,0.0,1.0
21.0,2.0,9.0,0.0,0.0,-1.5652475842498443,-1.453444208315833,1.0,-0.7071067811865477,0.7071067811865474,0.39435585511331855,0.9189578116202306,-1.0,-1.8369701987210297e-16,0.0,1.0
21.0,2.0,9.0,0.0,0.0,-1.4534441853748747,-1.453444208315833,1.0,-0.7071067811865477,0.7071067811865474,0.39435585511331855,0.9189578116202306,-1.0,-1.8369701987210297e-16,0.0,1.0
21.0,2.0,9.0,0.0,0.0,-1.3416407864998676,-1.453444208315833,1.0,-0.7071067811865477,0.7071067811865474,0.39435585511331855,0.9189578116202306,-1.0,-1.8369701987210297e-16,0.0,1.0
21.0,2.0,9.0,0.0,0.0,-1.2298373876248982,-1.453444208315833,1.0,-0.7071067811865477,0.7071067811865474,0.39435585511331855,0.9189578116202306,-1.0,-1.8369701987210297e-16,0.0,1.0
21.0,2.0,9.0,0.0,0.0,-1.118033988749891,-1.453444208315833,1.0,-0.7071067811865477,0.7071067811865474,0.39435585511331855,0.9189578116202306,-1.0,-1.8369701987210297e-16,0.0,1.0
21.0,2.0,9.0,0.0,0.0,-1.0062305898749215,-1.453444208315833,1.0,-0.7071067811865477,0.7071067811865474,0.39435585511331855,0.9189578116202306,-1.0,-1.8369701987210297e-16,0.0,1.0
21.0,2.0,9.0,0.0,0.0,-0.8944271909999142,-1.453444208315833,1.0,-0.7071067811865477,0.7071067811865474,0.39435585511331855,0.9189578116202306,-1.0,-1.8369701987210297e-16,0.0,1.0
21.0,2.0,9.0,0.0,0.0,-0.7826237921249071,-1.453444208315833,1.0,-0.7071067811865477,0.7071067811865474,0.39435585511331855,0.9189578116202306,-1.0,-1.8369701987210297e-16,0.0,1.0
21.0,2.0,9.0,0.0,0.0,-0.6708203932499375,-1.453444208315833,1.0,-0.7071067811865477,0.7071067811865474,0.39435585511331855,0.9189578116202306,-1.0,-1.8369701987210297e-16,0.0,1.0
21.0,2.0,9.0,0.0,0.0,-0.5590169943749304,-1.453444208315833,1.0,-0.7071067811865477,0.7071067811865474,0.39435585511331855,0.9189578116202306,-1.0,-1.8369701987210297e-16,0.0,1.0
21.0,2.0,9.0,0.0,0.0,-0.44721359549996076,-1.453444208315833,1.0,-0.7071067811865477,0.7071067811865474,0.39435585511331855,0.9189578116202306,-1.0,-1.8369701987210297e-16,0.0,1.0
21.0,2.0,9.0,0.0,0.0,-0.3354101966249536,-1.453444208315833,1.0,-0.7071067811865477,0.7071067811865474,0.39435585511331855,0.9189578116202306,-1.0,-1.8369701987210297e-16,0.0,1.0
21.0,2.0,9.0,0.0,0.0,-0.22360679774998402,-1.453444208315833,1.0,-0.7071067811865477,0.7071067811865474,0.39435585511331855,0.9189578116202306,-1.0,-1.8369701987210297e-16,0.0,1.0
21.0,2.0,9.0,0.0,0.0,-0.11180339887497684,-1.453444208315833,1.0,-0.7071067811865477,0.7071067811865474,0.39435585511331855,0.9189578116202306,-1.0,-1.8369701987210297e-16,0.0,1.0
21.0,2.0,9.0,0.0,0.0,-7.286817571146605e-15,-1.453444208315833,1.0,-0.7071067811865477,0.7071067811865474,0.39435585511331855,0.9189578116202306,-1.0,-1.8369701987210297e-16,0.0,1.0
21.0,2.0,9.0,0.0,0.0,0.11180339887499989,-1.453444208315833,1.0,-0.7071067811865477,0.7071067811865474,0.39435585511331855,0.9189578116202306,-1.0,-1.8369701987210297e-16,0.0,1.0
21.0,2.0,9.0,0.0,0.0,0.22360679774996944,-1.453444208315833,1.0,-0.7071067811865477,0.7071067811865474,0.39435585511331855,0.9189578116202306,-1.0,-1.8369701987210297e-16,0.0,1.0
21.0,2.0,9.0,0.0,0.0,0.3354101966249766,-1.453444208315833,1.0,-0.7071067811865477,0.7071067811865474,0.39435585511331855,0.9189578116202306,-1.0,-1.8369701987210297e-16,0.0,1.0
21.0,2.0,9.0,0.0,0.0,0.44721359549994616,-1.453444208315833,1.0,-0.7071067811865477,0.7071067811865474,0.39435585511331855,0.9189578116202306,-1.0,-1.8369701987210297e-16,0.0,1.0
21.0,2.0,9.0,0.0,0.0,0.5590169943749533,-1.453444208315833,1.0,-0.7071067811865477,0.7071067811865474,0.39435585511331855,0.9189578116202306,-1.0,-1.8369701987210297e-16,0.0,1.0
21.0,2.0,9.0,0.0,0.0,0.6708203932499229,-1.453444208315833,1.0,-0.7071067811865477,0.7071067811865474,0.39435585511331855,0.9189578116202306,-1.0,-1.8369701987210297e-16,0.0,1.0
21.0,2.0,9.0,0.0,0.0,0.78262379212493,-1.453444208315833,1.0,-0.7071067811865477,0.7071067811865474,0.39435585511331855,0.9189578116202306,-1.0,-1.8369701987210297e-16,0.0,1.0
21.0,2.0,9.0,0.0,0.0,0.8944271909998996,-1.453444208315833,1.0,-0.7071067811865477,0.7071067811865474,0.39435585511331855,0.9189578116202306,-1.0,-1.8369701987210297e-16,0.0,1.0
21.0,2.0,9.0,0.0,0.0,1.0062305898749069,-1.453444208315833,1.0,-0.7071067811865477,0.7071067811865474,0.39435585511331855,0.9189578116202306,-1.0,-1.8369701987210297e-16,0.0,1.0
21.0,2.0,9.0,0.0,0.0,1.1180339887498765,-1.453444208315833,1.0,-0.7071067811865477,0.7071067811865474,0.39435585511331855,0.9189578116202306,-1.0,-1.8369701987210297e-16,0.0,1.0
21.0,2.0,9.0,0.0,0.0,1.2298373876248836,-1.453444208315833,1.0,-0.7071067811865477,0.7071067811865474,0.39435585511331855,0.9189578116202306,-1.0,-1.8369701987210297e-16,0.0,1.0
21.0,2.0,9.0,0.0,0.0,1.3416407864998907,-1.453444208315833,1.0,-0.7071067811865477,0.7071067811865474,0.39435585511331855,0.9189578116202306,-1.0,-1.8369701987210297e-16,0.0,1.0
21.0,2.0,9.0,0.0,0.0,1.4534441853748603,-1.453444208315833,1.0,-0.7071067811865477,0.7071067811865474,0.39435585511331855,0.9189578116202306,-1.0,-1.8369701987210297e-16,0.0,1.0
21.0,2.0,9.0,0.0,0.0,1.5652475842498674,-1.453444208315833,1.0,-0.7071067811865477,0.7071067811865474,0.39435585511331855,0.9189578116202306,-1.0,-1.8369701987210297e-16,0.0,1.0
21.0,2.0,9.0,0.0,0.0,1.677050983124837,-1.453444208315833,1.0,-0.7071067811865477,0.7071067811865474,0.39435585511331855,0.9189578116202306,-1.0,-1.8369701987210297e-16,0.0,1.0
21.0,2.0,9.0,0.0,0.0,-1.6770509831248515,-1.3416407875546579,1.0,-0.7071067811865477,0.7071067811865474,0.39435585511331855,0.9189578116202306,-1.0,-1.8369701987210297e-16,0.0,1.0
21.0,2.0,9.0,0.0,0.0,-1.5652475842498443,-1.3416407875546579,1.0,-0.7071067811865477,0.7071067811865474,0.39435585511331855,0.9189578116202306,-1.0,-1.8369701987210297e-16,0.0,1.0
21.0,2.0,9.0,0.0,0.0,-1.4534441853748747,-1.3416407875546579,1.0,-0.7071067811865477,0.7071067811865474,0.39435585511331855,0.9189578116202306,-1.0,-1.8369701987210297e-16,0.0,1.0
21.0,2.0,9.0,0.0,0.0,-1.3416407864998676,-1.3416407875546579,1.0,-0.7071067811865477,0.7071067811865474,0.39435585511331855,0.9189578116202306,-1.0,-1.8369701987210297e-16,0.0,1.0
21.0,2.0,9.0,0.0,0.0,-1.2298373876248982,-1.3416407875546579,1.0,-0.7071067811865477,0.7071067811865474,0.39435585511331855,0.9189578116202306,-1.0,-1.8369701987210297e-16,0.0,1.0
21.0,2.0,9.0,0.0,0.0,-1.118033988749891,-1.3416407875546579,1.0,-0.7071067811865477,0.7071067811865474,0.39435585511331855,0.9189578116202306,-1.0,-1.8369701987210297e-16,0.0,1.0
21.0,2.0,9.0,0.0,0.0,-1.0062305898749215,-1.3416407875546579,1.0,-0.7071067811865477,0.7071067811865474,0.39435585511331855,0.9189578116202306,-1.0,-1.8369701987210297e-16,0.0,1.0
21.0,2.0,9.0,0.0,0.0,-0.8944271909999142,-1.3416407875546579,1.0,-0.7071067811865477,0.7071067811865474,0.39435585511331855,0.9189578116202306,-1.0,-1.8369701987210297e-16,0.0,1.0
21.0,2.0,9.0,0.0,0.0,-0.7826237921249071,-1.3416407875546579,1.0,-0.7071067811865477,0.7071067811865474,0.39435585511331855,0.9189578116202306,-1.0,-1.8369701987210297e-16,0.0,1.0
21.0,2.0,9.0,0.0,0.0,-0.6708203932499375,-1.3416407875546579,1.0,-0.7071067811865477,0.7071067811865474,0.39435585511331855,0.9189578116202306,-1.0,-1.8369701987210297e-16,0.0,1.0
21.0,2.0,9.0,0.0,0.0,-0.5590169943749304,-1.3416407875546579,1.0,-0.7071067811865477,0.7071067811865474,0.39435585511331855,0.9189578116202306,-1.0,-1.8369701987210297e-16,0.0,1.0
21.0,2.0,9.0,0.0,0.0,-0.44721359549996076,-1.3416407875546579,1.0,-0.7071067811865477,0.7071067811865474,0.39435585511331855,0.9189578116202306,-1.0,-1.8369701987210297e-16,0.0,1.0
21.0,2.0,9.0,0.0,0.0,-0.3354101966249536,-1.3416407875546579,1.0,-0.7071067811865477,0.7071067811865474,0.39435585511331855,0.9189578116202306,-1.0,-1.8369701987210297e-16,0.0,1.0
21.0,2.0,9.0,0.0,0.0,-0.22360679774998402,-1.3416407875546579,1.0,-0.7071067811865477,0.7071067811865474,0.39435585511331855,0.9189578116202306,-1.0,-1.8369701987210297e-16,0.0,1.0
21.0,2.0,9.0,0.0,0.0,-0.11180339887497684,-1.3416407875546579,1.0,-0.7071067811865477,0.7071067811865474,0.39435585511331855,0.9189578116202306,-1.0,-1.8369701987210297e-16,0.0,1.0
21.0,2.0,9.0,0.0,0.0,-7.286817571146605e-15,-1.3416407875546579,1.0,-0.7071067811865477,0.7071067811865474,0.39435585511331855,0.9189578116202306,-1.0,-1.8369701987210297e-16,0.0,1.0
21.0,2.0,9.0,0.0,0.0,0.11180339887499989,-1.3416407875546579,1.0,-0.7071067811865477,0.7071067811865474,0.39435585511331855,0.9189578116202306,-1.0,-1.8369701987210297e-16,0.0,1.0
21.0,2.0,9.0,0.0,0.0,0.22360679774996944,-1.3416407875546579,1.0,-0.7071067811865477,0.7071067811865474,0.39435585511331855,0.9189578116202306,-1.0,-1.8369701987210297e-16,0.0,1.0
21.0,2.0,9.0,0.0,0.0,0.3354101966249766,-1.3416407875546579,1.0,-0.7071067811865477,0.7071067811865474,0.39435585511331855,0.9189578116202306,-1.0,-1.8369701987210297e-16,0.0,1.0
21.0,2.0,9.0,0.0,0.0,0.44721359549994616,-1.3416407875546579,1.0,-0.7071067811865477,0.7071067811865474,0.39435585511331855,0.9189578116202306,-1.0,-1.8369701987210297e-16,0.0,1.0
21.0,2.0,9.0,0.0,0.0,0.5590169943749533,-1.3416407875546579,1.0,-0.7071067811865477,0.7071067811865474,0.39435585511331855,0.9189578116202306,-1.0,-1.8369701987210297e-16,0.0,1.0
21.0,2.0,9.0,0.0,0.0,0.6708203932499229,-1.3416407875546579,1.0,-0.7071067811865477,0.7071067811865474,0.39435585511331855,0.9189578116202306,-1.0,-1.8369701987210297e-16,0.0,1.0
21.0,2.0,9.0,0.0,0.0,0.78262379212493,-1.3416407875546579,1.0,-0.7071067811865477,0.7071067811865474,0.39435585511331855,0.9189578116202306,-1.0,-1.8369701987210297e-16,0.0,1.0
21.0,2.0,9.0,0.0,0.0,0.8944271909998996,-1.3416407875546579,1.0,-0.7071067811865477,0.7071067811865474,0.39435585511331855,0.9189578116202306,-1.0,-1.8369701987210297e-16,0.0,1.0
21.0,2.0,9.0,0.0,0.0,1.0062305898749069,-1.3416407875546579,1.0,-0.7071067811865477,0.7071067811865474,0.39435585511331855,0.9189578116202306,-1.0,-1.8369701987210297e-16,0.0,1.0
21.0,2.0,9.0,0.0,0.0,1.1180339887498765,-1.3416407875546579,1.0,-0.7071067811865477,0.7071067811865474,0.39435585511331855,0.9189578116202306,-1.0,-1.8369701987210297e-16,0.0,1.0
21.0,2.0,9.0,0.0,0.0,1.2298373876248836,-1.3416407875546579,1.0,-0.7071067811865477,0.7071067811865474,0.39435585511331855,0.9189578116202306,-1.0,-1.8369701987210297e-16,0.0,1.0
21.0,2.0,9.0,0.0,0.0,1.3416407864998907,-1.3416407875546579,1.0,-0.7071067811865477,0.7071067811865474,0.39435585511331855,0.9189578116202306,-1.0,-1.8369701987210297e-16,0.0,1.0
21.0,2.0,9.0,0.0,0.0,1.4534441853748603,-1.3416407875546579,1.0,-0.7071067811865477,0.7071067811865474,0.39435585511331855,0.9189578116202306,-1.0,-1.8369701987210297e-16,0.0,1.0
21.0,2.0,9.0,0.0,0.0,1.5652475842498674,-1.3416407875546579,1.0,-0.7071067811865477,0.7071067811865474,0.39435585511331855,0.9189578116202306,-1.0,-1.8369701987210297e-16,0.0,1.0
21.0,2.0,9.0,0.0,0.0,1.677050983124837,-1.3416407875546579,1.0,-0.7071067811865477,0.7071067811865474,0.39435585511331855,0.9189578116202306,-1.0,-1.8369701987210297e-16,0.0,1.0
21.0,2.0,9.0,0.0,0.0,-1.6770509831248515,-1.2298373667934825,1.0,-0.7071067811865477,0.7071067811865474,0.39435585511331855,0.9189578116202306,-1.0,-1.8369701987210297e-16,0.0,1.0
21.0,2.0,9.0,0.0,0.0,-1.5652475842498443,-1.2298373667934825,1.0,-0.7071067811865477,0.7071067811865474,0.39435585511331855,0.9189578116202306,-1.0,-1.8369701987210297e-16,0.0,1.0
21.0,2.0,9.0,0.0,0.0,-1.4534441853748747,-1.2298373667934825,1.0,-0.7071067811865477,0.7071067811865474,0.39435585511331855,0.9189578116202306,-1.0,-1.8369701987210297e-16,0.0,1.0
21.0,2.0,9.0,0.0,0.0,-1.3416407864998676,-1.2298373667934825,1.0,-0.7071067811865477,0.7071067811865474,0.39435585511331855,0.9189578116202306,-1.0,-1.8369701987210297e-16,0.0,1.0
21.0,2.0,9.0,0.0,0.0,-1.2298373876248982,-1.2298373667934825,1.0,-0.7071067811865477,0.7071067811865474,0.39435585511331855,0.9189578116202306,-1.0,-1.8369701987210297e-16,0.0,1.0
21.0,2.0,9.0,0.0,0.0,-1.118033988749891,-1.2298373667934825,1.0,-0.7071067811865477,0.7071067811865474,0.39435585511331855,0.9189578116202306,-1.0,-1.8369701987210297e-16,0.0,1.0
21.0,2.0,9.0,0.0,0.0,-1.0062305898749215,-1.2298373667934825,1.0,-0.7071067811865477,0.7071067811865474,0.39435585511331855,0.9189578116202306,-1.0,-1.8369701987210297e-16,0.0,1.0
21.0,2.0,9.0,0.0,0.0,-0.8944271909999142,-1.2298373667934825,1.0,-0.7071067811865477,0.7071067811865474,0.39435585511331855,0.9189578116202306,-1.0,-1.8369701987210297e-16,0.0,1.0
21.0,2.0,9.0,0.0,0.0,-0.7826237921249071,-1.2298373667934825,1.0,-0.7071067811865477,0.7071067811865474,0.39435585511331855,0.9189578116202306,-1.0,-1.8369701987210297e-16,0.0,1.0
21.0,2.0,9.0,0.0,0.0,-0.6708203932499375,-1.2298373667934825,1.0,-0.7071067811865477,0.7071067811865474,0.39435585511331855,0.9189578116202306,-1.0,-1.8369701987210297e-16,0.0,1.0
21.0,2.0,9.0,0.0,0.0,-0.5590169943749304,-1.2298373667934825,1.0,-0.7071067811865477,0.7071067811865474,0.39435585511331855,0.9189578116202306,-1.0,-1.8369701987210297e-16,0.0,1.0
21.0,2.0,9.0,0.0,0.0,-0.44721359549996076,-1.2298373667934825,1.0,-0.7071067811865477,0.7071067811865474,0.39435585511331855,0.9189578116202306,-1.0,-1.8369701987210297e-16,0.0,1.0
21.0,2.0,9.0,0.0,0.0,-0.3354101966249536,-1.2298373667934825,1.0,-0.7071067811865477,0.7071067811865474,0.39435585511331855,0.9189578116202306,-1.0,-1.8369701987210297e-16,0.0,1.0
21.0,2.0,9.0,0.0,0.0,-0.22360679774998402,-1.2298373667934825,1.0,-0.7071067811865477,0.7071067811865474,0.39435585511331855,0.9189578116202306,-1.0,-1.8369701987210297e-16,0.0,1.0
21.0,2.0,9.0,0.0,0.0,-0.11180339887497684,-1.2298373667934825,1.0,-0.7071067811865477,0.7071067811865474,0.39435585511331855,0.9189578116202306,-1.0,-1.8369701987210297e-16,0.0,1.0
21.0,2.0,9.0,0.0,0.0,-7.286817571146605e-15,-1.2298373667934825,1.0,-0.7071067811865477,0.7071067811865474,0.39435585511331855,0.9189578116202306,-1.0,-1.8369701987210297e-16,0.0,1.0
21.0,2.0,9.0,0.0,0.0,0.11180339887499989,-1.2298373667934825,1.0,-0.7071067811865477,0.7071067811865474,0.39435585511331855,0.9189578116202306,-1.0,-1.8369701987210297e-16,0.0,1.0
21.0,2.0,9.0,0.0,0.0,0.22360679774996944,-1.2298373667934825,1.0,-0.7071067811865477,0.7071067811865474,0.39435585511331855,0.9189578116202306,-1.0,-1.8369701987210297e-16,0.0,1.0
21.0,2.0,9.0,0.0,0.0,0.3354101966249766,-1.2298373667934825,1.0,-0.7071067811865477,0.7071067811865474,0.39435585511331855,0.9189578116202306,-1.0,-1.8369701987210297e-16,0.0,1.0
21.0,2.0,9.0,0.0,0.0,0.44721359549994616,-1.2298373667934825,1.0,-0.7071067811865477,0.7071067811865474,0.39435585511331855,0.9189578116202306,-1.0,-1.8369701987210297e-16,0.0,1.0
21.0,2.0,9.0,0.0,0.0,0.5590169943749533,-1.2298373667934825,1.0,-0.7071067811865477,0.7071067811865474,0.39435585511331855,0.9189578116202306,-1.0,-1.8369701987210297e-16,0.0,1.0
21.0,2.0,9.0,0.0,0.0,0.6708203932499229,-1.2298373667934825,1.0,-0.7071067811865477,0.7071067811865474,0.39435585511331855,0.9189578116202306,-1.0,-1.8369701987210297e-16,0.0,1.0
21.0,2.0,9.0,0.0,0.0,0.78262379212493,-1.2298373667934825,1.0,-0.7071067811865477,0.7071067811865474,0.39435585511331855,0.9189578116202306,-1.0,-1.8369701987210297e-16,0.0,1.0
21.0,2.0,9.0,0.0,0.0,0.8944271909998996,-1.2298373667934825,1.0,-0.7071067811865477,0.7071067811865474,0.39435585511331855,0.9189578116202306,-1.0,-1.8369701987210297e-16,0.0,1.0
21.0,2.0,9.0,0.0,0.0,1.0062305898749069,-1.2298373667934825,1.0,-0.7071067811865477,0.7071067811865474,0.39435585511331855,0.9189578116202306,-1.0,-1.8369701987210297e-16,0.0,1.0
21.0,2.0,9.0,0.0,0.0,1.1180339887498765,-1.2298373667934825,1.0,-0.7071067811865477,0.7071067811865474,0.39435585511331855,0.9189578116202306,-1.0,-1.8369701987210297e-16,0.0,1.0
21.0,2.0,9.0,0.0,0.0,1.2298373876248836,-1.2298373667934825,1.0,-0.7071067811865477,0.7071067811865474,0.39435585511331855,0.9189578116202306,-1.0,-1.8369701987210297e-16,0.0,1.0
21.0,2.0,9.0,0.0,0.0,1.3416407864998907,-1.2298373667934825,1.0,-0.7071067811865477,0.7071067811865474,0.39435585511331855,0.9189578116202306,-1.0,-1.8369701987210297e-16,0.0,1.0
21.0,2.0,9.0,0.0,0.0,1.4534441853748603,-1.2298373667934825,1.0,-0.7071067811865477,0.7071067811865474,0.39435585511331855,0.9189578116202306,-1.0,-1.8369701987210297e-16,0.0,1.0
21.0,2.0,9.0,0.0,0.0,1.5652475842498674,-1.2298373667934825,1.0,-0.7071067811865477,0.7071067811865474,0.39435585511331855,0.9189578116202306,-1.0,-1.8369701987210297e-16,0.0,1.0
21.0,2.0,9.0,0.0,0.0,1.677050983124837,-1.2298373667934825,1.0,-0.7071067811865477,0.7071067811865474,0.39435585511331855,0.9189578116202306,-1.0,-1.8369701987210297e-16,0.0,1.0
21.0,2.0,9.0,0.0,0.0,-1.6770509831248515,-1.1180340114271183,1.0,-0.7071067811865477,0.7071067811865474,0.39435585511331855,0.9189578116202306,-1.0,-1.8369701987210297e-16,0.0,1.0
21.0,2.0,9.0,0.0,0.0,-1.5652475842498443,-1.1180340114271183,1.0,-0.7071067811865477,0.7071067811865474,0.39435585511331855,0.9189578116202306,-1.0,-1.8369701987210297e-16,0.0,1.0
21.0,2.0,9.0,0.0,0.0,-1.4534441853748747,-1.1180340114271183,1.0,-0.7071067811865477,0.7071067811865474,0.39435585511331855,0.9189578116202306,-1.0,-1.8369701987210297e-16,0.0,1.0
21.0,2.0,9.0,0.0,0.0,-1.3416407864998676,-1.1180340114271183,1.0,-0.7071067811865477,0.7071067811865474,0.39435585511331855,0.9189578116202306,-1.0,-1.8369701987210297e-16,0.0,1.0
21.0,2.0,9.0,0.0,0.0,-1.2298373876248982,-1.1180340114271183,1.0,-0.7071067811865477,0.7071067811865474,0.39435585511331855,0.9189578116202306,-1.0,-1.8369701987210297e-16,0.0,1.0
21.0,2.0,9.0,0.0,0.0,-1.118033988749891,-1.1180340114271183,1.0,-0.7071067811865477,0.7071067811865474,0.39435585511331855,0.9189578116202306,-1.0,-1.8369701987210297e-16,0.0,1.0
21.0,2.0,9.0,0.0,0.0,-1.0062305898749215,-1.1180340114271183,1.0,-0.7071067811865477,0.7071067811865474,0.39435585511331855,0.9189578116202306,-1.0,-1.8369701987210297e-16,0.0,1.0
21.0,2.0,9.0,0.0,0.0,-0.8944271909999142,-1.1180340114271183,1.0,-0.7071067811865477,0.7071067811865474,0.39435585511331855,0.9189578116202306,-1.0,-1.8369701987210297e-16,0.0,1.0
21.0,2.0,9.0,0.0,0.0,-0.7826237921249071,-1.1180340114271183,1.0,-0.7071067811865477,0.7071067811865474,0.39435585511331855,0.9189578116202306,-1.0,-1.8369701987210297e-16,0.0,1.0
21.0,2.0,9.0,0.0,0.0,-0.6708203932499375,-1.1180340114271183,1.0,-0.7071067811865477,0.7071067811865474,0.39435585511331855,0.9189578116202306,-1.0,-1.8369701987210297e-16,0.0,1.0
21.0,2.0,9.0,0.0,0.0,-0.5590169943749304,-1.1180340114271183,1.0,-0.7071067811865477,0.7071067811865474,0.39435585511331855,0.9189578116202306,-1.0,-1.8369701987210297e-16,0.0,1.0
21.0,2.0,9.0,0.0,0.0,-0.44721359549996076,-1.1180340114271183,1.0,-0.7071067811865477,0.7071067811865474,0.39435585511331855,0.9189578116202306,-1.0,-1.8369701987210297e-16,0.0,1.0
21.0,2.0,9.0,0.0,0.0,-0.3354101966249536,-1.1180340114271183,1.0,-0.7071067811865477,0.7071067811865474,0.39435585511331855,0.9189578116202306,-1.0,-1.8369701987210297e-16,0.0,1.0
21.0,2.0,9.0,0.0,0.0,-0.22360679774998402,-1.1180340114271183,1.0,-0.7071067811865477,0.7071067811865474,0.39435585511331855,0.9189578116202306,-1.0,-1.8369701987210297e-16,0.0,1.0
21.0,2.0,9.0,0.0,0.0,-0.11180339887497684,-1.1180340114271183,1.0,-0.7071067811865477,0.7071067811865474,0.39435585511331855,0.9189578116202306,-1.0,-1.8369701987210297e-16,0.0,1.0
21.0,2.0,9.0,0.0,0.0,-7.286817571146605e-15,-1.1180340114271183,1.0,-0.7071067811865477,0.7071067811865474,0.39435585511331855,0.9189578116202306,-1.0,-1.8369701987210297e-16,0.0,1.0
21.0,2.0,9.0,0.0,0.0,0.11180339887499989,-1.1180340114271183,1.0,-0.7071067811865477,0.7071067811865474,0.39435585511331855,0.9189578116202306,-1.0,-1.8369701987210297e-16,0.0,1.0
21.0,2.0,9.0,0.0,0.0,0.22360679774996944,-1.1180340114271183,1.0,-0.7071067811865477,0.7071067811865474,0.39435585511331855,0.9189578116202306,-1.0,-1.8369701987210297e-16,0.0,1.0
21.0,2.0,9.0,0.0,0.0,0.3354101966249766,-1.1180340114271183,1.0,-0.7071067811865477,0.7071067811865474,0.39435585511331855,0.9189578116202306,-1.0,-1.8369701987210297e-16,0.0,1.0
21.0,2.0,9.0,0.0,0.0,0.44721359549994616,-1.1180340114271183,1.0,-0.7071067811865477,0.7071067811865474,0.39435585511331855,0.9189578116202306,-1.0,-1.8369701987210297e-16,0.0,1.0
21.0,2.0,9.0,0.0,0.0,0.5590169943749533,-1.1180340114271183,1.0,-0.7071067811865477,0.7071067811865474,0.39435585511331855,0.9189578116202306,-1.0,-1.8369701987210297e-16,0.0,1.0
21.0,2.0,9.0,0.0,0.0,0.6708203932499229,-1.1180340114271183,1.0,-0.7071067811865477,0.7071067811865474,0.39435585511331855,0.9189578116202306,-1.0,-1.8369701987210297e-16,0.0,1.0
21.0,2.0,9.0,0.0,0.0,0.78262379212493,-1.1180340114271183,1.0,-0.7071067811865477,0.7071067811865474,0.39435585511331855,0.9189578116202306,-1.0,-1.8369701987210297e-16,0.0,1.0
21.0,2.0,9.0,0.0,0.0,0.8944271909998996,-1.1180340114271183,1.0,-0.7071067811865477,0.7071067811865474,0.39435585511331855,0.9189578116202306,-1.0,-1.8369701987210297e-16,0.0,1.0
21.0,2.0,9.0,0.0,0.0,1.0062305898749069,-1.1180340114271183,1.0,-0.7071067811865477,0.7071067811865474,0.39435585511331855,0.9189578116202306,-1.0,-1.8369701987210297e-16,0.0,1.0
21.0,2.0,9.0,0.0,0.0,1.1180339887498765,-1.1180340114271183,1.0,-0.7071067811865477,0.7071067811865474,0.39435585511331855,0.9189578116202306,-1.0,-1.8369701987210297e-16,0.0,1.0
21.0,2.0,9.0,0.0,0.0,1.2298373876248836,-1.1180340114271183,1.0,-0.7071067811865477,0.7071067811865474,0.39435585511331855,0.9189578116202306,-1.0,-1.8369701987210297e-16,0.0,1.0
21.0,2.0,9.0,0.0,0.0,1.3416407864998907,-1.1180340114271183,1.0,-0.7071067811865477,0.7071067811865474,0.39435585511331855,0.9189578116202306,-1.0,-1.8369701987210297e-16,0.0,1.0
21.0,2.0,9.0,0.0,0.0,1.4534441853748603,-1.1180340114271183,1.0,-0.7071067811865477,0.7071067811865474,0.39435585511331855,0.9189578116202306,-1.0,-1.8369701987210297e-16,0.0,1.0
21.0,2.0,9.0,0.0,0.0,1.5652475842498674,-1.1180340114271183,1.0,-0.7071067811865477,0.7071067811865474,0.39435585511331855,0.9189578116202306,-1.0,-1.8369701987210297e-16,0.0,1.0
21.0,2.0,9.0,0.0,0.0,1.677050983124837,-1.1180340114271183,1.0,-0.7071067811865477,0.7071067811865474,0.39435585511331855,0.9189578116202306,-1.0,-1.8369701987210297e-16,0.0,1.0
21.0,2.0,9.0,0.0,0.0,-1.6770509831248515,-1.0062305906659432,1.0,-0.7071067811865477,0.7071067811865474,0.39435585511331855,0.9189578116202306,-1.0,-1.8369701987210297e-16,0.0,1.0
21.0,2.0,9.0,0.0,0.0,-1.5652475842498443,-1.0062305906659432,1.0,-0.7071067811865477,0.7071067811865474,0.39435585511331855,0.9189578116202306,-1.0,-1.8369701987210297e-16,0.0,1.0
21.0,2.0,9.0,0.0,0.0,-1.4534441853748747,-1.0062305906659432,1.0,-0.7071067811865477,0.7071067811865474,0.39435585511331855,0.9189578116202306,-1.0,-1.8369701987210297e-16,0.0,1.0
21.0,2.0,9.0,0.0,0.0,-1.3416407864998676,-1.0062305906659432,1.0,-0.7071067811865477,0.7071067811865474,0.39435585511331855,0.9189578116202306,-1.0,-1.8369701987210297e-16,0.0,1.0
21.0,2.0,9.0,0.0,0.0,-1.2298373876248982,-1.0062305906659432,1.0,-0.7071067811865477,0.7071067811865474,0.39435585511331855,0.9189578116202306,-1.0,-1.8369701987210297e-16,0.0,1.0
21.0,2.0,9.0,0.0,0.0,-1.118033988749891,-1.0062305906659432,1.0,-0.7071067811865477,0.7071067811865474,0.39435585511331855,0.9189578116202306,-1.0,-1.8369701987210297e-16,0.0,1.0
21.0,2.0,9.0,0.0,0.0,-1.0062305898749215,-1.0062305906659432,1.0,-0.7071067811865477,0.7071067811865474,0.39435585511331855,0.9189578116202306,-1.0,-1.8369701987210297e-16,0.0,1.0
21.0,2.0,9.0,0.0,0.0,-0.8944271909999142,-1.0062305906659432,1.0,-0.7071067811865477,0.7071067811865474,0.39435585511331855,0.9189578116202306,-1.0,-1.8369701987210297e-16,0.0,1.0
21.0,2.0,9.0,0.0,0.0,-0.7826237921249071,-1.0062305906659432,1.0,-0.7071067811865477,0.7071067811865474,0.39435585511331855,0.9189578116202306,-1.0,-1.8369701987210297e-16,0.0,1.0
21.0,2.0,9.0,0.0,0.0,-0.6708203932499375,-1.0062305906659432,1.0,-0.7071067811865477,0.7071067811865474,0.39435585511331855,0.9189578116202306,-1.0,-1.8369701987210297e-16,0.0,1.0
21.0,2.0,9.0,0.0,0.0,-0.5590169943749304,-1.0062305906659432,1.0,-0.7071067811865477,0.7071067811865474,0.39435585511331855,0.9189578116202306,-1.0,-1.8369701987210297e-16,0.0,1.0
21.0,2.0,9.0,0.0,0.0,-0.44721359549996076,-1.0062305906659432,1.0,-0.7071067811865477,0.7071067811865474,0.39435585511331855,0.9189578116202306,-1.0,-1.8369701987210297e-16,0.0,1.0
21.0,2.0,9.0,0.0,0.0,-0.3354101966249536,-1.0062305906659432,1.0,-0.7071067811865477,0.7071067811865474,0.39435585511331855,0.9189578116202306,-1.0,-1.8369701987210297e-16,0.0,1.0
21.0,2.0,9.0,0.0,0.0,-0.22360679774998402,-1.0062305906659432,1.0,-0.7071067811865477,0.7071067811865474,0.39435585511331855,0.9189578116202306,-1.0,-1.8369701987210297e-16,0.0,1.0
21.0,2.0,9.0,0.0,0.0,-0.11180339887497684,-1.0062305906659432,1.0,-0.7071067811865477,0.7071067811865474,0.39435585511331855,0.9189578116202306,-1.0,-1.8369701987210297e-16,0.0,1.0
21.0,2.0,9.0,0.0,0.0,-7.286817571146605e-15,-1.0062305906659432,1.0,-0.7071067811865477,0.7071067811865474,0.39435585511331855,0.9189578116202306,-1.0,-1.8369701987210297e-16,0.0,1.0
21.0,2.0,9.0,0.0,0.0,0.11180339887499989,-1.0062305906659432,1.0,-0.7071067811865477,0.7071067811865474,0.39435585511331855,0.9189578116202306,-1.0,-1.8369701987210297e-16,0.0,1.0
21.0,2.0,9.0,0.0,0.0,0.22360679774996944,-1.0062305906659432,1.0,-0.7071067811865477,0.7071067811865474,0.39435585511331855,0.9189578116202306,-1.0,-1.8369701987210297e-16,0.0,1.0
21.0,2.0,9.0,0.0,0.0,0.3354101966249766,-1.0062305906659432,1.0,-0.7071067811865477,0.7071067811865474,0.39435585511331855,0.9189578116202306,-1.0,-1.8369701987210297e-16,0.0,1.0
21.0,2.0,9.0,0.0,0.0,0.44721359549994616,-1.0062305906659432,1.0,-0.7071067811865477,0.7071067811865474,0.39435585511331855,0.9189578116202306,-1.0,-1.8369701987210297e-16,0.0,1.0
21.0,2.0,9.0,0.0,0.0,0.5590169943749533,-1.0062305906659432,1.0,-0.7071067811865477,0.7071067811865474,0.39435585511331855,0.9189578116202306,-1.0,-1.8369701987210297e-16,0.0,1.0
21.0,2.0,9.0,0.0,0.0,0.6708203932499229,-1.0062305906659432,1.0,-0.7071067811865477,0.7071067811865474,0.39435585511331855,0.9189578116202306,-1.0,-1.8369701987210297e-16,0.0,1.0
21.0,2.0,9.0,0.0,0.0,0.78262379212493,-1.0062305906659432,1.0,-0.7071067811865477,0.7071067811865474,0.39435585511331855,0.9189578116202306,-1.0,-1.8369701987210297e-16,0.0,1.0
21.0,2.0,9.0,0.0,0.0,0.8944271909998996,-1.0062305906659432,1.0,-0.7071067811865477,0.7071067811865474,0.39435585511331855,0.9189578116202306,-1.0,-1.8369701987210297e-16,0.0,1.0
21.0,2.0,9.0,0.0,0.0,1.0062305898749069,-1.0062305906659432,1.0,-0.7071067811865477,0.7071067811865474,0.39435585511331855,0.9189578116202306,-1.0,-1.8369701987210297e-16,0.0,1.0
21.0,2.0,9.0,0.0,0.0,1.1180339887498765,-1.0062305906659432,1.0,-0.7071067811865477,0.7071067811865474,0.39435585511331855,0.9189578116202306,-1.0,-1.8369701987210297e-16,0.0,1.0
21.0,2.0,9.0,0.0,0.0,1.2298373876248836,-1.0062305906659432,1.0,-0.7071067811865477,0.7071067811865474,0.39435585511331855,0.9189578116202306,-1.0,-1.8369701987210297e-16,0.0,1.0
21.0,2.0,9.0,0.0,0.0,1.3416407864998907,-1.0062305906659432,1.0,-0.7071067811865477,0.7071067811865474,0.39435585511331855,0.9189578116202306,-1.0,-1.8369701987210297e-16,0.0,1.0
21.0,2.0,9.0,0.0,0.0,1.4534441853748603,-1.0062305906659432,1.0,-0.7071067811865477,0.7071067811865474,0.39435585511331855,0.9189578116202306,-1.0,-1.8369701987210297e-16,0.0,1.0
21.0,2.0,9.0,0.0,0.0,1.5652475842498674,-1.0062305906659432,1.0,-0.7071067811865477,0.7071067811865474,0.39435585511331855,0.9189578116202306,-1.0,-1.8369701987210297e-16,0.0,1.0
21.0,2.0,9.0,0.0,0.0,1.677050983124837,-1.0062305906659432,1.0,-0.7071067811865477,0.7071067811865474,0.39435585511331855,0.9189578116202306,-1.0,-1.8369701987210297e-16,0.0,1.0
21.0,2.0,9.0,0.0,0.0,-1.6770509831248515,-0.8944271699047678,1.0,-0.7071067811865477,0.7071067811865474,0.39435585511331855,0.9189578116202306,-1.0,-1.8369701987210297e-16,0.0,1.0
21.0,2.0,9.0,0.0,0.0,-1.5652475842498443,-0.8944271699047678,1.0,-0.7071067811865477,0.7071067811865474,0.39435585511331855,0.9189578116202306,-1.0,-1.8369701987210297e-16,0.0,1.0
21.0,2.0,9.0,0.0,0.0,-1.4534441853748747,-0.8944271699047678,1.0,-0.7071067811865477,0.7071067811865474,0.39435585511331855,0.9189578116202306,-1.0,-1.8369701987210297e-16,0.0,1.0
21.0,2.0,9.0,0.0,0.0,-1.3416407864998676,-0.8944271699047678,1.0,-0.7071067811865477,0.7071067811865474,0.39435585511331855,0.9189578116202306,-1.0,-1.8369701987210297e-16,0.0,1.0
21.0,2.0,9.0,0.0,0.0,-1.2298373876248982,-0.8944271699047678,1.0,-0.7071067811865477,0.7071067811865474,0.39435585511331855,0.9189578116202306,-1.0,-1.8369701987210297e-16,0.0,1.0
21.0,2.0,9.0,0.0,0.0,-1.118033988749891,-0.8944271699047678,1.0,-0.7071067811865477,0.7071067811865474,0.39435585511331855,0.9189578116202306,-1.0,-1.8369701987210297e-16,0.0,1.0
21.0,2.0,9.0,0.0,0.0,-1.0062305898749215,-0.8944271699047678,1.0,-0.7071067811865477,0.7071067811865474,0.39435585511331855,0.9189578116202306,-1.0,-1.8369701987210297e-16,0.0,1.0
21.0,2.0,9.0,0.0,0.0,-0.8944271909999142,-0.8944271699047678,1.0,-0.7071067811865477,0.7071067811865474,0.39435585511331855,0.9189578116202306,-1.0,-1.8369701987210297e-16,0.0,1.0
21.0,2.0,9.0,0.0,0.0,-0.7826237921249071,-0.8944271699047678,1.0,-0.7071067811865477,0.7071067811865474,0.39435585511331855,0.9189578116202306,-1.0,-1.8369701987210297e-16,0.0,1.0
21.0,2.0,9.0,0.0,0.0,-0.6708203932499375,-0.8944271699047678,1.0,-0.7071067811865477,0.7071067811865474,0.39435585511331855,0.9189578116202306,-1.0,-1.8369701987210297e-16,0.0,1.0
21.0,2.0,9.0,0.0,0.0,-0.5590169943749304,-0.8944271699047678,1.0,-0.7071067811865477,0.7071067811865474,0.39435585511331855,0.9189578116202306,-1.0,-1.8369701987210297e-16,0.0,1.0
21.0,2.0,9.0,0.0,0.0,-0.44721359549996076,-0.8944271699047678,1.0,-0.7071067811865477,0.7071067811865474,0.39435585511331855,0.9189578116202306,-1.0,-1.8369701987210297e-16,0.0,1.0
21.0,2.0,9.0,0.0,0.0,-0.3354101966249536,-0.8944271699047678,1.0,-0.7071067811865477,0.7071067811865474,0.39435585511331855,0.9189578116202306,-1.0,-1.8369701987210297e-16,0.0,1.0
21.0,2.0,9.0,0.0,0.0,-0.22360679774998402,-0.8944271699047678,1.0,-0.7071067811865477,0.7071067811865474,0.39435585511331855,0.9189578116202306,-1.0,-1.8369701987210297e-16,0.0,1.0
21.0,2.0,9.0,0.0,0.0,-0.11180339887497684,-0.8944271699047678,1.0,-0.7071067811865477,0.7071067811865474,0.39435585511331855,0.9189578116202306,-1.0,-1.8369701987210297e-16,0.0,1.0
21.0,2.0,9.0,0.0,0.0,-7.286817571146605e-15,-0.8944271699047678,1.0,-0.7071067811865477,0.7071067811865474,0.39435585511331855,0.9189578116202306,-1.0,-1.8369701987210297e-16,0.0,1.0
21.0,2.0,9.0,0.0,0.0,0.11180339887499989,-0.8944271699047678,1.0,-0.7071067811865477,0.7071067811865474,0.39435585511331855,0.9189578116202306,-1.0,-1.8369701987210297e-16,0.0,1.0
21.0,2.0,9.0,0.0,0.0,0.22360679774996944,-0.8944271699047678,1.0,-0.7071067811865477,0.7071067811865474,0.39435585511331855,0.9189578116202306,-1.0,-1.8369701987210297e-16,0.0,1.0
21.0,2.0,9.0,0.0,0.0,0.3354101966249766,-0.8944271699047678,1.0,-0.7071067811865477,0.7071067811865474,0.39435585511331855,0.9189578116202306,-1.0,-1.8369701987210297e-16,0.0,1.0
21.0,2.0,9.0,0.0,0.0,0.44721359549994616,-0.8944271699047678,1.0,-0.7071067811865477,0.7071067811865474,0.39435585511331855,0.9189578116202306,-1.0,-1.8369701987210297e-16,0.0,1.0
21.0,2.0,9.0,0.0,0.0,0.5590169943749533,-0.8944271699047678,1.0,-0.7071067811865477,0.7071067811865474,0.39435585511331855,0.9189578116202306,-1.0,-1.8369701987210297e-16,0.0,1.0
21.0,2.0,9.0,0.0,0.0,0.6708203932499229,-0.8944271699047678,1.0,-0.7071067811865477,0.7071067811865474,0.39435585511331855,0.9189578116202306,-1.0,-1.8369701987210297e-16,0.0,1.0
21.0,2.0,9.0,0.0,0.0,0.78262379212493,-0.8944271699047678,1.0,-0.7071067811865477,0.7071067811865474,0.39435585511331855,0.9189578116202306,-1.0,-1.8369701987210297e-16,0.0,1.0
21.0,2.0,9.0,0.0,0.0,0.8944271909998996,-0.8944271699047678,1.0,-0.7071067811865477,0.7071067811865474,0.39435585511331855,0.9189578116202306,-1.0,-1.8369701987210297e-16,0.0,1.0
21.0,2.0,9.0,0.0,0.0,1.0062305898749069,-0.8944271699047678,1.0,-0.7071067811865477,0.7071067811865474,0.39435585511331855,0.9189578116202306,-1.0,-1.8369701987210297e-16,0.0,1.0
21.0,2.0,9.0,0.0,0.0,1.1180339887498765,-0.8944271699047678,1.0,-0.7071067811865477,0.7071067811865474,0.39435585511331855,0.9189578116202306,-1.0,-1.8369701987210297e-16,0.0,1.0
21.0,2.0,9.0,0.0,0.0,1.2298373876248836,-0.8944271699047678,1.0,-0.7071067811865477,0.7071067811865474,0.39435585511331855,0.9189578116202306,-1.0,-1.8369701987210297e-16,0.0,1.0
21.0,2.0,9.0,0.0,0.0,1.3416407864998907,-0.8944271699047678,1.0,-0.7071067811865477,0.7071067811865474,0.39435585511331855,0.9189578116202306,-1.0,-1.8369701987210297e-16,0.0,1.0
21.0,2.0,9.0,0.0,0.0,1.4534441853748603,-0.8944271699047678,1.0,-0.7071067811865477,0.7071067811865474,0.39435585511331855,0.9189578116202306,-1.0,-1.8369701987210297e-16,0.0,1.0
21.0,2.0,9.0,0.0,0.0,1.5652475842498674,-0.8944271699047678,1.0,-0.7071067811865477,0.7071067811865474,0.39435585511331855,0.9189578116202306,-1.0,-1.8369701987210297e-16,0.0,1.0
21.0,2.0,9.0,0.0,0.0,1.677050983124837,-0.8944271699047678,1.0,-0.7071067811865477,0.7071067811865474,0.39435585511331855,0.9189578116202306,-1.0,-1.8369701987210297e-16,0.0,1.0
21.0,2.0,9.0,0.0,0.0,-1.6770509831248515,-0.7826238145384966,1.0,-0.7071067811865477,0.7071067811865474,0.39435585511331855,0.9189578116202306,-1.0,-1.8369701987210297e-16,0.0,1.0
21.0,2.0,9.0,0.0,0.0,-1.5652475842498443,-0.7826238145384966,1.0,-0.7071067811865477,0.7071067811865474,0.39435585511331855,0.9189578116202306,-1.0,-1.8369701987210297e-16,0.0,1.0
21.0,2.0,9.0,0.0,0.0,-1.4534441853748747,-0.7826238145384966,1.0,-0.7071067811865477,0.7071067811865474,0.39435585511331855,0.9189578116202306,-1.0,-1.8369701987210297e-16,0.0,1.0
21.0,2.0,9.0,0.0,0.0,-1.3416407864998676,-0.7826238145384966,1.0,-0.7071067811865477,0.7071067811865474,0.39435585511331855,0.9189578116202306,-1.0,-1.8369701987210297e-16,0.0,1.0
21.0,2.0,9.0,0.0,0.0,-1.2298373876248982,-0.7826238145384966,1.0,-0.7071067811865477,0.7071067811865474,0.39435585511331855,0.9189578116202306,-1.0,-1.8369701987210297e-16,0.0,1.0
21.0,2.0,9.0,0.0,0.0,-1.118033988749891,-0.7826238145384966,1.0,-0.7071067811865477,0.7071067811865474,0.39435585511331855,0.9189578116202306,-1.0,-1.8369701987210297e-16,0.0,1.0
21.0,2.0,9.0,0.0,0.0,-1.0062305898749215,-0.7826238145384966,1.0,-0.7071067811865477,0.7071067811865474,0.39435585511331855,0.9189578116202306,-1.0,-1.8369701987210297e-16,0.0,1.0
21.0,2.0,9.0,0.0,0.0,-0.8944271909999142,-0.7826238145384966,1.0,-0.7071067811865477,0.7071067811865474,0.39435585511331855,0.9189578116202306,-1.0,-1.8369701987210297e-16,0.0,1.0
21.0,2.0,9.0,0.0,0.0,-0.7826237921249071,-0.7826238145384966,1.0,-0.7071067811865477,0.7071067811865474,0.39435585511331855,0.9189578116202306,-1.0,-1.8369701987210297e-16,0.0,1.0
21.0,2.0,9.0,0.0,0.0,-0.6708203932499375,-0.7826238145384966,1.0,-0.7071067811865477,0.7071067811865474,0.39435585511331855,0.9189578116202306,-1.0,-1.8369701987210297e-16,0.0,1.0
21.0,2.0,9.0,0.0,0.0,-0.5590169943749304,-0.7826238145384966,1.0,-0.7071067811865477,0.7071067811865474,0.39435585511331855,0.9189578116202306,-1.0,-1.8369701987210297e-16,0.0,1.0
21.0,2.0,9.0,0.0,0.0,-0.44721359549996076,-0.7826238145384966,1.0,-0.7071067811865477,0.7071067811865474,0.39435585511331855,0.9189578116202306,-1.0,-1.8369701987210297e-16,0.0,1.0
21.0,2.0,9.0,0.0,0.0,-0.3354101966249536,-0.7826238145384966,1.0,-0.7071067811865477,0.7071067811865474,0.39435585511331855,0.9189578116202306,-1.0,-1.8369701987210297e-16,0.0,1.0
21.0,2.0,9.0,0.0,0.0,-0.22360679774998402,-0.7826238145384966,1.0,-0.7071067811865477,0.7071067811865474,0.39435585511331855,0.9189578116202306,-1.0,-1.8369701987210297e-16,0.0,1.0
21.0,2.0,9.0,0.0,0.0,-0.11180339887497684,-0.7826238145384966,1.0,-0.7071067811865477,0.7071067811865474,0.39435585511331855,0.9189578116202306,-1.0,-1.8369701987210297e-16,0.0,1.0
21.0,2.0,9.0,0.0,0.0,-7.286817571146605e-15,-0.7826238145384966,1.0,-0.7071067811865477,0.7071067811865474,0.39435585511331855,0.9189578116202306,-1.0,-1.8369701987210297e-16,0.0,1.0
21.0,2.0,9.0,0.0,0.0,0.11180339887499989,-0.7826238145384966,1.0,-0.7071067811865477,0.7071067811865474,0.39435585511331855,0.9189578116202306,-1.0,-1.8369701987210297e-16,0.0,1.0
21.0,2.0,9.0,0.0,0.0,0.22360679774996944,-0.7826238145384966,1.0,-0.7071067811865477,0.7071067811865474,0.39435585511331855,0.9189578116202306,-1.0,-1.8369701987210297e-16,0.0,1.0
21.0,2.0,9.0,0.0,0.0,0.3354101966249766,-0.7826238145384966,1.0,-0.7071067811865477,0.7071067811865474,0.39435585511331855,0.9189578116202306,-1.0,-1.8369701987210297e-16,0.0,1.0
21.0,2.0,9.0,0.0,0.0,0.44721359549994616,-0.7826238145384966,1.0,-0.7071067811865477,0.7071067811865474,0.39435585511331855,0.9189578116202306,-1.0,-1.8369701987210297e-16,0.0,1.0
21.0,2.0,9.0,0.0,0.0,0.5590169943749533,-0.7826238145384966,1.0,-0.7071067811865477,0.7071067811865474,0.39435585511331855,0.9189578116202306,-1.0,-1.8369701987210297e-16,0.0,1.0
21.0,2.0,9.0,0.0,0.0,0.6708203932499229,-0.7826238145384966,1.0,-0.7071067811865477,0.7071067811865474,0.39435585511331855,0.9189578116202306,-1.0,-1.8369701987210297e-16,0.0,1.0
21.0,2.0,9.0,0.0,0.0,0.78262379212493,-0.7826238145384966,1.0,-0.7071067811865477,0.7071067811865474,0.39435585511331855,0.9189578116202306,-1.0,-1.8369701987210297e-16,0.0,1.0
21.0,2.0,9.0,0.0,0.0,0.8944271909998996,-0.7826238145384966,1.0,-0.7071067811865477,0.7071067811865474,0.39435585511331855,0.9189578116202306,-1.0,-1.8369701987210297e-16,0.0,1.0
21.0,2.0,9.0,0.0,0.0,1.0062305898749069,-0.7826238145384966,1.0,-0.7071067811865477,0.7071067811865474,0.39435585511331855,0.9189578116202306,-1.0,-1.8369701987210297e-16,0.0,1.0
21.0,2.0,9.0,0.0,0.0,1.1180339887498765,-0.7826238145384966,1.0,-0.7071067811865477,0.7071067811865474,0.39435585511331855,0.9189578116202306,-1.0,-1.8369701987210297e-16,0.0,1.0
21.0,2.0,9.0,0.0,0.0,1.2298373876248836,-0.7826238145384966,1.0,-0.7071067811865477,0.7071067811865474,0.39435585511331855,0.9189578116202306,-1.0,-1.8369701987210297e-16,0.0,1.0
21.0,2.0,9.0,0.0,0.0,1.3416407864998907,-0.7826238145384966,1.0,-0.7071067811865477,0.7071067811865474,0.39435585511331855,0.9189578116202306,-1.0,-1.8369701987210297e-16,0.0,1.0
21.0,2.0,9.0,0.0,0.0,1.4534441853748603,-0.7826238145384966,1.0,-0.7071067811865477,0.7071067811865474,0.39435585511331855,0.9189578116202306,-1.0,-1.8369701987210297e-16,0.0,1.0
21.0,2.0,9.0,0.0,0.0,1.5652475842498674,-0.7826238145384966,1.0,-0.7071067811865477,0.7071067811865474,0.39435585511331855,0.9189578116202306,-1.0,-1.8369701987210297e-16,0.0,1.0
21.0,2.0,9.0,0.0,0.0,1.677050983124837,-0.7826238145384966,1.0,-0.7071067811865477,0.7071067811865474,0.39435585511331855,0.9189578116202306,-1.0,-1.8369701987210297e-16,0.0,1.0
21.0,2.0,9.0,0.0,0.0,-1.6770509831248515,-0.6708203937773214,1.0,-0.7071067811865477,0.7071067811865474,0.39435585511331855,0.9189578116202306,-1.0,-1.8369701987210297e-16,0.0,1.0
21.0,2.0,9.0,0.0,0.0,-1.5652475842498443,-0.6708203937773214,1.0,-0.7071067811865477,0.7071067811865474,0.39435585511331855,0.9189578116202306,-1.0,-1.8369701987210297e-16,0.0,1.0
21.0,2.0,9.0,0.0,0.0,-1.4534441853748747,-0.6708203937773214,1.0,-0.7071067811865477,0.7071067811865474,0.39435585511331855,0.9189578116202306,-1.0,-1.8369701987210297e-16,0.0,1.0
21.0,2.0,9.0,0.0,0.0,-1.3416407864998676,-0.6708203937773214,1.0,-0.7071067811865477,0.7071067811865474,0.39435585511331855,0.9189578116202306,-1.0,-1.8369701987210297e-16,0.0,1.0
21.0,2.0,9.0,0.0,0.0,-1.2298373876248982,-0.6708203937773214,1.0,-0.7071067811865477,0.7071067811865474,0.39435585511331855,0.9189578116202306,-1.0,-1.8369701987210297e-16,0.0,1.0
21.0,2.0,9.0,0.0,0.0,-1.118033988749891,-0.6708203937773214,1.0,-0.7071067811865477,0.7071067811865474,0.39435585511331855,0.9189578116202306,-1.0,-1.8369701987210297e-16,0.0,1.0
21.0,2.0,9.0,0.0,0.0,-1.0062305898749215,-0.6708203937773214,1.0,-0.7071067811865477,0.7071067811865474,0.39435585511331855,0.9189578116202306,-1.0,-1.8369701987210297e-16,0.0,1.0
21.0,2.0,9.0,0.0,0.0,-0.8944271909999142,-0.6708203937773214,1.0,-0.7071067811865477,0.7071067811865474,0.39435585511331855,0.9189578116202306,-1.0,-1.8369701987210297e-16,0.0,1.0
21.0,2.0,9.0,0.0,0.0,-0.7826237921249071,-0.6708203937773214,1.0,-0.7071067811865477,0.7071067811865474,0.39435585511331855,0.9189578116202306,-1.0,-1.8369701987210297e-16,0.0,1.0
21.0,2.0,9.0,0.0,0.0,-0.6708203932499375,-0.6708203937773214,1.0,-0.7071067811865477,0.7071067811865474,0.39435585511331855,0.9189578116202306,-1.0,-1.8369701987210297e-16,0.0,1.0
21.0,2.0,9.0,0.0,0.0,-0.5590169943749304,-0.6708203937773214,1.0,-0.7071067811865477,0.7071067811865474,0.39435585511331855,0.9189578116202306,-1.0,-1.8369701987210297e-16,0.0,1.0
21.0,2.0,9.0,0.0,0.0,-0.44721359549996076,-0.6708203937773214,1.0,-0.7071067811865477,0.7071067811865474,0.39435585511331855,0.9189578116202306,-1.0,-1.8369701987210297e-16,0.0,1.0
21.0,2.0,9.0,0.0,0.0,-0.3354101966249536,-0.6708203937773214,1.0,-0.7071067811865477,0.7071067811865474,0.39435585511331855,0.9189578116202306,-1.0,-1.8369701987210297e-16,0.0,1.0
21.0,2.0,9.0,0.0,0.0,-0.22360679774998402,-0.6708203937773214,1.0,-0.7071067811865477,0.7071067811865474,0.39435585511331855,0.9189578116202306,-1.0,-1.8369701987210297e-16,0.0,1.0
21.0,2.0,9.0,0.0,0.0,-0.11180339887497684,-0.6708203937773214,1.0,-0.7071067811865477,0.7071067811865474,0.39435585511331855,0.9189578116202306,-1.0,-1.8369701987210297e-16,0.0,1.0
21.0,2.0,9.0,0.0,0.0,-7.286817571146605e-15,-0.6708203937773214,1.0,-0.7071067811865477,0.7071067811865474,0.39435585511331855,0.9189578116202306,-1.0,-1.8369701987210297e-16,0.0,1.0
21.0,2.0,9.0,0.0,0.0,0.11180339887499989,-0.6708203937773214,1.0,-0.7071067811865477,0.7071067811865474,0.39435585511331855,0.9189578116202306,-1.0,-1.8369701987210297e-16,0.0,1.0
21.0,2.0,9.0,0.0,0.0,0.22360679774996944,-0.6708203937773214,1.0,-0.7071067811865477,0.7071067811865474,0.39435585511331855,0.9189578116202306,-1.0,-1.8369701987210297e-16,0.0,1.0
21.0,2.0,9.0,0.0,0.0,0.3354101966249766,-0.6708203937773214,1.0,-0.7071067811865477,0.7071067811865474,0.39435585511331855,0.9189578116202306,-1.0,-1.8369701987210297e-16,0.0,1.0
21.0,2.0,9.0,0.0,0.0,0.44721359549994616,-0.6708203937773214,1.0,-0.7071067811865477,0.7071067811865474,0.39435585511331855,0.9189578116202306,-1.0,-1.8369701987210297e-16,0.0,1.0
21.0,2.0,9.0,0.0,0.0,0.5590169943749533,-0.6708203937773214,1.0,-0.7071067811865477,0.7071067811865474,0.39435585511331855,0.9189578116202306,-1.0,-1.8369701987210297e-16,0.0,1.0
21.0,2.0,9.0,0.0,0.0,0.6708203932499229,-0.6708203937773214,1.0,-0.7071067811865477,0.7071067811865474,0.39435585511331855,0.9189578116202306,-1.0,-1.8369701987210297e-16,0.0,1.0
21.0,2.0,9.0,0.0,0.0,0.78262379212493,-0.6708203937773214,1.0,-0.7071067811865477,0.7071067811865474,0.39435585511331855,0.9189578116202306,-1.0,-1.8369701987210297e-16,0.0,1.0
21.0,2.0,9.0,0.0,0.0,0.8944271909998996,-0.6708203937773214,1.0,-0.7071067811865477,0.7071067811865474,0.39435585511331855,0.9189578116202306,-1.0,-1.8369701987210297e-16,0.0,1.0
21.0,2.0,9.0,0.0,0.0,1.0062305898749069,-0.6708203937773214,1.0,-0.7071067811865477,0.7071067811865474,0.39435585511331855,0.9189578116202306,-1.0,-1.8369701987210297e-16,0.0,1.0
21.0,2.0,9.0,0.0,0.0,1.1180339887498765,-0.6708203937773214,1.0,-0.7071067811865477,0.7071067811865474,0.39435585511331855,0.9189578116202306,-1.0,-1.8369701987210297e-16,0.0,1.0
21.0,2.0,9.0,0.0,0.0,1.2298373876248836,-0.6708203937773214,1.0,-0.7071067811865477,0.7071067811865474,0.39435585511331855,0.9189578116202306,-1.0,-1.8369701987210297e-16,0.0,1.0
21.0,2.0,9.0,0.0,0.0,1.3416407864998907,-0.6708203937773214,1.0,-0.7071067811865477,0.7071067811865474,0.39435585511331855,0.9189578116202306,-1.0,-1.8369701987210297e-16,0.0,1.0
21.0,2.0,9.0,0.0,0.0,1.4534441853748603,-0.6708203937773214,1.0,-0.7071067811865477,0.7071067811865474,0.39435585511331855,0.9189578116202306,-1.0,-1.8369701987210297e-16,0.0,1.0
21.0,2.0,9.0,0.0,0.0,1.5652475842498674,-0.6708203937773214,1.0,-0.7071067811865477,0.7071067811865474,0.39435585511331855,0.9189578116202306,-1.0,-1.8369701987210297e-16,0.0,1.0
21.0,2.0,9.0,0.0,0.0,1.677050983124837,-0.6708203937773214,1.0,-0.7071067811865477,0.7071067811865474,0.39435585511331855,0.9189578116202306,-1.0,-1.8369701987210297e-16,0.0,1.0
21.0,2.0,9.0,0.0,0.0,-1.6770509831248515,-0.5590169730161461,1.0,-0.7071067811865477,0.7071067811865474,0.39435585511331855,0.9189578116202306,-1.0,-1.8369701987210297e-16,0.0,1.0
21.0,2.0,9.0,0.0,0.0,-1.5652475842498443,-0.5590169730161461,1.0,-0.7071067811865477,0.7071067811865474,0.39435585511331855,0.9189578116202306,-1.0,-1.8369701987210297e-16,0.0,1.0
21.0,2.0,9.0,0.0,0.0,-1.4534441853748747,-0.5590169730161461,1.0,-0.7071067811865477,0.7071067811865474,0.39435585511331855,0.9189578116202306,-1.0,-1.8369701987210297e-16,0.0,1.0
21.0,2.0,9.0,0.0,0.0,-1.3416407864998676,-0.5590169730161461,1.0,-0.7071067811865477,0.7071067811865474,0.39435585511331855,0.9189578116202306,-1.0,-1.8369701987210297e-16,0.0,1.0
21.0,2.0,9.0,0.0,0.0,-1.2298373876248982,-0.5590169730161461,1.0,-0.7071067811865477,0.7071067811865474,0.39435585511331855,0.9189578116202306,-1.0,-1.8369701987210297e-16,0.0,1.0
21.0,2.0,9.0,0.0,0.0,-1.118033988749891,-0.5590169730161461,1.0,-0.7071067811865477,0.7071067811865474,0.39435585511331855,0.9189578116202306,-1.0,-1.8369701987210297e-16,0.0,1.0
21.0,2.0,9.0,0.0,0.0,-1.0062305898749215,-0.5590169730161461,1.0,-0.7071067811865477,0.7071067811865474,0.39435585511331855,0.9189578116202306,-1.0,-1.8369701987210297e-16,0.0,1.0
21.0,2.0,9.0,0.0,0.0,-0.8944271909999142,-0.5590169730161461,1.0,-0.7071067811865477,0.7071067811865474,0.39435585511331855,0.9189578116202306,-1.0,-1.8369701987210297e-16,0.0,1.0
21.0,2.0,9.0,0.0,0.0,-0.7826237921249071,-0.5590169730161461,1.0,-0.7071067811865477,0.7071067811865474,0.39435585511331855,0.9189578116202306,-1.0,-1.8369701987210297e-16,0.0,1.0
21.0,2.0,9.0,0.0,0.0,-0.6708203932499375,-0.5590169730161461,1.0,-0.7071067811865477,0.7071067811865474,0.39435585511331855,0.9189578116202306,-1.0,-1.8369701987210297e-16,0.0,1.0
21.0,2.0,9.0,0.0,0.0,-0.5590169943749304,-0.5590169730161461,1.0,-0.7071067811865477,0.7071067811865474,0.39435585511331855,0.9189578116202306,-1.0,-1.8369701987210297e-16,0.0,1.0
21.0,2.0,9.0,0.0,0.0,-0.44721359549996076,-0.5590169730161461,1.0,-0.7071067811865477,0.7071067811865474,0.39435585511331855,0.9189578116202306,-1.0,-1.8369701987210297e-16,0.0,1.0
21.0,2.0,9.0,0.0,0.0,-0.3354101966249536,-0.5590169730161461,1.0,-0.7071067811865477,0.7071067811865474,0.39435585511331855,0.9189578116202306,-1.0,-1.8369701987210297e-16,0.0,1.0
21.0,2.0,9.0,0.0,0.0,-0.22360679774998402,-0.5590169730161461,1.0,-0.7071067811865477,0.7071067811865474,0.39435585511331855,0.9189578116202306,-1.0,-1.8369701987210297e-16,0.0,1.0
21.0,2.0,9.0,0.0,0.0,-0.11180339887497684,-0.5590169730161461,1.0,-0.7071067811865477,0.7071067811865474,0.39435585511331855,0.9189578116202306,-1.0,-1.8369701987210297e-16,0.0,1.0
21.0,2.0,9.0,0.0,0.0,-7.286817571146605e-15,-0.5590169730161461,1.0,-0.7071067811865477,0.7071067811865474,0.39435585511331855,0.9189578116202306,-1.0,-1.8369701987210297e-16,0.0,1.0
21.0,2.0,9.0,0.0,0.0,0.11180339887499989,-0.5590169730161461,1.0,-0.7071067811865477,0.7071067811865474,0.39435585511331855,0.9189578116202306,-1.0,-1.8369701987210297e-16,0.0,1.0
21.0,2.0,9.0,0.0,0.0,0.22360679774996944,-0.5590169730161461,1.0,-0.7071067811865477,0.7071067811865474,0.39435585511331855,0.9189578116202306,-1.0,-1.8369701987210297e-16,0.0,1.0
21.0,2.0,9.0,0.0,0.0,0.3354101966249766,-0.5590169730161461,1.0,-0.7071067811865477,0.7071067811865474,0.39435585511331855,0.9189578116202306,-1.0,-1.8369701987210297e-16,0.0,1.0
21.0,2.0,9.0,0.0,0.0,0.44721359549994616,-0.5590169730161461,1.0,-0.7071067811865477,0.7071067811865474,0.39435585511331855,0.9189578116202306,-1.0,-1.8369701987210297e-16,0.0,1.0
21.0,2.0,9.0,0.0,0.0,0.5590169943749533,-0.5590169730161461,1.0,-0.7071067811865477,0.7071067811865474,0.39435585511331855,0.9189578116202306,-1.0,-1.8369701987210297e-16,0.0,1.0
21.0,2.0,9.0,0.0,0.0,0.6708203932499229,-0.5590169730161461,1.0,-0.7071067811865477,0.7071067811865474,0.39435585511331855,0.9189578116202306,-1.0,-1.8369701987210297e-16,0.0,1.0
21.0,2.0,9.0,0.0,0.0,0.78262379212493,-0.5590169730161461,1.0,-0.7071067811865477,0.7071067811865474,0.39435585511331855,0.9189578116202306,-1.0,-1.8369701987210297e-16,0.0,1.0
21.0,2.0,9.0,0.0,0.0,0.8944271909998996,-0.5590169730161461,1.0,-0.7071067811865477,0.7071067811865474,0.39435585511331855,0.9189578116202306,-1.0,-1.8369701987210297e-16,0.0,1.0
21.0,2.0,9.0,0.0,0.0,1.0062305898749069,-0.5590169730161461,1.0,-0.7071067811865477,0.7071067811865474,0.39435585511331855,0.9189578116202306,-1.0,-1.8369701987210297e-16,0.0,1.0
21.0,2.0,9.0,0.0,0.0,1.1180339887498765,-0.5590169730161461,1.0,-0.7071067811865477,0.7071067811865474,0.39435585511331855,0.9189578116202306,-1.0,-1.8369701987210297e-16,0.0,1.0
21.0,2.0,9.0,0.0,0.0,1.2298373876248836,-0.5590169730161461,1.0,-0.7071067811865477,0.7071067811865474,0.39435585511331855,0.9189578116202306,-1.0,-1.8369701987210297e-16,0.0,1.0
21.0,2.0,9.0,0.0,0.0,1.3416407864998907,-0.5590169730161461,1.0,-0.7071067811865477,0.7071067811865474,0.39435585511331855,0.9189578116202306,-1.0,-1.8369701987210297e-16,0.0,1.0
21.0,2.0,9.0,0.0,0.0,1.4534441853748603,-0.5590169730161461,1.0,-0.7071067811865477,0.7071067811865474,0.39435585511331855,0.9189578116202306,-1.0,-1.8369701987210297e-16,0.0,1.0
21.0,2.0,9.0,0.0,0.0,1.5652475842498674,-0.5590169730161461,1.0,-0.7071067811865477,0.7071067811865474,0.39435585511331855,0.9189578116202306,-1.0,-1.8369701987210297e-16,0.0,1.0
21.0,2.0,9.0,0.0,0.0,1.677050983124837,-0.5590169730161461,1.0,-0.7071067811865477,0.7071067811865474,0.39435585511331855,0.9189578116202306,-1.0,-1.8369701987210297e-16,0.0,1.0
21.0,2.0,9.0,0.0,0.0,-1.6770509831248515,-0.44721361764978196,1.0,-0.7071067811865477,0.7071067811865474,0.39435585511331855,0.9189578116202306,-1.0,-1.8369701987210297e-16,0.0,1.0
21.0,2.0,9.0,0.0,0.0,-1.5652475842498443,-0.44721361764978196,1.0,-0.7071067811865477,0.7071067811865474,0.39435585511331855,0.9189578116202306,-1.0,-1.8369701987210297e-16,0.0,1.0
21.0,2.0,9.0,0.0,0.0,-1.4534441853748747,-0.44721361764978196,1.0,-0.7071067811865477,0.7071067811865474,0.39435585511331855,0.9189578116202306,-1.0,-1.8369701987210297e-16,0.0,1.0
21.0,2.0,9.0,0.0,0.0,-1.3416407864998676,-0.44721361764978196,1.0,-0.7071067811865477,0.7071067811865474,0.39435585511331855,0.9189578116202306,-1.0,-1.8369701987210297e-16,0.0,1.0
21.0,2.0,9.0,0.0,0.0,-1.2298373876248982,-0.44721361764978196,1.0,-0.7071067811865477,0.7071067811865474,0.39435585511331855,0.9189578116202306,-1.0,-1.8369701987210297e-16,0.0,1.0
21.0,2.0,9.0,0.0,0.0,-1.118033988749891,-0.44721361764978196,1.0,-0.7071067811865477,0.7071067811865474,0.39435585511331855,0.9189578116202306,-1.0,-1.8369701987210297e-16,0.0,1.0
21.0,2.0,9.0,0.0,0.0,-1.0062305898749215,-0.44721361764978196,1.0,-0.7071067811865477,0.7071067811865474,0.39435585511331855,0.9189578116202306,-1.0,-1.8369701987210297e-16,0.0,1.0
21.0,2.0,9.0,0.0,0.0,-0.8944271909999142,-0.44721361764978196,1.0,-0.7071067811865477,0.7071067811865474,0.39435585511331855,0.9189578116202306,-1.0,-1.8369701987210297e-16,0.0,1.0
21.0,2.0,9.0,0.0,0.0,-0.7826237921249071,-0.44721361764978196,1.0,-0.7071067811865477,0.7071067811865474,0.39435585511331855,0.9189578116202306,-1.0,-1.8369701987210297e-16,0.0,1.0
21.0,2.0,9.0,0.0,0.0,-0.6708203932499375,-0.44721361764978196,1.0,-0.7071067811865477,0.7071067811865474,0.39435585511331855,0.9189578116202306,-1.0,-1.8369701987210297e-16,0.0,1.0
21.0,2.0,9.0,0.0,0.0,-0.5590169943749304,-0.44721361764978196,1.0,-0.7071067811865477,0.7071067811865474,0.39435585511331855,0.9189578116202306,-1.0,-1.8369701987210297e-16,0.0,1.0
21.0,2.0,9.0,0.0,0.0,-0.44721359549996076,-0.44721361764978196,1.0,-0.7071067811865477,0.7071067811865474,0.39435585511331855,0.9189578116202306,-1.0,-1.8369701987210297e-16,0.0,1.0
21.0,2.0,9.0,0.0,0.0,-0.3354101966249536,-0.44721361764978196,1.0,-0.7071067811865477,0.7071067811865474,0.39435585511331855,0.9189578116202306,-1.0,-1.8369701987210297e-16,0.0,1.0
21.0,2.0,9.0,0.0,0.0,-0.22360679774998402,-0.44721361764978196,1.0,-0.7071067811865477,0.7071067811865474,0.39435585511331855,0.9189578116202306,-1.0,-1.8369701987210297e-16,0.0,1.0
21.0,2.0,9.0,0.0,0.0,-0.11180339887497684,-0.44721361764978196,1.0,-0.7071067811865477,0.7071067811865474,0.39435585511331855,0.9189578116202306,-1.0,-1.8369701987210297e-16,0.0,1.0
21.0,2.0,9.0,0.0,0.0,-7.286817571146605e-15,-0.44721361764978196,1.0,-0.7071067811865477,0.7071067811865474,0.39435585511331855,0.9189578116202306,-1.0,-1.8369701987210297e-16,0.0,1.0
21.0,2.0,9.0,0.0,0.0,0.11180339887499989,-0.44721361764978196,1.0,-0.7071067811865477,0.7071067811865474,0.39435585511331855,0.9189578116202306,-1.0,-1.8369701987210297e-16,0.0,1.0
21.0,2.0,9.0,0.0,0.0,0.22360679774996944,-0.44721361764978196,1.0,-0.7071067811865477,0.7071067811865474,0.39435585511331855,0.9189578116202306,-1.0,-1.8369701987210297e-16,0.0,1.0
21.0,2.0,9.0,0.0,0.0,0.3354101966249766,-0.44721361764978196,1.0,-0.7071067811865477,0.7071067811865474,0.39435585511331855,0.9189578116202306,-1.0,-1.8369701987210297e-16,0.0,1.0
21.0,2.0,9.0,0.0,0.0,0.44721359549994616,-0.44721361764978196,1.0,-0.7071067811865477,0.7071067811865474,0.39435585511331855,0.9189578116202306,-1.0,-1.8369701987210297e-16,0.0,1.0
21.0,2.0,9.0,0.0,0.0,0.5590169943749533,-0.44721361764978196,1.0,-0.7071067811865477,0.7071067811865474,0.39435585511331855,0.9189578116202306,-1.0,-1.8369701987210297e-16,0.0,1.0
21.0,2.0,9.0,0.0,0.0,0.6708203932499229,-0.44721361764978196,1.0,-0.7071067811865477,0.7071067811865474,0.39435585511331855,0.9189578116202306,-1.0,-1.8369701987210297e-16,0.0,1.0
21.0,2.0,9.0,0.0,0.0,0.78262379212493,-0.44721361764978196,1.0,-0.7071067811865477,0.7071067811865474,0.39435585511331855,0.9189578116202306,-1.0,-1.8369701987210297e-16,0.0,1.0
21.0,2.0,9.0,0.0,0.0,0.8944271909998996,-0.44721361764978196,1.0,-0.7071067811865477,0.7071067811865474,0.39435585511331855,0.9189578116202306,-1.0,-1.8369701987210297e-16,0.0,1.0
21.0,2.0,9.0,0.0,0.0,1.0062305898749069,-0.44721361764978196,1.0,-0.7071067811865477,0.7071067811865474,0.39435585511331855,0.9189578116202306,-1.0,-1.8369701987210297e-16,0.0,1.0
21.0,2.0,9.0,0.0,0.0,1.1180339887498765,-0.44721361764978196,1.0,-0.7071067811865477,0.7071067811865474,0.39435585511331855,0.9189578116202306,-1.0,-1.8369701987210297e-16,0.0,1.0
21.0,2.0,9.0,0.0,0.0,1.2298373876248836,-0.44721361764978196,1.0,-0.7071067811865477,0.7071067811865474,0.39435585511331855,0.9189578116202306,-1.0,-1.8369701987210297e-16,0.0,1.0
21.0,2.0,9.0,0.0,0.0,1.3416407864998907,-0.44721361764978196,1.0,-0.7071067811865477,0.7071067811865474,0.39435585511331855,0.9189578116202306,-1.0,-1.8369701987210297e-16,0.0,1.0
21.0,2.0,9.0,0.0,0.0,1.4534441853748603,-0.44721361764978196,1.0,-0.7071067811865477,0.7071067811865474,0.39435585511331855,0.9189578116202306,-1.0,-1.8369701987210297e-16,0.0,1.0
21.0,2.0,9.0,0.0,0.0,1.5652475842498674,-0.44721361764978196,1.0,-0.7071067811865477,0.7071067811865474,0.39435585511331855,0.9189578116202306,-1.0,-1.8369701987210297e-16,0.0,1.0
21.0,2.0,9.0,0.0,0.0,1.677050983124837,-0.44721361764978196,1.0,-0.7071067811865477,0.7071067811865474,0.39435585511331855,0.9189578116202306,-1.0,-1.8369701987210297e-16,0.0,1.0
21.0,2.0,9.0,0.0,0.0,-1.6770509831248515,-0.33541019688869966,1.0,-0.7071067811865477,0.7071067811865474,0.39435585511331855,0.9189578116202306,-1.0,-1.8369701987210297e-16,0.0,1.0
21.0,2.0,9.0,0.0,0.0,-1.5652475842498443,-0.33541019688869966,1.0,-0.7071067811865477,0.7071067811865474,0.39435585511331855,0.9189578116202306,-1.0,-1.8369701987210297e-16,0.0,1.0
21.0,2.0,9.0,0.0,0.0,-1.4534441853748747,-0.33541019688869966,1.0,-0.7071067811865477,0.7071067811865474,0.39435585511331855,0.9189578116202306,-1.0,-1.8369701987210297e-16,0.0,1.0
21.0,2.0,9.0,0.0,0.0,-1.3416407864998676,-0.33541019688869966,1.0,-0.7071067811865477,0.7071067811865474,0.39435585511331855,0.9189578116202306,-1.0,-1.8369701987210297e-16,0.0,1.0
21.0,2.0,9.0,0.0,0.0,-1.2298373876248982,-0.33541019688869966,1.0,-0.7071067811865477,0.7071067811865474,0.39435585511331855,0.9189578116202306,-1.0,-1.8369701987210297e-16,0.0,1.0
21.0,2.0,9.0,0.0,0.0,-1.118033988749891,-0.33541019688869966,1.0,-0.7071067811865477,0.7071067811865474,0.39435585511331855,0.9189578116202306,-1.0,-1.8369701987210297e-16,0.0,1.0
21.0,2.0,9.0,0.0,0.0,-1.0062305898749215,-0.33541019688869966,1.0,-0.7071067811865477,0.7071067811865474,0.39435585511331855,0.9189578116202306,-1.0,-1.8369701987210297e-16,0.0,1.0
21.0,2.0,9.0,0.0,0.0,-0.8944271909999142,-0.33541019688869966,1.0,-0.7071067811865477,0.7071067811865474,0.39435585511331855,0.9189578116202306,-1.0,-1.8369701987210297e-16,0.0,1.0
21.0,2.0,9.0,0.0,0.0,-0.7826237921249071,-0.33541019688869966,1.0,-0.7071067811865477,0.7071067811865474,0.39435585511331855,0.9189578116202306,-1.0,-1.8369701987210297e-16,0.0,1.0
21.0,2.0,9.0,0.0,0.0,-0.6708203932499375,-0.33541019688869966,1.0,-0.7071067811865477,0.7071067811865474,0.39435585511331855,0.9189578116202306,-1.0,-1.8369701987210297e-16,0.0,1.0
21.0,2.0,9.0,0.0,0.0,-0.5590169943749304,-0.33541019688869966,1.0,-0.7071067811865477,0.7071067811865474,0.39435585511331855,0.9189578116202306,-1.0,-1.8369701987210297e-16,0.0,1.0
21.0,2.0,9.0,0.0,0.0,-0.44721359549996076,-0.33541019688869966,1.0,-0.7071067811865477,0.7071067811865474,0.39435585511331855,0.9189578116202306,-1.0,-1.8369701987210297e-16,0.0,1.0
21.0,2.0,9.0,0.0,0.0,-0.3354101966249536,-0.33541019688869966,1.0,-0.7071067811865477,0.7071067811865474,0.39435585511331855,0.9189578116202306,-1.0,-1.8369701987210297e-16,0.0,1.0
21.0,2.0,9.0,0.0,0.0,-0.22360679774998402,-0.33541019688869966,1.0,-0.7071067811865477,0.7071067811865474,0.39435585511331855,0.9189578116202306,-1.0,-1.8369701987210297e-16,0.0,1.0
21.0,2.0,9.0,0.0,0.0,-0.11180339887497684,-0.33541019688869966,1.0,-0.7071067811865477,0.7071067811865474,0.39435585511331855,0.9189578116202306,-1.0,-1.8369701987210297e-16,0.0,1.0
21.0,2.0,9.0,0.0,0.0,-7.286817571146605e-15,-0.33541019688869966,1.0,-0.7071067811865477,0.7071067811865474,0.39435585511331855,0.9189578116202306,-1.0,-1.8369701987210297e-16,0.0,1.0
21.0,2.0,9.0,0.0,0.0,0.11180339887499989,-0.33541019688869966,1.0,-0.7071067811865477,0.7071067811865474,0.39435585511331855,0.9189578116202306,-1.0,-1.8369701987210297e-16,0.0,1.0
21.0,2.0,9.0,0.0,0.0,0.22360679774996944,-0.33541019688869966,1.0,-0.7071067811865477,0.7071067811865474,0.39435585511331855,0.9189578116202306,-1.0,-1.8369701987210297e-16,0.0,1.0
21.0,2.0,9.0,0.0,0.0,0.3354101966249766,-0.33541019688869966,1.0,-0.7071067811865477,0.7071067811865474,0.39435585511331855,0.9189578116202306,-1.0,-1.8369701987210297e-16,0.0,1.0
21.0,2.0,9.0,0.0,0.0,0.44721359549994616,-0.33541019688869966,1.0,-0.7071067811865477,0.7071067811865474,0.39435585511331855,0.9189578116202306,-1.0,-1.8369701987210297e-16,0.0,1.0
21.0,2.0,9.0,0.0,0.0,0.5590169943749533,-0.33541019688869966,1.0,-0.7071067811865477,0.7071067811865474,0.39435585511331855,0.9189578116202306,-1.0,-1.8369701987210297e-16,0.0,1.0
21.0,2.0,9.0,0.0,0.0,0.6708203932499229,-0.33541019688869966,1.0,-0.7071067811865477,0.7071067811865474,0.39435585511331855,0.9189578116202306,-1.0,-1.8369701987210297e-16,0.0,1.0
21.0,2.0,9.0,0.0,0.0,0.78262379212493,-0.33541019688869966,1.0,-0.7071067811865477,0.7071067811865474,0.39435585511331855,0.9189578116202306,-1.0,-1.8369701987210297e-16,0.0,1.0
21.0,2.0,9.0,0.0,0.0,0.8944271909998996,-0.33541019688869966,1.0,-0.7071067811865477,0.7071067811865474,0.39435585511331855,0.9189578116202306,-1.0,-1.8369701987210297e-16,0.0,1.0
21.0,2.0,9.0,0.0,0.0,1.0062305898749069,-0.33541019688869966,1.0,-0.7071067811865477,0.7071067811865474,0.39435585511331855,0.9189578116202306,-1.0,-1.8369701987210297e-16,0.0,1.0
21.0,2.0,9.0,0.0,0.0,1.1180339887498765,-0.33541019688869966,1.0,-0.7071067811865477,0.7071067811865474,0.39435585511331855,0.9189578116202306,-1.0,-1.8369701987210297e-16,0.0,1.0
21.0,2.0,9.0,0.0,0.0,1.2298373876248836,-0.33541019688869966,1.0,-0.7071067811865477,0.7071067811865474,0.39435585511331855,0.9189578116202306,-1.0,-1.8369701987210297e-16,0.0,1.0
21.0,2.0,9.0,0.0,0.0,1.3416407864998907,-0.33541019688869966,1.0,-0.7071067811865477,0.7071067811865474,0.39435585511331855,0.9189578116202306,-1.0,-1.8369701987210297e-16,0.0,1.0
21.0,2.0,9.0,0.0,0.0,1.4534441853748603,-0.33541019688869966,1.0,-0.7071067811865477,0.7071067811865474,0.39435585511331855,0.9189578116202306,-1.0,-1.8369701987210297e-16,0.0,1.0
21.0,2.0,9.0,0.0,0.0,1.5652475842498674,-0.33541019688869966,1.0,-0.7071067811865477,0.7071067811865474,0.39435585511331855,0.9189578116202306,-1.0,-1.8369701987210297e-16,0.0,1.0
21.0,2.0,9.0,0.0,0.0,1.677050983124837,-0.33541019688869966,1.0,-0.7071067811865477,0.7071067811865474,0.39435585511331855,0.9189578116202306,-1.0,-1.8369701987210297e-16,0.0,1.0
21.0,2.0,9.0,0.0,0.0,-1.6770509831248515,-0.22360677612752441,1.0,-0.7071067811865477,0.7071067811865474,0.39435585511331855,0.9189578116202306,-1.0,-1.8369701987210297e-16,0.0,1.0
21.0,2.0,9.0,0.0,0.0,-1.5652475842498443,-0.22360677612752441,1.0,-0.7071067811865477,0.7071067811865474,0.39435585511331855,0.9189578116202306,-1.0,-1.8369701987210297e-16,0.0,1.0
21.0,2.0,9.0,0.0,0.0,-1.4534441853748747,-0.22360677612752441,1.0,-0.7071067811865477,0.7071067811865474,0.39435585511331855,0.9189578116202306,-1.0,-1.8369701987210297e-16,0.0,1.0
21.0,2.0,9.0,0.0,0.0,-1.3416407864998676,-0.22360677612752441,1.0,-0.7071067811865477,0.7071067811865474,0.39435585511331855,0.9189578116202306,-1.0,-1.8369701987210297e-16,0.0,1.0
21.0,2.0,9.0,0.0,0.0,-1.2298373876248982,-0.22360677612752441,1.0,-0.7071067811865477,0.7071067811865474,0.39435585511331855,0.9189578116202306,-1.0,-1.8369701987210297e-16,0.0,1.0
21.0,2.0,9.0,0.0,0.0,-1.118033988749891,-0.22360677612752441,1.0,-0.7071067811865477,0.7071067811865474,0.39435585511331855,0.9189578116202306,-1.0,-1.8369701987210297e-16,0.0,1.0
21.0,2.0,9.0,0.0,0.0,-1.0062305898749215,-0.22360677612752441,1.0,-0.7071067811865477,0.7071067811865474,0.39435585511331855,0.9189578116202306,-1.0,-1.8369701987210297e-16,0.0,1.0
21.0,2.0,9.0,0.0,0.0,-0.8944271909999142,-0.22360677612752441,1.0,-0.7071067811865477,0.7071067811865474,0.39435585511331855,0.9189578116202306,-1.0,-1.8369701987210297e-16,0.0,1.0
21.0,2.0,9.0,0.0,0.0,-0.7826237921249071,-0.22360677612752441,1.0,-0.7071067811865477,0.7071067811865474,0.39435585511331855,0.9189578116202306,-1.0,-1.8369701987210297e-16,0.0,1.0
21.0,2.0,9.0,0.0,0.0,-0.6708203932499375,-0.22360677612752441,1.0,-0.7071067811865477,0.7071067811865474,0.39435585511331855,0.9189578116202306,-1.0,-1.8369701987210297e-16,0.0,1.0
21.0,2.0,9.0,0.0,0.0,-0.5590169943749304,-0.22360677612752441,1.0,-0.7071067811865477,0.7071067811865474,0.39435585511331855,0.9189578116202306,-1.0,-1.8369701987210297e-16,0.0,1.0
21.0,2.0,9.0,0.0,0.0,-0.44721359549996076,-0.22360677612752441,1.0,-0.7071067811865477,0.7071067811865474,0.39435585511331855,0.9189578116202306,-1.0,-1.8369701987210297e-16,0.0,1.0
21.0,2.0,9.0,0.0,0.0,-0.3354101966249536,-0.22360677612752441,1.0,-0.7071067811865477,0.7071067811865474,0.39435585511331855,0.9189578116202306,-1.0,-1.8369701987210297e-16,0.0,1.0
21.0,2.0,9.0,0.0,0.0,-0.22360679774998402,-0.22360677612752441,1.0,-0.7071067811865477,0.7071067811865474,0.39435585511331855,0.9189578116202306,-1.0,-1.8369701987210297e-16,0.0,1.0
21.0,2.0,9.0,0.0,0.0,-0.11180339887497684,-0.22360677612752441,1.0,-0.7071067811865477,0.7071067811865474,0.39435585511331855,0.9189578116202306,-1.0,-1.8369701987210297e-16,0.0,1.0
21.0,2.0,9.0,0.0,0.0,-7.286817571146605e-15,-0.22360677612752441,1.0,-0.7071067811865477,0.7071067811865474,0.39435585511331855,0.9189578116202306,-1.0,-1.8369701987210297e-16,0.0,1.0
21.0,2.0,9.0,0.0,0.0,0.11180339887499989,-0.22360677612752441,1.0,-0.7071067811865477,0.7071067811865474,0.39435585511331855,0.9189578116202306,-1.0,-1.8369701987210297e-16,0.0,1.0
21.0,2.0,9.0,0.0,0.0,0.22360679774996944,-0.22360677612752441,1.0,-0.7071067811865477,0.7071067811865474,0.39435585511331855,0.9189578116202306,-1.0,-1.8369701987210297e-16,0.0,1.0
21.0,2.0,9.0,0.0,0.0,0.3354101966249766,-0.22360677612752441,1.0,-0.7071067811865477,0.7071067811865474,0.39435585511331855,0.9189578116202306,-1.0,-1.8369701987210297e-16,0.0,1.0
21.0,2.0,9.0,0.0,0.0,0.44721359549994616,-0.22360677612752441,1.0,-0.7071067811865477,0.7071067811865474,0.39435585511331855,0.9189578116202306,-1.0,-1.8369701987210297e-16,0.0,1.0
21.0,2.0,9.0,0.0,0.0,0.5590169943749533,-0.22360677612752441,1.0,-0.7071067811865477,0.7071067811865474,0.39435585511331855,0.9189578116202306,-1.0,-1.8369701987210297e-16,0.0,1.0
21.0,2.0,9.0,0.0,0.0,0.6708203932499229,-0.22360677612752441,1.0,-0.7071067811865477,0.7071067811865474,0.39435585511331855,0.9189578116202306,-1.0,-1.8369701987210297e-16,0.0,1.0
21.0,2.0,9.0,0.0,0.0,0.78262379212493,-0.22360677612752441,1.0,-0.7071067811865477,0.7071067811865474,0.39435585511331855,0.9189578116202306,-1.0,-1.8369701987210297e-16,0.0,1.0
21.0,2.0,9.0,0.0,0.0,0.8944271909998996,-0.22360677612752441,1.0,-0.7071067811865477,0.7071067811865474,0.39435585511331855,0.9189578116202306,-1.0,-1.8369701987210297e-16,0.0,1.0
21.0,2.0,9.0,0.0,0.0,1.0062305898749069,-0.22360677612752441,1.0,-0.7071067811865477,0.7071067811865474,0.39435585511331855,0.9189578116202306,-1.0,-1.8369701987210297e-16,0.0,1.0
21.0,2.0,9.0,0.0,0.0,1.1180339887498765,-0.22360677612752441,1.0,-0.7071067811865477,0.7071067811865474,0.39435585511331855,0.9189578116202306,-1.0,-1.8369701987210297e-16,0.0,1.0
21.0,2.0,9.0,0.0,0.0,1.2298373876248836,-0.22360677612752441,1.0,-0.7071067811865477,0.7071067811865474,0.39435585511331855,0.9189578116202306,-1.0,-1.8369701987210297e-16,0.0,1.0
21.0,2.0,9.0,0.0,0.0,1.3416407864998907,-0.22360677612752441,1.0,-0.7071067811865477,0.7071067811865474,0.39435585511331855,0.9189578116202306,-1.0,-1.8369701987210297e-16,0.0,1.0
21.0,2.0,9.0,0.0,0.0,1.4534441853748603,-0.22360677612752441,1.0,-0.7071067811865477,0.7071067811865474,0.39435585511331855,0.9189578116202306,-1.0,-1.8369701987210297e-16,0.0,1.0
21.0,2.0,9.0,0.0,0.0,1.5652475842498674,-0.22360677612752441,1.0,-0.7071067811865477,0.7071067811865474,0.39435585511331855,0.9189578116202306,-1.0,-1.8369701987210297e-16,0.0,1.0
21.0,2.0,9.0,0.0,0.0,1.677050983124837,-0.22360677612752441,1.0,-0.7071067811865477,0.7071067811865474,0.39435585511331855,0.9189578116202306,-1.0,-1.8369701987210297e-16,0.0,1.0
21.0,2.0,9.0,0.0,0.0,-1.6770509831248515,-0.1118034207611603,1.0,-0.7071067811865477,0.7071067811865474,0.39435585511331855,0.9189578116202306,-1.0,-1.8369701987210297e-16,0.0,1.0
21.0,2.0,9.0,0.0,0.0,-1.5652475842498443,-0.1118034207611603,1.0,-0.7071067811865477,0.7071067811865474,0.39435585511331855,0.9189578116202306,-1.0,-1.8369701987210297e-16,0.0,1.0
21.0,2.0,9.0,0.0,0.0,-1.4534441853748747,-0.1118034207611603,1.0,-0.7071067811865477,0.7071067811865474,0.39435585511331855,0.9189578116202306,-1.0,-1.8369701987210297e-16,0.0,1.0
21.0,2.0,9.0,0.0,0.0,-1.3416407864998676,-0.1118034207611603,1.0,-0.7071067811865477,0.7071067811865474,0.39435585511331855,0.9189578116202306,-1.0,-1.8369701987210297e-16,0.0,1.0
21.0,2.0,9.0,0.0,0.0,-1.2298373876248982,-0.1118034207611603,1.0,-0.7071067811865477,0.7071067811865474,0.39435585511331855,0.9189578116202306,-1.0,-1.8369701987210297e-16,0.0,1.0
21.0,2.0,9.0,0.0,0.0,-1.118033988749891,-0.1118034207611603,1.0,-0.7071067811865477,0.7071067811865474,0.39435585511331855,0.9189578116202306,-1.0,-1.8369701987210297e-16,0.0,1.0
21.0,2.0,9.0,0.0,0.0,-1.0062305898749215,-0.1118034207611603,1.0,-0.7071067811865477,0.7071067811865474,0.39435585511331855,0.9189578116202306,-1.0,-1.8369701987210297e-16,0.0,1.0
21.0,2.0,9.0,0.0,0.0,-0.8944271909999142,-0.1118034207611603,1.0,-0.7071067811865477,0.7071067811865474,0.39435585511331855,0.9189578116202306,-1.0,-1.8369701987210297e-16,0.0,1.0
21.0,2.0,9.0,0.0,0.0,-0.7826237921249071,-0.1118034207611603,1.0,-0.7071067811865477,0.7071067811865474,0.39435585511331855,0.9189578116202306,-1.0,-1.8369701987210297e-16,0.0,1.0
21.0,2.0,9.0,0.0,0.0,-0.6708203932499375,-0.1118034207611603,1.0,-0.7071067811865477,0.7071067811865474,0.39435585511331855,0.9189578116202306,-1.0,-1.8369701987210297e-16,0.0,1.0
21.0,2.0,9.0,0.0,0.0,-0.5590169943749304,-0.1118034207611603,1.0,-0.7071067811865477,0.7071067811865474,0.39435585511331855,0.9189578116202306,-1.0,-1.8369701987210297e-16,0.0,1.0
21.0,2.0,9.0,0.0,0.0,-0.44721359549996076,-0.1118034207611603,1.0,-0.7071067811865477,0.7071067811865474,0.39435585511331855,0.9189578116202306,-1.0,-1.8369701987210297e-16,0.0,1.0
21.0,2.0,9.0,0.0,0.0,-0.3354101966249536,-0.1118034207611603,1.0,-0.7071067811865477,0.7071067811865474,0.39435585511331855,0.9189578116202306,-1.0,-1.8369701987210297e-16,0.0,1.0
21.0,2.0,9.0,0.0,0.0,-0.22360679774998402,-0.1118034207611603,1.0,-0.7071067811865477,0.7071067811865474,0.39435585511331855,0.9189578116202306,-1.0,-1.8369701987210297e-16,0.0,1.0
21.0,2.0,9.0,0.0,0.0,-0.11180339887497684,-0.1118034207611603,1.0,-0.7071067811865477,0.7071067811865474,0.39435585511331855,0.9189578116202306,-1.0,-1.8369701987210297e-16,0.0,1.0
21.0,2.0,9.0,0.0,0.0,-7.286817571146605e-15,-0.1118034207611603,1.0,-0.7071067811865477,0.7071067811865474,0.39435585511331855,0.9189578116202306,-1.0,-1.8369701987210297e-16,0.0,1.0
21.0,2.0,9.0,0.0,0.0,0.11180339887499989,-0.1118034207611603,1.0,-0.7071067811865477,0.7071067811865474,0.39435585511331855,0.9189578116202306,-1.0,-1.8369701987210297e-16,0.0,1.0
21.0,2.0,9.0,0.0,0.0,0.22360679774996944,-0.1118034207611603,1.0,-0.7071067811865477,0.7071067811865474,0.39435585511331855,0.9189578116202306,-1.0,-1.8369701987210297e-16,0.0,1.0
21.0,2.0,9.0,0.0,0.0,0.3354101966249766,-0.1118034207611603,1.0,-0.7071067811865477,0.7071067811865474,0.39435585511331855,0.9189578116202306,-1.0,-1.8369701987210297e-16,0.0,1.0
21.0,2.0,9.0,0.0,0.0,0.44721359549994616,-0.1118034207611603,1.0,-0.7071067811865477,0.7071067811865474,0.39435585511331855,0.9189578116202306,-1.0,-1.8369701987210297e-16,0.0,1.0
21.0,2.0,9.0,0.0,0.0,0.5590169943749533,-0.1118034207611603,1.0,-0.7071067811865477,0.7071067811865474,0.39435585511331855,0.9189578116202306,-1.0,-1.8369701987210297e-16,0.0,1.0
21.0,2.0,9.0,0.0,0.0,0.6708203932499229,-0.1118034207611603,1.0,-0.7071067811865477,0.7071067811865474,0.39435585511331855,0.9189578116202306,-1.0,-1.8369701987210297e-16,0.0,1.0
21.0,2.0,9.0,0.0,0.0,0.78262379212493,-0.1118034207611603,1.0,-0.7071067811865477,0.7071067811865474,0.39435585511331855,0.9189578116202306,-1.0,-1.8369701987210297e-16,0.0,1.0
21.0,2.0,9.0,0.0,0.0,0.8944271909998996,-0.1118034207611603,1.0,-0.7071067811865477,0.7071067811865474,0.39435585511331855,0.9189578116202306,-1.0,-1.8369701987210297e-16,0.0,1.0
21.0,2.0,9.0,0.0,0.0,1.0062305898749069,-0.1118034207611603,1.0,-0.7071067811865477,0.7071067811865474,0.39435585511331855,0.9189578116202306,-1.0,-1.8369701987210297e-16,0.0,1.0
21.0,2.0,9.0,0.0,0.0,1.1180339887498765,-0.1118034207611603,1.0,-0.7071067811865477,0.7071067811865474,0.39435585511331855,0.9189578116202306,-1.0,-1.8369701987210297e-16,0.0,1.0
21.0,2.0,9.0,0.0,0.0,1.2298373876248836,-0.1118034207611603,1.0,-0.7071067811865477,0.7071067811865474,0.39435585511331855,0.9189578116202306,-1.0,-1.8369701987210297e-16,0.0,1.0
21.0,2.0,9.0,0.0,0.0,1.3416407864998907,-0.1118034207611603,1.0,-0.7071067811865477,0.7071067811865474,0.39435585511331855,0.9189578116202306,-1.0,-1.8369701987210297e-16,0.0,1.0
21.0,2.0,9.0,0.0,0.0,1.4534441853748603,-0.1118034207611603,1.0,-0.7071067811865477,0.7071067811865474,0.39435585511331855,0.9189578116202306,-1.0,-1.8369701987210297e-16,0.0,1.0
21.0,2.0,9.0,0.0,0.0,1.5652475842498674,-0.1118034207611603,1.0,-0.7071067811865477,0.7071067811865474,0.39435585511331855,0.9189578116202306,-1.0,-1.8369701987210297e-16,0.0,1.0
21.0,2.0,9.0,0.0,0.0,1.677050983124837,-0.1118034207611603,1.0,-0.7071067811865477,0.7071067811865474,0.39435585511331855,0.9189578116202306,-1.0,-1.8369701987210297e-16,0.0,1.0
21.0,2.0,9.0,0.0,0.0,-1.6770509831248515,1.496502078229389e-14,1.0,-0.7071067811865477,0.7071067811865474,0.39435585511331855,0.9189578116202306,-1.0,-1.8369701987210297e-16,0.0,1.0
21.0,2.0,9.0,0.0,0.0,-1.5652475842498443,1.496502078229389e-14,1.0,-0.7071067811865477,0.7071067811865474,0.39435585511331855,0.9189578116202306,-1.0,-1.8369701987210297e-16,0.0,1.0
21.0,2.0,9.0,0.0,0.0,-1.4534441853748747,1.496502078229389e-14,1.0,-0.7071067811865477,0.7071067811865474,0.39435585511331855,0.9189578116202306,-1.0,-1.8369701987210297e-16,0.0,1.0
21.0,2.0,9.0,0.0,0.0,-1.3416407864998676,1.496502078229389e-14,1.0,-0.7071067811865477,0.7071067811865474,0.39435585511331855,0.9189578116202306,-1.0,-1.8369701987210297e-16,0.0,1.0
21.0,2.0,9.0,0.0,0.0,-1.2298373876248982,1.496502078229389e-14,1.0,-0.7071067811865477,0.7071067811865474,0.39435585511331855,0.9189578116202306,-1.0,-1.8369701987210297e-16,0.0,1.0
21.0,2.0,9.0,0.0,0.0,-1.118033988749891,1.496502078229389e-14,1.0,-0.7071067811865477,0.7071067811865474,0.39435585511331855,0.9189578116202306,-1.0,-1.8369701987210297e-16,0.0,1.0
21.0,2.0,9.0,0.0,0.0,-1.0062305898749215,1.496502078229389e-14,1.0,-0.7071067811865477,0.7071067811865474,0.39435585511331855,0.9189578116202306,-1.0,-1.8369701987210297e-16,0.0,1.0
21.0,2.0,9.0,0.0,0.0,-0.8944271909999142,1.496502078229389e-14,1.0,-0.7071067811865477,0.7071067811865474,0.39435585511331855,0.9189578116202306,-1.0,-1.8369701987210297e-16,0.0,1.0
21.0,2.0,9.0,0.0,0.0,-0.7826237921249071,1.496502078229389e-14,1.0,-0.7071067811865477,0.7071067811865474,0.39435585511331855,0.9189578116202306,-1.0,-1.8369701987210297e-16,0.0,1.0
21.0,2.0,9.0,0.0,0.0,-0.6708203932499375,1.496502078229389e-14,1.0,-0.7071067811865477,0.7071067811865474,0.39435585511331855,0.9189578116202306,-1.0,-1.8369701987210297e-16,0.0,1.0
21.0,2.0,9.0,0.0,0.0,-0.5590169943749304,1.496502078229389e-14,1.0,-0.7071067811865477,0.7071067811865474,0.39435585511331855,0.9189578116202306,-1.0,-1.8369701987210297e-16,0.0,1.0
21.0,2.0,9.0,0.0,0.0,-0.44721359549996076,1.496502078229389e-14,1.0,-0.7071067811865477,0.7071067811865474,0.39435585511331855,0.9189578116202306,-1.0,-1.8369701987210297e-16,0.0,1.0
21.0,2.0,9.0,0.0,0.0,-0.3354101966249536,1.496502078229389e-14,1.0,-0.7071067811865477,0.7071067811865474,0.39435585511331855,0.9189578116202306,-1.0,-1.8369701987210297e-16,0.0,1.0
21.0,2.0,9.0,0.0,0.0,-0.22360679774998402,1.496502078229389e-14,1.0,-0.7071067811865477,0.7071067811865474,0.39435585511331855,0.9189578116202306,-1.0,-1.8369701987210297e-16,0.0,1.0
21.0,2.0,9.0,0.0,0.0,-0.11180339887497684,1.496502078229389e-14,1.0,-0.7071067811865477,0.7071067811865474,0.39435585511331855,0.9189578116202306,-1.0,-1.8369701987210297e-16,0.0,1.0
21.0,2.0,9.0,0.0,0.0,-7.286817571146605e-15,1.496502078229389e-14,1.0,-0.7071067811865477,0.7071067811865474,0.39435585511331855,0.9189578116202306,-1.0,-1.8369701987210297e-16,0.0,1.0
21.0,2.0,9.0,0.0,0.0,0.11180339887499989,1.496502078229389e-14,1.0,-0.7071067811865477,0.7071067811865474,0.39435585511331855,0.9189578116202306,-1.0,-1.8369701987210297e-16,0.0,1.0
21.0,2.0,9.0,0.0,0.0,0.22360679774996944,1.496502078229389e-14,1.0,-0.7071067811865477,0.7071067811865474,0.39435585511331855,0.9189578116202306,-1.0,-1.8369701987210297e-16,0.0,1.0
21.0,2.0,9.0,0.0,0.0,0.3354101966249766,1.496502078229389e-14,1.0,-0.7071067811865477,0.7071067811865474,0.39435585511331855,0.9189578116202306,-1.0,-1.8369701987210297e-16,0.0,1.0
21.0,2.0,9.0,0.0,0.0,0.44721359549994616,1.496502078229389e-14,1.0,-0.7071067811865477,0.7071067811865474,0.39435585511331855,0.9189578116202306,-1.0,-1.8369701987210297e-16,0.0,1.0
21.0,2.0,9.0,0.0,0.0,0.5590169943749533,1.496502078229389e-14,1.0,-0.7071067811865477,0.7071067811865474,0.39435585511331855,0.9189578116202306,-1.0,-1.8369701987210297e-16,0.0,1.0
21.0,2.0,9.0,0.0,0.0,0.6708203932499229,1.496502078229389e-14,1.0,-0.7071067811865477,0.7071067811865474,0.39435585511331855,0.9189578116202306,-1.0,-1.8369701987210297e-16,0.0,1.0
21.0,2.0,9.0,0.0,0.0,0.78262379212493,1.496502078229389e-14,1.0,-0.7071067811865477,0.7071067811865474,0.39435585511331855,0.9189578116202306,-1.0,-1.8369701987210297e-16,0.0,1.0
21.0,2.0,9.0,0.0,0.0,0.8944271909998996,1.496502078229389e-14,1.0,-0.7071067811865477,0.7071067811865474,0.39435585511331855,0.9189578116202306,-1.0,-1.8369701987210297e-16,0.0,1.0
21.0,2.0,9.0,0.0,0.0,1.0062305898749069,1.496502078229389e-14,1.0,-0.7071067811865477,0.7071067811865474,0.39435585511331855,0.9189578116202306,-1.0,-1.8369701987210297e-16,0.0,1.0
21.0,2.0,9.0,0.0,0.0,1.1180339887498765,1.496502078229389e-14,1.0,-0.7071067811865477,0.7071067811865474,0.39435585511331855,0.9189578116202306,-1.0,-1.8369701987210297e-16,0.0,1.0
21.0,2.0,9.0,0.0,0.0,1.2298373876248836,1.496502078229389e-14,1.0,-0.7071067811865477,0.7071067811865474,0.39435585511331855,0.9189578116202306,-1.0,-1.8369701987210297e-16,0.0,1.0
21.0,2.0,9.0,0.0,0.0,1.3416407864998907,1.496502078229389e-14,1.0,-0.7071067811865477,0.7071067811865474,0.39435585511331855,0.9189578116202306,-1.0,-1.8369701987210297e-16,0.0,1.0
21.0,2.0,9.0,0.0,0.0,1.4534441853748603,1.496502078229389e-14,1.0,-0.7071067811865477,0.7071067811865474,0.39435585511331855,0.9189578116202306,-1.0,-1.8369701987210297e-16,0.0,1.0
21.0,2.0,9.0,0.0,0.0,1.5652475842498674,1.496502078229389e-14,1.0,-0.7071067811865477,0.7071067811865474,0.39435585511331855,0.9189578116202306,-1.0,-1.8369701987210297e-16,0.0,1.0
21.0,2.0,9.0,0.0,0.0,1.677050983124837,1.496502078229389e-14,1.0,-0.7071067811865477,0.7071067811865474,0.39435585511331855,0.9189578116202306,-1.0,-1.8369701987210297e-16,0.0,1.0
21.0,2.0,9.0,0.0,0.0,-1.6770509831248515,0.11180342076119022,1.0,-0.7071067811865477,0.7071067811865474,0.39435585511331855,0.9189578116202306,-1.0,-1.8369701987210297e-16,0.0,1.0
21.0,2.0,9.0,0.0,0.0,-1.5652475842498443,0.11180342076119022,1.0,-0.7071067811865477,0.7071067811865474,0.39435585511331855,0.9189578116202306,-1.0,-1.8369701987210297e-16,0.0,1.0
21.0,2.0,9.0,0.0,0.0,-1.4534441853748747,0.11180342076119022,1.0,-0.7071067811865477,0.7071067811865474,0.39435585511331855,0.9189578116202306,-1.0,-1.8369701987210297e-16,0.0,1.0
21.0,2.0,9.0,0.0,0.0,-1.3416407864998676,0.11180342076119022,1.0,-0.7071067811865477,0.7071067811865474,0.39435585511331855,0.9189578116202306,-1.0,-1.8369701987210297e-16,0.0,1.0
21.0,2.0,9.0,0.0,0.0,-1.2298373876248982,0.11180342076119022,1.0,-0.7071067811865477,0.7071067811865474,0.39435585511331855,0.9189578116202306,-1.0,-1.8369701987210297e-16,0.0,1.0
21.0,2.0,9.0,0.0,0.0,-1.118033988749891,0.11180342076119022,1.0,-0.7071067811865477,0.7071067811865474,0.39435585511331855,0.9189578116202306,-1.0,-1.8369701987210297e-16,0.0,1.0
21.0,2.0,9.0,0.0,0.0,-1.0062305898749215,0.11180342076119022,1.0,-0.7071067811865477,0.7071067811865474,0.39435585511331855,0.9189578116202306,-1.0,-1.8369701987210297e-16,0.0,1.0
21.0,2.0,9.0,0.0,0.0,-0.8944271909999142,0.11180342076119022,1.0,-0.7071067811865477,0.7071067811865474,0.39435585511331855,0.9189578116202306,-1.0,-1.8369701987210297e-16,0.0,1.0
21.0,2.0,9.0,0.0,0.0,-0.7826237921249071,0.11180342076119022,1.0,-0.7071067811865477,0.7071067811865474,0.39435585511331855,0.9189578116202306,-1.0,-1.8369701987210297e-16,0.0,1.0
21.0,2.0,9.0,0.0,0.0,-0.6708203932499375,0.11180342076119022,1.0,-0.7071067811865477,0.7071067811865474,0.39435585511331855,0.9189578116202306,-1.0,-1.8369701987210297e-16,0.0,1.0
21.0,2.0,9.0,0.0,0.0,-0.5590169943749304,0.11180342076119022,1.0,-0.7071067811865477,0.7071067811865474,0.39435585511331855,0.9189578116202306,-1.0,-1.8369701987210297e-16,0.0,1.0
21.0,2.0,9.0,0.0,0.0,-0.44721359549996076,0.11180342076119022,1.0,-0.7071067811865477,0.7071067811865474,0.39435585511331855,0.9189578116202306,-1.0,-1.8369701987210297e-16,0.0,1.0
21.0,2.0,9.0,0.0,0.0,-0.3354101966249536,0.11180342076119022,1.0,-0.7071067811865477,0.7071067811865474,0.39435585511331855,0.9189578116202306,-1.0,-1.8369701987210297e-16,0.0,1.0
21.0,2.0,9.0,0.0,0.0,-0.22360679774998402,0.11180342076119022,1.0,-0.7071067811865477,0.7071067811865474,0.39435585511331855,0.9189578116202306,-1.0,-1.8369701987210297e-16,0.0,1.0
21.0,2.0,9.0,0.0,0.0,-0.11180339887497684,0.11180342076119022,1.0,-0.7071067811865477,0.7071067811865474,0.39435585511331855,0.9189578116202306,-1.0,-1.8369701987210297e-16,0.0,1.0
21.0,2.0,9.0,0.0,0.0,-7.286817571146605e-15,0.11180342076119022,1.0,-0.7071067811865477,0.7071067811865474,0.39435585511331855,0.9189578116202306,-1.0,-1.8369701987210297e-16,0.0,1.0
21.0,2.0,9.0,0.0,0.0,0.11180339887499989,0.11180342076119022,1.0,-0.7071067811865477,0.7071067811865474,0.39435585511331855,0.9189578116202306,-1.0,-1.8369701987210297e-16,0.0,1.0
21.0,2.0,9.0,0.0,0.0,0.22360679774996944,0.11180342076119022,1.0,-0.7071067811865477,0.7071067811865474,0.39435585511331855,0.9189578116202306,-1.0,-1.8369701987210297e-16,0.0,1.0
21.0,2.0,9.0,0.0,0.0,0.3354101966249766,0.11180342076119022,1.0,-0.7071067811865477,0.7071067811865474,0.39435585511331855,0.9189578116202306,-1.0,-1.8369701987210297e-16,0.0,1.0
21.0,2.0,9.0,0.0,0.0,0.44721359549994616,0.11180342076119022,1.0,-0.7071067811865477,0.7071067811865474,0.39435585511331855,0.9189578116202306,-1.0,-1.8369701987210297e-16,0.0,1.0
21.0,2.0,9.0,0.0,0.0,0.5590169943749533,0.11180342076119022,1.0,-0.7071067811865477,0.7071067811865474,0.39435585511331855,0.9189578116202306,-1.0,-1.8369701987210297e-16,0.0,1.0
21.0,2.0,9.0,0.0,0.0,0.6708203932499229,0.11180342076119022,1.0,-0.7071067811865477,0.7071067811865474,0.39435585511331855,0.9189578116202306,-1.0,-1.8369701987210297e-16,0.0,1.0
21.0,2.0,9.0,0.0,0.0,0.78262379212493,0.11180342076119022,1.0,-0.7071067811865477,0.7071067811865474,0.39435585511331855,0.9189578116202306,-1.0,-1.8369701987210297e-16,0.0,1.0
21.0,2.0,9.0,0.0,0.0,0.8944271909998996,0.11180342076119022,1.0,-0.7071067811865477,0.7071067811865474,0.39435585511331855,0.9189578116202306,-1.0,-1.8369701987210297e-16,0.0,1.0
21.0,2.0,9.0,0.0,0.0,1.0062305898749069,0.11180342076119022,1.0,-0.7071067811865477,0.7071067811865474,0.39435585511331855,0.9189578116202306,-1.0,-1.8369701987210297e-16,0.0,1.0
21.0,2.0,9.0,0.0,0.0,1.1180339887498765,0.11180342076119022,1.0,-0.7071067811865477,0.7071067811865474,0.39435585511331855,0.9189578116202306,-1.0,-1.8369701987210297e-16,0.0,1.0
21.0,2.0,9.0,0.0,0.0,1.2298373876248836,0.11180342076119022,1.0,-0.7071067811865477,0.7071067811865474,0.39435585511331855,0.9189578116202306,-1.0,-1.8369701987210297e-16,0.0,1.0
21.0,2.0,9.0,0.0,0.0,1.3416407864998907,0.11180342076119022,1.0,-0.7071067811865477,0.7071067811865474,0.39435585511331855,0.9189578116202306,-1.0,-1.8369701987210297e-16,0.0,1.0
21.0,2.0,9.0,0.0,0.0,1.4534441853748603,0.11180342076119022,1.0,-0.7071067811865477,0.7071067811865474,0.39435585511331855,0.9189578116202306,-1.0,-1.8369701987210297e-16,0.0,1.0
21.0,2.0,9.0,0.0,0.0,1.5652475842498674,0.11180342076119022,1.0,-0.7071067811865477,0.7071067811865474,0.39435585511331855,0.9189578116202306,-1.0,-1.8369701987210297e-16,0.0,1.0
21.0,2.0,9.0,0.0,0.0,1.677050983124837,0.11180342076119022,1.0,-0.7071067811865477,0.7071067811865474,0.39435585511331855,0.9189578116202306,-1.0,-1.8369701987210297e-16,0.0,1.0
21.0,2.0,9.0,0.0,0.0,-1.6770509831248515,0.2236067761274614,1.0,-0.7071067811865477,0.7071067811865474,0.39435585511331855,0.9189578116202306,-1.0,-1.8369701987210297e-16,0.0,1.0
21.0,2.0,9.0,0.0,0.0,-1.5652475842498443,0.2236067761274614,1.0,-0.7071067811865477,0.7071067811865474,0.39435585511331855,0.9189578116202306,-1.0,-1.8369701987210297e-16,0.0,1.0
21.0,2.0,9.0,0.0,0.0,-1.4534441853748747,0.2236067761274614,1.0,-0.7071067811865477,0.7071067811865474,0.39435585511331855,0.9189578116202306,-1.0,-1.8369701987210297e-16,0.0,1.0
21.0,2.0,9.0,0.0,0.0,-1.3416407864998676,0.2236067761274614,1.0,-0.7071067811865477,0.7071067811865474,0.39435585511331855,0.9189578116202306,-1.0,-1.8369701987210297e-16,0.0,1.0
21.0,2.0,9.0,0.0,0.0,-1.2298373876248982,0.2236067761274614,1.0,-0.7071067811865477,0.7071067811865474,0.39435585511331855,0.9189578116202306,-1.0,-1.8369701987210297e-16,0.0,1.0
21.0,2.0,9.0,0.0,0.0,-1.118033988749891,0.2236067761274614,1.0,-0.7071067811865477,0.7071067811865474,0.39435585511331855,0.9189578116202306,-1.0,-1.8369701987210297e-16,0.0,1.0
21.0,2.0,9.0,0.0,0.0,-1.0062305898749215,0.2236067761274614,1.0,-0.7071067811865477,0.7071067811865474,0.39435585511331855,0.9189578116202306,-1.0,-1.8369701987210297e-16,0.0,1.0
21.0,2.0,9.0,0.0,0.0,-0.8944271909999142,0.2236067761274614,1.0,-0.7071067811865477,0.7071067811865474,0.39435585511331855,0.9189578116202306,-1.0,-1.8369701987210297e-16,0.0,1.0
21.0,2.0,9.0,0.0,0.0,-0.7826237921249071,0.2236067761274614,1.0,-0.7071067811865477,0.7071067811865474,0.39435585511331855,0.9189578116202306,-1.0,-1.8369701987210297e-16,0.0,1.0
21.0,2.0,9.0,0.0,0.0,-0.6708203932499375,0.2236067761274614,1.0,-0.7071067811865477,0.7071067811865474,0.39435585511331855,0.9189578116202306,-1.0,-1.8369701987210297e-16,0.0,1.0
21.0,2.0,9.0,0.0,0.0,-0.5590169943749304,0.2236067761274614,1.0,-0.7071067811865477,0.7071067811865474,0.39435585511331855,0.9189578116202306,-1.0,-1.8369701987210297e-16,0.0,1.0
21.0,2.0,9.0,0.0,0.0,-0.44721359549996076,0.2236067761274614,1.0,-0.7071067811865477,0.7071067811865474,0.39435585511331855,0.9189578116202306,-1.0,-1.8369701987210297e-16,0.0,1.0
21.0,2.0,9.0,0.0,0.0,-0.3354101966249536,0.2236067761274614,1.0,-0.7071067811865477,0.7071067811865474,0.39435585511331855,0.9189578116202306,-1.0,-1.8369701987210297e-16,0.0,1.0
21.0,2.0,9.0,0.0,0.0,-0.22360679774998402,0.2236067761274614,1.0,-0.7071067811865477,0.7071067811865474,0.39435585511331855,0.9189578116202306,-1.0,-1.8369701987210297e-16,0.0,1.0
21.0,2.0,9.0,0.0,0.0,-0.11180339887497684,0.2236067761274614,1.0,-0.7071067811865477,0.7071067811865474,0.39435585511331855,0.9189578116202306,-1.0,-1.8369701987210297e-16,0.0,1.0
21.0,2.0,9.0,0.0,0.0,-7.286817571146605e-15,0.2236067761274614,1.0,-0.7071067811865477,0.7071067811865474,0.39435585511331855,0.9189578116202306,-1.0,-1.8369701987210297e-16,0.0,1.0
21.0,2.0,9.0,0.0,0.0,0.11180339887499989,0.2236067761274614,1.0,-0.7071067811865477,0.7071067811865474,0.39435585511331855,0.9189578116202306,-1.0,-1.8369701987210297e-16,0.0,1.0
21.0,2.0,9.0,0.0,0.0,0.22360679774996944,0.2236067761274614,1.0,-0.7071067811865477,0.7071067811865474,0.39435585511331855,0.9189578116202306,-1.0,-1.8369701987210297e-16,0.0,1.0
21.0,2.0,9.0,0.0,0.0,0.3354101966249766,0.2236067761274614,1.0,-0.7071067811865477,0.7071067811865474,0.39435585511331855,0.9189578116202306,-1.0,-1.8369701987210297e-16,0.0,1.0
21.0,2.0,9.0,0.0,0.0,0.44721359549994616,0.2236067761274614,1.0,-0.7071067811865477,0.7071067811865474,0.39435585511331855,0.9189578116202306,-1.0,-1.8369701987210297e-16,0.0,1.0
21.0,2.0,9.0,0.0,0.0,0.5590169943749533,0.2236067761274614,1.0,-0.7071067811865477,0.7071067811865474,0.39435585511331855,0.9189578116202306,-1.0,-1.8369701987210297e-16,0.0,1.0
21.0,2.0,9.0,0.0,0.0,0.6708203932499229,0.2236067761274614,1.0,-0.7071067811865477,0.7071067811865474,0.39435585511331855,0.9189578116202306,-1.0,-1.8369701987210297e-16,0.0,1.0
21.0,2.0,9.0,0.0,0.0,0.78262379212493,0.2236067761274614,1.0,-0.7071067811865477,0.7071067811865474,0.39435585511331855,0.9189578116202306,-1.0,-1.8369701987210297e-16,0.0,1.0
21.0,2.0,9.0,0.0,0.0,0.8944271909998996,0.2236067761274614,1.0,-0.7071067811865477,0.7071067811865474,0.39435585511331855,0.9189578116202306,-1.0,-1.8369701987210297e-16,0.0,1.0
21.0,2.0,9.0,0.0,0.0,1.0062305898749069,0.2236067761274614,1.0,-0.7071067811865477,0.7071067811865474,0.39435585511331855,0.9189578116202306,-1.0,-1.8369701987210297e-16,0.0,1.0
21.0,2.0,9.0,0.0,0.0,1.1180339887498765,0.2236067761274614,1.0,-0.7071067811865477,0.7071067811865474,0.39435585511331855,0.9189578116202306,-1.0,-1.8369701987210297e-16,0.0,1.0
21.0,2.0,9.0,0.0,0.0,1.2298373876248836,0.2236067761274614,1.0,-0.7071067811865477,0.7071067811865474,0.39435585511331855,0.9189578116202306,-1.0,-1.8369701987210297e-16,0.0,1.0
21.0,2.0,9.0,0.0,0.0,1.3416407864998907,0.2236067761274614,1.0,-0.7071067811865477,0.7071067811865474,0.39435585511331855,0.9189578116202306,-1.0,-1.8369701987210297e-16,0.0,1.0
21.0,2.0,9.0,0.0,0.0,1.4534441853748603,0.2236067761274614,1.0,-0.7071067811865477,0.7071067811865474,0.39435585511331855,0.9189578116202306,-1.0,-1.8369701987210297e-16,0.0,1.0
21.0,2.0,9.0,0.0,0.0,1.5652475842498674,0.2236067761274614,1.0,-0.7071067811865477,0.7071067811865474,0.39435585511331855,0.9189578116202306,-1.0,-1.8369701987210297e-16,0.0,1.0
21.0,2.0,9.0,0.0,0.0,1.677050983124837,0.2236067761274614,1.0,-0.7071067811865477,0.7071067811865474,0.39435585511331855,0.9189578116202306,-1.0,-1.8369701987210297e-16,0.0,1.0
21.0,2.0,9.0,0.0,0.0,-1.6770509831248515,0.3354101968886367,1.0,-0.7071067811865477,0.7071067811865474,0.39435585511331855,0.9189578116202306,-1.0,-1.8369701987210297e-16,0.0,1.0
21.0,2.0,9.0,0.0,0.0,-1.5652475842498443,0.3354101968886367,1.0,-0.7071067811865477,0.7071067811865474,0.39435585511331855,0.9189578116202306,-1.0,-1.8369701987210297e-16,0.0,1.0
21.0,2.0,9.0,0.0,0.0,-1.4534441853748747,0.3354101968886367,1.0,-0.7071067811865477,0.7071067811865474,0.39435585511331855,0.9189578116202306,-1.0,-1.8369701987210297e-16,0.0,1.0
21.0,2.0,9.0,0.0,0.0,-1.3416407864998676,0.3354101968886367,1.0,-0.7071067811865477,0.7071067811865474,0.39435585511331855,0.9189578116202306,-1.0,-1.8369701987210297e-16,0.0,1.0
21.0,2.0,9.0,0.0,0.0,-1.2298373876248982,0.3354101968886367,1.0,-0.7071067811865477,0.7071067811865474,0.39435585511331855,0.9189578116202306,-1.0,-1.8369701987210297e-16,0.0,1.0
21.0,2.0,9.0,0.0,0.0,-1.118033988749891,0.3354101968886367,1.0,-0.7071067811865477,0.7071067811865474,0.39435585511331855,0.9189578116202306,-1.0,-1.8369701987210297e-16,0.0,1.0
21.0,2.0,9.0,0.0,0.0,-1.0062305898749215,0.3354101968886367,1.0,-0.7071067811865477,0.7071067811865474,0.39435585511331855,0.9189578116202306,-1.0,-1.8369701987210297e-16,0.0,1.0
21.0,2.0,9.0,0.0,0.0,-0.8944271909999142,0.3354101968886367,1.0,-0.7071067811865477,0.7071067811865474,0.39435585511331855,0.9189578116202306,-1.0,-1.8369701987210297e-16,0.0,1.0
21.0,2.0,9.0,0.0,0.0,-0.7826237921249071,0.3354101968886367,1.0,-0.7071067811865477,0.7071067811865474,0.39435585511331855,0.9189578116202306,-1.0,-1.8369701987210297e-16,0.0,1.0
21.0,2.0,9.0,0.0,0.0,-0.6708203932499375,0.3354101968886367,1.0,-0.7071067811865477,0.7071067811865474,0.39435585511331855,0.9189578116202306,-1.0,-1.8369701987210297e-16,0.0,1.0
21.0,2.0,9.0,0.0,0.0,-0.5590169943749304,0.3354101968886367,1.0,-0.7071067811865477,0.7071067811865474,0.39435585511331855,0.9189578116202306,-1.0,-1.8369701987210297e-16,0.0,1.0
21.0,2.0,9.0,0.0,0.0,-0.44721359549996076,0.3354101968886367,1.0,-0.7071067811865477,0.7071067811865474,0.39435585511331855,0.9189578116202306,-1.0,-1.8369701987210297e-16,0.0,1.0
21.0,2.0,9.0,0.0,0.0,-0.3354101966249536,0.3354101968886367,1.0,-0.7071067811865477,0.7071067811865474,0.39435585511331855,0.9189578116202306,-1.0,-1.8369701987210297e-16,0.0,1.0
21.0,2.0,9.0,0.0,0.0,-0.22360679774998402,0.3354101968886367,1.0,-0.7071067811865477,0.7071067811865474,0.39435585511331855,0.9189578116202306,-1.0,-1.8369701987210297e-16,0.0,1.0
21.0,2.0,9.0,0.0,0.0,-0.11180339887497684,0.3354101968886367,1.0,-0.7071067811865477,0.7071067811865474,0.39435585511331855,0.9189578116202306,-1.0,-1.8369701987210297e-16,0.0,1.0
21.0,2.0,9.0,0.0,0.0,-7.286817571146605e-15,0.3354101968886367,1.0,-0.7071067811865477,0.7071067811865474,0.39435585511331855,0.9189578116202306,-1.0,-1.8369701987210297e-16,0.0,1.0
21.0,2.0,9.0,0.0,0.0,0.11180339887499989,0.3354101968886367,1.0,-0.7071067811865477,0.7071067811865474,0.39435585511331855,0.9189578116202306,-1.0,-1.8369701987210297e-16,0.0,1.0
21.0,2.0,9.0,0.0,0.0,0.22360679774996944,0.3354101968886367,1.0,-0.7071067811865477,0.7071067811865474,0.39435585511331855,0.9189578116202306,-1.0,-1.8369701987210297e-16,0.0,1.0
21.0,2.0,9.0,0.0,0.0,0.3354101966249766,0.3354101968886367,1.0,-0.7071067811865477,0.7071067811865474,0.39435585511331855,0.9189578116202306,-1.0,-1.8369701987210297e-16,0.0,1.0
21.0,2.0,9.0,0.0,0.0,0.44721359549994616,0.3354101968886367,1.0,-0.7071067811865477,0.7071067811865474,0.39435585511331855,0.9189578116202306,-1.0,-1.8369701987210297e-16,0.0,1.0
21.0,2.0,9.0,0.0,0.0,0.5590169943749533,0.3354101968886367,1.0,-0.7071067811865477,0.7071067811865474,0.39435585511331855,0.9189578116202306,-1.0,-1.8369701987210297e-16,0.0,1.0
21.0,2.0,9.0,0.0,0.0,0.6708203932499229,0.3354101968886367,1.0,-0.7071067811865477,0.7071067811865474,0.39435585511331855,0.9189578116202306,-1.0,-1.8369701987210297e-16,0.0,1.0
21.0,2.0,9.0,0.0,0.0,0.78262379212493,0.3354101968886367,1.0,-0.7071067811865477,0.7071067811865474,0.39435585511331855,0.9189578116202306,-1.0,-1.8369701987210297e-16,0.0,1.0
21.0,2.0,9.0,0.0,0.0,0.8944271909998996,0.3354101968886367,1.0,-0.7071067811865477,0.7071067811865474,0.39435585511331855,0.9189578116202306,-1.0,-1.8369701987210297e-16,0.0,1.0
21.0,2.0,9.0,0.0,0.0,1.0062305898749069,0.3354101968886367,1.0,-0.7071067811865477,0.7071067811865474,0.39435585511331855,0.9189578116202306,-1.0,-1.8369701987210297e-16,0.0,1.0
21.0,2.0,9.0,0.0,0.0,1.1180339887498765,0.3354101968886367,1.0,-0.7071067811865477,0.7071067811865474,0.39435585511331855,0.9189578116202306,-1.0,-1.8369701987210297e-16,0.0,1.0
21.0,2.0,9.0,0.0,0.0,1.2298373876248836,0.3354101968886367,1.0,-0.7071067811865477,0.7071067811865474,0.39435585511331855,0.9189578116202306,-1.0,-1.8369701987210297e-16,0.0,1.0
21.0,2.0,9.0,0.0,0.0,1.3416407864998907,0.3354101968886367,1.0,-0.7071067811865477,0.7071067811865474,0.39435585511331855,0.9189578116202306,-1.0,-1.8369701987210297e-16,0.0,1.0
21.0,2.0,9.0,0.0,0.0,1.4534441853748603,0.3354101968886367,1.0,-0.7071067811865477,0.7071067811865474,0.39435585511331855,0.9189578116202306,-1.0,-1.8369701987210297e-16,0.0,1.0
21.0,2.0,9.0,0.0,0.0,1.5652475842498674,0.3354101968886367,1.0,-0.7071067811865477,0.7071067811865474,0.39435585511331855,0.9189578116202306,-1.0,-1.8369701987210297e-16,0.0,1.0
21.0,2.0,9.0,0.0,0.0,1.677050983124837,0.3354101968886367,1.0,-0.7071067811865477,0.7071067811865474,0.39435585511331855,0.9189578116202306,-1.0,-1.8369701987210297e-16,0.0,1.0
21.0,2.0,9.0,0.0,0.0,-1.6770509831248515,0.44721361764981193,1.0,-0.7071067811865477,0.7071067811865474,0.39435585511331855,0.9189578116202306,-1.0,-1.8369701987210297e-16,0.0,1.0
21.0,2.0,9.0,0.0,0.0,-1.5652475842498443,0.44721361764981193,1.0,-0.7071067811865477,0.7071067811865474,0.39435585511331855,0.9189578116202306,-1.0,-1.8369701987210297e-16,0.0,1.0
21.0,2.0,9.0,0.0,0.0,-1.4534441853748747,0.44721361764981193,1.0,-0.7071067811865477,0.7071067811865474,0.39435585511331855,0.9189578116202306,-1.0,-1.8369701987210297e-16,0.0,1.0
21.0,2.0,9.0,0.0,0.0,-1.3416407864998676,0.44721361764981193,1.0,-0.7071067811865477,0.7071067811865474,0.39435585511331855,0.9189578116202306,-1.0,-1.8369701987210297e-16,0.0,1.0
21.0,2.0,9.0,0.0,0.0,-1.2298373876248982,0.44721361764981193,1.0,-0.7071067811865477,0.7071067811865474,0.39435585511331855,0.9189578116202306,-1.0,-1.8369701987210297e-16,0.0,1.0
21.0,2.0,9.0,0.0,0.0,-1.118033988749891,0.44721361764981193,1.0,-0.7071067811865477,0.7071067811865474,0.39435585511331855,0.9189578116202306,-1.0,-1.8369701987210297e-16,0.0,1.0
21.0,2.0,9.0,0.0,0.0,-1.0062305898749215,0.44721361764981193,1.0,-0.7071067811865477,0.7071067811865474,0.39435585511331855,0.9189578116202306,-1.0,-1.8369701987210297e-16,0.0,1.0
21.0,2.0,9.0,0.0,0.0,-0.8944271909999142,0.44721361764981193,1.0,-0.7071067811865477,0.7071067811865474,0.39435585511331855,0.9189578116202306,-1.0,-1.8369701987210297e-16,0.0,1.0
21.0,2.0,9.0,0.0,0.0,-0.7826237921249071,0.44721361764981193,1.0,-0.7071067811865477,0.7071067811865474,0.39435585511331855,0.9189578116202306,-1.0,-1.8369701987210297e-16,0.0,1.0
21.0,2.0,9.0,0.0,0.0,-0.6708203932499375,0.44721361764981193,1.0,-0.7071067811865477,0.7071067811865474,0.39435585511331855,0.9189578116202306,-1.0,-1.8369701987210297e-16,0.0,1.0
21.0,2.0,9.0,0.0,0.0,-0.5590169943749304,0.44721361764981193,1.0,-0.7071067811865477,0.7071067811865474,0.39435585511331855,0.9189578116202306,-1.0,-1.8369701987210297e-16,0.0,1.0
21.0,2.0,9.0,0.0,0.0,-0.44721359549996076,0.44721361764981193,1.0,-0.7071067811865477,0.7071067811865474,0.39435585511331855,0.9189578116202306,-1.0,-1.8369701987210297e-16,0.0,1.0
21.0,2.0,9.0,0.0,0.0,-0.3354101966249536,0.44721361764981193,1.0,-0.7071067811865477,0.7071067811865474,0.39435585511331855,0.9189578116202306,-1.0,-1.8369701987210297e-16,0.0,1.0
21.0,2.0,9.0,0.0,0.0,-0.22360679774998402,0.44721361764981193,1.0,-0.7071067811865477,0.7071067811865474,0.39435585511331855,0.9189578116202306,-1.0,-1.8369701987210297e-16,0.0,1.0
21.0,2.0,9.0,0.0,0.0,-0.11180339887497684,0.44721361764981193,1.0,-0.7071067811865477,0.7071067811865474,0.39435585511331855,0.9189578116202306,-1.0,-1.8369701987210297e-16,0.0,1.0
21.0,2.0,9.0,0.0,0.0,-7.286817571146605e-15,0.44721361764981193,1.0,-0.7071067811865477,0.7071067811865474,0.39435585511331855,0.9189578116202306,-1.0,-1.8369701987210297e-16,0.0,1.0
21.0,2.0,9.0,0.0,0.0,0.11180339887499989,0.44721361764981193,1.0,-0.7071067811865477,0.7071067811865474,0.39435585511331855,0.9189578116202306,-1.0,-1.8369701987210297e-16,0.0,1.0
21.0,2.0,9.0,0.0,0.0,0.22360679774996944,0.44721361764981193,1.0,-0.7071067811865477,0.7071067811865474,0.39435585511331855,0.9189578116202306,-1.0,-1.8369701987210297e-16,0.0,1.0
21.0,2.0,9.0,0.0,0.0,0.3354101966249766,0.44721361764981193,1.0,-0.7071067811865477,0.7071067811865474,0.39435585511331855,0.9189578116202306,-1.0,-1.8369701987210297e-16,0.0,1.0
21.0,2.0,9.0,0.0,0.0,0.44721359549994616,0.44721361764981193,1.0,-0.7071067811865477,0.7071067811865474,0.39435585511331855,0.9189578116202306,-1.0,-1.8369701987210297e-16,0.0,1.0
21.0,2.0,9.0,0.0,0.0,0.5590169943749533,0.44721361764981193,1.0,-0.7071067811865477,0.7071067811865474,0.39435585511331855,0.9189578116202306,-1.0,-1.8369701987210297e-16,0.0,1.0
21.0,2.0,9.0,0.0,0.0,0.6708203932499229,0.44721361764981193,1.0,-0.7071067811865477,0.7071067811865474,0.39435585511331855,0.9189578116202306,-1.0,-1.8369701987210297e-16,0.0,1.0
21.0,2.0,9.0,0.0,0.0,0.78262379212493,0.44721361764981193,1.0,-0.7071067811865477,0.7071067811865474,0.39435585511331855,0.9189578116202306,-1.0,-1.8369701987210297e-16,0.0,1.0
21.0,2.0,9.0,0.0,0.0,0.8944271909998996,0.44721361764981193,1.0,-0.7071067811865477,0.7071067811865474,0.39435585511331855,0.9189578116202306,-1.0,-1.8369701987210297e-16,0.0,1.0
21.0,2.0,9.0,0.0,0.0,1.0062305898749069,0.44721361764981193,1.0,-0.7071067811865477,0.7071067811865474,0.39435585511331855,0.9189578116202306,-1.0,-1.8369701987210297e-16,0.0,1.0
21.0,2.0,9.0,0.0,0.0,1.1180339887498765,0.44721361764981193,1.0,-0.7071067811865477,0.7071067811865474,0.39435585511331855,0.9189578116202306,-1.0,-1.8369701987210297e-16,0.0,1.0
21.0,2.0,9.0,0.0,0.0,1.2298373876248836,0.44721361764981193,1.0,-0.7071067811865477,0.7071067811865474,0.39435585511331855,0.9189578116202306,-1.0,-1.8369701987210297e-16,0.0,1.0
21.0,2.0,9.0,0.0,0.0,1.3416407864998907,0.44721361764981193,1.0,-0.7071067811865477,0.7071067811865474,0.39435585511331855,0.9189578116202306,-1.0,-1.8369701987210297e-16,0.0,1.0
21.0,2.0,9.0,0.0,0.0,1.4534441853748603,0.44721361764981193,1.0,-0.7071067811865477,0.7071067811865474,0.39435585511331855,0.9189578116202306,-1.0,-1.8369701987210297e-16,0.0,1.0
21.0,2.0,9.0,0.0,0.0,1.5652475842498674,0.44721361764981193,1.0,-0.7071067811865477,0.7071067811865474,0.39435585511331855,0.9189578116202306,-1.0,-1.8369701987210297e-16,0.0,1.0
21.0,2.0,9.0,0.0,0.0,1.677050983124837,0.44721361764981193,1.0,-0.7071067811865477,0.7071067811865474,0.39435585511331855,0.9189578116202306,-1.0,-1.8369701987210297e-16,0.0,1.0
21.0,2.0,9.0,0.0,0.0,-1.6770509831248515,0.559016973016176,1.0,-0.7071067811865477,0.7071067811865474,0.39435585511331855,0.9189578116202306,-1.0,-1.8369701987210297e-16,0.0,1.0
21.0,2.0,9.0,0.0,0.0,-1.5652475842498443,0.559016973016176,1.0,-0.7071067811865477,0.7071067811865474,0.39435585511331855,0.9189578116202306,-1.0,-1.8369701987210297e-16,0.0,1.0
21.0,2.0,9.0,0.0,0.0,-1.4534441853748747,0.559016973016176,1.0,-0.7071067811865477,0.7071067811865474,0.39435585511331855,0.9189578116202306,-1.0,-1.8369701987210297e-16,0.0,1.0
21.0,2.0,9.0,0.0,0.0,-1.3416407864998676,0.559016973016176,1.0,-0.7071067811865477,0.7071067811865474,0.39435585511331855,0.9189578116202306,-1.0,-1.8369701987210297e-16,0.0,1.0
21.0,2.0,9.0,0.0,0.0,-1.2298373876248982,0.559016973016176,1.0,-0.7071067811865477,0.7071067811865474,0.39435585511331855,0.9189578116202306,-1.0,-1.8369701987210297e-16,0.0,1.0
21.0,2.0,9.0,0.0,0.0,-1.118033988749891,0.559016973016176,1.0,-0.7071067811865477,0.7071067811865474,0.39435585511331855,0.9189578116202306,-1.0,-1.8369701987210297e-16,0.0,1.0
21.0,2.0,9.0,0.0,0.0,-1.0062305898749215,0.559016973016176,1.0,-0.7071067811865477,0.7071067811865474,0.39435585511331855,0.9189578116202306,-1.0,-1.8369701987210297e-16,0.0,1.0
21.0,2.0,9.0,0.0,0.0,-0.8944271909999142,0.559016973016176,1.0,-0.7071067811865477,0.7071067811865474,0.39435585511331855,0.9189578116202306,-1.0,-1.8369701987210297e-16,0.0,1.0
21.0,2.0,9.0,0.0,0.0,-0.7826237921249071,0.559016973016176,1.0,-0.7071067811865477,0.7071067811865474,0.39435585511331855,0.9189578116202306,-1.0,-1.8369701987210297e-16,0.0,1.0
21.0,2.0,9.0,0.0,0.0,-0.6708203932499375,0.559016973016176,1.0,-0.7071067811865477,0.7071067811865474,0.39435585511331855,0.9189578116202306,-1.0,-1.8369701987210297e-16,0.0,1.0
21.0,2.0,9.0,0.0,0.0,-0.5590169943749304,0.559016973016176,1.0,-0.7071067811865477,0.7071067811865474,0.39435585511331855,0.9189578116202306,-1.0,-1.8369701987210297e-16,0.0,1.0
21.0,2.0,9.0,0.0,0.0,-0.44721359549996076,0.559016973016176,1.0,-0.7071067811865477,0.7071067811865474,0.39435585511331855,0.9189578116202306,-1.0,-1.8369701987210297e-16,0.0,1.0
21.0,2.0,9.0,0.0,0.0,-0.3354101966249536,0.559016973016176,1.0,-0.7071067811865477,0.7071067811865474,0.39435585511331855,0.9189578116202306,-1.0,-1.8369701987210297e-16,0.0,1.0
21.0,2.0,9.0,0.0,0.0,-0.22360679774998402,0.559016973016176,1.0,-0.7071067811865477,0.7071067811865474,0.39435585511331855,0.9189578116202306,-1.0,-1.8369701987210297e-16,0.0,1.0
21.0,2.0,9.0,0.0,0.0,-0.11180339887497684,0.559016973016176,1.0,-0.7071067811865477,0.7071067811865474,0.39435585511331855,0.9189578116202306,-1.0,-1.8369701987210297e-16,0.0,1.0
21.0,2.0,9.0,0.0,0.0,-7.286817571146605e-15,0.559016973016176,1.0,-0.7071067811865477,0.7071067811865474,0.39435585511331855,0.9189578116202306,-1.0,-1.8369701987210297e-16,0.0,1.0
21.0,2.0,9.0,0.0,0.0,0.11180339887499989,0.559016973016176,1.0,-0.7071067811865477,0.7071067811865474,0.39435585511331855,0.9189578116202306,-1.0,-1.8369701987210297e-16,0.0,1.0
21.0,2.0,9.0,0.0,0.0,0.22360679774996944,0.559016973016176,1.0,-0.7071067811865477,0.7071067811865474,0.39435585511331855,0.9189578116202306,-1.0,-1.8369701987210297e-16,0.0,1.0
21.0,2.0,9.0,0.0,0.0,0.3354101966249766,0.559016973016176,1.0,-0.7071067811865477,0.7071067811865474,0.39435585511331855,0.9189578116202306,-1.0,-1.8369701987210297e-16,0.0,1.0
21.0,2.0,9.0,0.0,0.0,0.44721359549994616,0.559016973016176,1.0,-0.7071067811865477,0.7071067811865474,0.39435585511331855,0.9189578116202306,-1.0,-1.8369701987210297e-16,0.0,1.0
21.0,2.0,9.0,0.0,0.0,0.5590169943749533,0.559016973016176,1.0,-0.7071067811865477,0.7071067811865474,0.39435585511331855,0.9189578116202306,-1.0,-1.8369701987210297e-16,0.0,1.0
21.0,2.0,9.0,0.0,0.0,0.6708203932499229,0.559016973016176,1.0,-0.7071067811865477,0.7071067811865474,0.39435585511331855,0.9189578116202306,-1.0,-1.8369701987210297e-16,0.0,1.0
21.0,2.0,9.0,0.0,0.0,0.78262379212493,0.559016973016176,1.0,-0.7071067811865477,0.7071067811865474,0.39435585511331855,0.9189578116202306,-1.0,-1.8369701987210297e-16,0.0,1.0
21.0,2.0,9.0,0.0,0.0,0.8944271909998996,0.559016973016176,1.0,-0.7071067811865477,0.7071067811865474,0.39435585511331855,0.9189578116202306,-1.0,-1.8369701987210297e-16,0.0,1.0
21.0,2.0,9.0,0.0,0.0,1.0062305898749069,0.559016973016176,1.0,-0.7071067811865477,0.7071067811865474,0.39435585511331855,0.9189578116202306,-1.0,-1.8369701987210297e-16,0.0,1.0
21.0,2.0,9.0,0.0,0.0,1.1180339887498765,0.559016973016176,1.0,-0.7071067811865477,0.7071067811865474,0.39435585511331855,0.9189578116202306,-1.0,-1.8369701987210297e-16,0.0,1.0
21.0,2.0,9.0,0.0,0.0,1.2298373876248836,0.559016973016176,1.0,-0.7071067811865477,0.7071067811865474,0.39435585511331855,0.9189578116202306,-1.0,-1.8369701987210297e-16,0.0,1.0
21.0,2.0,9.0,0.0,0.0,1.3416407864998907,0.559016973016176,1.0,-0.7071067811865477,0.7071067811865474,0.39435585511331855,0.9189578116202306,-1.0,-1.8369701987210297e-16,0.0,1.0
21.0,2.0,9.0,0.0,0.0,1.4534441853748603,0.559016973016176,1.0,-0.7071067811865477,0.7071067811865474,0.39435585511331855,0.9189578116202306,-1.0,-1.8369701987210297e-16,0.0,1.0
21.0,2.0,9.0,0.0,0.0,1.5652475842498674,0.559016973016176,1.0,-0.7071067811865477,0.7071067811865474,0.39435585511331855,0.9189578116202306,-1.0,-1.8369701987210297e-16,0.0,1.0
21.0,2.0,9.0,0.0,0.0,1.677050983124837,0.559016973016176,1.0,-0.7071067811865477,0.7071067811865474,0.39435585511331855,0.9189578116202306,-1.0,-1.8369701987210297e-16,0.0,1.0
21.0,2.0,9.0,0.0,0.0,-1.6770509831248515,0.6708203937773514,1.0,-0.7071067811865477,0.7071067811865474,0.39435585511331855,0.9189578116202306,-1.0,-1.8369701987210297e-16,0.0,1.0
21.0,2.0,9.0,0.0,0.0,-1.5652475842498443,0.6708203937773514,1.0,-0.7071067811865477,0.7071067811865474,0.39435585511331855,0.9189578116202306,-1.0,-1.8369701987210297e-16,0.0,1.0
21.0,2.0,9.0,0.0,0.0,-1.4534441853748747,0.6708203937773514,1.0,-0.7071067811865477,0.7071067811865474,0.39435585511331855,0.9189578116202306,-1.0,-1.8369701987210297e-16,0.0,1.0
21.0,2.0,9.0,0.0,0.0,-1.3416407864998676,0.6708203937773514,1.0,-0.7071067811865477,0.7071067811865474,0.39435585511331855,0.9189578116202306,-1.0,-1.8369701987210297e-16,0.0,1.0
21.0,2.0,9.0,0.0,0.0,-1.2298373876248982,0.6708203937773514,1.0,-0.7071067811865477,0.7071067811865474,0.39435585511331855,0.9189578116202306,-1.0,-1.8369701987210297e-16,0.0,1.0
21.0,2.0,9.0,0.0,0.0,-1.118033988749891,0.6708203937773514,1.0,-0.7071067811865477,0.7071067811865474,0.39435585511331855,0.9189578116202306,-1.0,-1.8369701987210297e-16,0.0,1.0
21.0,2.0,9.0,0.0,0.0,-1.0062305898749215,0.6708203937773514,1.0,-0.7071067811865477,0.7071067811865474,0.39435585511331855,0.9189578116202306,-1.0,-1.8369701987210297e-16,0.0,1.0
21.0,2.0,9.0,0.0,0.0,-0.8944271909999142,0.6708203937773514,1.0,-0.7071067811865477,0.7071067811865474,0.39435585511331855,0.9189578116202306,-1.0,-1.8369701987210297e-16,0.0,1.0
21.0,2.0,9.0,0.0,0.0,-0.7826237921249071,0.6708203937773514,1.0,-0.7071067811865477,0.7071067811865474,0.39435585511331855,0.9189578116202306,-1.0,-1.8369701987210297e-16,0.0,1.0
21.0,2.0,9.0,0.0,0.0,-0.6708203932499375,0.6708203937773514,1.0,-0.7071067811865477,0.7071067811865474,0.39435585511331855,0.9189578116202306,-1.0,-1.8369701987210297e-16,0.0,1.0
21.0,2.0,9.0,0.0,0.0,-0.5590169943749304,0.6708203937773514,1.0,-0.7071067811865477,0.7071067811865474,0.39435585511331855,0.9189578116202306,-1.0,-1.8369701987210297e-16,0.0,1.0
21.0,2.0,9.0,0.0,0.0,-0.44721359549996076,0.6708203937773514,1.0,-0.7071067811865477,0.7071067811865474,0.39435585511331855,0.9189578116202306,-1.0,-1.8369701987210297e-16,0.0,1.0
21.0,2.0,9.0,0.0,0.0,-0.3354101966249536,0.6708203937773514,1.0,-0.7071067811865477,0.7071067811865474,0.39435585511331855,0.9189578116202306,-1.0,-1.8369701987210297e-16,0.0,1.0
21.0,2.0,9.0,0.0,0.0,-0.22360679774998402,0.6708203937773514,1.0,-0.7071067811865477,0.7071067811865474,0.39435585511331855,0.9189578116202306,-1.0,-1.8369701987210297e-16,0.0,1.0
21.0,2.0,9.0,0.0,0.0,-0.11180339887497684,0.6708203937773514,1.0,-0.7071067811865477,0.7071067811865474,0.39435585511331855,0.9189578116202306,-1.0,-1.8369701987210297e-16,0.0,1.0
21.0,2.0,9.0,0.0,0.0,-7.286817571146605e-15,0.6708203937773514,1.0,-0.7071067811865477,0.7071067811865474,0.39435585511331855,0.9189578116202306,-1.0,-1.8369701987210297e-16,0.0,1.0
21.0,2.0,9.0,0.0,0.0,0.11180339887499989,0.6708203937773514,1.0,-0.7071067811865477,0.7071067811865474,0.39435585511331855,0.9189578116202306,-1.0,-1.8369701987210297e-16,0.0,1.0
21.0,2.0,9.0,0.0,0.0,0.22360679774996944,0.6708203937773514,1.0,-0.7071067811865477,0.7071067811865474,0.39435585511331855,0.9189578116202306,-1.0,-1.8369701987210297e-16,0.0,1.0
21.0,2.0,9.0,0.0,0.0,0.3354101966249766,0.6708203937773514,1.0,-0.7071067811865477,0.7071067811865474,0.39435585511331855,0.9189578116202306,-1.0,-1.8369701987210297e-16,0.0,1.0
21.0,2.0,9.0,0.0,0.0,0.44721359549994616,0.6708203937773514,1.0,-0.7071067811865477,0.7071067811865474,0.39435585511331855,0.9189578116202306,-1.0,-1.8369701987210297e-16,0.0,1.0
21.0,2.0,9.0,0.0,0.0,0.5590169943749533,0.6708203937773514,1.0,-0.7071067811865477,0.7071067811865474,0.39435585511331855,0.9189578116202306,-1.0,-1.8369701987210297e-16,0.0,1.0
21.0,2.0,9.0,0.0,0.0,0.6708203932499229,0.6708203937773514,1.0,-0.7071067811865477,0.7071067811865474,0.39435585511331855,0.9189578116202306,-1.0,-1.8369701987210297e-16,0.0,1.0
21.0,2.0,9.0,0.0,0.0,0.78262379212493,0.6708203937773514,1.0,-0.7071067811865477,0.7071067811865474,0.39435585511331855,0.9189578116202306,-1.0,-1.8369701987210297e-16,0.0,1.0
21.0,2.0,9.0,0.0,0.0,0.8944271909998996,0.6708203937773514,1.0,-0.7071067811865477,0.7071067811865474,0.39435585511331855,0.9189578116202306,-1.0,-1.8369701987210297e-16,0.0,1.0
21.0,2.0,9.0,0.0,0.0,1.0062305898749069,0.6708203937773514,1.0,-0.7071067811865477,0.7071067811865474,0.39435585511331855,0.9189578116202306,-1.0,-1.8369701987210297e-16,0.0,1.0
21.0,2.0,9.0,0.0,0.0,1.1180339887498765,0.6708203937773514,1.0,-0.7071067811865477,0.7071067811865474,0.39435585511331855,0.9189578116202306,-1.0,-1.8369701987210297e-16,0.0,1.0
21.0,2.0,9.0,0.0,0.0,1.2298373876248836,0.6708203937773514,1.0,-0.7071067811865477,0.7071067811865474,0.39435585511331855,0.9189578116202306,-1.0,-1.8369701987210297e-16,0.0,1.0
21.0,2.0,9.0,0.0,0.0,1.3416407864998907,0.6708203937773514,1.0,-0.7071067811865477,0.7071067811865474,0.39435585511331855,0.9189578116202306,-1.0,-1.8369701987210297e-16,0.0,1.0
21.0,2.0,9.0,0.0,0.0,1.4534441853748603,0.6708203937773514,1.0,-0.7071067811865477,0.7071067811865474,0.39435585511331855,0.9189578116202306,-1.0,-1.8369701987210297e-16,0.0,1.0
21.0,2.0,9.0,0.0,0.0,1.5652475842498674,0.6708203937773514,1.0,-0.7071067811865477,0.7071067811865474,0.39435585511331855,0.9189578116202306,-1.0,-1.8369701987210297e-16,0.0,1.0
21.0,2.0,9.0,0.0,0.0,1.677050983124837,0.6708203937773514,1.0,-0.7071067811865477,0.7071067811865474,0.39435585511331855,0.9189578116202306,-1.0,-1.8369701987210297e-16,0.0,1.0
21.0,2.0,9.0,0.0,0.0,-1.6770509831248515,0.7826238145385266,1.0,-0.7071067811865477,0.7071067811865474,0.39435585511331855,0.9189578116202306,-1.0,-1.8369701987210297e-16,0.0,1.0
21.0,2.0,9.0,0.0,0.0,-1.5652475842498443,0.7826238145385266,1.0,-0.7071067811865477,0.7071067811865474,0.39435585511331855,0.9189578116202306,-1.0,-1.8369701987210297e-16,0.0,1.0
21.0,2.0,9.0,0.0,0.0,-1.4534441853748747,0.7826238145385266,1.0,-0.7071067811865477,0.7071067811865474,0.39435585511331855,0.9189578116202306,-1.0,-1.8369701987210297e-16,0.0,1.0
21.0,2.0,9.0,0.0,0.0,-1.3416407864998676,0.7826238145385266,1.0,-0.7071067811865477,0.7071067811865474,0.39435585511331855,0.9189578116202306,-1.0,-1.8369701987210297e-16,0.0,1.0
21.0,2.0,9.0,0.0,0.0,-1.2298373876248982,0.7826238145385266,1.0,-0.7071067811865477,0.7071067811865474,0.39435585511331855,0.9189578116202306,-1.0,-1.8369701987210297e-16,0.0,1.0
21.0,2.0,9.0,0.0,0.0,-1.118033988749891,0.7826238145385266,1.0,-0.7071067811865477,0.7071067811865474,0.39435585511331855,0.9189578116202306,-1.0,-1.8369701987210297e-16,0.0,1.0
21.0,2.0,9.0,0.0,0.0,-1.0062305898749215,0.7826238145385266,1.0,-0.7071067811865477,0.7071067811865474,0.39435585511331855,0.9189578116202306,-1.0,-1.8369701987210297e-16,0.0,1.0
21.0,2.0,9.0,0.0,0.0,-0.8944271909999142,0.7826238145385266,1.0,-0.7071067811865477,0.7071067811865474,0.39435585511331855,0.9189578116202306,-1.0,-1.8369701987210297e-16,0.0,1.0
21.0,2.0,9.0,0.0,0.0,-0.7826237921249071,0.7826238145385266,1.0,-0.7071067811865477,0.7071067811865474,0.39435585511331855,0.9189578116202306,-1.0,-1.8369701987210297e-16,0.0,1.0
21.0,2.0,9.0,0.0,0.0,-0.6708203932499375,0.7826238145385266,1.0,-0.7071067811865477,0.7071067811865474,0.39435585511331855,0.9189578116202306,-1.0,-1.8369701987210297e-16,0.0,1.0
21.0,2.0,9.0,0.0,0.0,-0.5590169943749304,0.7826238145385266,1.0,-0.7071067811865477,0.7071067811865474,0.39435585511331855,0.9189578116202306,-1.0,-1.8369701987210297e-16,0.0,1.0
21.0,2.0,9.0,0.0,0.0,-0.44721359549996076,0.7826238145385266,1.0,-0.7071067811865477,0.7071067811865474,0.39435585511331855,0.9189578116202306,-1.0,-1.8369701987210297e-16,0.0,1.0
21.0,2.0,9.0,0.0,0.0,-0.3354101966249536,0.7826238145385266,1.0,-0.7071067811865477,0.7071067811865474,0.39435585511331855,0.9189578116202306,-1.0,-1.8369701987210297e-16,0.0,1.0
21.0,2.0,9.0,0.0,0.0,-0.22360679774998402,0.7826238145385266,1.0,-0.7071067811865477,0.7071067811865474,0.39435585511331855,0.9189578116202306,-1.0,-1.8369701987210297e-16,0.0,1.0
21.0,2.0,9.0,0.0,0.0,-0.11180339887497684,0.7826238145385266,1.0,-0.7071067811865477,0.7071067811865474,0.39435585511331855,0.9189578116202306,-1.0,-1.8369701987210297e-16,0.0,1.0
21.0,2.0,9.0,0.0,0.0,-7.286817571146605e-15,0.7826238145385266,1.0,-0.7071067811865477,0.7071067811865474,0.39435585511331855,0.9189578116202306,-1.0,-1.8369701987210297e-16,0.0,1.0
21.0,2.0,9.0,0.0,0.0,0.11180339887499989,0.7826238145385266,1.0,-0.7071067811865477,0.7071067811865474,0.39435585511331855,0.9189578116202306,-1.0,-1.8369701987210297e-16,0.0,1.0
21.0,2.0,9.0,0.0,0.0,0.22360679774996944,0.7826238145385266,1.0,-0.7071067811865477,0.7071067811865474,0.39435585511331855,0.9189578116202306,-1.0,-1.8369701987210297e-16,0.0,1.0
21.0,2.0,9.0,0.0,0.0,0.3354101966249766,0.7826238145385266,1.0,-0.7071067811865477,0.7071067811865474,0.39435585511331855,0.9189578116202306,-1.0,-1.8369701987210297e-16,0.0,1.0
21.0,2.0,9.0,0.0,0.0,0.44721359549994616,0.7826238145385266,1.0,-0.7071067811865477,0.7071067811865474,0.39435585511331855,0.9189578116202306,-1.0,-1.8369701987210297e-16,0.0,1.0
21.0,2.0,9.0,0.0,0.0,0.5590169943749533,0.7826238145385266,1.0,-0.7071067811865477,0.7071067811865474,0.39435585511331855,0.9189578116202306,-1.0,-1.8369701987210297e-16,0.0,1.0
21.0,2.0,9.0,0.0,0.0,0.6708203932499229,0.7826238145385266,1.0,-0.7071067811865477,0.7071067811865474,0.39435585511331855,0.9189578116202306,-1.0,-1.8369701987210297e-16,0.0,1.0
21.0,2.0,9.0,0.0,0.0,0.78262379212493,0.7826238145385266,1.0,-0.7071067811865477,0.7071067811865474,0.39435585511331855,0.9189578116202306,-1.0,-1.8369701987210297e-16,0.0,1.0
21.0,2.0,9.0,0.0,0.0,0.8944271909998996,0.7826238145385266,1.0,-0.7071067811865477,0.7071067811865474,0.39435585511331855,0.9189578116202306,-1.0,-1.8369701987210297e-16,0.0,1.0
21.0,2.0,9.0,0.0,0.0,1.0062305898749069,0.7826238145385266,1.0,-0.7071067811865477,0.7071067811865474,0.39435585511331855,0.9189578116202306,-1.0,-1.8369701987210297e-16,0.0,1.0
21.0,2.0,9.0,0.0,0.0,1.1180339887498765,0.7826238145385266,1.0,-0.7071067811865477,0.7071067811865474,0.39435585511331855,0.9189578116202306,-1.0,-1.8369701987210297e-16,0.0,1.0
21.0,2.0,9.0,0.0,0.0,1.2298373876248836,0.7826238145385266,1.0,-0.7071067811865477,0.7071067811865474,0.39435585511331855,0.9189578116202306,-1.0,-1.8369701987210297e-16,0.0,1.0
21.0,2.0,9.0,0.0,0.0,1.3416407864998907,0.7826238145385266,1.0,-0.7071067811865477,0.7071067811865474,0.39435585511331855,0.9189578116202306,-1.0,-1.8369701987210297e-16,0.0,1.0
21.0,2.0,9.0,0.0,0.0,1.4534441853748603,0.7826238145385266,1.0,-0.7071067811865477,0.7071067811865474,0.39435585511331855,0.9189578116202306,-1.0,-1.8369701987210297e-16,0.0,1.0
21.0,2.0,9.0,0.0,0.0,1.5652475842498674,0.7826238145385266,1.0,-0.7071067811865477,0.7071067811865474,0.39435585511331855,0.9189578116202306,-1.0,-1.8369701987210297e-16,0.0,1.0
21.0,2.0,9.0,0.0,0.0,1.677050983124837,0.7826238145385266,1.0,-0.7071067811865477,0.7071067811865474,0.39435585511331855,0.9189578116202306,-1.0,-1.8369701987210297e-16,0.0,1.0
21.0,2.0,9.0,0.0,0.0,-1.6770509831248515,0.8944271699047978,1.0,-0.7071067811865477,0.7071067811865474,0.39435585511331855,0.9189578116202306,-1.0,-1.8369701987210297e-16,0.0,1.0
21.0,2.0,9.0,0.0,0.0,-1.5652475842498443,0.8944271699047978,1.0,-0.7071067811865477,0.7071067811865474,0.39435585511331855,0.9189578116202306,-1.0,-1.8369701987210297e-16,0.0,1.0
21.0,2.0,9.0,0.0,0.0,-1.4534441853748747,0.8944271699047978,1.0,-0.7071067811865477,0.7071067811865474,0.39435585511331855,0.9189578116202306,-1.0,-1.8369701987210297e-16,0.0,1.0
21.0,2.0,9.0,0.0,0.0,-1.3416407864998676,0.8944271699047978,1.0,-0.7071067811865477,0.7071067811865474,0.39435585511331855,0.9189578116202306,-1.0,-1.8369701987210297e-16,0.0,1.0
21.0,2.0,9.0,0.0,0.0,-1.2298373876248982,0.8944271699047978,1.0,-0.7071067811865477,0.7071067811865474,0.39435585511331855,0.9189578116202306,-1.0,-1.8369701987210297e-16,0.0,1.0
21.0,2.0,9.0,0.0,0.0,-1.118033988749891,0.8944271699047978,1.0,-0.7071067811865477,0.7071067811865474,0.39435585511331855,0.9189578116202306,-1.0,-1.8369701987210297e-16,0.0,1.0
21.0,2.0,9.0,0.0,0.0,-1.0062305898749215,0.8944271699047978,1.0,-0.7071067811865477,0.7071067811865474,0.39435585511331855,0.9189578116202306,-1.0,-1.8369701987210297e-16,0.0,1.0
21.0,2.0,9.0,0.0,0.0,-0.8944271909999142,0.8944271699047978,1.0,-0.7071067811865477,0.7071067811865474,0.39435585511331855,0.9189578116202306,-1.0,-1.8369701987210297e-16,0.0,1.0
21.0,2.0,9.0,0.0,0.0,-0.7826237921249071,0.8944271699047978,1.0,-0.7071067811865477,0.7071067811865474,0.39435585511331855,0.9189578116202306,-1.0,-1.8369701987210297e-16,0.0,1.0
21.0,2.0,9.0,0.0,0.0,-0.6708203932499375,0.8944271699047978,1.0,-0.7071067811865477,0.7071067811865474,0.39435585511331855,0.9189578116202306,-1.0,-1.8369701987210297e-16,0.0,1.0
21.0,2.0,9.0,0.0,0.0,-0.5590169943749304,0.8944271699047978,1.0,-0.7071067811865477,0.7071067811865474,0.39435585511331855,0.9189578116202306,-1.0,-1.8369701987210297e-16,0.0,1.0
21.0,2.0,9.0,0.0,0.0,-0.44721359549996076,0.8944271699047978,1.0,-0.7071067811865477,0.7071067811865474,0.39435585511331855,0.9189578116202306,-1.0,-1.8369701987210297e-16,0.0,1.0
21.0,2.0,9.0,0.0,0.0,-0.3354101966249536,0.8944271699047978,1.0,-0.7071067811865477,0.7071067811865474,0.39435585511331855,0.9189578116202306,-1.0,-1.8369701987210297e-16,0.0,1.0
21.0,2.0,9.0,0.0,0.0,-0.22360679774998402,0.8944271699047978,1.0,-0.7071067811865477,0.7071067811865474,0.39435585511331855,0.9189578116202306,-1.0,-1.8369701987210297e-16,0.0,1.0
21.0,2.0,9.0,0.0,0.0,-0.11180339887497684,0.8944271699047978,1.0,-0.7071067811865477,0.7071067811865474,0.39435585511331855,0.9189578116202306,-1.0,-1.8369701987210297e-16,0.0,1.0
21.0,2.0,9.0,0.0,0.0,-7.286817571146605e-15,0.8944271699047978,1.0,-0.7071067811865477,0.7071067811865474,0.39435585511331855,0.9189578116202306,-1.0,-1.8369701987210297e-16,0.0,1.0
21.0,2.0,9.0,0.0,0.0,0.11180339887499989,0.8944271699047978,1.0,-0.7071067811865477,0.7071067811865474,0.39435585511331855,0.9189578116202306,-1.0,-1.8369701987210297e-16,0.0,1.0
21.0,2.0,9.0,0.0,0.0,0.22360679774996944,0.8944271699047978,1.0,-0.7071067811865477,0.7071067811865474,0.39435585511331855,0.9189578116202306,-1.0,-1.8369701987210297e-16,0.0,1.0
21.0,2.0,9.0,0.0,0.0,0.3354101966249766,0.8944271699047978,1.0,-0.7071067811865477,0.7071067811865474,0.39435585511331855,0.9189578116202306,-1.0,-1.8369701987210297e-16,0.0,1.0
21.0,2.0,9.0,0.0,0.0,0.44721359549994616,0.8944271699047978,1.0,-0.7071067811865477,0.7071067811865474,0.39435585511331855,0.9189578116202306,-1.0,-1.8369701987210297e-16,0.0,1.0
21.0,2.0,9.0,0.0,0.0,0.5590169943749533,0.8944271699047978,1.0,-0.7071067811865477,0.7071067811865474,0.39435585511331855,0.9189578116202306,-1.0,-1.8369701987210297e-16,0.0,1.0
21.0,2.0,9.0,0.0,0.0,0.6708203932499229,0.8944271699047978,1.0,-0.7071067811865477,0.7071067811865474,0.39435585511331855,0.9189578116202306,-1.0,-1.8369701987210297e-16,0.0,1.0
21.0,2.0,9.0,0.0,0.0,0.78262379212493,0.8944271699047978,1.0,-0.7071067811865477,0.7071067811865474,0.39435585511331855,0.9189578116202306,-1.0,-1.8369701987210297e-16,0.0,1.0
21.0,2.0,9.0,0.0,0.0,0.8944271909998996,0.8944271699047978,1.0,-0.7071067811865477,0.7071067811865474,0.39435585511331855,0.9189578116202306,-1.0,-1.8369701987210297e-16,0.0,1.0
21.0,2.0,9.0,0.0,0.0,1.0062305898749069,0.8944271699047978,1.0,-0.7071067811865477,0.7071067811865474,0.39435585511331855,0.9189578116202306,-1.0,-1.8369701987210297e-16,0.0,1.0
21.0,2.0,9.0,0.0,0.0,1.1180339887498765,0.8944271699047978,1.0,-0.7071067811865477,0.7071067811865474,0.39435585511331855,0.9189578116202306,-1.0,-1.8369701987210297e-16,0.0,1.0
21.0,2.0,9.0,0.0,0.0,1.2298373876248836,0.8944271699047978,1.0,-0.7071067811865477,0.7071067811865474,0.39435585511331855,0.9189578116202306,-1.0,-1.8369701987210297e-16,0.0,1.0
21.0,2.0,9.0,0.0,0.0,1.3416407864998907,0.8944271699047978,1.0,-0.7071067811865477,0.7071067811865474,0.39435585511331855,0.9189578116202306,-1.0,-1.8369701987210297e-16,0.0,1.0
21.0,2.0,9.0,0.0,0.0,1.4534441853748603,0.8944271699047978,1.0,-0.7071067811865477,0.7071067811865474,0.39435585511331855,0.9189578116202306,-1.0,-1.8369701987210297e-16,0.0,1.0
21.0,2.0,9.0,0.0,0.0,1.5652475842498674,0.8944271699047978,1.0,-0.7071067811865477,0.7071067811865474,0.39435585511331855,0.9189578116202306,-1.0,-1.8369701987210297e-16,0.0,1.0
21.0,2.0,9.0,0.0,0.0,1.677050983124837,0.8944271699047978,1.0,-0.7071067811865477,0.7071067811865474,0.39435585511331855,0.9189578116202306,-1.0,-1.8369701987210297e-16,0.0,1.0
21.0,2.0,9.0,0.0,0.0,-1.6770509831248515,1.006230590665973,1.0,-0.7071067811865477,0.7071067811865474,0.39435585511331855,0.9189578116202306,-1.0,-1.8369701987210297e-16,0.0,1.0
21.0,2.0,9.0,0.0,0.0,-1.5652475842498443,1.006230590665973,1.0,-0.7071067811865477,0.7071067811865474,0.39435585511331855,0.9189578116202306,-1.0,-1.8369701987210297e-16,0.0,1.0
21.0,2.0,9.0,0.0,0.0,-1.4534441853748747,1.006230590665973,1.0,-0.7071067811865477,0.7071067811865474,0.39435585511331855,0.9189578116202306,-1.0,-1.8369701987210297e-16,0.0,1.0
21.0,2.0,9.0,0.0,0.0,-1.3416407864998676,1.006230590665973,1.0,-0.7071067811865477,0.7071067811865474,0.39435585511331855,0.9189578116202306,-1.0,-1.8369701987210297e-16,0.0,1.0
21.0,2.0,9.0,0.0,0.0,-1.2298373876248982,1.006230590665973,1.0,-0.7071067811865477,0.7071067811865474,0.39435585511331855,0.9189578116202306,-1.0,-1.8369701987210297e-16,0.0,1.0
21.0,2.0,9.0,0.0,0.0,-1.118033988749891,1.006230590665973,1.0,-0.7071067811865477,0.7071067811865474,0.39435585511331855,0.9189578116202306,-1.0,-1.8369701987210297e-16,0.0,1.0
21.0,2.0,9.0,0.0,0.0,-1.0062305898749215,1.006230590665973,1.0,-0.7071067811865477,0.7071067811865474,0.39435585511331855,0.9189578116202306,-1.0,-1.8369701987210297e-16,0.0,1.0
21.0,2.0,9.0,0.0,0.0,-0.8944271909999142,1.006230590665973,1.0,-0.7071067811865477,0.7071067811865474,0.39435585511331855,0.9189578116202306,-1.0,-1.8369701987210297e-16,0.0,1.0
21.0,2.0,9.0,0.0,0.0,-0.7826237921249071,1.006230590665973,1.0,-0.7071067811865477,0.7071067811865474,0.39435585511331855,0.9189578116202306,-1.0,-1.8369701987210297e-16,0.0,1.0
21.0,2.0,9.0,0.0,0.0,-0.6708203932499375,1.006230590665973,1.0,-0.7071067811865477,0.7071067811865474,0.39435585511331855,0.9189578116202306,-1.0,-1.8369701987210297e-16,0.0,1.0
21.0,2.0,9.0,0.0,0.0,-0.5590169943749304,1.006230590665973,1.0,-0.7071067811865477,0.7071067811865474,0.39435585511331855,0.9189578116202306,-1.0,-1.8369701987210297e-16,0.0,1.0
21.0,2.0,9.0,0.0,0.0,-0.44721359549996076,1.006230590665973,1.0,-0.7071067811865477,0.7071067811865474,0.39435585511331855,0.9189578116202306,-1.0,-1.8369701987210297e-16,0.0,1.0
21.0,2.0,9.0,0.0,0.0,-0.3354101966249536,1.006230590665973,1.0,-0.7071067811865477,0.7071067811865474,0.39435585511331855,0.9189578116202306,-1.0,-1.8369701987210297e-16,0.0,1.0
21.0,2.0,9.0,0.0,0.0,-0.22360679774998402,1.006230590665973,1.0,-0.7071067811865477,0.7071067811865474,0.39435585511331855,0.9189578116202306,-1.0,-1.8369701987210297e-16,0.0,1.0
21.0,2.0,9.0,0.0,0.0,-0.11180339887497684,1.006230590665973,1.0,-0.7071067811865477,0.7071067811865474,0.39435585511331855,0.9189578116202306,-1.0,-1.8369701987210297e-16,0.0,1.0
21.0,2.0,9.0,0.0,0.0,-7.286817571146605e-15,1.006230590665973,1.0,-0.7071067811865477,0.7071067811865474,0.39435585511331855,0.9189578116202306,-1.0,-1.8369701987210297e-16,0.0,1.0
21.0,2.0,9.0,0.0,0.0,0.11180339887499989,1.006230590665973,1.0,-0.7071067811865477,0.7071067811865474,0.39435585511331855,0.9189578116202306,-1.0,-1.8369701987210297e-16,0.0,1.0
21.0,2.0,9.0,0.0,0.0,0.22360679774996944,1.006230590665973,1.0,-0.7071067811865477,0.7071067811865474,0.39435585511331855,0.9189578116202306,-1.0,-1.8369701987210297e-16,0.0,1.0
21.0,2.0,9.0,0.0,0.0,0.3354101966249766,1.006230590665973,1.0,-0.7071067811865477,0.7071067811865474,0.39435585511331855,0.9189578116202306,-1.0,-1.8369701987210297e-16,0.0,1.0
21.0,2.0,9.0,0.0,0.0,0.44721359549994616,1.006230590665973,1.0,-0.7071067811865477,0.7071067811865474,0.39435585511331855,0.9189578116202306,-1.0,-1.8369701987210297e-16,0.0,1.0
21.0,2.0,9.0,0.0,0.0,0.5590169943749533,1.006230590665973,1.0,-0.7071067811865477,0.7071067811865474,0.39435585511331855,0.9189578116202306,-1.0,-1.8369701987210297e-16,0.0,1.0
21.0,2.0,9.0,0.0,0.0,0.6708203932499229,1.006230590665973,1.0,-0.7071067811865477,0.7071067811865474,0.39435585511331855,0.9189578116202306,-1.0,-1.8369701987210297e-16,0.0,1.0
21.0,2.0,9.0,0.0,0.0,0.78262379212493,1.006230590665973,1.0,-0.7071067811865477,0.7071067811865474,0.39435585511331855,0.9189578116202306,-1.0,-1.8369701987210297e-16,0.0,1.0
21.0,2.0,9.0,0.0,0.0,0.8944271909998996,1.006230590665973,1.0,-0.7071067811865477,0.7071067811865474,0.39435585511331855,0.9189578116202306,-1.0,-1.8369701987210297e-16,0.0,1.0
21.0,2.0,9.0,0.0,0.0,1.0062305898749069,1.006230590665973,1.0,-0.7071067811865477,0.7071067811865474,0.39435585511331855,0.9189578116202306,-1.0,-1.8369701987210297e-16,0.0,1.0
21.0,2.0,9.0,0.0,0.0,1.1180339887498765,1.006230590665973,1.0,-0.7071067811865477,0.7071067811865474,0.39435585511331855,0.9189578116202306,-1.0,-1.8369701987210297e-16,0.0,1.0
21.0,2.0,9.0,0.0,0.0,1.2298373876248836,1.006230590665973,1.0,-0.7071067811865477,0.7071067811865474,0.39435585511331855,0.9189578116202306,-1.0,-1.8369701987210297e-16,0.0,1.0
21.0,2.0,9.0,0.0,0.0,1.3416407864998907,1.006230590665973,1.0,-0.7071067811865477,0.7071067811865474,0.39435585511331855,0.9189578116202306,-1.0,-1.8369701987210297e-16,0.0,1.0
21.0,2.0,9.0,0.0,0.0,1.4534441853748603,1.006230590665973,1.0,-0.7071067811865477,0.7071067811865474,0.39435585511331855,0.9189578116202306,-1.0,-1.8369701987210297e-16,0.0,1.0
21.0,2.0,9.0,0.0,0.0,1.5652475842498674,1.006230590665973,1.0,-0.7071067811865477,0.7071067811865474,0.39435585511331855,0.9189578116202306,-1.0,-1.8369701987210297e-16,0.0,1.0
21.0,2.0,9.0,0.0,0.0,1.677050983124837,1.006230590665973,1.0,-0.7071067811865477,0.7071067811865474,0.39435585511331855,0.9189578116202306,-1.0,-1.8369701987210297e-16,0.0,1.0
21.0,2.0,9.0,0.0,0.0,-1.6770509831248515,1.118034011427148,1.0,-0.7071067811865477,0.7071067811865474,0.39435585511331855,0.9189578116202306,-1.0,-1.8369701987210297e-16,0.0,1.0
21.0,2.0,9.0,0.0,0.0,-1.5652475842498443,1.118034011427148,1.0,-0.7071067811865477,0.7071067811865474,0.39435585511331855,0.9189578116202306,-1.0,-1.8369701987210297e-16,0.0,1.0
21.0,2.0,9.0,0.0,0.0,-1.4534441853748747,1.118034011427148,1.0,-0.7071067811865477,0.7071067811865474,0.39435585511331855,0.9189578116202306,-1.0,-1.8369701987210297e-16,0.0,1.0
21.0,2.0,9.0,0.0,0.0,-1.3416407864998676,1.118034011427148,1.0,-0.7071067811865477,0.7071067811865474,0.39435585511331855,0.9189578116202306,-1.0,-1.8369701987210297e-16,0.0,1.0
21.0,2.0,9.0,0.0,0.0,-1.2298373876248982,1.118034011427148,1.0,-0.7071067811865477,0.7071067811865474,0.39435585511331855,0.9189578116202306,-1.0,-1.8369701987210297e-16,0.0,1.0
21.0,2.0,9.0,0.0,0.0,-1.118033988749891,1.118034011427148,1.0,-0.7071067811865477,0.7071067811865474,0.39435585511331855,0.9189578116202306,-1.0,-1.8369701987210297e-16,0.0,1.0
21.0,2.0,9.0,0.0,0.0,-1.0062305898749215,1.118034011427148,1.0,-0.7071067811865477,0.7071067811865474,0.39435585511331855,0.9189578116202306,-1.0,-1.8369701987210297e-16,0.0,1.0
21.0,2.0,9.0,0.0,0.0,-0.8944271909999142,1.118034011427148,1.0,-0.7071067811865477,0.7071067811865474,0.39435585511331855,0.9189578116202306,-1.0,-1.8369701987210297e-16,0.0,1.0
21.0,2.0,9.0,0.0,0.0,-0.7826237921249071,1.118034011427148,1.0,-0.7071067811865477,0.7071067811865474,0.39435585511331855,0.9189578116202306,-1.0,-1.8369701987210297e-16,0.0,1.0
21.0,2.0,9.0,0.0,0.0,-0.6708203932499375,1.118034011427148,1.0,-0.7071067811865477,0.7071067811865474,0.39435585511331855,0.9189578116202306,-1.0,-1.8369701987210297e-16,0.0,1.0
21.0,2.0,9.0,0.0,0.0,-0.5590169943749304,1.118034011427148,1.0,-0.7071067811865477,0.7071067811865474,0.39435585511331855,0.9189578116202306,-1.0,-1.8369701987210297e-16,0.0,1.0
21.0,2.0,9.0,0.0,0.0,-0.44721359549996076,1.118034011427148,1.0,-0.7071067811865477,0.7071067811865474,0.39435585511331855,0.9189578116202306,-1.0,-1.8369701987210297e-16,0.0,1.0
21.0,2.0,9.0,0.0,0.0,-0.3354101966249536,1.118034011427148,1.0,-0.7071067811865477,0.7071067811865474,0.39435585511331855,0.9189578116202306,-1.0,-1.8369701987210297e-16,0.0,1.0
21.0,2.0,9.0,0.0,0.0,-0.22360679774998402,1.118034011427148,1.0,-0.7071067811865477,0.7071067811865474,0.39435585511331855,0.9189578116202306,-1.0,-1.8369701987210297e-16,0.0,1.0
21.0,2.0,9.0,0.0,0.0,-0.11180339887497684,1.118034011427148,1.0,-0.7071067811865477,0.7071067811865474,0.39435585511331855,0.9189578116202306,-1.0,-1.8369701987210297e-16,0.0,1.0
21.0,2.0,9.0,0.0,0.0,-7.286817571146605e-15,1.118034011427148,1.0,-0.7071067811865477,0.7071067811865474,0.39435585511331855,0.9189578116202306,-1.0,-1.8369701987210297e-16,0.0,1.0
21.0,2.0,9.0,0.0,0.0,0.11180339887499989,1.118034011427148,1.0,-0.7071067811865477,0.7071067811865474,0.39435585511331855,0.9189578116202306,-1.0,-1.8369701987210297e-16,0.0,1.0
21.0,2.0,9.0,0.0,0.0,0.22360679774996944,1.118034011427148,1.0,-0.7071067811865477,0.7071067811865474,0.39435585511331855,0.9189578116202306,-1.0,-1.8369701987210297e-16,0.0,1.0
21.0,2.0,9.0,0.0,0.0,0.3354101966249766,1.118034011427148,1.0,-0.7071067811865477,0.7071067811865474,0.39435585511331855,0.9189578116202306,-1.0,-1.8369701987210297e-16,0.0,1.0
21.0,2.0,9.0,0.0,0.0,0.44721359549994616,1.118034011427148,1.0,-0.7071067811865477,0.7071067811865474,0.39435585511331855,0.9189578116202306,-1.0,-1.8369701987210297e-16,0.0,1.0
21.0,2.0,9.0,0.0,0.0,0.5590169943749533,1.118034011427148,1.0,-0.7071067811865477,0.7071067811865474,0.39435585511331855,0.9189578116202306,-1.0,-1.8369701987210297e-16,0.0,1.0
21.0,2.0,9.0,0.0,0.0,0.6708203932499229,1.118034011427148,1.0,-0.7071067811865477,0.7071067811865474,0.39435585511331855,0.9189578116202306,-1.0,-1.8369701987210297e-16,0.0,1.0
21.0,2.0,9.0,0.0,0.0,0.78262379212493,1.118034011427148,1.0,-0.7071067811865477,0.7071067811865474,0.39435585511331855,0.9189578116202306,-1.0,-1.8369701987210297e-16,0.0,1.0
21.0,2.0,9.0,0.0,0.0,0.8944271909998996,1.118034011427148,1.0,-0.7071067811865477,0.7071067811865474,0.39435585511331855,0.9189578116202306,-1.0,-1.8369701987210297e-16,0.0,1.0
21.0,2.0,9.0,0.0,0.0,1.0062305898749069,1.118034011427148,1.0,-0.7071067811865477,0.7071067811865474,0.39435585511331855,0.9189578116202306,-1.0,-1.8369701987210297e-16,0.0,1.0
21.0,2.0,9.0,0.0,0.0,1.1180339887498765,1.118034011427148,1.0,-0.7071067811865477,0.7071067811865474,0.39435585511331855,0.9189578116202306,-1.0,-1.8369701987210297e-16,0.0,1.0
21.0,2.0,9.0,0.0,0.0,1.2298373876248836,1.118034011427148,1.0,-0.7071067811865477,0.7071067811865474,0.39435585511331855,0.9189578116202306,-1.0,-1.8369701987210297e-16,0.0,1.0
21.0,2.0,9.0,0.0,0.0,1.3416407864998907,1.118034011427148,1.0,-0.7071067811865477,0.7071067811865474,0.39435585511331855,0.9189578116202306,-1.0,-1.8369701987210297e-16,0.0,1.0
21.0,2.0,9.0,0.0,0.0,1.4534441853748603,1.118034011427148,1.0,-0.7071067811865477,0.7071067811865474,0.39435585511331855,0.9189578116202306,-1.0,-1.8369701987210297e-16,0.0,1.0
21.0,2.0,9.0,0.0,0.0,1.5652475842498674,1.118034011427148,1.0,-0.7071067811865477,0.7071067811865474,0.39435585511331855,0.9189578116202306,-1.0,-1.8369701987210297e-16,0.0,1.0
21.0,2.0,9.0,0.0,0.0,1.677050983124837,1.118034011427148,1.0,-0.7071067811865477,0.7071067811865474,0.39435585511331855,0.9189578116202306,-1.0,-1.8369701987210297e-16,0.0,1.0
21.0,2.0,9.0,0.0,0.0,-1.6770509831248515,1.2298373667934193,1.0,-0.7071067811865477,0.7071067811865474,0.39435585511331855,0.9189578116202306,-1.0,-1.8369701987210297e-16,0.0,1.0
21.0,2.0,9.0,0.0,0.0,-1.5652475842498443,1.2298373667934193,1.0,-0.7071067811865477,0.7071067811865474,0.39435585511331855,0.9189578116202306,-1.0,-1.8369701987210297e-16,0.0,1.0
21.0,2.0,9.0,0.0,0.0,-1.4534441853748747,1.2298373667934193,1.0,-0.7071067811865477,0.7071067811865474,0.39435585511331855,0.9189578116202306,-1.0,-1.8369701987210297e-16,0.0,1.0
21.0,2.0,9.0,0.0,0.0,-1.3416407864998676,1.2298373667934193,1.0,-0.7071067811865477,0.7071067811865474,0.39435585511331855,0.9189578116202306,-1.0,-1.8369701987210297e-16,0.0,1.0
21.0,2.0,9.0,0.0,0.0,-1.2298373876248982,1.2298373667934193,1.0,-0.7071067811865477,0.7071067811865474,0.39435585511331855,0.9189578116202306,-1.0,-1.8369701987210297e-16,0.0,1.0
21.0,2.0,9.0,0.0,0.0,-1.118033988749891,1.2298373667934193,1.0,-0.7071067811865477,0.7071067811865474,0.39435585511331855,0.9189578116202306,-1.0,-1.8369701987210297e-16,0.0,1.0
21.0,2.0,9.0,0.0,0.0,-1.0062305898749215,1.2298373667934193,1.0,-0.7071067811865477,0.7071067811865474,0.39435585511331855,0.9189578116202306,-1.0,-1.8369701987210297e-16,0.0,1.0
21.0,2.0,9.0,0.0,0.0,-0.8944271909999142,1.2298373667934193,1.0,-0.7071067811865477,0.7071067811865474,0.39435585511331855,0.9189578116202306,-1.0,-1.8369701987210297e-16,0.0,1.0
21.0,2.0,9.0,0.0,0.0,-0.7826237921249071,1.2298373667934193,1.0,-0.7071067811865477,0.7071067811865474,0.39435585511331855,0.9189578116202306,-1.0,-1.8369701987210297e-16,0.0,1.0
21.0,2.0,9.0,0.0,0.0,-0.6708203932499375,1.2298373667934193,1.0,-0.7071067811865477,0.7071067811865474,0.39435585511331855,0.9189578116202306,-1.0,-1.8369701987210297e-16,0.0,1.0
21.0,2.0,9.0,0.0,0.0,-0.5590169943749304,1.2298373667934193,1.0,-0.7071067811865477,0.7071067811865474,0.39435585511331855,0.9189578116202306,-1.0,-1.8369701987210297e-16,0.0,1.0
21.0,2.0,9.0,0.0,0.0,-0.44721359549996076,1.2298373667934193,1.0,-0.7071067811865477,0.7071067811865474,0.39435585511331855,0.9189578116202306,-1.0,-1.8369701987210297e-16,0.0,1.0
21.0,2.0,9.0,0.0,0.0,-0.3354101966249536,1.2298373667934193,1.0,-0.7071067811865477,0.7071067811865474,0.39435585511331855,0.9189578116202306,-1.0,-1.8369701987210297e-16,0.0,1.0
21.0,2.0,9.0,0.0,0.0,-0.22360679774998402,1.2298373667934193,1.0,-0.7071067811865477,0.7071067811865474,0.39435585511331855,0.9189578116202306,-1.0,-1.8369701987210297e-16,0.0,1.0
21.0,2.0,9.0,0.0,0.0,-0.11180339887497684,1.2298373667934193,1.0,-0.7071067811865477,0.7071067811865474,0.39435585511331855,0.9189578116202306,-1.0,-1.8369701987210297e-16,0.0,1.0
21.0,2.0,9.0,0.0,0.0,-7.286817571146605e-15,1.2298373667934193,1.0,-0.7071067811865477,0.7071067811865474,0.39435585511331855,0.9189578116202306,-1.0,-1.8369701987210297e-16,0.0,1.0
21.0,2.0,9.0,0.0,0.0,0.11180339887499989,1.2298373667934193,1.0,-0.7071067811865477,0.7071067811865474,0.39435585511331855,0.9189578116202306,-1.0,-1.8369701987210297e-16,0.0,1.0
21.0,2.0,9.0,0.0,0.0,0.22360679774996944,1.2298373667934193,1.0,-0.7071067811865477,0.7071067811865474,0.39435585511331855,0.9189578116202306,-1.0,-1.8369701987210297e-16,0.0,1.0
21.0,2.0,9.0,0.0,0.0,0.3354101966249766,1.2298373667934193,1.0,-0.7071067811865477,0.7071067811865474,0.39435585511331855,0.9189578116202306,-1.0,-1.8369701987210297e-16,0.0,1.0
21.0,2.0,9.0,0.0,0.0,0.44721359549994616,1.2298373667934193,1.0,-0.7071067811865477,0.7071067811865474,0.39435585511331855,0.9189578116202306,-1.0,-1.8369701987210297e-16,0.0,1.0
21.0,2.0,9.0,0.0,0.0,0.5590169943749533,1.2298373667934193,1.0,-0.7071067811865477,0.7071067811865474,0.39435585511331855,0.9189578116202306,-1.0,-1.8369701987210297e-16,0.0,1.0
21.0,2.0,9.0,0.0,0.0,0.6708203932499229,1.2298373667934193,1.0,-0.7071067811865477,0.7071067811865474,0.39435585511331855,0.9189578116202306,-1.0,-1.8369701987210297e-16,0.0,1.0
21.0,2.0,9.0,0.0,0.0,0.78262379212493,1.2298373667934193,1.0,-0.7071067811865477,0.7071067811865474,0.39435585511331855,0.9189578116202306,-1.0,-1.8369701987210297e-16,0.0,1.0
21.0,2.0,9.0,0.0,0.0,0.8944271909998996,1.2298373667934193,1.0,-0.7071067811865477,0.7071067811865474,0.39435585511331855,0.9189578116202306,-1.0,-1.8369701987210297e-16,0.0,1.0
21.0,2.0,9.0,0.0,0.0,1.0062305898749069,1.2298373667934193,1.0,-0.7071067811865477,0.7071067811865474,0.39435585511331855,0.9189578116202306,-1.0,-1.8369701987210297e-16,0.0,1.0
21.0,2.0,9.0,0.0,0.0,1.1180339887498765,1.2298373667934193,1.0,-0.7071067811865477,0.7071067811865474,0.39435585511331855,0.9189578116202306,-1.0,-1.8369701987210297e-16,0.0,1.0
21.0,2.0,9.0,0.0,0.0,1.2298373876248836,1.2298373667934193,1.0,-0.7071067811865477,0.7071067811865474,0.39435585511331855,0.9189578116202306,-1.0,-1.8369701987210297e-16,0.0,1.0
21.0,2.0,9.0,0.0,0.0,1.3416407864998907,1.2298373667934193,1.0,-0.7071067811865477,0.7071067811865474,0.39435585511331855,0.9189578116202306,-1.0,-1.8369701987210297e-16,0.0,1.0
21.0,2.0,9.0,0.0,0.0,1.4534441853748603,1.2298373667934193,1.0,-0.7071067811865477,0.7071067811865474,0.39435585511331855,0.9189578116202306,-1.0,-1.8369701987210297e-16,0.0,1.0
21.0,2.0,9.0,0.0,0.0,1.5652475842498674,1.2298373667934193,1.0,-0.7071067811865477,0.7071067811865474,0.39435585511331855,0.9189578116202306,-1.0,-1.8369701987210297e-16,0.0,1.0
21.0,2.0,9.0,0.0,0.0,1.677050983124837,1.2298373667934193,1.0,-0.7071067811865477,0.7071067811865474,0.39435585511331855,0.9189578116202306,-1.0,-1.8369701987210297e-16,0.0,1.0
21.0,2.0,9.0,0.0,0.0,-1.6770509831248515,1.3416407875545946,1.0,-0.7071067811865477,0.7071067811865474,0.39435585511331855,0.9189578116202306,-1.0,-1.8369701987210297e-16,0.0,1.0
21.0,2.0,9.0,0.0,0.0,-1.5652475842498443,1.3416407875545946,1.0,-0.7071067811865477,0.7071067811865474,0.39435585511331855,0.9189578116202306,-1.0,-1.8369701987210297e-16,0.0,1.0
21.0,2.0,9.0,0.0,0.0,-1.4534441853748747,1.3416407875545946,1.0,-0.7071067811865477,0.7071067811865474,0.39435585511331855,0.9189578116202306,-1.0,-1.8369701987210297e-16,0.0,1.0
21.0,2.0,9.0,0.0,0.0,-1.3416407864998676,1.3416407875545946,1.0,-0.7071067811865477,0.7071067811865474,0.39435585511331855,0.9189578116202306,-1.0,-1.8369701987210297e-16,0.0,1.0
21.0,2.0,9.0,0.0,0.0,-1.2298373876248982,1.3416407875545946,1.0,-0.7071067811865477,0.7071067811865474,0.39435585511331855,0.9189578116202306,-1.0,-1.8369701987210297e-16,0.0,1.0
21.0,2.0,9.0,0.0,0.0,-1.118033988749891,1.3416407875545946,1.0,-0.7071067811865477,0.7071067811865474,0.39435585511331855,0.9189578116202306,-1.0,-1.8369701987210297e-16,0.0,1.0
21.0,2.0,9.0,0.0,0.0,-1.0062305898749215,1.3416407875545946,1.0,-0.7071067811865477,0.7071067811865474,0.39435585511331855,0.9189578116202306,-1.0,-1.8369701987210297e-16,0.0,1.0
21.0,2.0,9.0,0.0,0.0,-0.8944271909999142,1.3416407875545946,1.0,-0.7071067811865477,0.7071067811865474,0.39435585511331855,0.9189578116202306,-1.0,-1.8369701987210297e-16,0.0,1.0
21.0,2.0,9.0,0.0,0.0,-0.7826237921249071,1.3416407875545946,1.0,-0.7071067811865477,0.7071067811865474,0.39435585511331855,0.9189578116202306,-1.0,-1.8369701987210297e-16,0.0,1.0
21.0,2.0,9.0,0.0,0.0,-0.6708203932499375,1.3416407875545946,1.0,-0.7071067811865477,0.7071067811865474,0.39435585511331855,0.9189578116202306,-1.0,-1.8369701987210297e-16,0.0,1.0
21.0,2.0,9.0,0.0,0.0,-0.5590169943749304,1.3416407875545946,1.0,-0.7071067811865477,0.7071067811865474,0.39435585511331855,0.9189578116202306,-1.0,-1.8369701987210297e-16,0.0,1.0
21.0,2.0,9.0,0.0,0.0,-0.44721359549996076,1.3416407875545946,1.0,-0.7071067811865477,0.7071067811865474,0.39435585511331855,0.9189578116202306,-1.0,-1.8369701987210297e-16,0.0,1.0
21.0,2.0,9.0,0.0,0.0,-0.3354101966249536,1.3416407875545946,1.0,-0.7071067811865477,0.7071067811865474,0.39435585511331855,0.9189578116202306,-1.0,-1.8369701987210297e-16,0.0,1.0
21.0,2.0,9.0,0.0,0.0,-0.22360679774998402,1.3416407875545946,1.0,-0.7071067811865477,0.7071067811865474,0.39435585511331855,0.9189578116202306,-1.0,-1.8369701987210297e-16,0.0,1.0
21.0,2.0,9.0,0.0,0.0,-0.11180339887497684,1.3416407875545946,1.0,-0.7071067811865477,0.7071067811865474,0.39435585511331855,0.9189578116202306,-1.0,-1.8369701987210297e-16,0.0,1.0
21.0,2.0,9.0,0.0,0.0,-7.286817571146605e-15,1.3416407875545946,1.0,-0.7071067811865477,0.7071067811865474,0.39435585511331855,0.9189578116202306,-1.0,-1.8369701987210297e-16,0.0,1.0
21.0,2.0,9.0,0.0,0.0,0.11180339887499989,1.3416407875545946,1.0,-0.7071067811865477,0.7071067811865474,0.39435585511331855,0.9189578116202306,-1.0,-1.8369701987210297e-16,0.0,1.0
21.0,2.0,9.0,0.0,0.0,0.22360679774996944,1.3416407875545946,1.0,-0.7071067811865477,0.7071067811865474,0.39435585511331855,0.9189578116202306,-1.0,-1.8369701987210297e-16,0.0,1.0
21.0,2.0,9.0,0.0,0.0,0.3354101966249766,1.3416407875545946,1.0,-0.7071067811865477,0.7071067811865474,0.39435585511331855,0.9189578116202306,-1.0,-1.8369701987210297e-16,0.0,1.0
21.0,2.0,9.0,0.0,0.0,0.44721359549994616,1.3416407875545946,1.0,-0.7071067811865477,0.7071067811865474,0.39435585511331855,0.9189578116202306,-1.0,-1.8369701987210297e-16,0.0,1.0
21.0,2.0,9.0,0.0,0.0,0.5590169943749533,1.3416407875545946,1.0,-0.7071067811865477,0.7071067811865474,0.39435585511331855,0.9189578116202306,-1.0,-1.8369701987210297e-16,0.0,1.0
21.0,2.0,9.0,0.0,0.0,0.6708203932499229,1.3416407875545946,1.0,-0.7071067811865477,0.7071067811865474,0.39435585511331855,0.9189578116202306,-1.0,-1.8369701987210297e-16,0.0,1.0
21.0,2.0,9.0,0.0,0.0,0.78262379212493,1.3416407875545946,1.0,-0.7071067811865477,0.7071067811865474,0.39435585511331855,0.9189578116202306,-1.0,-1.8369701987210297e-16,0.0,1.0
21.0,2.0,9.0,0.0,0.0,0.8944271909998996,1.3416407875545946,1.0,-0.7071067811865477,0.7071067811865474,0.39435585511331855,0.9189578116202306,-1.0,-1.8369701987210297e-16,0.0,1.0
21.0,2.0,9.0,0.0,0.0,1.0062305898749069,1.3416407875545946,1.0,-0.7071067811865477,0.7071067811865474,0.39435585511331855,0.9189578116202306,-1.0,-1.8369701987210297e-16,0.0,1.0
21.0,2.0,9.0,0.0,0.0,1.1180339887498765,1.3416407875545946,1.0,-0.7071067811865477,0.7071067811865474,0.39435585511331855,0.9189578116202306,-1.0,-1.8369701987210297e-16,0.0,1.0
21.0,2.0,9.0,0.0,0.0,1.2298373876248836,1.3416407875545946,1.0,-0.7071067811865477,0.7071067811865474,0.39435585511331855,0.9189578116202306,-1.0,-1.8369701987210297e-16,0.0,1.0
21.0,2.0,9.0,0.0,0.0,1.3416407864998907,1.3416407875545946,1.0,-0.7071067811865477,0.7071067811865474,0.39435585511331855,0.9189578116202306,-1.0,-1.8369701987210297e-16,0.0,1.0
21.0,2.0,9.0,0.0,0.0,1.4534441853748603,1.3416407875545946,1.0,-0.7071067811865477,0.7071067811865474,0.39435585511331855,0.9189578116202306,-1.0,-1.8369701987210297e-16,0.0,1.0
21.0,2.0,9.0,0.0,0.0,1.5652475842498674,1.3416407875545946,1.0,-0.7071067811865477,0.7071067811865474,0.39435585511331855,0.9189578116202306,-1.0,-1.8369701987210297e-16,0.0,1.0
21.0,2.0,9.0,0.0,0.0,1.677050983124837,1.3416407875545946,1.0,-0.7071067811865477,0.7071067811865474,0.39435585511331855,0.9189578116202306,-1.0,-1.8369701987210297e-16,0.0,1.0
21.0,2.0,9.0,0.0,0.0,-1.6770509831248515,1.45344420831577,1.0,-0.7071067811865477,0.7071067811865474,0.39435585511331855,0.9189578116202306,-1.0,-1.8369701987210297e-16,0.0,1.0
21.0,2.0,9.0,0.0,0.0,-1.5652475842498443,1.45344420831577,1.0,-0.7071067811865477,0.7071067811865474,0.39435585511331855,0.9189578116202306,-1.0,-1.8369701987210297e-16,0.0,1.0
21.0,2.0,9.0,0.0,0.0,-1.4534441853748747,1.45344420831577,1.0,-0.7071067811865477,0.7071067811865474,0.39435585511331855,0.9189578116202306,-1.0,-1.8369701987210297e-16,0.0,1.0
21.0,2.0,9.0,0.0,0.0,-1.3416407864998676,1.45344420831577,1.0,-0.7071067811865477,0.7071067811865474,0.39435585511331855,0.9189578116202306,-1.0,-1.8369701987210297e-16,0.0,1.0
21.0,2.0,9.0,0.0,0.0,-1.2298373876248982,1.45344420831577,1.0,-0.7071067811865477,0.7071067811865474,0.39435585511331855,0.9189578116202306,-1.0,-1.8369701987210297e-16,0.0,1.0
21.0,2.0,9.0,0.0,0.0,-1.118033988749891,1.45344420831577,1.0,-0.7071067811865477,0.7071067811865474,0.39435585511331855,0.9189578116202306,-1.0,-1.8369701987210297e-16,0.0,1.0
21.0,2.0,9.0,0.0,0.0,-1.0062305898749215,1.45344420831577,1.0,-0.7071067811865477,0.7071067811865474,0.39435585511331855,0.9189578116202306,-1.0,-1.8369701987210297e-16,0.0,1.0
21.0,2.0,9.0,0.0,0.0,-0.8944271909999142,1.45344420831577,1.0,-0.7071067811865477,0.7071067811865474,0.39435585511331855,0.9189578116202306,-1.0,-1.8369701987210297e-16,0.0,1.0
21.0,2.0,9.0,0.0,0.0,-0.7826237921249071,1.45344420831577,1.0,-0.7071067811865477,0.7071067811865474,0.39435585511331855,0.9189578116202306,-1.0,-1.8369701987210297e-16,0.0,1.0
21.0,2.0,9.0,0.0,0.0,-0.6708203932499375,1.45344420831577,1.0,-0.7071067811865477,0.7071067811865474,0.39435585511331855,0.9189578116202306,-1.0,-1.8369701987210297e-16,0.0,1.0
21.0,2.0,9.0,0.0,0.0,-0.5590169943749304,1.45344420831577,1.0,-0.7071067811865477,0.7071067811865474,0.39435585511331855,0.9189578116202306,-1.0,-1.8369701987210297e-16,0.0,1.0
21.0,2.0,9.0,0.0,0.0,-0.44721359549996076,1.45344420831577,1.0,-0.7071067811865477,0.7071067811865474,0.39435585511331855,0.9189578116202306,-1.0,-1.8369701987210297e-16,0.0,1.0
21.0,2.0,9.0,0.0,0.0,-0.3354101966249536,1.45344420831577,1.0,-0.7071067811865477,0.7071067811865474,0.39435585511331855,0.9189578116202306,-1.0,-1.8369701987210297e-16,0.0,1.0
21.0,2.0,9.0,0.0,0.0,-0.22360679774998402,1.45344420831577,1.0,-0.7071067811865477,0.7071067811865474,0.39435585511331855,0.9189578116202306,-1.0,-1.8369701987210297e-16,0.0,1.0
21.0,2.0,9.0,0.0,0.0,-0.11180339887497684,1.45344420831577,1.0,-0.7071067811865477,0.7071067811865474,0.39435585511331855,0.9189578116202306,-1.0,-1.8369701987210297e-16,0.0,1.0
21.0,2.0,9.0,0.0,0.0,-7.286817571146605e-15,1.45344420831577,1.0,-0.7071067811865477,0.7071067811865474,0.39435585511331855,0.9189578116202306,-1.0,-1.8369701987210297e-16,0.0,1.0
21.0,2.0,9.0,0.0,0.0,0.11180339887499989,1.45344420831577,1.0,-0.7071067811865477,0.7071067811865474,0.39435585511331855,0.9189578116202306,-1.0,-1.8369701987210297e-16,0.0,1.0
21.0,2.0,9.0,0.0,0.0,0.22360679774996944,1.45344420831577,1.0,-0.7071067811865477,0.7071067811865474,0.39435585511331855,0.9189578116202306,-1.0,-1.8369701987210297e-16,0.0,1.0
21.0,2.0,9.0,0.0,0.0,0.3354101966249766,1.45344420831577,1.0,-0.7071067811865477,0.7071067811865474,0.39435585511331855,0.9189578116202306,-1.0,-1.8369701987210297e-16,0.0,1.0
21.0,2.0,9.0,0.0,0.0,0.44721359549994616,1.45344420831577,1.0,-0.7071067811865477,0.7071067811865474,0.39435585511331855,0.9189578116202306,-1.0,-1.8369701987210297e-16,0.0,1.0
21.0,2.0,9.0,0.0,0.0,0.5590169943749533,1.45344420831577,1.0,-0.7071067811865477,0.7071067811865474,0.39435585511331855,0.9189578116202306,-1.0,-1.8369701987210297e-16,0.0,1.0
21.0,2.0,9.0,0.0,0.0,0.6708203932499229,1.45344420831577,1.0,-0.7071067811865477,0.7071067811865474,0.39435585511331855,0.9189578116202306,-1.0,-1.8369701987210297e-16,0.0,1.0
21.0,2.0,9.0,0.0,0.0,0.78262379212493,1.45344420831577,1.0,-0.7071067811865477,0.7071067811865474,0.39435585511331855,0.9189578116202306,-1.0,-1.8369701987210297e-16,0.0,1.0
21.0,2.0,9.0,0.0,0.0,0.8944271909998996,1.45344420831577,1.0,-0.7071067811865477,0.7071067811865474,0.39435585511331855,0.9189578116202306,-1.0,-1.8369701987210297e-16,0.0,1.0
21.0,2.0,9.0,0.0,0.0,1.0062305898749069,1.45344420831577,1.0,-0.7071067811865477,0.7071067811865474,0.39435585511331855,0.9189578116202306,-1.0,-1.8369701987210297e-16,0.0,1.0
21.0,2.0,9.0,0.0,0.0,1.1180339887498765,1.45344420831577,1.0,-0.7071067811865477,0.7071067811865474,0.39435585511331855,0.9189578116202306,-1.0,-1.8369701987210297e-16,0.0,1.0
21.0,2.0,9.0,0.0,0.0,1.2298373876248836,1.45344420831577,1.0,-0.7071067811865477,0.7071067811865474,0.39435585511331855,0.9189578116202306,-1.0,-1.8369701987210297e-16,0.0,1.0
21.0,2.0,9.0,0.0,0.0,1.3416407864998907,1.45344420831577,1.0,-0.7071067811865477,0.7071067811865474,0.39435585511331855,0.9189578116202306,-1.0,-1.8369701987210297e-16,0.0,1.0
21.0,2.0,9.0,0.0,0.0,1.4534441853748603,1.45344420831577,1.0,-0.7071067811865477,0.7071067811865474,0.39435585511331855,0.9189578116202306,-1.0,-1.8369701987210297e-16,0.0,1.0
21.0,2.0,9.0,0.0,0.0,1.5652475842498674,1.45344420831577,1.0,-0.7071067811865477,0.7071067811865474,0.39435585511331855,0.9189578116202306,-1.0,-1.8369701987210297e-16,0.0,1.0
21.0,2.0,9.0,0.0,0.0,1.677050983124837,1.45344420831577,1.0,-0.7071067811865477,0.7071067811865474,0.39435585511331855,0.9189578116202306,-1.0,-1.8369701987210297e-16,0.0,1.0
21.0,2.0,9.0,0.0,0.0,-1.6770509831248515,1.565247563682134,1.0,-0.7071067811865477,0.7071067811865474,0.39435585511331855,0.9189578116202306,-1.0,-1.8369701987210297e-16,0.0,1.0
21.0,2.0,9.0,0.0,0.0,-1.5652475842498443,1.565247563682134,1.0,-0.7071067811865477,0.7071067811865474,0.39435585511331855,0.9189578116202306,-1.0,-1.8369701987210297e-16,0.0,1.0
21.0,2.0,9.0,0.0,0.0,-1.4534441853748747,1.565247563682134,1.0,-0.7071067811865477,0.7071067811865474,0.39435585511331855,0.9189578116202306,-1.0,-1.8369701987210297e-16,0.0,1.0
21.0,2.0,9.0,0.0,0.0,-1.3416407864998676,1.565247563682134,1.0,-0.7071067811865477,0.7071067811865474,0.39435585511331855,0.9189578116202306,-1.0,-1.8369701987210297e-16,0.0,1.0
21.0,2.0,9.0,0.0,0.0,-1.2298373876248982,1.565247563682134,1.0,-0.7071067811865477,0.7071067811865474,0.39435585511331855,0.9189578116202306,-1.0,-1.8369701987210297e-16,0.0,1.0
21.0,2.0,9.0,0.0,0.0,-1.118033988749891,1.565247563682134,1.0,-0.7071067811865477,0.7071067811865474,0.39435585511331855,0.9189578116202306,-1.0,-1.8369701987210297e-16,0.0,1.0
21.0,2.0,9.0,0.0,0.0,-1.0062305898749215,1.565247563682134,1.0,-0.7071067811865477,0.7071067811865474,0.39435585511331855,0.9189578116202306,-1.0,-1.8369701987210297e-16,0.0,1.0
21.0,2.0,9.0,0.0,0.0,-0.8944271909999142,1.565247563682134,1.0,-0.7071067811865477,0.7071067811865474,0.39435585511331855,0.9189578116202306,-1.0,-1.8369701987210297e-16,0.0,1.0
21.0,2.0,9.0,0.0,0.0,-0.7826237921249071,1.565247563682134,1.0,-0.7071067811865477,0.7071067811865474,0.39435585511331855,0.9189578116202306,-1.0,-1.8369701987210297e-16,0.0,1.0
21.0,2.0,9.0,0.0,0.0,-0.6708203932499375,1.565247563682134,1.0,-0.7071067811865477,0.7071067811865474,0.39435585511331855,0.9189578116202306,-1.0,-1.8369701987210297e-16,0.0,1.0
21.0,2.0,9.0,0.0,0.0,-0.5590169943749304,1.565247563682134,1.0,-0.7071067811865477,0.7071067811865474,0.39435585511331855,0.9189578116202306,-1.0,-1.8369701987210297e-16,0.0,1.0
21.0,2.0,9.0,0.0,0.0,-0.44721359549996076,1.565247563682134,1.0,-0.7071067811865477,0.7071067811865474,0.39435585511331855,0.9189578116202306,-1.0,-1.8369701987210297e-16,0.0,1.0
21.0,2.0,9.0,0.0,0.0,-0.3354101966249536,1.565247563682134,1.0,-0.7071067811865477,0.7071067811865474,0.39435585511331855,0.9189578116202306,-1.0,-1.8369701987210297e-16,0.0,1.0
21.0,2.0,9.0,0.0,0.0,-0.22360679774998402,1.565247563682134,1.0,-0.7071067811865477,0.7071067811865474,0.39435585511331855,0.9189578116202306,-1.0,-1.8369701987210297e-16,0.0,1.0
21.0,2.0,9.0,0.0,0.0,-0.11180339887497684,1.565247563682134,1.0,-0.7071067811865477,0.7071067811865474,0.39435585511331855,0.9189578116202306,-1.0,-1.8369701987210297e-16,0.0,1.0
21.0,2.0,9.0,0.0,0.0,-7.286817571146605e-15,1.565247563682134,1.0,-0.7071067811865477,0.7071067811865474,0.39435585511331855,0.9189578116202306,-1.0,-1.8369701987210297e-16,0.0,1.0
21.0,2.0,9.0,0.0,0.0,0.11180339887499989,1.565247563682134,1.0,-0.7071067811865477,0.7071067811865474,0.39435585511331855,0.9189578116202306,-1.0,-1.8369701987210297e-16,0.0,1.0
21.0,2.0,9.0,0.0,0.0,0.22360679774996944,1.565247563682134,1.0,-0.7071067811865477,0.7071067811865474,0.39435585511331855,0.9189578116202306,-1.0,-1.8369701987210297e-16,0.0,1.0
21.0,2.0,9.0,0.0,0.0,0.3354101966249766,1.565247563682134,1.0,-0.7071067811865477,0.7071067811865474,0.39435585511331855,0.9189578116202306,-1.0,-1.8369701987210297e-16,0.0,1.0
21.0,2.0,9.0,0.0,0.0,0.44721359549994616,1.565247563682134,1.0,-0.7071067811865477,0.7071067811865474,0.39435585511331855,0.9189578116202306,-1.0,-1.8369701987210297e-16,0.0,1.0
21.0,2.0,9.0,0.0,0.0,0.5590169943749533,1.565247563682134,1.0,-0.7071067811865477,0.7071067811865474,0.39435585511331855,0.9189578116202306,-1.0,-1.8369701987210297e-16,0.0,1.0
21.0,2.0,9.0,0.0,0.0,0.6708203932499229,1.565247563682134,1.0,-0.7071067811865477,0.7071067811865474,0.39435585511331855,0.9189578116202306,-1.0,-1.8369701987210297e-16,0.0,1.0
21.0,2.0,9.0,0.0,0.0,0.78262379212493,1.565247563682134,1.0,-0.7071067811865477,0.7071067811865474,0.39435585511331855,0.9189578116202306,-1.0,-1.8369701987210297e-16,0.0,1.0
21.0,2.0,9.0,0.0,0.0,0.8944271909998996,1.565247563682134,1.0,-0.7071067811865477,0.7071067811865474,0.39435585511331855,0.9189578116202306,-1.0,-1.8369701987210297e-16,0.0,1.0
21.0,2.0,9.0,0.0,0.0,1.0062305898749069,1.565247563682134,1.0,-0.7071067811865477,0.7071067811865474,0.39435585511331855,0.9189578116202306,-1.0,-1.8369701987210297e-16,0.0,1.0
21.0,2.0,9.0,0.0,0.0,1.1180339887498765,1.565247563682134,1.0,-0.7071067811865477,0.7071067811865474,0.39435585511331855,0.9189578116202306,-1.0,-1.8369701987210297e-16,0.0,1.0
21.0,2.0,9.0,0.0,0.0,1.2298373876248836,1.565247563682134,1.0,-0.7071067811865477,0.7071067811865474,0.39435585511331855,0.9189578116202306,-1.0,-1.8369701987210297e-16,0.0,1.0
21.0,2.0,9.0,0.0,0.0,1.3416407864998907,1.565247563682134,1.0,-0.7071067811865477,0.7071067811865474,0.39435585511331855,0.9189578116202306,-1.0,-1.8369701987210297e-16,0.0,1.0
21.0,2.0,9.0,0.0,0.0,1.4534441853748603,1.565247563682134,1.0,-0.7071067811865477,0.7071067811865474,0.39435585511331855,0.9189578116202306,-1.0,-1.8369701987210297e-16,0.0,1.0
21.0,2.0,9.0,0.0,0.0,1.5652475842498674,1.565247563682134,1.0,-0.7071067811865477,0.7071067811865474,0.39435585511331855,0.9189578116202306,-1.0,-1.8369701987210297e-16,0.0,1.0
21.0,2.0,9.0,0.0,0.0,1.677050983124837,1.565247563682134,1.0,-0.7071067811865477,0.7071067811865474,0.39435585511331855,0.9189578116202306,-1.0,-1.8369701987210297e-16,0.0,1.0
21.0,2.0,9.0,0.0,0.0,-1.6770509831248515,1.6770509844433092,1.0,-0.7071067811865477,0.7071067811865474,0.39435585511331855,0.9189578116202306,-1.0,-1.8369701987210297e-16,0.0,1.0
21.0,2.0,9.0,0.0,0.0,-1.5652475842498443,1.6770509844433092,1.0,-0.7071067811865477,0.7071067811865474,0.39435585511331855,0.9189578116202306,-1.0,-1.8369701987210297e-16,0.0,1.0
21.0,2.0,9.0,0.0,0.0,-1.4534441853748747,1.6770509844433092,1.0,-0.7071067811865477,0.7071067811865474,0.39435585511331855,0.9189578116202306,-1.0,-1.8369701987210297e-16,0.0,1.0
21.0,2.0,9.0,0.0,0.0,-1.3416407864998676,1.6770509844433092,1.0,-0.7071067811865477,0.7071067811865474,0.39435585511331855,0.9189578116202306,-1.0,-1.8369701987210297e-16,0.0,1.0
21.0,2.0,9.0,0.0,0.0,-1.2298373876248982,1.6770509844433092,1.0,-0.7071067811865477,0.7071067811865474,0.39435585511331855,0.9189578116202306,-1.0,-1.8369701987210297e-16,0.0,1.0
21.0,2.0,9.0,0.0,0.0,-1.118033988749891,1.6770509844433092,1.0,-0.7071067811865477,0.7071067811865474,0.39435585511331855,0.9189578116202306,-1.0,-1.8369701987210297e-16,0.0,1.0
21.0,2.0,9.0,0.0,0.0,-1.0062305898749215,1.6770509844433092,1.0,-0.7071067811865477,0.7071067811865474,0.39435585511331855,0.9189578116202306,-1.0,-1.8369701987210297e-16,0.0,1.0
21.0,2.0,9.0,0.0,0.0,-0.8944271909999142,1.6770509844433092,1.0,-0.7071067811865477,0.7071067811865474,0.39435585511331855,0.9189578116202306,-1.0,-1.8369701987210297e-16,0.0,1.0
21.0,2.0,9.0,0.0,0.0,-0.7826237921249071,1.6770509844433092,1.0,-0.7071067811865477,0.7071067811865474,0.39435585511331855,0.9189578116202306,-1.0,-1.8369701987210297e-16,0.0,1.0
21.0,2.0,9.0,0.0,0.0,-0.6708203932499375,1.6770509844433092,1.0,-0.7071067811865477,0.7071067811865474,0.39435585511331855,0.9189578116202306,-1.0,-1.8369701987210297e-16,0.0,1.0
21.0,2.0,9.0,0.0,0.0,-0.5590169943749304,1.6770509844433092,1.0,-0.7071067811865477,0.7071067811865474,0.39435585511331855,0.9189578116202306,-1.0,-1.8369701987210297e-16,0.0,1.0
21.0,2.0,9.0,0.0,0.0,-0.44721359549996076,1.6770509844433092,1.0,-0.7071067811865477,0.7071067811865474,0.39435585511331855,0.9189578116202306,-1.0,-1.8369701987210297e-16,0.0,1.0
21.0,2.0,9.0,0.0,0.0,-0.3354101966249536,1.6770509844433092,1.0,-0.7071067811865477,0.7071067811865474,0.39435585511331855,0.9189578116202306,-1.0,-1.8369701987210297e-16,0.0,1.0
21.0,2.0,9.0,0.0,0.0,-0.22360679774998402,1.6770509844433092,1.0,-0.7071067811865477,0.7071067811865474,0.39435585511331855,0.9189578116202306,-1.0,-1.8369701987210297e-16,0.0,1.0
21.0,2.0,9.0,0.0,0.0,-0.11180339887497684,1.6770509844433092,1.0,-0.7071067811865477,0.7071067811865474,0.39435585511331855,0.9189578116202306,-1.0,-1.8369701987210297e-16,0.0,1.0
21.0,2.0,9.0,0.0,0.0,-7.286817571146605e-15,1.6770509844433092,1.0,-0.7071067811865477,0.7071067811865474,0.39435585511331855,0.9189578116202306,-1.0,-1.8369701987210297e-16,0.0,1.0
21.0,2.0,9.0,0.0,0.0,0.11180339887499989,1.6770509844433092,1.0,-0.7071067811865477,0.7071067811865474,0.39435585511331855,0.9189578116202306,-1.0,-1.8369701987210297e-16,0.0,1.0
21.0,2.0,9.0,0.0,0.0,0.22360679774996944,1.6770509844433092,1.0,-0.7071067811865477,0.7071067811865474,0.39435585511331855,0.9189578116202306,-1.0,-1.8369701987210297e-16,0.0,1.0
21.0,2.0,9.0,0.0,0.0,0.3354101966249766,1.6770509844433092,1.0,-0.7071067811865477,0.7071067811865474,0.39435585511331855,0.9189578116202306,-1.0,-1.8369701987210297e-16,0.0,1.0
21.0,2.0,9.0,0.0,0.0,0.44721359549994616,1.6770509844433092,1.0,-0.7071067811865477,0.7071067811865474,0.39435585511331855,0.9189578116202306,-1.0,-1.8369701987210297e-16,0.0,1.0
21.0,2.0,9.0,0.0,0.0,0.5590169943749533,1.6770509844433092,1.0,-0.7071067811865477,0.7071067811865474,0.39435585511331855,0.9189578116202306,-1.0,-1.8369701987210297e-16,0.0,1.0
21.0,2.0,9.0,0.0,0.0,0.6708203932499229,1.6770509844433092,1.0,-0.7071067811865477,0.7071067811865474,0.39435585511331855,0.9189578116202306,-1.0,-1.8369701987210297e-16,0.0,1.0
21.0,2.0,9.0,0.0,0.0,0.78262379212493,1.6770509844433092,1.0,-0.7071067811865477,0.7071067811865474,0.39435585511331855,0.9189578116202306,-1.0,-1.8369701987210297e-16,0.0,1.0
21.0,2.0,9.0,0.0,0.0,0.8944271909998996,1.6770509844433092,1.0,-0.7071067811865477,0.7071067811865474,0.39435585511331855,0.9189578116202306,-1.0,-1.8369701987210297e-16,0.0,1.0
21.0,2.0,9.0,0.0,0.0,1.0062305898749069,1.6770509844433092,1.0,-0.7071067811865477,0.7071067811865474,0.39435585511331855,0.9189578116202306,-1.0,-1.8369701987210297e-16,0.0,1.0
21.0,2.0,9.0,0.0,0.0,1.1180339887498765,1.6770509844433092,1.0,-0.7071067811865477,0.7071067811865474,0.39435585511331855,0.9189578116202306,-1.0,-1.8369701987210297e-16,0.0,1.0
21.0,2.0,9.0,0.0,0.0,1.2298373876248836,1.6770509844433092,1.0,-0.7071067811865477,0.7071067811865474,0.39435585511331855,0.9189578116202306,-1.0,-1.8369701987210297e-16,0.0,1.0
21.0,2.0,9.0,0.0,0.0,1.3416407864998907,1.6770509844433092,1.0,-0.7071067811865477,0.7071067811865474,0.39435585511331855,0.9189578116202306,-1.0,-1.8369701987210297e-16,0.0,1.0
21.0,2.0,9.0,0.0,0.0,1.4534441853748603,1.6770509844433092,1.0,-0.7071067811865477,0.7071067811865474,0.39435585511331855,0.9189578116202306,-1.0,-1.8369701987210297e-16,0.0,1.0
21.0,2.0,9.0,0.0,0.0,1.5652475842498674,1.6770509844433092,1.0,-0.7071067811865477,0.7071067811865474,0.39435585511331855,0.9189578116202306,-1.0,-1.8369701987210297e-16,0.0,1.0
21.0,2.0,9.0,0.0,0.0,1.677050983124837,1.6770509844433092,1.0,-0.7071067811865477,0.7071067811865474,0.39435585511331855,0.9189578116202306,-1.0,-1.8369701987210297e-16,0.0,1.0
